# Resource object code (Python 3)
# Created by: object code
# Created by: The Resource Compiler for Qt version 6.11.1
# WARNING! All changes made in this file will be lost!

from PySide6 import QtCore

qt_resource_data = b"\
\x00\x0096\
\x89\
PNG\x0d\x0a\x1a\x0a\x00\x00\x00\x0dIHDR\x00\
\x00\x02\x80\x00\x00\x02\x80\x08\x06\x00\x00\x00\x0c\xcd\xc9#\
\x00\x008\xfdIDATx\x01\xed\xc0\x03\xa0$Y\
\x96\xc6\xf1\xffw\xee\x8d\xc8\xcc\xa7rKc\xaem\xdb\
\xb6m\xdb\xb6m\xdb\xb6mi\x8c\x9e\x96J\xaf\x9e2\
3\x22\xee\xf9v\xb7jz\xa6\x87;k\xd5O\x5cu\
\xd5UW]u\xd5UW]\xf5\xff\x09\xe2\xaa\xab\xae\
\xba\xea\xaa\xab\xae\xba\xea\xaa\xffO\x10W]u\xd5U\
W]u\xd5UW\xfd\x7f\x82\xb8\xea\xaa\xab\xae\xba\xea\
\xaa\xab\xae\xba\xea\xff\x13\xc4UW]u\xd5UW]\
u\xd5U\xff\x9f \xae\xba\xea\xaa\xab\xae\xba\xea\xaa\xab\
\xae\xfa\xff\x04q\xd5UW]u\xd5UW]u\xd5\
\xff'\x88\xab\xae\xba\xea\xaa\xab\xae\xba\xea\xaa\xab\xfe?\
A\x5cu\xd5UW]u\xd5UW]\xf5\xff\x09\xe2\
\xaa\xab\xae\xba\xea\xaa\xab\xae\xba\xea\xaa\xffO\x10W]\
u\xd5UW]u\xd5UW\xfd\x7f\x82\xb8\xea\xaa\xab\
\xae\xba\xea\xaa\xab\xae\xba\xea\xff\x13\xc4UW]u\xd5\
UW]u\xd5U\xff\x9f \xae\xba\xea\xaa\xab\xae\xba\
\xea\xaa\xab\xae\xfa\xff\x04q\xd5UW]u\xd5UW\
]u\xd5\xff'\x88\xab\xae\xba\xea\xaa\xab\xae\xba\xea\xaa\
\xab\xfe?A\x5cu\xd5UW]u\xd5UW]\xf5\
\xff\x09\xe2\xaa\xab\xae\xba\xea\xaa\xab\xae\xba\xea\xaa\xffO\
\x10W]u\xd5UW]u\xd5UW\xfd\x7f\x82\xb8\
\xea\xaa\xab\xae\xba\xea\xaa\xab\xae\xba\xea\xff\x13\xc4UW\
]u\xd5UW]u\xd5U\xff\x9f \xae\xba\xea\xaa\
\xab\xae\xba\xea\xaa\xab\xae\xfa\xff\x04q\xd5UW]u\
\xd5UW]u\xd5\xff'\x88\xab\xae\xba\xea\xaa\xab\xae\
\xba\xea\xaa\xab\xfe?A\x5cu\xd5UW]u\xd5U\
W]\xf5\xff\x09\xe2\xaa\xab\xae\xba\xea\xaa\xab\xae\xba\xea\
\xaa\xffO\x10W]u\xd5UW]u\xd5UW\xfd\
\x7f\x82\xb8\xea\xaa\xab\xae\xba\xea\xaa\xab\xae\xba\xea\xff\x13\
\xc4UW]u\xd5UW]u\xd5U\xff\x9f \xae\
\xba\xea\xaa\xab\xae\xba\xea\xaa\xab\xae\xfa\xff\x04q\xd5U\
W]u\xd5UW]u\xd5\xff'\x88\xab\xae\xba\xea\
\xaa\xab\xae\xba\xea\xaa\xab\xfe?A\x5cu\xd5UW]\
u\xd5UW]\xf5\xff\x09\xe2\xaa\xab\xae\xba\xea\xaa\xab\
\xae\xba\xea\xaa\xffO\x10W]u\xd5UW]u\xd5\
UW\xfd\x7f\x82\xb8\xea\xaa\xab\xae\xba\xea\xaa\xab\xae\xba\
\xea\xff\x13\xc4UW]u\xd5UW]u\xd5U\xff\
\x9f \xae\xba\xea\xaa\xab\xae\xba\xea\xaa\xab\xae\xfa\xff\x04\
q\xd5UW]u\xd5UW]u\xd5\xff'\x88\xab\
\xae\xba\xea\xaa\xab\xae\xba\xea\xaa\xab\xfe?A\x5cu\xd5\
UW]u\xd5UW]\xf5\xff\x09\xe2\xaa\xab\xae\xba\
\xea\xaa\xab\xae\xba\xea\xaa\xffO\x10W]u\xd5UW\
]u\xd5UW\xfd\x7f\x82\xb8\xea\xaa\xab\xae\xba\xea\xaa\
\xab\xae\xba\xea\xff\x13\xc4UW]u\xd5UW]u\
\xd5U\xff\x9f \xae\xba\xea\xaa\xab\xae\xba\xea\xaa\xab\xae\
\xfa\xff\x04q\xd5UW]u\xd5UW]u\xd5\xff\
'\x88\xab\xae\xba\xea\xaa\xab\xae\xba\xea\xaa\xab\xfe?A\
\x5cu\xd5UW]u\xd5UW]\xf5\xff\x09\xe2\xaa\
\xab\xae\xba\xea\xaa\xab\xae\xba\xea\xaa\xffO\x10W]u\
\xd5UW]u\xd5UW\xfd\x7f\x82\xb8\xea\xaa\xab\xae\
\xba\xea\xaa\xab\xae\xba\xea\xff\x13\xc4UW]u\xd5U\
W]u\xd5U\xff\x9f \xae\xba\xea\xaa\xab\xae\xba\xea\
\xaa\xab\xae\xfa\xff\x04q\xd5UW]u\xd5UW]\
u\xd5\xff'\x88\xab\xae\xba\xea\xaa\xab\xae\xba\xea\xaa\xab\
\xfe?A\x5cu\xd5UW]u\xd5UW]\xf5\xff\
\x09\xe2\xaa\xab\xae\xba\xea\xaa\xab\xae\xba\xea\xaa\xffO\x10\
W]u\xd5UW]u\xd5UW\xfd\x7f\x82\xb8\xea\
\xaa\xab\xae\xba\xea\xaa\xab\xae\xba\xea\xff\x13\xc4UW]\
u\xd5UW]u\xd5U\xff\x9f \xae\xba\xea\xaa\xab\
\xae\xba\xea\xaa\xab\xae\xfa\xff\x04q\xd5UW]u\xd5\
UW]u\xd5\xff'\x88\xab\xae\xba\xea\xaa\xab\xae\xba\
\xea\xaa\xab\xfe?A\x5cu\xd5\xff\x1d/\x0d\x1c\x03^\
\x1a8\x0e\x1c\x07^\x9ag{m\xae\xba\xea\xaa\xab\xfe\
\xef\xb9\x15\xb8\x95+v\x81\xbf\x06n\x05n\x05~\x87\
\xab\xaez^\x88\xab\xae\xfa\xdf\xe7\xb5\x80\x07\x03/\x0d\
\xbc4\xf0\xd2\xc0q\xae\xba\xea\xaa\xab\xaez~\xfe\x1a\
\xf8m\xe0\xb7\x81\xdf\x01v\xb9\xea\xff;\xc4UW\xfd\
\xcfv\x1cx-\xe0\xb5\x81\x97\x06^\x9b\xab\xae\xba\xea\
\xaa\xab\xfe=~\x1b\xf8n\xe0g\x80]\xae\xfa\xff\x08\
q\xd5U\xff\xf3\xbc\x16\xf0\xd6\xc0k\x03/\xcdUW\
]u\xd5U\xffY\xbe\x1b\xf8i\xe0g\xb8\xea\xff\x13\
\xc4UW\xfd\xf7;\x0e\xbc\x15\xf0\xd6\xc0k\x03\xc7\xb9\
\xea\xaa\xab\xae\xba\xea\xbf\xd2\xad\xc0g\x03\xdf\xc3U\xff\
\x1f \xae\xba\xea\xbf\xc7q\xe0\xad\x80\xb7\x06\xde\x9a\xab\
\xae\xba\xea\xaa\xab\xfe'\xb8\x15\xf8l\xe0{\xb8\xea\xff\
2\xc4UW\xfd\xd7zi\xe0\xa3\x80\xb7\x06\x8es\xd5\
UW]u\xd5\xffD\x7f\x0d|\x0c\xf0\xdb\x5c\xf5\x7f\
\x11\xe2\xaa\xab\xfek\xbc\x17\xf0\xd1\xc0Ks\xd5UW\
]u\xd5\xff\x16\xdf\x0d|\x0c\xb0\xcbU\xff\x97 \xae\
\xba\xea?\xcfq\xe0\xa3\x80\x8f\x06\x8es\xd5UW]\
u\xd5\xffF\xbb\xc0\xfb\x00?\xcdU\xffW \xae\xba\
\xea?\xde\x83\x81\xcf\x02\xde\x1a8\xceUW]u\xd5\
U\xff\x17|5\xf01\x5c\xf5\x7f\x01\xe2\xaa\xab\xfe\xe3\
\x1c\x07>\x0b\xf8h\xae\xba\xea\xaa\xab\xae\xfa\xbf\xe8\xaf\
\x81\xb7\x01n\xe5\xaa\xff\xcd\x10W]\xf5\xefw\x1c\xf8\
(\xe0\xa3\x81\xe3\x5cu\xd5UW]\xf5\x7f\xd9.\xf0\
:\xc0_s\xd5\xffV\x88\xab\xae\xfa\xf7y/\xe0\xab\
\x81\xe3\x5cu\xd5UW]\xf5\xff\xc5.\xf06\xc0o\
s\xd5\xffF\x88\xab\xae\xfa\xb7ym\xe0\xab\x80\x97\xe6\
\xaa\xab\xae\xba\xea\xaa\xff\xaf\xde\x07\xf8n\xae\xfa\xdf\x06\
q\xd5U\xff:\xc7\x81\xaf\x02\xde\x9b\xab\xae\xba\xea\xaa\
\xab\xae\x82\xf7\x01\xbe\x9b\xab\xfe7A\x5cu\xd5\x8b\xee\
\xad\x81\xef\x02\x8es\xd5UW]u\xd5U\xcf\xf6:\
\xc0os\xd5\xff\x16\x88\xab\xae\xfa\x97\x1d\x07~\x0ax\
m\xae\xba\xea\xaa\xab\xae\xba\xeay\xed\x02\xaf\x03\xfc5\
W\xfdo\x80\xb8\xea\xaa\x17\xee\xad\x81\xef\x02\x8es\xd5\
UW]u\xd5U/\xd8.\xf02\xc0\xad\x5c\xf5?\
\x1d\xe2\xaa\xab\x9e\xbf\xe3\xc0g\x01\x1f\xcdUW]u\
\xd5UW\xbdh\xfe\x1ax\x19\xae\xfa\x9f\x0eq\xd5U\
\xcf\xeb\xa5\x81\xef\x02^\x9a\xab\xae\xba\xea\xaa\xab\xae\xfa\
\xd7\xf9\x1a\xe0\xa3\xb9\xea\x7f2\xc4UW=\xa7\xb7\x06\
\xbe\x0b8\xceUW]u\xd5UW\xfd\xdb\xbc\x0d\xf0\
\xd3\x5c\xf5?\x15\xe2\xaa\xab\x9e\xed\xb3\x80\xcf\xe6\xaa\xab\
\xae\xba\xea\xaa\xab\xfe}v\x81\x87\x00\xbb\x5c\xf5?\x11\
\xe2\xaa\xab\xe08\xf0U\xc0{s\xd5UW]u\xd5\
U\xff1\xbe\x07xo\xae\xfa\x9f\x08q\xd5\xffw\xc7\
\x81\xdf\x02^\x9a\xab\xae\xba\xea\xaa\xab\xae\xfa\x8f\xf5:\
\xc0os\xd5\xff4\x88\xab\xfe?{i\xe0\xa7\x80\x07\
s\xd5UW]u\xd5U\xff\xf1\xfe\x1ax\x19\xae\xfa\
\x9f\x06q\xd5\xffW/\x0d\xfc\x16p\x9c\xab\xae\xba\xea\
\xaa\xab\xae\xfa\xcf\xf3>\xc0ws\xd5\xff$\x88\xab\xfe\
?zi\xe0\xb7\x80\xe3\x5cu\xd5UW]u\xd5\x7f\
\xae[\x81\x87p\xd5\xff$\x88\xab\xfe\xbfyi\xe0\xb7\
\x80\xe3\x5cu\xd5UW]u\xd5\x7f\x8d\xf7\x01\xbe\x9b\
\xab\xfe\xa7@\x5c\xf5\xff\xc9K\x03\x7f\xc5UW]u\
\xd5UW\xfd\xd7\xba\x15x\x08W\xfdO\x81\xb8\xea\xff\
\x8b\x97\x06~\x0b8\xceUW]u\xd5UW\xfd\xd7\
{\x1b\xe0\xa7\xb9\xea\x7f\x02\xc4U\xff\x1f\xbc4\xf0[\
\xc0q\xae\xba\xea\xaa\xab\xae\xba\xea\xbf\xc7\xf7\x00\xef\xcd\
U\xff\x13 \xae\xfa\xbf\xee\xa5\x81\xdf\x02\x8es\xd5U\
W]u\xd5U\xff\xbdN\x00\xbb\x5c\xf5\xdf\x0dq\xd5\
\xffe\xc7\x81\xbf\x02\x1e\xccUW]u\xd5UW\xfd\
\xf7{\x1f\xe0\xbb\xb9\xea\xbf\x1b\xe2\xaa\xff\xab\x8e\x03\xbf\
\x05\xbc4W]u\xd5UW]\xf5?\xc3o\x03\xaf\
\xc3U\xff\xdd\x10W\xfd_\xf5]\xc0{s\xd5UW\
]u\xd5U\xff\xb3\x9c\x00v\xb9\xea\xbf\x13\xe2\xaa\xff\
\x8b>\x1b\xf8,\xae\xba\xea\xaa\xab\xae\xba\xea\x7f\x9e\xb7\
\x01~\x9a\xab\xfe;!\xae\xfa\xbf\xe6\xad\x81\x9f\xe2\xaa\
\xab\xae\xba\xea\xaa\xab\xfeg\xfa\x1a\xe0\xa3\xb9\xea\xbf\x13\
\xe2\xaa\xffK^\x1a\xf8-\xe08W]u\xd5UW\
]\xf5?\xd3_\x03/\xc3U\xff\x9d\x10W\xfd_q\
\x1c\xf8-\xe0\xa5\xb9\xea\xaa\xab\xae\xba\xea\xaa\xff\xd9\xc4\
U\xff\x9d\x10W\xfd_\xf1\xd5\xc0Gq\xd5UW]\
u\xd5U\xff\xf3\xbd\x0e\xf0\xdb\x5c\xf5\xdf\x05q\xd5\xff\
\x05o\x0d\xfc\x14W]u\xd5UW]\xf5\xbf\xc3\xdb\
\x00?\xcdU\xff]\x10W\xfdow\x1cx:p\x9c\
\xab\xae\xba\xea\xaa\xab\xae\xfa\xdf\xe1s\x80\xcf\xe6\xaa\xff\
.\x88\xab\xfe\xb7\xfb-\xe0\xb5\xb9\xea\xaa\xab\xae\xba\xea\
\xaa\xff=~\x06xk\xae\xfa\xef\x82\xb8\xea\x7f\xb3\xb7\
\x06~\x8a\xab\xae\xba\xea\xaa\xab\xae\xfa\xdf\xe5w\x80\xd7\
\xe6\xaa\xff.\x88\xab\xfe\xb7:\x0e<\x1d8\xceUW\
]u\xd5UW\xfd\xef\xf2;\xc0ks\xd5\x7f\x17\xc4\
U\xff[\xfd\x14\xf0\xd6\x5cu\xd5UW]u\xd5\xff\
>\xb7\x02\x0f\xe1\xaa\xff.\x88\xab\xfe7zm\xe0\xb7\
\xb8\xea\xaa\xab\xae\xba\xea\xaa\xff\xbd\xc4U\xff]\x10W\
\xfdo\xf4W\xc0Ks\xd5UW]u\xd5U\xff{\
\x89\xab\xfe\xbb \xae\xfa\xdf\xe6\xbd\x81\xef\xe2\xaa\xab\xae\
\xba\xea\xaa\xab\xfew\x13W\xfdwA\x5c\xf5\xbf\xc9q\
\xe0\xe9\xc0q\xae\xba\xea\xaa\xab\xae\xba\xea\x7f7q\xd5\
\x7f\x17\xc4U\xff\x9b|6\xf0Y\x5cu\xd5UW]\
u\xd5\xff~\xe2\xaa\xff.\x88\xab\xfe\xb78\x0e<\x1d\
8\xceUW]u\xd5UW\xfd\xef'\xae\xfa\xef\x82\
\xb8\xea\x7f\x8b\xaf\x06>\x8a\xab\xae\xba\xea\xaa\xab\xae\xfa\
\xbfA\x5c\xf5\xdf\x05q\xd5\xff\x06\x0f\x06\x9e\xceUW\
]u\xd5UW\xfd\xdf!\xae\xfa\xef\x82\xb8\xea\x7f\x83\
\xef\x06\xde\x8b\xab\xae\xba\xea\xaa\xab\xae\xfa\xbfC\x5c\xf5\
\xdf\x05q\xd5\xfft\xc7\x81\xa7\x03\xc7\xb9\xea\xaa\xab\xae\
\xba\xea\xaa\xff;\xc4U\xff]\x10W\xfdO\xf7\xd9\xc0\
gq\xd5UW]u\xd5U\xff\xb7\x88\xab\xfe\xbb \
\xae\xfa\x9f\xee\x22p\x9c\xab\xae\xba\xea\xaa\xab\xae\xfa\xbf\
E\x5c\xf5\xdf\x05q\xd5\xffd\xef\x0d|\x17W]u\
\xd5UW]\xf5\x7f\x8f\xb8\xea\xbf\x0b\xe2\xaa\xff\xc9\xfe\
\x0axi\xae\xba\xea\xaa\xab\xae\xba\xea\xff\x1eq\xd5\x7f\
\x17\xc4U\xffS\xbd4\xf0W\x5cu\xd5UW]u\
\xd5\xffM\xe2\xaa\xff.\x88\xab\xfe\xa7\xfan\xe0\xbd\xb8\
\xea\xaa\xab\xae\xba\xea\xaa\xff\x9b\xc4U\xff]\x10W\xfd\
Ot\x1cx:p\x9c\xab\xae\xba\xea\xaa\xab\xae\xfa\xbf\
I\x5c\xf5\xdf\x05q\xd5\xffD\xef\x0d|\x17W]u\
\xd5UW]\xf5\x7f\x97\xb8\xea\xbf\x0b\xe2\xaa\xff\x89~\
\x1ax+\xae\xba\xea\xaa\xab\xae\xba\xea\xff.q\xd5\x7f\
\x17\xc4U\xff\xd3\x1c\x07.r\xd5UW]u\xd5U\
\xff\xb7\x89\xab\xfe\xbb \xae\xfa\x9f\xe6\xbd\x81\xef\xe2\xaa\
\xab\xae\xba\xea\xaa\xab\xfeo\x13W\xfdwA\x5c\xf5?\
\xcdO\x03o\xc5UW]u\xd5UW\xfd\xdf&\xae\
\xfa\xef\x82\xb8\xea\x7f\x1as\xd5UW]u\xd5U\xff\
\xf7\x89\xab\xfe\xbb \xae\xfa\x9f\xe4\xb5\x81\xdf\xe2\xaa\xab\
\xae\xba\xea\xaa\xab\xfe\xef\x13W\xfdwA\x5c\xf5?\xc9\
W\x03\x1f\xc5UW]u\xd5UW\xfd\xdf'\xae\xfa\
\xef\x82\xb8\xea\x7f\x92\xbf\x02^\x9a\xab\xae\xba\xea\xaa\xab\
\xae\xfa\xbfO\x5c\xf5\xdf\x05q\xd5\xff\x14\xc7\x81\x8b\x5c\
u\xd5UW]u\xd5\xff\x0f\xe2\xaa\xff.\x88\xab\xfe\
\xa7xk\xe0\xa7\xb8\xea\xaa\xab\xae\xba\xea\xaa\xff\x1f\xc4\
U\xff]\x10W\xfdO\xf1\xd5\xc0Gq\xd5UW]\
u\xd5U\xff?\x88\xab\xfe\xbb \xae\xfa\x9f\xe2\xb7\x81\
\xd7\xe2\xaa\xab\xae\xba\xea\xaa\xab\xfe\x7f\x10W\xfdwA\
\x5c\xf5?\x85\xb9\xea\xaa\xab\xae\xba\xea\xaa\xff?\xc4U\
\xff]\x10W\xfdO\xf0\xda\xc0oq\xd5UW]u\
\xd5U\xff\x7f\x88\xab\xfe\xbb \xae\xfa\x9f\xe0\xbd\x81\xef\
\xe2\xaa\xab\xae\xba\xea\xaa\xab\xfe\xff\x10W\xfdwA\x5c\
\xf5?\xc1W\x03\x1f\xc5UW]u\xd5UW\xfd\xff\
!\xae\xfa\xef\x82\xb8\xea\x7f\x82\xdf\x06^\x8b\xab\xae\xba\
\xea\xaa\xab\xae\xfa\xffC\x5c\xf5\xdf\x05q\xd5\xff\x04\x17\
\x81\xe3\x5cu\xd5UW]u\xd5\xff\x1f\xe2\xaa\xff.\
\x88\xab\xfe'0W]u\xd5UW]\xf5\xff\x8b\xb8\
\xea\xbf\x0b\xe2\xaa\xffn/\x0d\xfc\x15W]u\xd5U\
W]\xf5\xff\x8b\xb8\xea\xbf\x0b\xe2\xaa\xffn\xaf\x0d\xfc\
\x16W]u\xd5UW]\xf5\xff\x8b\xb8\xea\xbf\x0b\xe2\
\xaa\xffn\x1f\x0d|\x15W]u\xd5UW]\xf5\xff\
\x8b\xb8\xea\xbf\x0b\xe2\xaa\xffn\x9f\x0d|\x16W]u\
\xd5UW]\xf5\xff\x8b\xb8\xea\xbf\x0b\xe2\xaa\xffn_\
\x0d|\x14W]u\xd5UW]\xf5\xff\x8b\xb8\xea\xbf\
\x0b\xe2\xaa\xffn\xbf\x0d\xbc\x16W]u\xd5UW]\
\xf5\xff\x8b\xb8\xea\xbf\x0b\xe2\xaa\xffn\xbf\x0d\xbc\x16W\
]u\xd5UW]\xf5\xff\x8b\xb8\xea\xbf\x0b\xe2\xaa\xff\
n\xbf\x0d\xbc\x16W]u\xd5UW]\xf5\xff\x8b\xb8\
\xea\xbf\x0b\xe2\xaa\xffn\xe6\xaa\xab\xae\xba\xea\xaa\xab\xfe\
\xff\x11W\xfdwA\x5c\xf5\xdf\xcd\x5cu\xd5UW]\
u\xd5\xff?\xe2\xaa\xff.\x88\xab\xfe\xbb\x99\xab\xae\xba\
\xea\xaa\xab\xae\xfa\xffG\x5c\xf5\xdf\x05q\xd5\x7f7s\
\xd5UW]u\xd5U\xff\xff\x88\xab\xfe\xbb \xae\xfa\
\xeff\xae\xba\xea\xaa\xab\xae\xba\xea\xff\x1fq\xd5\x7f\x17\
\xc4U\xff\xdd\xccUW]u\xd5UW\xfd\xff#\xae\
\xfa\xef\x82\xb8\xea\xbf\x9b\xb9\xea\xaa\xab\xae\xba\xea\xaa\xff\
\x7f\xc4U\xff]\x10W\xfdw3W]u\xd5UW\
]\xf5\xff\x8f\xb8\xea\xbf\x0b\xe2\xaa\xffn\xe6\xaa\xab\xae\
\xba\xea\xaa\xab\xfe\xff\x11W\xfdwA\x5c\xf5\xdf\xcd\x5c\
u\xd5UW]u\xd5\xff?\xe2\xaa\xff.\x88\xab\xfe\
\xbb\x99\xab\xae\xba\xea\xaa\xab\xae\xfa\xffG\x5c\xf5\xdf\x05\
q\xd5\x7f7s\xd5UW]u\xd5U\xff\xff\x88\xab\
\xfe\xbb \xae\xfa\xeff\xae\xba\xea\xaa\xab\xae\xba\xea\xff\
\x1fq\xd5\x7f\x17\xc4U\xff\xdd\xccUW]u\xd5U\
W\xfd\xff#\xae\xfa\xef\x82\xb8\xea\xbf\x9b\xb9\xea\xaa\xab\
\xae\xba\xea\xaa\xff\x7f\xc4U\xff]\x10W\xfdw3W\
]u\xd5UW]\xf5\xff\x8f\xb8\xea\xbf\x0b\xe2\xaa\xff\
n\xe6\xaa\xab\xae\xba\xea\xaa\xab\xfe\xff\x11W\xfdwA\
\x5c\xf5\xdf\xcd\x5cu\xd5UW]u\xd5\xff?\xe2\xaa\
\xff.\x88\xab\xfe\xbb\x99\xab\xae\xba\xea\xaa\xab\xae\xfa\xff\
G\x5c\xf5\xdf\x05q\xd5\x7f7s\xd5UW]u\xd5\
U\xff\xff\x88\xab\xfe\xbb \xae\xfa\xeff\xae\xba\xea\xaa\
\xab\xae\xba\xea\xff\x1fq\xd5\x7f\x17\xc4U\xff\xdd\xccU\
W]u\xd5UW\xfd\xff#\xae\xfa\xef\x82\xb8\xea\xbf\
\x9b\xb9\xea\xaa\xab\xae\xba\xea\xaa\xff\x7f\xc4U\xff]\x10\
W\xfdw3W]u\xd5UW]\xf5\xff\x8f\xb8\xea\
\xbf\x0b\xe2\xaa\xffn\xe6\xaa\xab\xae\xba\xea\xaa\xab\xfe\xff\
\x11W\xfdwA\x5c\xf5\xdf\xcd\x5cu\xd5UW]u\
\xd5\xff?\xe2\xaa\xff.\x88\xab\xfe\xbb\x99\xab\xae\xba\xea\
\xaa\xab\xae\xfa\xffG\x5c\xf5\xdf\x05q\xd5\x7f7s\xd5\
UW]u\xd5U\xff\xff\x88\xab\xfe\xbb \xae\xfa\xef\
f\xae\xba\xea\xaa\xab\xae\xba\xea\xff\x1fq\xd5\x7f\x17\xc4\
U\xff\xdd\xccUW]u\xd5UW\xfd\xff#\xae\xfa\
\xef\x82\xb8\xea\xbf\x9b\xb9\xea\xaa\xab\xae\xba\xea\xaa\xff\x7f\
\xc4U\xff]\x10W\xfdw3W]u\xd5UW]\
\xf5\xff\x8f\xb8\xea\xbf\x0b\xe2\xaa\xffn\xe6\xaa\xab\xae\xba\
\xea\xaa\xab\xfe\xff\x11W\xfdwA\x5c\xf5\xdf\xcd\x5cu\
\xd5UW]u\xd5\xff?\xe2\xaa\xff.\x88\xab\xfe\xbb\
\x99\xab\xae\xba\xea\xaa\xab\xae\xfa\xffG\x5c\xf5\xdf\x05q\
\xd5\x7f7s\xd5UW]u\xd5U\xff\xff\x88\xab\xfe\
\xbb \xae\xfa\xeff\xae\xba\xea\xaa\xab\xae\xba\xea\xff\x1f\
q\xd5\x7f\x17\xc4U\xff\xdd\xccUW\xfd\xfb<\x03\xf8\
m\xe0\xaf\x81\xbf\x06n\x05n\xe5\xaa\xab\xfe\xefx0\
\xf0`\xe0\xa5\x81\x97\x06\xde\x1a8\xc6U\xff\xdb\x89\xab\
\xfe\xbb \xae\xfa\xeff\xae\xba\xea_\xef\x12\xf0\xdd\xc0\
w\x03\x7f\xcdUW\xfd\xff\xf3\xd2\xc0{\x03\xef\x0d\x1c\
\xe3\xaa\xff\x8d\xc4U\xff]\x10W\xfdw3W]\xf5\
\xa2{\x06\xf0\xd9\xc0ws\xd5UW\x01\x1c\x07\xde\x1a\
\xf8l\xe0A\x5c\xf5\xbf\x89\xb8\xea\xbf\x0b\xe2\xaa\xffn\
\xe6\xaa\xab^4\x9f\x03|5\xb0\xcbUW]\xf5\xdc\
\x8e\x03\x1f\x0d|\x16W\xfdo!\xae\xfa\xef\x82\xb8\xea\
\xbf\x9b\xb9\xea\xaa\x17\xeeo\x80\xf7\x06\xfe\x9a\xab\xae\xba\
\xea_\xf2\xd2\xc0w\x03/\xc5U\xff\xd3\x89\xab\xfe\xbb\
 \xae\xfa\xeff\xae\xba\xea\x05\xfb\x1e\xe0\xa3\x81]\xae\
\xba\xea\xaa\x17\xd5q\xe0\xab\x81\xf7\xe2\xaa\xff\xc9\xc4U\
\xff]\x10W\xfdw3W]\xf5\xfc}\x0f\xf0\xde\x5c\
u\xd5U\xffV\xdf\x0d\xbc\x17W\xfdO%\xae\xfa\xef\
\x82\xb8\xea\xbf\x9b\xb9\xea\xaa\xe7\xf5=\xc0{s\xd5U\
W\xfd{}7\xf0^\x5c\xf5?\x91\xb8\xea\xbf\x0b\xe2\
\xaa\xffn\xe6\xaa\xab\x9e\xd3\xf7\x00\xef\xcdUW]\xf5\
\x1f\xe5\xbb\x81\xf7\xe2\xaa\xffi\xc4U\xff]\x10W\xfd\
w3W]\xf5l\x7f\x03\xbc6\xb0\xcbUW]\xf5\
\x1f\xe58\xf0\xdb\xc0Kq\xd5\xff$\xe2\xaa\xff.\x88\
\xab\xfe\xbb\x99\xab\xaez\xb6\x97\x01\xfe\x9a\xab\xae\xba\xea\
?\xdaK\x03\x7f\xc5U\xff\x93\x88\xab\xfe\xbb \xae\xfa\
\xeff\xae\xba\xea\x8a\xcf\x01>\x9b\xab\xae\xba\xea?\xcb\
g\x03\x9f\xc5U\xffS\x88\xab\xfe\xbb \xae\xfa\xeff\
\xae\xba\x0a\x9e\x01\xbc4\xb0\xcbUW]\xf5\x9f\xe58\
\xf0\xd7\xc0\x83\xb8\xea\x7f\x02q\xd5\x7f\x17\xc4U\xff\xdd\
\xccUW\xc1\xfb\x00\xdf\xcdUW]\xf5\x9f\xed\xbd\x81\
\xef\xe2\xaa\xff\x09\xc4U\xff]\x10W\xfdw3W\xfd\
\x7fw\x098\xceUW]\xf5_\xe18p+p\x8c\
\xab\xfe\xbb\x89\xab\xfe\xbb \xae\xfa\xeff\xae\xfa\xff\xee\
k\x80\x8f\xe6\xaa\xab\xae\xfa\xaf\xf2\xd5\xc0Gq\xd5\x7f\
7q\xd5\x7f\x17\xc4U\xff\xdd\xccU\xff\xdf\xbd\x0c\xf0\
\xd7\x5cu\xd5U\xffU^\x1a\xf8+\xae\xfa\xef&\xae\
\xfa\xef\x82\xb8\xea\xbf\x9b\xb9\xea\xff\xb3g\x00\x0f\xe6\xaa\
\xab\xae\xfa\xaf\xb6\x0b\x1c\xe3\xaa\xffN\xe2\xaa\xff.\x88\
\xab\xfe\xbb\x99\xab\xfe?\xfb\x1e\xe0\xbd\xb9\xea\xaa\xab\xfe\
\xab}7\xf0^\x5c\xf5\xdfI\x5c\xf5\xdf\x05q\xd5\x7f\
7s\xd5\xffg\x1f\x03|5W]u\xd5\x7f\xb5\xcf\
\x06>\x8b\xab\xfe;\x89\xab\xfe\xbb \xae\xfa\xeff\xae\
\xfa\xff\xecu\x80\xdf\xe6\xaa\xab\xae\xfa\xaf\xf6\xda\xc0o\
q\xd5\x7f'q\xd5\x7f\x17\xc4U\xff\xdd\xccU\xff\x9f\
=\x04\xb8\x95\xab\xae\xba\xea\xbf\xda\x83\x81\xa7s\xd5\x7f\
'q\xd5\x7f\x17\xc4U\xff\xdd\xccU\xff\x9f\x89\xab\xae\
\xba\xea\xbf\x8b\xb9\xea\xbf\x93\xb8\xea\xbf\x0b\xe2\xaa\xffn\
\xe6\xaa\xff\xcf\xc4UW]\xf5\xdf\xc5\x5c\xf5\xdfI\x5c\
\xf5\xdf\x05q\xd5\x7f7s\xd5\xffg\xe2\xaa\xab\xae\xfa\
\xefb\xae\xfa\xef$\xae\xfa\xef\x82\xb8\xea\xbf\x9b\xb9\xea\
\xff3q\xd5UW\xfdw1W\xfdw\x12W\xfdw\
A\x5c\xf5\xdf\xcd\x5c\xf5\xff\xd9C\x80[\xb9\xea\xaa\xab\
\xfe\xab=\x18x:W\xfdw\x12W\xfdwA\x5c\xf5\
\xdf\xcd\x5c\xf5\xff\xd9\xeb\x00\xbf\xcdUW]\xf5_\xed\
\xb5\x81\xdf\xe2\xaa\xffN\xe2\xaa\xff.\x88\xab\xfe\xbb\x99\
\xab\xfe?\xfb\x18\xe0\xab\xb9\xea\xaa\xab\xfe\xab}6\xf0\
Y\x5c\xf5\xdfI\x5c\xf5\xdf\x05q\xd5\x7f7s\xd5\xff\
g\xdf\x03\xbc7W]u\xd5\x7f\xb5\xef\x06\xde\x8b\xab\
\xfe;\x89\xab\xfe\xbb \xae\xfa\xeff\xae\xfa\xff\xecV\
\xe0!\x5cu\xd5U\xff\xd5.\x02\xc7\xb9\xea\xbf\x93\xb8\
\xea\xbf\x0b\xe2\xaa\xffn\xe6\xaa\xff\xef^\x06\xf8k\xae\
\xba\xea\xaa\xff*/\x0d\xfc\x15W\xfdw\x13W\xfdw\
A\x5c\xf5\xdf\xcd\x5c\xf5\xff\xdd\xd7\x00\x1f\xcdUW]\
\xf5_\xe5\xab\x81\x8f\xe2\xaa\xffn\xe2\xaa\xff.\x88\xab\
\xfe\xbb\x99\xab\xfe\xbf\xdb\x05Np\xd5UW\xfdW8\
\x0e<\x1d8\xceU\xff\xdd\xc4U\xff]\x10W\xfdw\
3W]\x05\xef\x03|7W]u\xd5\x7f\xb6\xf7\x06\
\xbe\x8b\xab\xfe'\x10W\xfdwA\x5c\xf5\xdf\xcd\x5cu\
\x15\xdc\x0a\xbc\x0c\xb0\xcbUW]\xf5\x9f\xe58\xf0W\
\xc0\x83\xb9\xea\x7f\x02q\xd5\x7f\x17\xc4U\xff\xdd\xccU\
W]\xf19\xc0gs\xd5UW\xfdg\xf9l\xe0\xb3\
\xb8\xea\x7f\x0aq\xd5\x7f\x17\xc4U\xff\xdd\xccUW=\
\xdb\xcb\x00\x7f\xcdUW]\xf5\x1f\xed\xa5\x81\xbf\xe2\xaa\
\xffI\xc4U\xff]\x10W\xfdw3W]\xf5l\x7f\
\x0d\xbc\x0e\xb0\xcbUW]\xf5\x1f\xe58\xf0[\xc0K\
s\xd5\xff$\xe2\xaa\xff.\x88\xab\xfe\xbb\x99\xab\xaez\
N\xdf\x0d\xbc\x0fW]u\xd5\x7f\x94\xef\x02\xde\x9b\xab\
\xfe\xa7\x11W\xfdwA\x5c\xf5\xdf\xcd\x5cu\xd5\xf3\xfa\
n\xe0}\xb8\xea\xaa\xab\xfe\xbd\xbe\x0bxo\xae\xfa\x9f\
H\x5c\xf5\xdf\x05q\xd5\x7f7s\xd5U\xcf\xdfw\x03\
\xef\xc3UW]\xf5o\xf5]\xc0{s\xd5\xffT\xe2\
\xaa\xff.\x88\xab\xfe\xbb\x99\xab\xaez\xc1\xbe\x1b\xf8\x18\
`\x97\xab\xae\xba\xeaEu\x1c\xf8*\xe0\xbd\xb9\xea\x7f\
2q\xd5\x7f\x17\xc4U\xff\xdd\xccUW\xbdp\x7f\x0d\
\xbc\x0f\xf0\xd7\x5cu\xd5U\xff\x92\x97\x06\xbe\x0bxi\
\xae\xfa\x9fN\x5c\xf5\xdf\x05q\xd5\x7f7s\xd5U/\
\x9a\xcf\x06\xbe\x06\xd8\xe5\xaa\xab\xaezn\xc7\x81\x8f\x02\
>\x9b\xab\xfe\xb7\x10W\xfdwA\x5c\xf5\xdf\xcd\x5cu\
\xd5\x8b\xeeV\xe0\xb3\x81\x9f\x01v\xb9\xea\xaa\xab\x8e\x03\
o\x05|6\xf0`\xae\xfa\xdfD\x5c\xf5\xdf\x05q\xd5\
\x7f7s\xd5U\xffz\xbb\xc0w\x03\xdf\x03\xfc5W\
]\xf5\xff\xcfK\x03\xef\x05\xbc7p\x9c\xab\xfe7\x12\
W\xfdwA\x5c\xf5\xdf\xcd\x5cu\xd5\xbf\xcf.\xf0\xd3\
\xc0\xad\xc0o\x03\xcf\x00n\xe5\xaa\xab\xfe\xefx0\xf0\
 \xe0\xb5\x81\x07\x03o\x0d\x1c\xe7\xaa\xff\xed\xc4U\xff\
]\x10W\xfdw3W]u\xd5UW]\xf5\xff\x8f\
\xb8\xea\xbf\x0b\xe2\xaa\xffn\xe6\xaa\xab\xae\xba\xea\xaa\xab\
\xfe\xff\x11W\xfdwA\x5c\xf5\xdf\xcd\x5cu\xd5UW\
]u\xd5\xff?\xe2\xaa\xff.\x88\xab\xfe\xbb\x99\xab\xae\
\xba\xea\xaa\xab\xae\xfa\xffG\x5c\xf5\xdf\x05q\xd5\x7f7\
s\xd5UW]u\xd5U\xff\xff\x88\xab\xfe\xbb \xae\
\xfa\xeff\xae\xba\xea\xaa\xab\xae\xba\xea\xff\x1fq\xd5\x7f\
\x17\xc4U\xff\xdd\xccUW]u\xd5UW\xfd\xff#\
\xae\xfa\xef\x82\xb8\xea\xbf\x9b\xb9\xea\xaa\xab\xae\xba\xea\xaa\
\xff\x7f\xc4U\xff]\x10W\xfdw3W]u\xd5U\
W]\xf5\xff\x8f\xb8\xea\xbf\x0b\xe2\xaa\xffn\xe6\xaa\xab\
\xae\xba\xea\xaa\xab\xfe\xff\x11W\xfdwA\x5c\xf5\xdf\xcd\
\x5cu\xd5UW]u\xd5\xff?\xe2\xaa\xff.\x88\xab\
\xfe\xbb\x99\xab\xae\xba\xea\xaa\xab\xae\xfa\xffG\x5c\xf5\xdf\
\x05q\xd5\x7f7s\xd5UW]u\xd5U\xff\xff\x88\
\xab\xfe\xbb \xae\xfa\xeff\xae\xba\xea\xaa\xab\xae\xba\xea\
\xff\x1fq\xd5\x7f\x17\xc4U\xff\xdd\xccUW]u\xd5\
UW\xfd\xff#\xae\xfa\xef\x82\xb8\xea\xbf\x9b\xb9\xea\xaa\
\xab\xae\xba\xea\xaa\xff\x7f\xc4U\xff]\x10W\xfdw3\
W]u\xd5UW]\xf5\xff\x8f\xb8\xea\xbf\x0b\xe2\xaa\
\xffn\xe6\xaa\xab\xae\xba\xea\xaa\xab\xfe\xff\x11W\xfdw\
A\x5c\xf5\xdf\xcd\x5cu\xd5UW]u\xd5\xff?\xe2\
\xaa\xff.\x88\xab\xfe\xbb\x99\xab\xae\xba\xea\xaa\xab\xae\xfa\
\xffG\x5c\xf5\xdf\x05q\xd5\x7f7s\xd5UW]u\
\xd5U\xff\xff\x88\xab\xfe\xbb \xae\xfa\xeff\xae\xba\xea\
\xaa\xab\xae\xba\xea\xff\x1fq\xd5\x7f\x17\xc4U\xff\xdd\xcc\
UW]u\xd5UW\xfd\xff#\xae\xfa\xef\x82\xb8\xea\
\xbf\x9b\xb9\xea\xaa\xab\xae\xba\xea\xaa\xff\x7f\xc4U\xff]\
\x10W\xfdw3W]u\xd5UW]\xf5\xff\x8f\xb8\
\xea\xbf\x0b\xe2\xaa\xffn\xe6\xaa\xab\xae\xba\xea\xaa\xab\xfe\
\xff\x11W\xfdwA\x5c\xf5\xdf\xcd\x5cu\xd5UW]\
u\xd5\xff?\xe2\xaa\xff.\x88\xab\xfe\xbb\x99\xab\xae\xba\
\xea\xaa\xab\xae\xfa\xffG\x5c\xf5\xdf\x05q\xd5\x7f7s\
\xd5UW]u\xd5U\xff\xff\x88\xab\xfe\xbb \xae\xfa\
\xeff\xae\xba\xea\xaa\xab\xae\xba\xea\xff\x1fq\xd5\x7f\x17\
\xc4U\xff\xdd\xccUW]u\xd5UW\xfd\xff#\xae\
\xfa\xef\x82\xb8\xea\xbf\x9b\xb9\xea\xaa\xab\xae\xba\xea\xaa\xff\
\x7f\xc4U\xff]\x10W\xfdw3W]u\xd5UW\
]\xf5\xff\x8f\xb8\xea\xbf\x0b\xe2\xaa\xffn\xe6\xaa\xab\xae\
\xba\xea\xaa\xab\xfe\xff\x11W\xfdwA\x5c\xf5\xdf\xcd\x5c\
u\xd5UW]u\xd5\xff?\xe2\xaa\xff.\x88\xab\xfe\
\xbb\x99\xab\xae\xba\xea\xaa\xab\xae\xfa\xffG\x5c\xf5\xdf\x05\
q\xd5\x7f7s\xd5UW]u\xd5U\xff\xff\x88\xab\
\xfe\xbb \xae\xfa\xeff\xae\xba\xea\xaa\xab\xae\xba\xea\xff\
\x1fq\xd5\x7f\x17\xc4U\xff\xdd\xccUW]u\xd5U\
W\xfd\xff#\xae\xfa\xef\x82\xb8\xea\xbf\x9b\xb9\xea\xaa\xab\
\xae\xba\xea\xaa\xff\x7f\xc4U\xff]\x10W\xfdw3W\
]u\xd5UW]\xf5\xff\x8f\xb8\xea\xbf\x0b\xe2\xaa\xff\
n\xe6\xaa\xab\xae\xba\xea\xaa\xab\xfe\xff\x11W\xfdwA\
\x5c\xf5\xdf\xcd\x5cu\xd5UW]u\xd5\xff?\xe2\xaa\
\xff.\x88\xab\xfe\xbb\x99\xab\xae\xba\xea\xaa\xab\xae\xfa\xff\
G\x5c\xf5\xdf\x05q\xd5\x7f7s\xd5UW]u\xd5\
U\xff\xff\x88\xab\xfe\xbb \xae\xfa\xeff\xae\xba\xea\xaa\
\xab\xae\xba\xea\xff\x1fq\xd5\x7f\x17\xc4U\xff\xdd\xccU\
W]u\xd5UW\xfd\xff#\xae\xfa\xef\x82\xb8\xea\xbf\
\x9b\xb9\xea\xaa\xab\xae\xba\xea\xaa\xff\x7f\xc4U\xff]\x10\
W\xfdw3W]\xf5\xef\xf3\x0c\xe0\xb7\x81\xbf\x06\xfe\
\x1a\xb8\x15\xb8\x95\xab\xae\xfa\xbf\xe3\xc1\xc0\x83\x81\x97\x06\
^\x1axk\xe0\x18W\xfdo'\xae\xfa\xef\x82\xb8\xea\
\xbf\x9b\xb9\xea\xaa\x7f\xbdK\xc0w\x03\xdf\x0d\xfc5W\
]\xf5\xff\xcfK\x03\xef\x0d\xbc7p\x8c\xab\xfe7\x12\
W\xfdwA\x5c\xf5\xdf\xcd\x5cu\xd5\x8b\xee\x19\xc0g\
\x03\xdf\xcdUW]\x05p\x1cxk\xe0\xb3\x81\x07q\
\xd5\xff&\xe2\xaa\xff.\x88\xab\xfe\xbb\x99\xab\xaez\xd1\
|\x0e\xf0\xd5\xc0.W]u\xd5s;\x0e|4\xf0\
Y\x5c\xf5\xbf\x85\xb8\xea\xbf\x0b\xe2\xaa\xffn\xe6\xaa\xab\
^\xb8\xbf\x01\xde\x1b\xf8k\xae\xba\xea\xaa\x7f\xc9K\x03\
\xdf\x0d\xbc\x14W\xfdO'\xae\xfa\xef\x82\xb8\xea\xbf\x9b\
\xb9\xea\xaa\x17\xec{\x80\x8f\x06v\xb9\xea\xaa\xab^T\
\xc7\x81\xaf\x06\xde\x8b\xab\xfe'\x13W\xfdwA\x5c\xf5\
\xdf\xcd\x5cu\xd5\xf3\xf7=\xc0{s\xd5UW\xfd[\
}7\xf0^\x5c\xf5?\x95\xb8\xea\xbf\x0b\xe2\xaa\xffn\
\xe6\xaa\xab\x9e\xd7\xf7\x00\xef\xcdUW]\xf5\xef\xf5\xdd\
\xc0{q\xd5\xffD\xe2\xaa\xff.\x88\xab\xfe\xbb\x99\xab\
\xaezN\xdf\x03\xbc7W]u\xd5\x7f\x94\xef\x06\xde\
\x8b\xab\xfe\xa7\x11W\xfdwA\x5c\xf5\xdf\xcd\x5cu\xd5\
\xb3\xfd\x0d\xf0\xda\xc0.W]u\xd5\x7f\x94\xe3\xc0o\
\x03/\xc5U\xff\x93\x88\xab\xfe\xbb \xae\xfa\xeff\xae\
\xba\xea\xd9^\x06\xf8k\xae\xba\xea\xaa\xffh/\x0d\xfc\
\x15W\xfdO\x22\xae\xfa\xef\x82\xb8\xea\xbf\x9b\xb9\xea\xaa\
+>\x07\xf8l\xae\xba\xea\xaa\xff,\x9f\x0d|\x16W\
\xfdO!\xae\xfa\xef\x82\xb8\xea\xbf\x9b\xb9\xea*x\x06\
\xf0\xd2\xc0.W]u\xd5\x7f\x96\xe3\xc0_\x03\x0f\xe2\
\xaa\xff\x09\xc4U\xff]\x10W\xfdw3W]\x05\xef\
\x03|7W]u\xd5\x7f\xb6\xf7\x06\xbe\x8b\xab\xfe'\
\x10W\xfdwA\x5c\xf5\xdf\xcd\x5c\xf5\xff\xdd%\xe08\
W]u\xd5\x7f\x85\xe3\xc0\xad\xc01\xae\xfa\xef&\xae\
\xfa\xef\x82\xb8\xea\xbf\x9b\xb9\xea\xff\xbb\xaf\x01>\x9a\xab\
\xae\xba\xea\xbf\xcaW\x03\x1f\xc5U\xff\xdd\xc4U\xff]\
\x10W\xfdw3W\xfd\x7f\xf72\xc0_s\xd5UW\
\xfdWyi\xe0\xaf\xb8\xea\xbf\x9b\xb8\xea\xbf\x0b\xe2\xaa\
\xffn\xe6\xaa\xff\xcf\x9e\x01<\x98\xab\xae\xba\xea\xbf\xda\
.p\x8c\xab\xfe;\x89\xab\xfe\xbb \xae\xfa\xeff\xae\
\xfa\xff\xec{\x80\xf7\xe6\xaa\xab\xae\xfa\xaf\xf6\xdd\xc0{\
q\xd5\x7f'q\xd5\x7f\x17\xc4U\xff\xdd\xccU\xff\x9f\
}\x0c\xf0\xd5\x5cu\xd5U\xff\xd5>\x1b\xf8,\xae\xfa\
\xef$\xae\xfa\xef\x82\xb8\xea\xbf\x9b\xb9\xea\xff\xb3\xd7\x01\
~\x9b\xab\xae\xba\xea\xbf\xdak\x03\xbf\xc5U\xff\x9d\xc4\
U\xff]\x10W\xfdw3W\xfd\x7f\xf6\x10\xe0V\xae\
\xba\xea\xaa\xffj\x0f\x06\x9e\xceU\xff\x9d\xc4U\xff]\
\x10W\xfdw3W\xfd\x7f&\xae\xba\xea\xaa\xff.\xe6\
\xaa\xffN\xe2\xaa\xff.\x88\xab\xfe\xbb\x99\xab\xfe?\x13\
W]u\xd5\x7f\x17s\xd5\x7f'q\xd5\x7f\x17\xc4U\
\xff\xdd\xccU\xff\x9f\x89\xab\xae\xba\xea\xbf\x8b\xb9\xea\xbf\
\x93\xb8\xea\xbf\x0b\xe2\xaa\xffn\xe6\xaa\xff\xcf\xc4UW\
]\xf5\xdf\xc5\x5c\xf5\xdfI\x5c\xf5\xdf\x05q\xd5\x7f7\
s\xd5\xffg\x0f\x01n\xe5\xaa\xab\xae\xfa\xaf\xf6`\xe0\
\xe9\x5c\xf5\xdfI\x5c\xf5\xdf\x05q\xd5\x7f7s\xd5\xff\
g\xaf\x03\xfc6W]u\xd5\x7f\xb5\xd7\x06~\x8b\xab\
\xfe;\x89\xab\xfe\xbb \xae\xfa\xeff\xae\xfa\xff\xecc\
\x80\xaf\xe6\xaa\xab\xae\xfa\xaf\xf6\xd9\xc0gq\xd5\x7f'\
q\xd5\x7f\x17\xc4U\xff\xdd\xccU\xff\x9f}\x0f\xf0\xde\
\x5cu\xd5U\xff\xd5\xbe\x1bx/\xae\xfa\xef$\xae\xfa\
\xef\x82\xb8\xea\xbf\x9b\xb9\xea\xff\xb3[\x81\x87p\xd5U\
W\xfdW\xbb\x08\x1c\xe7\xaa\xffN\xe2\xaa\xff.\x88\xab\
\xfe\xbb\x99\xab\xfe\xbf{\x19\xe0\xaf\xb9\xea\xaa\xab\xfe\xab\
\xbc4\xf0W\x5c\xf5\xdfM\x5c\xf5\xdf\x05q\xd5\x7f7\
s\xd5\xffw_\x03|4W]u\xd5\x7f\x95\xaf\x06\
>\x8a\xab\xfe\xbb\x89\xab\xfe\xbb \xae\xfa\xeff\xae\xfa\
\xffn\x178\xc1UW]\xf5_\xe18\xf0t\xe08\
W\xfdw\x13W\xfdwA\x5c\xf5\xdf\xcd\x5cu\x15\xbc\
\x0f\xf0\xdd\x5cu\xd5U\xff\xd9\xde\x1b\xf8.\xae\xfa\x9f\
@\x5c\xf5\xdf\x05q\xd5\x7f7s\xd5Up+\xf02\
\xc0.W]u\xd5\x7f\x96\xe3\xc0_\x01\x0f\xe6\xaa\xff\
\x09\xc4U\xff]\x10W\xfdw3W]u\xc5\xe7\x00\
\x9f\xcdUW]\xf5\x9f\xe5\xb3\x81\xcf\xe2\xaa\xff)\xc4\
U\xff]\x10W\xfdw3W]\xf5l/\x03\xfc5\
W]u\xd5\x7f\xb4\x97\x06\xfe\x8a\xab\xfe'\x11W\xfd\
wA\x5c\xf5\xdf\xcd\x5cu\xd5\xb3\xfd5\xf0:\xc0.\
W]u\xd5\x7f\x94\xe3\xc0o\x01/\xcdU\xff\x93\x88\
\xab\xfe\xbb \xae\xfa\xeff\xae\xba\xea9}7\xf0>\
\x5cu\xd5U\xffQ\xbe\x0bxo\xae\xfa\x9fF\x5c\xf5\
\xdf\x05q\xd5\x7f7s\xd5U\xcf\xeb\xbb\x81\xf7\xe1\xaa\
\xab\xae\xfa\xf7\xfa.\xe0\xbd\xb9\xea\x7f\x22q\xd5\x7f\x17\
\xc4U\xff\xdd\xccUW=\x7f\xdf\x0d\xbc\x0fW]u\
\xd5\xbf\xd5w\x01\xef\xcdU\xffS\x89\xab\xfe\xbb \xae\
\xfa\xeff\xae\xba\xea\x05\xfbn\xe0c\x80]\xae\xba\xea\
\xaa\x17\xd5q\xe0\xab\x80\xf7\xe6\xaa\xff\xc9\xc4U\xff]\
\x10W\xfdw3W]\xf5\xc2\xfd5\xf0>\xc0_s\
\xd5UW\xfdK^\x1a\xf8.\xe0\xa5\xb9\xea\x7f:q\
\xd5\x7f\x17\xc4U\xff\xdd\xccUW\xbdh>\x1b\xf8\x1a\
`\x97\xab\xae\xba\xea\xb9\x1d\x07>\x0a\xf8l\xae\xfa\xdf\
B\x5c\xf5\xdf\x05q\xd5\x7f7s\xd5U/\xba[\x81\
\xcf\x06~\x06\xd8\xe5\xaa\xab\xae:\x0e\xbc\x15\xf0\xd9\xc0\
\x83\xb9\xea\x7f\x13q\xd5\x7f\x17\xc4U\xff\xdd\xccUW\
\xfd\xeb\xed\x02\xdf\x0d|\x0f\xf0\xd7\x5cu\xd5\xff?/\
\x0d\xbc\x17\xf0\xde\xc0q\xae\xfa\xdfH\x5c\xf5\xdf\x05q\
\xd5\x7f7s\xd5U\xff>\xbb\xc0O\x03\xb7\x02\xbf\x0d\
<\x03\xb8\x95\xab\xae\xfa\xbf\xe3\xc1\xc0\x83\x80\xd7\x06\x1e\
\x0c\xbc5p\x9c\xab\xfe\xb7\x13W\xfdwA\x5c\xf5\xdf\
\xcd\x5cu\xd5UW]u\xd5\xff?\xe2\xaa\xff.\x88\
\xab\xfe\xbb\x99\xab\xae\xba\xea\xaa\xab\xae\xfa\xffG\x5c\xf5\
\xdf\x05q\xd5\x7f7s\xd5UW]u\xd5U\xff\xff\
\x88\xab\xfe\xbb \xae\xfa\xeff\xae\xba\xea\xaa\xab\xae\xba\
\xea\xff\x1fq\xd5\x7f\x17\xc4U\xff\xdd\xccUW]u\
\xd5UW\xfd\xff#\xae\xfa\xef\x82\xb8\xea\xbf\x9b\xb9\xea\
\xaa\xab\xae\xba\xea\xaa\xff\x7f\xc4U\xff]\x10W\xfdw\
3W]u\xd5UW]\xf5\xff\x8f\xb8\xea\xbf\x0b\xe2\
\xaa\xffn\xe6\xaa\xab\xae\xba\xea\xaa\xab\xfe\xff\x11W\xfd\
wA\x5c\xf5\xdf\xcd\x5cu\xd5UW]u\xd5\xff?\
\xe2\xaa\xff.\x88\xab\xfe\xbb\x99\xab\xae\xba\xea\xaa\xab\xae\
\xfa\xffG\x5c\xf5\xdf\x05q\xd5\x7f7s\xd5UW]\
u\xd5U\xff\xff\x88\xab\xfe\xbb \xae\xfa\xeff\xae\xba\
\xea\xaa\xab\xae\xba\xea\xff\x1fq\xd5\x7f\x17\xc4U\xff\xdd\
\xccUW]u\xd5UW\xfd\xff#\xae\xfa\xef\x82\xb8\
\xea\xbf\x9b\xb9\xea\xaa\xab\xae\xba\xea\xaa\xff\x7f\xc4U\xff\
]\x10W\xfdw3W]u\xd5UW]\xf5\xff\x8f\
\xb8\xea\xbf\x0b\xe2\xaa\xffn\xe6\xaa\xab\xae\xba\xea\xaa\xab\
\xfe\xff\x11W\xfdwA\x5c\xf5\xdf\xcd\x5cu\xd5UW\
]u\xd5\xff?\xe2\xaa\xff.\x88\xab\xfe\xbb\x99\xab\xae\
\xba\xea\xaa\xab\xae\xfa\xffG\x5c\xf5\xdf\x05q\xd5\x7f7\
s\xd5UW]u\xd5U\xff\xff\x88\xab\xfe\xbb \xae\
\xfa\xeff\xae\xba\xea\xaa\xab\xae\xba\xea\xff\x1fq\xd5\x7f\
\x17\xc4U\xff\xdd\xccUW]u\xd5UW\xfd\xff#\
\xae\xfa\xef\x82\xb8\xea\xbf\x9b\xb9\xea\xaa\xab\xae\xba\xea\xaa\
\xff\x7f\xc4U\xff]\x10W\xfdw3W]u\xd5U\
W]\xf5\xff\x8f\xb8\xea\xbf\x0b\xe2\xaa\xffn\xe6\xaa\xab\
\xae\xba\xea\xaa\xab\xfe\xff\x11W\xfdwA\x5c\xf5\xdf\xcd\
\x5cu\xd5UW]u\xd5\xff?\xe2\xaa\xff.\x88\xab\
\xfe\xbb\x99\xab\xae\xba\xea\xaa\xab\xae\xfa\xffG\x5c\xf5\xdf\
\x05q\xd5\x7f7s\xd5UW]u\xd5U\xff\xff\x88\
\xab\xfe\xbb \xae\xfa\xeff\xae\xba\xea\xaa\xab\xae\xba\xea\
\xff\x1fq\xd5\x7f\x17\xc4U\xff\xdd\xccUW]u\xd5\
UW\xfd\xff#\xae\xfa\xef\x82\xb8\xea\xbf\x9b\xb9\xea\xaa\
\xab\xae\xba\xea\xaa\xff\x7f\xc4U\xff]\x10W\xfdw3\
W]u\xd5UW]\xf5\xff\x8f\xb8\xea\xbf\x0b\xe2\xaa\
\xffn\xe6\xaa\xab\xae\xba\xea\xaa\xab\xfe\xff\x11W\xfdw\
A\x5c\xf5\xdf\xcd\x5cu\xd5UW]u\xd5\xff?\xe2\
\xaa\xff.\x88\xab\xfe\xbb\x99\xab\xae\xba\xea\xaa\xab\xae\xfa\
\xffG\x5c\xf5\xdf\x05q\xd5\x7f7s\xd5UW]u\
\xd5U\xff\xff\x88\xab\xfe\xbb \xae\xfa\xeff\xae\xba\xea\
\xaa\xab\xae\xba\xea\xff\x1fq\xd5\x7f\x17\xc4U\xff\xdd\xcc\
UW]u\xd5UW\xfd\xff#\xae\xfa\xef\x82\xb8\xea\
\xbf\x9b\xb9\xea\xaa\xab\xae\xba\xea\xaa\xff\x7f\xc4U\xff]\
\x10W\xfdw3W]u\xd5UW]\xf5\xff\x8f\xb8\
\xea\xbf\x0b\xe2\xaa\xffn\xe6\xaa\xab\xae\xba\xea\xaa\xab\xfe\
\xff\x11W\xfdwA\x5c\xf5\xdf\xcd\x5cu\xd5UW]\
u\xd5\xff?\xe2\xaa\xff.\x88\xab\xfe\xbb\x99\xab\xae\xba\
\xea\xaa\xab\xae\xfa\xffG\x5c\xf5\xdf\x05q\xd5\x7f7s\
\xd5UW]u\xd5U\xff\xff\x88\xab\xfe\xbb \xae\xfa\
\xeff\xae\xba\xea\xaa\xab\xae\xba\xea\xff\x1fq\xd5\x7f\x17\
\xc4U\xff\xdd\xccUW]u\xd5UW\xfd\xff#\xae\
\xfa\xef\x82\xb8\xea\xbf\x9b\xb9\xea\xaa\xab\xae\xba\xea\xaa\xff\
\x7f\xc4U\xff]\x10W\xfdw3W]u\xd5UW\
]\xf5\xff\x8f\xb8\xea\xbf\x0b\xe2\xaa\xffn\xe6\xaa\xab\xae\
\xba\xea\xaa\xab\xfe\xff\x11W\xfdwA\x5c\xf5\xdf\xcd\x5c\
u\xd5UW]u\xd5\xff?\xe2\xaa\xff.\x88\xab\xfe\
\xbb\x99\xab\xae\xba\xea\xaa\xab\xae\xfa\xffG\x5c\xf5\xdf\x05\
q\xd5\x7f7s\xd5UW]u\xd5U\xff\xff\x88\xab\
\xfe\xbb \xae\xfa\xeff\xae\xba\xea\xaa\xab\xae\xba\xea\xff\
\x1fq\xd5\x7f\x17\xc4U\xff\xdd\xccUW]u\xd5U\
W\xfd\xff#\xae\xfa\xef\x82\xb8\xea\xbf\x9b\xb9\xea\xaa\xab\
\xae\xba\xea\xaa\xff\x7f\xc4U\xff]\x10W\xfdw3W\
]u\xd5UW]\xf5\xff\x8f\xb8\xea\xbf\x0b\xe2\xaa\xff\
n\xe6\xaa\xab\xae\xba\xea\xaa\xab\xfe\xff\x11W\xfdwA\
\x5c\xf5\xdf\xcd\x5cu\xd5UW]u\xd5\xff?\xe2\xaa\
\xff.\x88\xab\xfe\xbb\x99\xab\xae\xba\xea\xaa\xab\xae\xfa\xff\
G\x5c\xf5\xdf\x05q\xd5\x7f7s\xd5UW]u\xd5\
U\xff\xff\x88\xab\xfe\xbb \xae\xfa\xeff\xae\xba\xea\xaa\
\xab\xae\xba\xea\xff\x1fq\xd5\x7f\x17\xc4U\xff\xdd\xccU\
W]u\xd5UW\xfd\xff#\xae\xfa\xef\x82\xb8\xea\xbf\
\x9b\xb9\xea\xaa\xab\xae\xba\xea\xaa\xff\x7f\xc4U\xff]\x10\
W\xfdw3W]u\xd5UW]\xf5\xff\x8f\xb8\xea\
\xbf\x0b\xe2\xaa\xffn\xe6\xaa\xab\xae\xba\xea\xaa\xab\xfe\xff\
\x11W\xfdwA\x5c\xf5\xdf\xcd\x5cu\xd5UW]u\
\xd5\xff?\xe2\xaa\xff.\x88\xab\xfe\xbb\x99\xab\xae\xba\xea\
\xaa\xab\xae\xfa\xffG\x5c\xf5\xdf\x05q\xd5\x7f7s\xd5\
UW]u\xd5U\xff\xff\x88\xab\xfe\xbb \xae\xfa\xef\
f\xae\xba\xea\xaa\xab\xae\xba\xea\xff\x97\xdf\x01^\x9b\xab\
\xfe\xbb \xae\xfa\xeff\xae\xba\xea\xaa\xab\xae\xba\xea\xff\
\x97\xdf\x01^\x9b\xab\xfe\xbb \xae\xfa\xeff\xae\xba\xea\
\xaa\xab\xae\xba\xea\xff\x97\x9f\x01\xde\x9a\xab\xfe\xbb \xae\
\xfa\xeff\xae\xba\xea\xaa\xab\xae\xba\xea\xff\x97\xcf\x01>\
\x9b\xab\xfe\xbb \xae\xfa\xeff\xae\xba\xea\xaa\xab\xae\xba\
\xea\xff\x97\x8f\x01\xbe\x9a\xab\xfe\xbb \xae\xfa\xeff\xae\
\xba\xea\xaa\xab\xae\xba\xea\xff\x97\xd7\x01~\x9b\xab\xfe\xbb\
 \xae\xfa\xeff\xae\xba\xea\xaa\xab\xae\xba\xea\xff\x17q\
\xd5\x7f'\xc4U\xff\xdd\xccUW]u\xd5UW\xfd\
\xff\xf17\xc0Ks\xd5\x7f'\xc4U\xff\xdd\xccUW\
]u\xd5UW\xfd\xff\xf1=\xc0{s\xd5\x7f'\xc4\
U\xff\xdd\xccUW]u\xd5UW\xfd\xff\xf16\xc0\
Os\xd5\x7f'\xc4U\xff\xdd\xccUW]u\xd5U\
W\xfd\xffq\x02\xd8\xe5\xaa\xffN\x88\xab\xfe\xbb\x99\xab\
\xae\xba\xea\xaa\xab\xae\xfa\xff\xe1w\x80\xd7\xe6\xaa\xffn\
\x88\xab\xfe\xbb\x99\xab\xae\xba\xea\xaa\xab\xae\xfa\xff\xe1}\
\x80\xef\xe6\xaa\xffn\x88\xab\xfe\xbb\x99\xab\xae\xba\xea\xaa\
\xab\xae\xfa\xff\xe1\x04\xb0\xcbU\xff\xdd\x10W\xfdw3\
W]u\xd5UW]\xf5\x7f\xdf\xf7\x00\xef\xcdU\xff\
\x13 \xae\xfa\xeff\xae\xba\xea\xaa\xab\xae\xba\xea\xff\xbe\
\xd7\x01~\x9b\xab\xfe'@\x5c\xf5\xdf\xcd\x5cu\xd5U\
W]u\xd5\xffm\xcf\x00\x1e\xccU\xffS \xae\xfa\
\xeff\xae\xba\xea\xaa\xab\xae\xba\xea\xff\xb6\xf7\x01\xbe\x9b\
\xab\xfe\xa7@\x5c\xf5\xdf\xcd\x5cu\xd5UW]u\xd5\
\xff]\xcf\x00\x1e\xccU\xff\x93 \xae\xfa\xeff\xae\xba\
\xea\xaa\xab\xae\xba\xea\xff\xae\xf7\x01\xbe\x9b\xab\xfe'A\
\x5c\xf5\xdf\xcd\x5cu\xd5UW]u\xd5\xffM\x7f\x03\
\xbc4W\xfdO\x83\xb8\xea\xbf\x9b\xb9\xea\xaa\xab\xae\xba\
\xea\xaa\xff\x9b^\x07\xf8m\xae\xfa\x9f\x06q\xd5\x7f7\
s\xd5UW]u\xd5U\xff\xf7\xfc\x0c\xf0\xd6\x5c\xf5\
?\x11\xe2\xaa\xffn\xe6\xaa\xab\xae\xba\xea\xaa\xab\xfeo\
\xb9\x04<\x18\xd8\xe5\xaa\xff\x89\x10W\xfdw3W]\
u\xd5UW]\xf5\x7f\xcb\xdb\x00?\xcdU\xffS!\
\xae\xfa\xeff\xae\xba\xea\xaa\xab\xae\xba\xea\xff\x8e\xef\x01\
\xde\x9b\xab\xfe'C\x5c\xf5\xdf\xcd\x5cu\xd5UW]\
u\xd5\xff\x0d\x7f\x03\xbc4W\xfdO\x87\xb8\xea\xbf\x9b\
\xb9\xea\xaa\xab\xae\xba\xea\xaa\xff\xfd.\x01/\x0d\xdc\xca\
U\xff\xd3!\xae\xfa\xeff\xae\xba\xea\xaa\xab\xae\xba\xea\
\x7f\xb7K\xc0k\x03\x7f\xcdU\xff\x1b \xae\xfa\xeff\
\xae\xba\xea\xaa\xab\xae\xba\xea\x7f\xb7\xb7\x01~\x9a\xab\xfe\
\xb7@\x5c\xf5\xdf\xcd\x5cu\xd5UW]u\xd5\xff^\
\xef\x03|7W\xfdo\x82\xb8\xea\xbf\x9b\xb9\xea\xaa\xab\
\xae\xba\xea\xaa\xff\x9d\xde\x07\xf8n\xae\xfa\xdf\x06q\xd5\
\x7f7s\xd5UW]u\xd5U\xff\xbb\x5c\x02>\x1a\
\xf8n\xae\xfa\xdf\x08q\xd5\x7f7s\xd5UW]u\
\xd5U\xff{\x5c\x02^\x1b\xf8k\xae\xfa\xdf\x0aq\xd5\
\x7f7s\xd5UW]u\xd5U\xff;\xfc\x0d\xf0\xda\
\xc0.W\xfdo\x86\xb8\xea\xbf\x9b\xb9\xea\xaa\xab\xae\xba\
\xea\xaa\xff\xf9\xbe\x06\xf8l`\x97\xab\xfe\xb7C\x5c\xf5\
\xdf\xcd\x5cu\xd5UW]u\xd5\xff\x5c\x97\x80\xf7\x06\
~\x9a\xab\xfe\xaf@\x5c\xf5\xdf\xcd\x5cu\xd5UW]\
u\xd5\xffL?\x03\xbc7\xb0\xcbU\xff\x97 \xae\xfa\
\xeff\xae\xba\xea\xaa\xab\xae\xba\xea\x7f\x96g\x00\xef\x0d\
\xfc6W\xfd_\x84\xb8\xea\xbf\x9b\xb9\xea\xaa\xab\xae\xba\
\xea\xaa\xff\x19\x9e\x01|6\xf0\xdd\x5c\xf5\x7f\x19\xe2\xaa\
\xffn\xe6\xaa\xab\xae\xba\xea\xaa\xab\xfe{=\x03\xf8l\
\xe0\xbb\xb9\xea\xff\x03\xc4U\xff\xdd\xccUW]u\xd5\
UW\xfd\xf7\xf8\x19\xe0\xbb\x81\x9f\xe6\xaa\xffO\x10W\
\xfdw3W]u\xd5UW]\xf5_\xef!\xc0\xad\
\x5c\xf5\xff\x11\xe2\xaa\xffn\xe6\xaa\xab\xae\xba\xea\xaa\xab\
\xfe\xeb\x89\xab\xfe\xbfB\x5c\xf5\xdf\xcd\x5cu\xd5UW\
]u\xd5\x7f=q\xd5\xffW\x88\xab\xfe\xbb\x99\xab\xfe\
3]\x02~\x1b\xf8k\xe0\xaf\x81]\xe0V\xe0V\xae\
\xba\xea\xaa\xff\xef\xcc\xffo\xe2\xaa\xff\xaf\x10W\xfdw\
3W\xfdG\xfb\x1b\xe0\xbb\x81\xdf\x06\xfe\x9a\xab\xae\xba\
\xea\xaa\xe7\xcf\xfc\xff&\xae\xfa\xff\x0aq\xd5\x7f7s\
\xd5\x7f\x84K\xc0w\x03_\x0d\xdc\xcaUW]u\xd5\
\xbf\xcc\xfc\xff&\xae\xfa\xff\x0aq\xd5\x7f7s\xd5\xbf\
\xc7%\xe0\xab\x81\xaf\x06v\xb9\xea\xaa\xab\xaez\xd1\x99\
\xff\xdf\xc4U\xff_!\xae\xfa\xeff\xae\xfa\xb7\xfa\x1a\
\xe0\xb3\x81]\xae\xba\xea\xaa\xab\xfe\xf5\xcc\xffo\xe2\xaa\
\xff\xaf\x10W\xfdw3W\xfdk\xfd\x0d\xf0\xd1\xc0o\
s\xd5UW]\xf5og\xfe\x7f\x13W\xfd\x7f\x85\xb8\
\xea\xbf\x9b\xb9\xea_\xe3{\x80\x8f\x06v\xb9\xea\xaa\xab\
\xae\xfa\xf71\xff\xbf\x89\xab\xfe\xbfB\x5c\xf5\xdf\xcd\x5c\
\xf5\xa2z\x1f\xe0\xbb\xb9\xea\xaa\xab\xae\xfa\x8fa\xfe\x7f\
\x13W\xfd\x7f\x85\xb8\xea\xbf\x9b\xb9\xeaE\xf1>\xc0w\
s\xd5UW]\xf5\x1f\xc7\xfc\xff&\xae\xfa\xff\x0aq\
\xd5\x7f7s\xd5\xbf\xe4e\x80\xbf\xe6\xaa\xab\xae\xba\xea\
?\x96\xf9\xffM\x5c\xf5\xff\x15\xe2\xaa\xffn\xe6\xaa\x17\
\xe6}\x80\xef\xe6\xaa\xab\xae\xba\xea?\x9e\xf9\xffM\x5c\
\xf5\xff\x15\xe2\xaa\xffn\xe6\xaa\x17\xe4}\x80\xef\xe6\xaa\
\xab\xae\xba\xea?\x87\xf9\xffM\x5c\xf5\xff\x15\xe2\xaa\xff\
n\xe6\xaa\xe7\xe7{\x80\xf7\xe6\xaa\xab\xae\xba\xea?\x8f\
\xf9\xffM\x5c\xf5\xff\x15\xe2\xaa\xffn\xe6\xaa\xe7\xf67\
\xc0k\x03\xbb\x5cu\xd5UW\xfd\xe71\xff\xbf\x89\xab\
\xfe\xbfB\x5c\xf5\xdf\xcd\x5c\xf5\xdc^\x07\xf8m\xae\xba\
\xea\xaa\xab\xfes\x99\xff\xdf\xc4U\xff_!\xae\xfa\xef\
f\xaez\xa0\xaf\x01>\x9a\xab\xae\xba\xea\xaa\xff|\xe6\
\xff7q\xd5\xffW\x88\xab\xfe\xbb\x99\xab\xeew\x09x\
0\xb0\xcbUW]u\xd5\x7f>\xf3\xff\x9b\xb8\xea\xff\
+\xc4U\xff\xdd\xccU\xf7\xfb\x1c\xe0\xb3\xb9\xea\xaa\xab\
\xae\xfa\xafa\xfe\x7f\x13W\xfd\x7f\x85\xb8\xea\xbf\x9b\xb9\
\x0a\xe0\x12\xf0``\x97\xab\xae\xba\xea\xaa\xff\x1a\xe6\xff\
7q\xd5\xffW\x88\xab\xfe\xbb\x99\xab\x00\xbe\x06\xf8h\
\xae\xba\xea\xaa\xab\xfe\xeb\x98\xff\xdf\xc4U\xff_!\xae\
\xfa\xeff\xae\x02x\x08p+W]u\xd5U\xffu\
\xcc\xffo\xe2\xaa\xff\xaf\x10W\xfdw3W\xfd\x0d\xf0\
\xd2\x5cu\xd5UW\xfd\xd72\xff\xbf\x89\xab\xfe\xbfB\
\x5c\xf5\xdf\xcd\x5c\xf51\xc0Ws\xd5UW]\xf5_\
\xcb\xfc\xff&\xae\xfa\xff\x0aq\xd5\x7f7s\xd5\xcb\x00\
\x7f\xcdUW]u\xd5\x7f-\xf3\xff\x9b\xb8\xea\xff+\
\xc4U\xff\xdd\xcc\xffo\x97\x80\xe3\x5cu\xd5UW\xfd\
\xd73\xff\xbf\x89\xab\xfe\xbfB\x5c\xf5\xdf\xcd\xfc\xff\xf6\
3\xc0[s\xd5UW]\xf5_\xcf\xfc\xff&\xae\xfa\
\xff\x0aq\xd5\x7f7\xf3\xff\xdb\xe7\x00\x9f\xcdUW]\
u\xd5\x7f=\xf3\xff\x9b\xb8\xea\xff+\xc4U\xff\xdd\xcc\
\xffoo\x03\xfc4W]u\xd5U\xff\xf5\xcc\xffo\
\xe2\xaa\xff\xaf\x10W\xfdw3\xff\xbf\xbd\x0e\xf0\xdb\x5c\
u\xd5UW\xfd\xd73\xff\xbf\x89\xab\xfe\xbfB\x5c\xf5\
\xdf\xcd\xfc\xff\xf6\x10\xe0V\xae\xba\xea\xaa\xab\xfe\xeb\x99\
\xff\xdf\xc4U\xff_!\xae\xfa\xeff\xfe\x7f\x13W]\
u\xd5U\xff=\xcc\xffo\xe2\xaa\xff\xaf\x10W\xfdw\
3\xff\xbf\x89\xab\xae\xba\xea\xaa\xff\x1e\xe6\xff7q\xd5\
\xffW\x88\xab\xfe\xbb\x99\xff\xdf\xc4UW]u\xd5\x7f\
\x0f\xf3\xff\x9b\xb8\xea\xff+\xc4U\xff\xdd\xcc\xffo\xe2\
\xaa\xab\xae\xba\xea\xbf\x87\xf9\xffM\x5c\xf5\xff\x15\xe2\xaa\
\xffn\xe6\xff\xb7\x87\x00\xb7r\xd5UW]\xf5_\xcf\
\xfc\xff&\xae\xfa\xff\x0aq\xd5\x7f7\xf3\xff\xdb\xeb\x00\
\xbf\xcdUW]u\xd5\x7f=\xf3\xff\x9b\xb8\xea\xff+\
\xc4U\xff\xdd\xcc\xffoo\x03\xfc4W]u\xd5U\
\xff\xf5\xcc\xffo\xe2\xaa\xff\xaf\x10W\xfdw\xfbm\xe0\
\xb5\xf8\xff\xebs\x80\xcf\xe6\xaa\xab\xae\xba\xea\xbf\x9e\xf9\
\xffM\x5c\xf5\xff\x15\xe2\xaa\xffn\xbf\x0d\xbc\x16\xff\x7f\
\xfd\x0c\xf0\xd6\x5cu\xd5UW\xfd\xd73\xff\xbf\x89\xab\
\xfe\xbfB\x5c\xf5\xdf\xed\xb7\x81\xd7\xe2\xff\xaf]\xe0\x04\
W]u\xd5U\xff\xf5\xcc\xffo\xe2\xaa\xff\xaf\x10W\
\xfdw\xfbj\xe0\xa3\xf8\xff\xede\x80\xbf\xe6\xaa\xab\xae\
\xba\xea\xbf\x96\xf9\xffM\x5c\xf5\xff\x15\xe2\xaa\xffn\x9f\
\x0d|\x16\xff\xbf}\x0c\xf0\xd5\x5cu\xd5UW\xfd\xd7\
2\xff\xbf\x89\xab\xfe\xbfB\x5c\xf5\xdf\xed\xa3\x81\xaf\xe2\
\xff\xb7\xbf\x06^\x86\xab\xae\xba\xea\xaa\xffZ\xe6\xff7\
q\xd5\xffW\x88\xab\xfe\xbb\xbd6\xf0[\x5c\xf5\x10\xe0\
V\xae\xba\xea\xaa\xab\xfe\xeb\x98\xff\xdf\xc4U\xff_!\
\xae\xfa\xef\xf6\xd2\xc0_q\xd5\xd7\x00\x1f\xcdUW]\
u\xd5\x7f\x1d\xf3\xff\x9b\xb8\xea\xff+\xc4U\xff\x13\x98\
\xabv\x81\x87\x00\xbb\x5cu\xd5UW\xfd\xd70\xff\xbf\
\x89\xab\xfe\xbfB\x5c\xf5?\xc1.p\x8c\xab>\x07\xf8\
l\xae\xba\xea\xaa\xab\xfek\x98\xff\xdf\xc4U\xff_!\
\xae\xfa\x9f\xe0\xb7\x81\xd7\xe2\xaa]\xe0!\xc0.W]\
u\xd5U\xff\xf9\xcc\xffo\xe2\xaa\xff\xaf\x10W\xfdO\
\xf0\xd5\xc0Gq\x15\xc0\xf7\x00\xef\xcdUW]u\xd5\
\x7f>\xf3\xff\x9b\xb8\xea\xff+\xc4U\xff\x13\xbc7\xf0\
]\x5cu\xbf\xd7\x01~\x9b\xab\xae\xba\xea\xaa\xff\x5c\xe6\
\xff7q\xd5\xffW\x88\xab\xfe'xm\xe0\xb7\xb8\xea\
~\x7f\x0d\xbc\x0e\xb0\xcbUW]u\xd5\x7f\x1e\xf3\xff\
\x9b\xb8\xea\xff+\xc4U\xffS\x98\xab\x1e\xe8\xbb\x81\xf7\
\xe1\xaa\xab\xae\xba\xea?\x8f\xf9\xffM\x5c\xf5\xff\x15\xe2\
\xaa\xff)~\x1bx-\xaez\xa0\xf7\x01\xbe\x9b\xab\xae\
\xba\xea\xaa\xff\x1c\xe6\xff7q\xd5\xffW\x88\xab\xfe\xa7\
\xf8j\xe0\xa3\xb8\xea\xb9\xbd\x0f\xf0\xdd\x5cu\xd5UW\
\xfd\xc73\xff\xbf\x89\xab\xfe\xbfB\x5c\xf5?\xc5[\x03\
?\xc5U\xcf\xcf\xcb\x00\x7f\xcdUW]u\xd5\x7f,\
\xf3\xff\x9b\xb8\xea\xff+\xc4U\xffS\x1c\x07.r\xd5\
\x0b\xf2>\xc0ws\xd5UW]\xf5\x1f\xc7\xfc\xff&\
\xae\xfa\xff\x0aq\xd5\xff$\x7f\x0d\xbc\x14W\xbd \xef\
\x03|7W]u\xd5U\xff1\xcc\xffo\xe2\xaa\xff\
\xaf\x10W\xfdO\xf2\xd5\xc0Gq\xd5\x0b\xf3\xdd\xc0\xc7\
\x00\xbb\x5cu\xd5UW\xfd\xfb\x98\xff\xdf\xc4U\xff_\
!\xae\xfa\x9f\xe4\xb5\x81\xdf\xe2\xaa\x7f\xc9_\x03\x1f\x03\
\xfc6W]u\xd5U\xffv\xe6\xff7q\xd5\xffW\
\x88\xab\xfe\xa7\xd9\x05\x8eq\xd5\x8b\xe2\xbb\x81\x8f\x01v\
\xb9\xea\xaa\xab\xae\xfa\xd73\xff\xbf\x89\xab\xfe\xbfB\x5c\
\xf5?\xcdO\x03o\xc5U/\xaa]\xe0\xab\x81\xaf\x01\
v\xb9\xea\xaa\xab\xaez\xd1\x99\xff\xdf\xc4U\xff_!\
\xae\xfa\x9f\xe6\xbd\x81\xef\xe2\xaa\x7f\xad]\xe0\xbb\x81\xaf\
\x01n\xe5\xaa\xab\xae\xba\xea_f\xfe\x7f\x13W\xfd\x7f\
\x85\xb8\xea\x7f\x9a\xe3\xc0E\xae\xfa\xf7\xf8k\xe0\xbb\x81\
\xdf\x01\xfe\x9a\xab\xae\xba\xea\xaa\xe7\xcf\xfc\xff&\xae\xfa\
\xff\x0aq\xd5\xffD?\x0d\xbc\x15W\xfdG\xd8\x05~\
\x1b\xf8k\xe0\xaf\x81]\xe0\x19\xc0\xad\x5cu\xd5U\xff\
\xdf\x99\xff\xdf\xc4U\xff_!\xae\xfa\x9f\xe8\xbd\x81\xef\
\xe2\xaa\xab\xae\xba\xea\xaa\xab\xfe\xf3\xdd\x0a\xdc\x0a\xec\x02\
\x7f\x0d\xfc5\xf0;\xc0.W\xfd_\x85\xb8\xea\x7f\xa2\
\xe3\xc0\xad\xc01\xae\xba\xea\xaa\xab\xae\xba\xea\xbf\xc7_\
\x03\xbf\x0d|\x0f\xf0\xd7\x5c\xf5\x7f\x09\xe2\xaa\xff\xa9\xbe\
\x1bx/\xae\xba\xea\xaa\xab\xae\xba\xea\xbf\xdf\xad\xc0W\
\x03\xdf\x03\xecr\xd5\xffv\x88\xab\xfe\xa7zi\xe0\xaf\
\xb8\xea\xaa\xab\xae\xba\xea\xaa\xff9v\x81\xaf\x06\xbe\x06\
\xd8\xe5\xaa\xff\xad\x10W\xfdO\xf6\xd7\xc0Kq\xd5U\
W]u\xd5U\xff\xb3\xec\x02\x1f\x0d|\x0fW\xfdo\
\x84\xb8\xea\x7f\xb2\xf7\x06\xbe\x8b\xab\xae\xba\xea\xaa\xab\xae\
\xfa\x9f\xe9\xb7\x81\x8f\x01\xfe\x9a\xab\xfe7A\x5c\xf5?\
\xdd.p\x8c\xab\xae\xba\xea\xaa\xab\xae\xfa\x9fi\x17\xf8\
\x18\xe0\xbb\xb9\xea\x7f\x0b\xc4U\xff\xd3}6\xf0Y\x5c\
u\xd5UW]u\xd5\xffl\xdf\x0d\xbc\x0fW\xfdo\
\x80\xb8\xea\x7f\xba\xe3\xc0\xad\xc01\xae\xba\xea\xaa\xab\xae\
\xba\xea\x7f\xb6\xef\x06\xde\x87\xab\xfe\xa7C\x5c\xf5\xbf\xc1\
w\x03\xef\xc5UW]u\xd5UW\xfd\xcf\xf7\xd7\xc0\
\xcbp\xd5\xffd\x88\xab\xfe7x0\xf0t\xae\xba\xea\
\xaa\xab\xae\xba\xea\x7f\x87\xef\x06\xde\x87\xab\xfe\xa7B\x5c\
\xf5\xbf\xc5W\x03\x1f\xc5UW]u\xd5UW\xfd\xef\
\xf0\xdd\xc0\xfbp\xd5\xffD\x88\xab\xfe\xb78\x0e\xdc\x0a\
\x1c\xe3\xaa\xab\xae\xba\xea\xaa\xab\xfewx\x1f\xe0\xbb\xb9\
\xea\x7f\x1a\xc4U\xff\x9b|6\xf0Y\x5cu\xd5UW\
]u\xd5\xff\x0e\xbb\xc0\xeb\x00\x7f\xcdU\xff\x93 \xae\
\xfa\xdf\xe48p+p\x8c\xab\xae\xba\xea\xaa\xab\xae\xfa\
\xdf\xe1\xb7\x81\xd7\xe1\xaa\xffI\x10W\xfdo\xf3\xde\xc0\
wq\xd5UW]u\xd5U\xff{\xbc\x0f\xf0\xdd\x5c\
\xf5?\x05\xe2\xaa\xff\x8d\xfe\x1ax)\xae\xba\xea\xaa\xab\
\xae\xba\xea\x7f\x87]\xe0!\xc0.W\xfdO\x80\xb8\xea\
\x7f\xa3\xd7\x06~\x8b\xab\xae\xba\xea\xaa\xab\xae\xfa\xdf\xe3\
s\x80\xcf\xe6\xaa\xff\x09\x10W\xfdo\xf5\xdd\xc0{q\
\xd5UW]u\xd5U\xff;\xec\x02\x0f\x01v\xb9\xea\
\xbf\x1b\xe2\xaa\xff\xad\x8e\x03\xb7\x02\xc7\xb8\xea\xaa\xab\xae\
\xba\xea\xaa\xff\x1d>\x06\xf8j\xae\xfa\xef\x86\xb8\xea\x7f\
\xb3\xb7\x06~\x8a\xab\xae\xba\xea\xaa\xab\xae\xfa\xdf\xe1V\
\xe0!\x5c\xf5\xdf\x0dq\xd5\xffv\xbf\x0d\xbc\x16W]\
u\xd5UW]\xf5\xbf\xc3\xcb\x00\x7f\xcdU\xff\x9d\x10\
W\xfdow\x1c\xb8\x158\xc6UW]u\xd5UW\
\xfd\xcf\xf75\xc0Gs\xd5\x7f'\xc4U\xff\x17\xbc5\
\xf0S\x5cu\xd5UW]u\xd5\xff|\x7f\x0d\xbc\x0c\
W\xfdwB\x5c\xf5\x7f\xc5W\x03\x1f\xc5UW]u\
\xd5UW\xfd\xcfw\x02\xd8\xe5\xaa\xff.\x88\xab\xfe\xaf\
8\x0e\xfc6\xf0R\x5cu\xd5UW]u\xd5\xffl\
o\x03\xfc4W\xfdwA\x5c\xf5\x7f\xc9K\x03\xbf\x0d\
\x1c\xe3\xaa\xab\xae\xba\xea\xaa\xab\xfe\xe7\xfa\x1c\xe0\xb3\xb9\
\xea\xbf\x0b\xe2\xaa\xffk\xde\x1a\xf8)\xae\xba\xea\xaa\xab\
\xae\xba\xea\x7f\xae\x9f\x01\xde\x9a\xab\xfe\xbb \xae\xfa\xbf\
\xe8\xb3\x81\xcf\xe2\xaa\xab\xae\xba\xea\xaa\xab\xfeg\xfa\x1d\
\xe0\xb5\xb9\xea\xbf\x0b\xe2\xaa\xff\xab\xbe\x1bx/\xae\xba\
\xea\xaa\xab\xae\xba\xea\x7f\x9e\xbf\x06^\x86\xab\xfe\xbb \
\xae\xfa\xbf\xea8\xf0\xdb\xc0Kq\xd5UW]u\xd5\
U\xff\xf3\x88\xab\xfe\xbb \xae\xfa\xbf\xec8\xf0\xd7\xc0\
\x83\xb8\xea\xaa\xab\xae\xba\xea\xaa\xffY\xc4U\xff]\x10\
W\xfd_\xf7\xd2\xc0o\x03\xc7\xb8\xea\xaa\xab\xae\xba\xea\
\xaa\xff9\xc4U\xff]\x10W\xfd\x7f\xf0\xd2\xc0o\x03\
\xc7\xb8\xea\xaa\xab\xae\xba\xea\xaa\xff\x19\xc4U\xff]\x10\
W\xfd\x7f\xf1\xd2\xc0o\x03\xc7\xb8\xea\xaa\xab\xae\xba\xea\
\xaa\xff^\xcf\x00\x1e\xccU\xff]\x10W\xfd\x7f\xf2\xd2\
\xc0_q\xd5UW]u\xd5U\xff\xbd~\x07xm\
\xae\xfa\xef\x82\xb8\xea\xff\x9b\x97\x06~\x1b8\xc6UW\
]u\xd5UW\xfd\xf7\xf8\x19\xe0\xad\xb9\xea\xbf\x0b\xe2\
\xaa\xff\x8f^\x1a\xf8m\xe0\x18W]u\xd5UW]\
\xf5_\xefs\x80\xcf\xe6\xaa\xff.\x88\xab\xfe\xbfzi\
\xe0\xb7\x81c\x5cu\xd5UW]u\xd5\x7f\xad\xb7\x01\
~\x9a\xab\xfe\xbb \xae\xfa\xff\xec\xa5\x81\x9f\x06\x1e\xc4\
UW]u\xd5UW\xfd\xd79\x01\xecr\xd5\x7f\x17\
\xc4U\xff\xdf\x1d\x07~\x1bx)\xae\xba\xea\xaa\xab\xae\
\xba\xea?\xdf\xdf\x00/\xcdU\xff\x9d\x10W]\x05\xc7\
\x81\xaf\x06\xde\x8b\xab\xae\xba\xea\xaa\xab\xae\xfa\xcf\xf55\
\xc0Gs\xd5\x7f'\xc4UW=\xdbg\x03\x9f\xc5U\
W]u\xd5UW\xfd\xe7y\x19\xe0\xaf\xb9\xea\xbf\x13\
\xe2\xaa\xab\x9e\xd3[\x03\xdf\x0d\x1c\xe3\xaa\xab\xae\xba\xea\
\xaa\xab\xfec=\x03x0W\xfdwC\x5cu\xd5\xf3\
zi\xe0\xbb\x81\x97\xe2\xaa\xab\xae\xba\xea\xaa\xab\xfe\xe3\
|\x0c\xf0\xd5\x5c\xf5\xdf\x0dq\xd5U\xcf\xdfq\xe0\xb3\
\x81\x8f\xe2\xaa\xab\xae\xba\xea\xaa\xab\xfe\xfd.\x01\x0f\x06\
v\xb9\xea\xbf\x1b\xe2\xaa\xab^\xb8\xb7\x06\xbe\x1b8\xc6\
UW]u\xd5UW\xfd\xdb}\x0e\xf0\xd9\x5c\xf5?\
\x01\xe2\xaa\xab\xfee\xc7\x81\x9f\x06^\x8b\xab\xae\xba\xea\
\xaa\xab\xae\xfa\xd7\xbb\x04<\x18\xd8\xe5\xaa\xff\x09\x10W\
]\xf5\xa2{k\xe0\xbb\x81c\x5cu\xd5UW]u\
\xd5\x8b\xee}\x80\xef\xe6\xaa\xff)\x10W]\xf5\xafs\
\x1c\xf8j\xe0\xbd\xb8\xea\xaa\xab\xae\xba\xea\xaa\x7f\xd9\xef\
\x00\xaf\xcdU\xff\x93 \xae\xba\xea\xdf\xe6\xb5\x81\xaf\x06\
^\x8a\xab\xae\xba\xea\xaa\xab\xaez\xfe.\x01/\x0d\xdc\
\xcaU\xff\x93 \xae\xba\xea\xdf\xe7\xbd\x81\xaf\x06\x8eq\
\xd5UW]u\xd5U\xcf\xe9m\x80\x9f\xe6\xaa\xffi\
\x10W]\xf5\xefw\x1c\xf8h\xe0\xa3\x81c\x5cu\xd5\
UW]u\x15|\x0f\xf0\xde\x5c\xf5?\x11\xe2\xaa\xab\
\xfe\xe3\x1c\x07>\x1b\xf8(\xae\xba\xea\xaa\xab\xae\xfa\xff\
\xec{\x80\xf7\xe6\xaa\xff\xa9\x10W]\xf5\x1f\xef\xc1\xc0\
g\x03o\x0d\x1c\xe3\xaa\xab\xae\xba\xea\xaa\xffO~\x06\
xk\xae\xfa\x9f\x0cq\xd5U\xffy\x8e\x03\x1f\x0d|\
4p\x8c\xab\xae\xba\xea\xaa\xab\xfe\xaf\xfb\x1e\xe0\xbd\xb9\
\xea\x7f:\xc4UW\xfd\xd7xo\xe0\xa3\x81\x97\xe2\xaa\
\xab\xae\xba\xea\xaa\xff\x8b\xbe\x07xo\xae\xfa\xdf\x00q\
\xd5U\xff\xb5^\x1a\xf8h\xe0\xad\x81c\x5cu\xd5U\
W]\xf5\xbf\xdd%\xe0\xbd\x81\x9f\xe6\xaa\xff-\x10W\
]\xf5\xdf\xe7\xbd\x81\xb7\x06\xde\x8a\xab\xae\xba\xea\xaa\xab\
\xfe7\xfa\x1d\xe0\xbd\x81[\xb9\xea\x7f\x13\xc4UW\xfd\
\xf7;\x0e\xbc5\xf0\xd6\xc0k\x03\xc7\xb8\xea\xaa\xab\xae\
\xba\xea\x7f\xb2K\xc0G\x03\xdf\xcdU\xff\x1b!\xae\xba\
\xea\x7f\x9e\xd7\x06\xde\x1axm\xe0\xa5\xb8\xea\xaa\xab\xae\
\xba\xea\x7f\x8aK\xc0W\x03_\x0d\xecr\xd5\xffV\x88\
\xab\xae\xfa\x9f\xed8\xf0\xda\xc0k\x03/\x0d\xbc\x16W\
]u\xd5UW\xfdW{\x06\xf0\xd5\xc0w\x03\xbb\x5c\
\xf5\xbf\x1d\xe2\xaa\xab\xfe\xf7ym\xe0\xc1\xc0\x83\x81\xd7\
\x06^\x1a8\xc6UW]u\xd5U\xff\x91\xfe\x06\xf8\
m\xe0\xbb\x81\xbf\xe6\xaa\xffK\x10W]\xf5\x7f\xc7K\
\x03\xc7\x81\x97\x06\x8e\x03\xc7\x81\x97\xe6\xd9^\x8b\xab\xae\
\xba\xea\xaa\xab\x9e\xdb3\x80[\x81]\xe0\xaf\x81\xbf\x06\
~\x1b\xd8\xe5\xaa\xff\xab\x10W]u\xd5UW]u\
\xd5UW\xfd\x7f\x82\xb8\xea\xaa\xab\xae\xba\xea\xaa\xab\xae\
\xba\xea\xff\x13\xc4UW]u\xd5UW]u\xd5U\
\xff\x9f \xae\xba\xea\xaa\xab\xae\xba\xea\xaa\xab\xae\xfa\xff\
\x04q\xd5UW]u\xd5UW]u\xd5\xff'\x88\
\xab\xae\xba\xea\xaa\xab\xae\xba\xea\xaa\xab\xfe?A\x5cu\
\xd5UW]u\xd5UW]\xf5\xff\x09\xe2\xaa\xab\xae\
\xba\xea\xaa\xab\xae\xba\xea\xaa\xffO\x10W]u\xd5U\
W]u\xd5UW\xfd\x7f\x82\xb8\xea\xaa\xab\xae\xba\xea\
\xaa\xab\xae\xba\xea\xff\x13\xc4UW]u\xd5UW]\
u\xd5U\xff\x9f \xae\xba\xea\xaa\xab\xae\xba\xea\xaa\xab\
\xae\xfa\xff\x04q\xd5UW]u\xd5UW]u\xd5\
\xff'\x88\xab\xae\xba\xea\xaa\xab\xae\xba\xea\xaa\xab\xfe?\
A\x5cu\xd5UW]u\xd5UW]\xf5\xff\x09\xe2\
\xaa\xab\xae\xba\xea\xaa\xab\xae\xba\xea\xaa\xffO\x10W]\
u\xd5UW]u\xd5UW\xfd\x7f\x82\xb8\xea\xaa\xab\
\xae\xba\xea\xaa\xab\xae\xba\xea\xff\x13\xc4UW]u\xd5\
UW]u\xd5U\xff\x9f \xae\xba\xea\xaa\xab\xae\xba\
\xea\xaa\xab\xae\xfa\xff\x04q\xd5UW]u\xd5UW\
]u\xd5\xff'\x88\xab\xae\xba\xea\xaa\xab\xae\xba\xea\xaa\
\xab\xfe?A\x5cu\xd5UW]u\xd5UW]\xf5\
\xff\x09\xe2\xaa\xab\xae\xba\xea\xaa\xab\xae\xba\xea\xaa\xffO\
\x10W]u\xd5UW]u\xd5UW\xfd\x7f\x82\xb8\
\xea\xaa\xab\xae\xba\xea\xaa\xab\xae\xba\xea\xff\x13\xc4UW\
]u\xd5UW]u\xd5U\xff\x9f \xae\xba\xea\xaa\
\xab\xae\xba\xea\xaa\xab\xae\xfa\xff\x04q\xd5UW]u\
\xd5UW]u\xd5\xff'\x88\xab\xae\xba\xea\xaa\xab\xae\
\xba\xea\xaa\xab\xfe?A\x5cu\xd5UW]u\xd5U\
W]\xf5\xff\x09\xe2\xaa\xab\xae\xba\xea\xaa\xab\xae\xba\xea\
\xaa\xffO\x10W]u\xd5UW]u\xd5UW\xfd\
\x7f\x82\xb8\xea\xaa\xab\xae\xba\xea\xaa\xab\xae\xba\xea\xff\x13\
\xc4UW]u\xd5UW]u\xd5U\xff\x9f \xae\
\xba\xea\xaa\xab\xae\xba\xea\xaa\xab\xae\xfa\xff\x04q\xd5U\
W]u\xd5UW]u\xd5\xff'\x88\xab\xae\xba\xea\
\xaa\xab\xae\xba\xea\xaa\xab\xfe?A\x5cu\xd5UW]\
u\xd5UW]\xf5\xff\x09\xe2\xaa\xab\xae\xba\xea\xaa\xab\
\xae\xba\xea\xaa\xffO\x10W]u\xd5UW]u\xd5\
UW\xfd\x7f\x82\xb8\xea\xaa\xab\xae\xba\xea\xaa\xab\xae\xba\
\xea\xff\x13\xc4UW]u\xd5UW]u\xd5U\xff\
\x9f \xae\xba\xea\xaa\xab\xae\xba\xea\xaa\xab\xae\xfa\xff\x04\
q\xd5UW]u\xd5UW]u\xd5\xff'\x88\xab\
\xae\xba\xea\xaa\xab\xae\xba\xea\xaa\xab\xfe?A\x5cu\xd5\
UW]u\xd5UW]\xf5\xff\x09\xe2\xaa\xab\xae\xba\
\xea\xaa\xab\xae\xba\xea\xaa\xffO\x10W]u\xd5UW\
]u\xd5UW\xfd\x7f\x82\xb8\xea\xaa\xab\xae\xba\xea\xaa\
\xab\xae\xba\xea\xff\x13\xc4UW]u\xd5UW]u\
\xd5U\xff\x9f \xae\xba\xea\xaa\xab\xae\xba\xea\xaa\xab\xae\
\xfa\xff\x04q\xd5UW]u\xd5UW]u\xd5\xff\
'\x88\xab\xae\xba\xea\xaa\xab\xae\xba\xea\xaa\xab\xfe?A\
\x5cu\xd5UW]u\xd5UW]\xf5\xff\x09\xe2\xaa\
\xab\xae\xba\xea\xaa\xab\xae\xba\xea\xaa\xffO\x10W]u\
\xd5UW]u\xd5UW\xfd\x7f\x82\xb8\xea\xaa\xab\xae\
\xba\xea\xaa\xab\xae\xba\xea\xff\x13\xc4UW]u\xd5U\
W]u\xd5U\xff\x9f \xae\xba\xea\xaa\xab\xae\xba\xea\
\xaa\xab\xae\xfa\xff\x04q\xd5UW]u\xd5UW]\
u\xd5\xff'\x88\xab\xae\xba\xea\xaa\xab\xae\xba\xea\xaa\xab\
\xfe?A\x5cu\xd5UW]u\xd5UW]\xf5\xff\
\x09\xe2\xaa\xab\xae\xba\xea\xaa\xab\xae\xba\xea\xaa\xffO\xf8\
G\xa7<b\xbd\xe2:\xc8\x1f\x00\x00\x00\x00IEN\
D\xaeB`\x82\
\x00\x00\x0cO\
\x00\
\x003\x9ex\xda\xedZ}P\x13g\x1aO\xd8\x1aZ\
4\xe8]E(\x1f\xa6\xbd\xb6\xe7]\xad\xd0V\x11Q\
!S?\x8e\xf6\xbc\xca\xb5Sdzb\xd29\xc7\xcb\
a@\xf0\x03\x89\x80,\xb1\x1f\xb6\xda\x83\xb9\xeb\xb4\xb4\
\xb5\x92\x9b:\x96\x192\x12o8\x8aJ`\xd7VJ\
\xadb\xc6:\x1c\xe7!d\x85*W\xac\xcdR\x89\x89\
!\xe4\xbd\xe7\xdd}w\xb3\xcc\xfdq\xff\xde\x1f\xeb`\
&\x93\xf7}\x9f\xdf\xef\xf9=\x1f\xef\xce\xec\xf3\xf6o\
7\xe6\xe9\xe3\x92\xe34\x1a\x8d\xfe\xf9\xe7\xd6\xbd\xa4\xd1\
\xc4\xd4\xe1\xff\xf7\xeb\xe0\x979}\xe7\x1f\xd5h\x96n\
{~\xdd\xb3/\xdb\xb4\xb7Y\xea\xaf\x8f\xbd\xf2\xfe\x97\
\x13\xa8\xf2\x87?}u\xb1y\xd7\x86\xad\xad\xa5\x83\x9f\
\x91\xbf\xe2w\x9a\xde\xff\xb5\xab\xe9\x99\xa5?\xfb\xe1\xde\
\xde\x8e\xedU\x9f\x1e\x5ce\xed\xcf/\xaa\xe8/(\xdc\
\x22|\xf8\xd1\x03#-\xce\xd63\xe3\xe2\x07\xca\x9fG\
\x16\xf0\xc74}\xe0\xd4xt\x15=x\xae \xba\x8a\
\x1c\x0f\xcb\xc7\x9c\xad!t\xdf\xce\xfe\xe8*Z\xf4V\
\xd4\xa83b|V\x85T!U\xc8\xff\x0d\x89^p\
\xcdZ\x9dd{\x8a\xff\x86\xdd\xd9t\xfb,\xfb\xdai\
a}d\x13\xb7\xa9\xa941h\xe5\xe0\x0bW\x09\x80\
h3\x90\xf03\xde\xcdZ\x97\xde\xbd\x0co\x17\xadl\
\xbd\x1dC\xeb\xc3\x99\xfc \xeb)\x07\xfc\xeaG\xe0g\
\xda1\x10cJ\xb1\x95r\xed\x82\xb5\x90ob\x90-\
\xa3\x18}8\x1e\x9b\x88\x05\xdf\x22\x95\xb6b\xae\xab.\
\xa0\xab\xdf-8l\xbc\x90\xce\x0f\xb1\x01\x0d\xdd\x07\x0e\
z\xde\xc4x\xa7\x17\xceq'\xf0\x97\x09\xa3\x90\xf7\xfa\
&\xceiwhw\xdc\x80\xd3c\x02\xf5\xd5\x19\xfa\x9a\
\xf9\xfc\xb0 \xdc\xb4\xef\xee\x10;@\xce\xdb\xf1\xf9l\
SJ\xf0I\x89\x01s\xa3\xc3\xee\xd1\xd6\x1e\xc1d\x0e\
\xe2\xd5Z\x97\xbef\x01\xff/\xf1\xac\xf7\xee ;\xa6\
a\xf0\xd9\x00\xb6L;F\xd9JmY\x9f\xa8Z\x86\
Q\xef\x9e{\xf2\x02,\x0e\xac\xc5\x8b\x0d\x0d1\xb9)\
+.\x89\x8b\xf9\x9d\xac\x852\x7f\x81\x17\xd7\xe0\xc5\x13\
\x03\xba\xee8[\xb1(s\x0c\xe8\xb7\xb5\xce{\x13\x18\
[q\x5c\x98K\x16\xadC\xb4Z\xe0\xf1X(\x07>\
7&\x18\xed\x1ee\xf3\xb5.\xb2\x96q\xb1\x8c*\xa3\
\xbe\xdf\x05z\xee\xc3\xaa;n\xb5\xdb\x1d1\xa2T\x15\
\xfd\x87\x7f\x9fhK\xe1:\xc01\x94\x0a\x01\x0dy\xee\
\xbc\xc2Z\xc8\x1a\xd3C\xac\xf6\x0aV\xeb}1\xc3G\
H\xb8s\xbaSl\x06\xf8j\x5c\x80\xf5\xdf\x9a\x16\xdb\
=\xdbf%y\xd2\xc0_a\xa74\x9d\xf8\xc8\x9cs\
\xf8tv|x\x01\xff\x8d\x98\x92~\xc3w.\xfb\x80\
v/\x00\xd2Fau\x85r\xd5q]^5\xe0\xd5\
\xa9\xb4\xd8\xda\xd9\x92\x02!\xcf\xe4\x00{K\xb0\xcc\xa4\
a\xdc\xfd\xf5\x143\xcb\xbd\x8c\xa4r!\x08TQ\xb7\
\x05\xf6zu\x90\xa9(\xd78\xcb\x9d)\xad\x85\x8a\xb9\
R\x08\x15\x9d\x82\xad\x0e\xeeO$\x91\xde\xe2\xf7^\xef\
\xb4\x07\xae\x831?\x16\xa7\xec\xceU\xd6B\xd2\x9cn\
\xf6hsq\x90\x07p\x18\x99a+\xc5\xf4\x90\xc2x\
\xd0\x1d\xcf\x0f\xc2\x8f\x87\xe31\xd0\xca^{3\xd5+\
\xe6\xfa8}`\x0b\xf7\x08\x9b\x0e\xb6>\x11\x8e]*\
\x93#\x81\xde\x0d/\xe7W\xe2c\x98_\xc6\x19\x8f.\
\xf70\xd1sQ(\x95k\xc3^?\x04~\x99\x96\xb9\
\xf4\xe1\x05\x84y\xfe\xdd\x95l\x19\x04$#UX\xa1\
\xa3\xfe\xe6\xdf\x1d`/\x94\x93\x95\xc86\x83\xbe&\x81\
\xac\x94\xf1O\xb3\x85\xf8L\x12>sj\x94\xbdb\x1f\
%\xee2g\xd3\xf9y\xaf6:[\xab\x22\xd8\xdf\xcf\
\xa7\xe7\xf3\xff\x90\x96\xce\x074>\xa0\x9aCC\x22T\
\x9d\x85\x8c_Bt\xf7\xfe\xbbBH\xbc\xa6Dl\xef\
\xa47\xc6$\xe5AV\xa8\x94\xab\x00]\xc7\xde\xc0\x1f\
\xbev\xbb\x97\xf4\x1a\xd4g\x8a\x0d\x96\xc2\xb7l\x5c\xc3\
\xf7\xa6\x96\x90\xe2\x01\x81\xda\xbc:\xd3A@\xd8\x88a\
L\x19\xfa\xb0D\xdb\xcc\xcf\xe36\xc1\x8e\xab\x98\x99\x1b\
2,\x83\xe03\x5cu]\x00\xe3\xebA7\xcfwg\
\xd9+\xc4\x16\xfa\xcbAM\x07dv!.\x88\xec\xfd\
\xcb\xf8\x02\xe2\x0b}\xbeWc\xc6\xb2\xe3\xea\x1d\x9b\xdc\
\xc3\x9d\x95\x17N\xb0k\xe1\xb7\xc5\x18\xa3D\x09>\xf9\
\x0ck\x06\xcd\xea`\xd12\xb5\x9d;F\xfa\x22\xfa\xc4\
\xa5\xcd\xfd\x08\xca\x0f\x12'gp=\xb7B\xda\xff\xf7\
\xd9\x1fs-N\x0dN\x16\xf7r~\xb3d\xff\xea-\
\x5c\xfb\xc8\x8b\xdd>\xa4\x88p\xc6\x94\x10a\xb4\x0aw\
XhaV\x92eh\x1bC\xb9\x97C#\x86N\xf2\
\xc4\x8a\xf8\xa2o\x89~s\xcf\x89F\xe2\x86\x93\x83\xbf\
\x94:0WZ\xe7\xb8\xd9\x82<@~\x96\x19\xfa\x95\
\xd4\xc4\xf9L6ow?\xb2\x80\xa2\x07@]\x09\xd3\
\x18L\xc3\xb2\xa3\xa5\x80y6J\x9d>\x89\xa9\x8bV\
nJ\xb7\x02\xc09\x1e\x01\x88\x1f\x141\xcc\x17b\x18\
Bq;\xfbQ\xa5O_\x93(\x19\xf81\x97\xad\x04\
\xbc\xc2\xb7\x9c\x11f\xaa\x84k\x93\xb4zW\xa8\x98\x08\
\xb3\xa6\xc8\x8f\x86\xf2\xa92\xa9^\x1c\xe19\x90f~\
\x940\xd2\x82|\xb5)6)\xb1\xd0\xb7\x95u\x03\xe0\
\x90k\x1e\x18\x0d(DYDD\x81\xb4B\x9dJ\x8f\
\xee\x89\x1e-\xc6\xea\xe4\xa4\xd9\x9e\x92\x18\xedZ\xcc\xcf\
\x93\x98J>5\xc0&3\xf6\xe9\x12\x09\x0e\xfa\xf3)\
r\xf4C\xc9\xdeO\x09\xc8*\xd2\xf3P\xde\x08\xa1c\
\x918>'\x11\xbfH\xbc1\xbcM\x5c<*\xa5\xe1\
\xa3;\x89\x18K%>\x8f\xa9dT2*\x19\x95\x8c\
JF%\xa3\x92Q\xc9\xa8dT2*\x19\x95\x8cJ\
F%\xa3\x92Q\xc9\xa8dT2*\x19\x95\x8cJF\
%\xa3\x92Q\xc9\x08d\xfc\xe8\xca@yO\x1e~\xa9\
hTnD\xe6\xda\xd8\xe0\x1f9\xd7\xe9\x91\xe3v\x97\
\xf06$\x84\xd6+LO\xa3\xf2\x07`\xbds_d\
8%\xb8\x9dK\xc2\x96^S\xf0\x0d1>k\x9dG\
\xb7w\xdf\xf5z\xca!\xbc7\xf2\xd3\x8e\x19\xeb\xb7*\
\xeb\x1at\x91\x8f\xe8\xa3\x8d\xba\xeed\xe1\xfd\x0cJW\
\x12\xa3=\x8fs\xc7\xec\xbe\x9b\xde\xb1.`P\x8f\x19\
\x06\xdeR2\xdc\xdc\xad\x0b\x96\xbc\xda\x88\x92z\xed\x1e\
]\xee!ls\x06C/\xbf\x8a\xcd\xa3\xe8>\xba>\
\x8a\xa0S\x220\x83\x22\x02\xf3e5e\xd6\xa7\x8e\xe2\
\xf7\xfa\x0f*\x14F\xd5\xfb\xf5\xfcU6\x1d\xb5\xcb>\
0\x8dJ\x1f\xbcc\xa2\x0f\xc8\x94\xa1\xaf\xc9\xe4\x7f\x87\
\xdf\xea\xe7*#B7l\x00\x0a\xde>\xf4\xa4\x0f6\
\x94\xbf\x83\xcf\xacUr\xf4\xf1\x99\xac\x85\xea\x0c{\xf6\
\xa4\x06K\x847\x80(M\x99\x07\xa8\x84\xa1j\x96\xf1\
\x03a\x1f\xff\x0d[H\xb9z\xf0|\xc0\xcf\x15\xa9\x13\
\xb1\x9c\xb9\x0f6\x0c\x85}\x93\xc3\xb0\xa1\x17[\xf8p\
\x86\x85\xd5f\xaaf\xf9\xc9\x0bh\x87,\x93#OI\
\xc13!\xca\x84\x96D\x9dHU:\xc1xE\x99\xd0\
g\x01\xd0q\xc5\x97x\xcc`\x86L]$\x10\x06Y\
&\xef\x06%B \x98\x06\x06\x98\x9b\xa8Y\x0e\x04s\
P\xa9\xa3\xabB\xc8\xa5\xd3q\x9c\x1c\xeav\xa5\x0f\xf4\
Q\x9767\xe5\x9f7ZbW\xc6\xd7,\xe7_\xc4\
?\xa5)#\xe9\xf0\x89\x81p\x9a>\x90!\x8c3\xd2\
\xcd\xb3[\x84\x187\x8f\xca\x18\xfbf`\xd4\x13\x0c\xfa\
\xf0(\x84\xc4\x80\x95\x1e\x9b\xa7t\xf3o\xa4\x22\xc6\x8d\
\x9fo\x80|q/\xc0\xb3\x053\x1c\xed=%\xc4\xa2\
\xc8\xef\xb8.\x83<\xad\x04a\xbc\x03\x1a\x87\xfe\xfb]\
\xfd\xf4\xa72\xc8\x94\xb2\xec\xe8N\xaf679h\x05\
M&\xe5\x80\x0f\xce\xd8\xd1%\xa6T\x01:*W\x9e\
k\x912#*\xc4p8#\x8bVHj1\xf5\x0a\
-\xaa.\x87\xe3\xf9\xcb\xf8\xd53Z'\x87\xfc\xf0\xaf\
\x14\x8et\x957\x82\x9c\xddG\x9c\x91,[\x19\xe7\xb4\
o\x85\x0d\xb3\x95\x18\xa6\x93D,\xf4\x82\x1c\xf3\x03J\
\x96c~1\xa9\x0a\xd0\x91\xaee|\xbf\xf0\x9a\xd5\xa3\
\xd4*\x87\xd4^\x0b\xda \xbbQ\xa2\xcc\xbaC\x12\xc2\
a\x09\xa1\xe2\x8d\xa8\x13\x11fJ\xcc\xa9\x164\xd7\x94\
\x0c\xe7\xdbq\x94\xa2)1M\x93\x94\x1aG\xc7H\xd6\
\x22\xb3\x82 :&\x99\xf7\x10\xf33:2\xca\x97b\
\xddb\xa9.\x06\x05\x06F\xc4\x17\xd6$\x92~t\x96\
\xd0\x07)$\xfb\x06EwBg\x88}gd\x1b\xa9\
\xbb\x88KQ4\xa8@\xacka\xcc\x83d\xd3\xb4\xf9\
q\x05\x03k\xba\xd6\xa0\xaf\xc9\x02Y|\x01R\xd9(\
Y\xe1\xa0\xf9G\xa1s\xe0\xcc\xfd\x98\xe4\x12jT2\
8@2\x09*\xc1##<\xac@\xe8\x93\x11\xccR\
\x8bE\x7f\x88\x86 \xe4\x1d\x17:8n\xb5U\x92\x0f\
\x1d\x8a\x1b\x08-\x97}\xa0\x19Rv!\xaf\x22\x8f\xd0\
\xe6\xa2\x18\xa0\xb0\x037\xc2&I\xa5\xcd\x0a\x8e\xf4k\
\xb2Jc\xa4\xb2\xfd\x8c]\x11\xe5ER\x94\x9d\x91\x80\
M\x8a\xc3yE\x1c\x8c\x97\xa58D\x02Ub\xaa\xfa\
\x8d\x8a{3\xd2|/\x99k\xb3\xe3\x11\x1d\x9a\x91d\
\xba\xa2\xa4pH\x96\x095IN8\xd6(\x9c\x18\x92\
e\xa2\xbd\xe4\x9e@;\x142\xf9&\xa5@ \x83$\
\xd3*E\xaa1_\xf84\x06}8\x13\xdf\x90\x03R\
 *\x15\x9d\x85>N*\x1aR\x9c\x91dzO\xe1\
\xa4\xf9\x86\x14\x08g\xd3\xe0Np\xa7\x01\xe0\xe3\x1a\xeb\
Fg\xcc7\x84<\x93\xa4\xe6\x00)c\x9f\xa4\xd6o\
\xfek\xae!\xb2T\x0eK\x0b}B\x02|\xa86\xd6\
&O^\x18\xf5\xee\x84\xc2\xe9\xbc)I\xbb\x16\xda)\
\x89w\xb9Vg\xb3J\xfb\xa0r\xc0\x99\xbc{R\x94\
ZC\x0d?\x92\xb6\x85^\xcc\xd5\x05\xb7K\x1b\x85\xf1\
\xa2\xe9\xea-2\xb0|#F\xba\x94#\x1f\xbd\xf6\xc3\
E~\xdf\x84\xa4h\x01\xba*\x95g5\x04\xcd\xb8\xb6\
\xa8\x22\xe1Z\xdcj\xf8\xda\x0et\xcb\x84\xd9\x9d\x16\xb4\
\x9dt1\xbf\xcb\x9f\xc5n\x90\xa6R\x84I\x18\xd3\xcb\
\x1e\x0d@\x0a\xe3\x5ch\x07\x814\xbdl\xa0j2A\
\x937O\x8d?a{\x8a\xdf\xd3Z\xf5bM<t\
\xa9t\xe1\x99j>\x89\xa2i\xfe\x5c<\xae'L\xad\
T\xf4\x98\xa9\x8c\x9e\x82\x8c\xaf|\x1a\x9f\xfe\xda\xd7\xc2\
\xcc_?\x09f\xd7\xc34\xe5^&\xce\xd3\xb4,\x06\
\xb4'Z\xabv(`\x97\x90\x06\x97\xd3\x11\xd0\xe2\x9e\
\xca\xe0\xd9\xb6\x84^\xfbf\xdcW\x19\x8f\xb6;\x19W\
\x00\x94\xce\xcd\x15\xf0\xb4\x01\x8fb\xd3M\xda\xd5\x1fH\
\xf3?\x16\xca\xd1\x03\xcd\xc2\x9dU\xbeX`\xb7Wr\
V\x18\x88\x11\x87\x87V\xc5_\x8bK\x1dE\xcd\x16\x9c\
h\xc2\xb0\x16\xca\x14}E\x0e\xd1\xd6\x99\x18a\x8e\xe9\
\x98\xdd5\x82\x1cQHf\x5c\x80\x9c@\x9eA\x8dQ\
\x1e^\xf2\x0f\xb2\xd6\x09\xf4E\xd4U\xd4#\xba\x8a\x8c\
5s\x851\xb66<k\xb4/')h\xe5\x92P\
e\x0e\x05\xbd\xb2\x19\xa7g\x84\x11\x8b0\xec\xf5\xcf\xe1\
\x8e\x0b\xa9#\x8cV\x85\xbb\xb2\xf8-a\xefd6\xe4\
\x86\x18WoZlnJ\xf0\x17\x91\xb2\xaa4a\x16\
p\xecu@N\xfc\xbe\xcd\xee\x19A\xf5^\xedp\xca\
\xa9\xf7\x84\x87\xde1r\x0d\xa24\x1f%\x14\xa1[\x18\
\x22\xdb\x9f\xc5\x9b\xc2\xbe\xbbs \xef\x1c\xe2\x03\xf4\x1b\
\xd5\x22\xb2\xefn\xb60N\xe81\x083j^\xbd;\
\x11\xad\xda/G\xb7 \xe3#1\x93\xd1F/\x88\x8a\
\xef-\xec\xcb\xfa;Cl\xf5\x04\xd3+\xfb\x0c}\xb9\
\x8f8]\x0d\xb9q\x15\xdf\x808\xbe\x89C8 \xa8\
$\x1a_gd\xab;\x0b\xcc?\x1d\xb1T\x1b\xf0\x8d\
#\x8e\xd4E*\xc4\xb0\xa3;\xd1\xd4\x82g\x081\x9d\
\xd1\x9d\xd5\x14\xa4/v<Q\x8f7\xfb\xeb)`\x9a\
\x80\x96\xc2\xd5<\xcc\x9e\x10\xe7:\xc7\xaa\xc4\x22\xa6\xdf\
\x94\xda\xa4i\x0f\x9e\x98\xec\xa8\xb6r\x9d\xe0j\xc0\xa6\
\x83{<_\x1cA5\xdf\xea\x82\xb4]x\x8en\xb0\
\x80\x0f\xe1\xe5\xf8\xb1\x00\x13\xa6\xa1\xa5\xe4\xa6\xd8\xe6\xa1\
\xcc&-t\xd8!\xd14n\x96m\xf6\xd8\x09\xf3\xe8\
C\xa0\x06\xee=\xd3\x83X\x07\xe3\xa5j\xca\xa0w\xcf\
G\xd9\xb5\xba`\xb1\xe0\x0d~`\xbc\xd1eo\xd0\x99\
\x0e\xa1T\x1a\x0aG\xb0\xc1\x08\xf2\x8e\xe6$\xd9\xac\xf0\
\xd0\xd68\x82\x1f\x85}\xbaZ1\xaf\xa0\xd9~\x16K\
\x95\xe9A\x97\x97\xc2Sa=?\xc4\xe6Sxj\x0e\
\xed\x14\xe6A}\xc7\xed\x8d:S\xb2\xad\xb8\xe96$\
\x09\xb7\xa9\xe9\xb6\xcb\xce\xe8\x22b\x1b\xc6O\xe1\xd5\xa5\
\x1c\xde\xb2\xf0b[\xd7\x82\xc2\xb0\xfe\xe4\x85\x04Z\x7f\
-\x0e\x8f\xe9\xe2\xcbf\xa1:\x18\xadB\xaa\x90\xff\x7f\
\x90\x91\x9f\x14\xa5\x7f\xd0z\xed\xfe\xdd_k\xe0\xdf\xf3\
\xeb7\xaek]\xf3\xea\x81\xff\x00\xf9\x15\x95\xa2\
\x00\x00C\xad\
\x89\
PNG\x0d\x0a\x1a\x0a\x00\x00\x00\x0dIHDR\x00\
\x00\x02\x80\x00\x00\x02\x80\x08\x06\x00\x00\x00\x0c\xcd\xc9#\
\x00\x00CtIDATx\x01\xed\xc0\x03\xa0$Y\
\x96\xc6\xf1\xffw\xee\x8d\xc8\xcc\xa7rKc\xaem\xdb\
\xb6m\xdb\xb6m\xdb\xb6mi\x8c\x9e\x96J\xaf\x9e2\
3\x22\xee\xf9v\xb7jz\xa6\x87;k\xd5O\x5cu\
\xd5UW]u\xd5UW]\xf5\xff\x09\xe2\xaa\xab\xae\
\xba\xea\xaa\xab\xae\xba\xea\xaa\xffO\x10W]u\xd5U\
W]u\xd5UW\xfd\x7f\x82\xb8\xea\xaa\xab\xae\xba\xea\
\xaa\xab\xae\xba\xea\xff\x13\xc4UW]u\xd5UW]\
u\xd5U\xff\x9f \xae\xba\xea\xaa\xab\xae\xba\xea\xaa\xab\
\xae\xfa\xff\x04q\xd5UW]u\xd5UW]u\xd5\
\xff'\x88\xab\xae\xba\xea\xaa\xab\xae\xba\xea\xaa\xab\xfe?\
A\x5cu\xd5UW]u\xd5UW]\xf5\xff\x09\xe2\
\xaa\xab\xae\xba\xea\xaa\xab\xae\xba\xea\xaa\xffO\x10W]\
u\xd5UW]u\xd5UW\xfd\x7f\x82\xb8\xea\xaa\xab\
\xae\xba\xea\xaa\xab\xae\xba\xea\xff\x13\xc4UW]u\xd5\
UW]u\xd5U\xff\x9f \xae\xba\xea\xaa\xab\xae\xba\
\xea\xaa\xab\xae\xfa\xff\x04q\xd5UW]u\xd5UW\
]u\xd5\xff'\x88\xab\xae\xba\xea\xaa\xab\xae\xba\xea\xaa\
\xab\xfe?A\x5cu\xd5UW]u\xd5UW]\xf5\
\xff\x09\xe2\xaa\xab\xae\xba\xea\xaa\xab\xae\xba\xea\xaa\xffO\
\x10W]u\xd5UW]u\xd5UW\xfd\x7f\x82\xb8\
\xea\xaa\xab\xae\xba\xea\xaa\xab\xae\xba\xea\xff\x13\xc4UW\
]u\xd5UW]u\xd5U\xff\x9f \xae\xba\xea\xaa\
\xab\xae\xba\xea\xaa\xab\xae\xfa\xff\x04q\xd5UW]u\
\xd5UW]u\xd5\xff'\x88\xab\xae\xba\xea\xaa\xab\xae\
\xba\xea\xaa\xab\xfe?A\x5cu\xd5UW]u\xd5U\
W]\xf5\xff\x09\xe2\xaa\xab\xae\xba\xea\xaa\xab\xae\xba\xea\
\xaa\xffO\x10W]u\xd5UW]u\xd5UW\xfd\
\x7f\x82\xb8\xea\xaa\xab\xae\xba\xea\xaa\xab\xae\xba\xea\xff\x13\
\xc4UW]u\xd5UW]u\xd5U\xff\x9f \xae\
\xba\xea\xaa\xab\xae\xba\xea\xaa\xab\xae\xfa\xff\x04q\xd5U\
W]u\xd5UW]u\xd5\xff'\x88\xab\xae\xba\xea\
\xaa\xab\xae\xba\xea\xaa\xab\xfe?A\x5cu\xd5UW\xfd\
\xdfv\x1cx)\xe0\xb5\x81\xd7\xe6\x8a\x97\x06\x8es\xc5\
.\xf0\xd7\x5c\xf1\xdb\xc0_\x03\x7f\x03\xdc\xcaUW]\
u\xd5\xffM\x88\xab\xae\xba\xea\xaa\xff\x9b\xde\x0bxk\
\xe0\xad\xf9\xb7\xf9k\xe0\xab\x81\x9f\x01v\xb9\xea\xaa\xab\
\xae\xfa\xbf\x03q\xd5UW]\xf5\x7f\xc7q\xe0\xa3\x80\
\x8f\x06\x8e\xf3\x1f\xe7\xab\x81\xcf\x01v\xb9\xea\xaa\xab\xae\
\xfa\xdf\x0fq\xd5UW]\xf5\x7f\xc3{\x01_\x0d\x1c\
\xe7?\xc7.\xf0\xd5\xc0\xe7p\xd5UW]\xf5\xbf\x1b\
\xe2\xaa\xab\xae\xba\xea\x7f\xb7\xe3\xc0w\x01o\xcd\x7f\x8d\
\xbf\x06\xde\x07\xf8k\xae\xba\xea\xaa\xab\xfewB\x5cu\
\xd5UW\xfd\xef\xf5\xd2\xc0o\x01\xc7\xf9\xaf\xb5\x0b|\
\x0c\xf0\xdd\x5cu\xd5UW\xfd\xef\x83\xb8\xea\xaa\xab\xae\
\xfa\xdf\xe9\xad\x81\xef\x02\x8e\xf3\xdf\xe7}\x80\xef\xe6\xaa\
\xab\xae\xba\xea\x7f\x17\xc4UW]u\xd5\xff>\xef\x0d\
|\x17\xff3|\x0c\xf0\xd5\x5cu\xd5UW\xfd\xef\x81\
\xb8\xea\xaa\xab\xae\xfa\xdf\xe5\xa5\x81\xdf\x02\x8e\xf3?\xc7\
\xfb\x00\xdf\xcdUW]u\xd5\xff\x0e\x88\xab\xae\xba\xea\
\xaa\xff=\x8e\x03O\x07\x8e\xf3?\xcb.\xf0:\xc0_\
s\xd5UW]\xf5?\x1f\xe2\xaa\xab\xae\xba\xea\x7f\x8f\
\xdf\x02^\x9b\xff\x99n\x05^\x06\xd8\xe5\xaa\xab\xae\xba\
\xea\x7f6\xc4UW]u\xd5\xff\x0eo\x0d\xfc\x14\xff\
\xb3}\x0e\xf0\xd9\x5cu\xd5UW\xfd\xcf\x86\xb8\xea\xaa\
\xab\xae\xfa\x9f\xef8\xf0W\xc0\x83\xf9\x9f\xef!\xc0\xad\
\x5cu\xd5UW\xfd\xcf\x85\xb8\xea\xaa\xab\xae\xfa\x9f\xef\
\xb3\x81\xcf\xe2\x7f\x87\xdf\x06^\x87\xab\xae\xba\xea\xaa\xff\
\xb9\x10W]u\xd5U\xff\xb3\x1d\x07\x9e\x0e\x1c\xe7\x7f\
\x8f\xd7\x01~\x9b\xab\xae\xba\xea\xaa\xff\x99\x10W]u\
\xd5U\xff\xb3}6\xf0Y\xfc\xef\xf2\xdb\xc0\xebp\xd5\
UW]\xf5?\x13\xe2\xaa\xab\xae\xba\xea\x7f\xae\xe3\xc0\
\xd3\x81\xe3\xfc\xef\xf3:\xc0os\xd5UW]\xf5?\
\x0f\xe2\xaa\xab\xae\xba\xea\x7f\xae\xcf\x06>\x8b\xff\x9d~\
\x1bx\x1d\xae\xba\xea\xaa\xab\xfe\xe7A\x5cu\xd5UW\
\xfd\xcft\x1cx:p\x9c\xff\xbd^\x07\xf8m\xae\xba\
\xea\xaa\xab\xfegA\x5cu\xd5UW\xfd\xcf\xf4\xdd\xc0\
{\xf1\xbf\xdbo\x03\xaf\xc3UW]u\xd5\xff,\x88\
\xab\xae\xba\xea\xaa\xffy\x1e\x0c<\x9d\xff\x1b^\x07\xf8\
m\xae\xba\xea\xaa\xab\xfe\xe7@\x5cu\xd5UW\xfd\xcf\
\xf3\xdd\xc0{\xf1\x7f\xc3o\x03\xaf\xc3UW]u\xd5\
\xff\x1c\x88\xab\xae\xba\xea\xaa\xffY\x1e\x0c<\x9d\xff[\
^\x07\xf8m\xae\xba\xea\xaa\xab\xfeg@\x5cu\xd5U\
W\xfd\xcf\xf2\xdd\xc0{\xf1\x7f\xcbo\x03\xaf\xc3UW\
]u\xd5\xff\x0c\x88\xab\xae\xba\xea\xaa\xff9\x1e\x0c<\
\x9d\xff\x9b^\x07\xf8m\xae\xba\xea\xaa\xab\xfe\xfb!\xae\
\xba\xea\xaa\xab\xfe\xe7\xf8n\xe0\xbd\xf8\xbf\xe9V\xe0!\
\x5cu\xd5UW\xfd\xf7C\x5cu\xd5UW\xfd\xcf\xf0\
`\xe0\xe9\xfc\xdf\xf6>\xc0ws\xd5UW]\xf5\xdf\
\x0bq\xd5UW]\xf5?\xc3w\x03\xef\xc5\xffm\xb7\
\x02\x0f\xe1\xaa\xab\xae\xba\xea\xbf\x17\xe2\xaa\xab\xae\xba\xea\
\xbf\xdf\x83\x81\xa7\xf3\xff\xc3\xfb\x00\xdf\xcdUW]u\
\xd5\x7f\x1f\xc4UW]u\xd5\x7f\xbf\xef\x06\xde\x8b\xff\
\x1fn\x05\x1e\xc2UW]u\xd5\x7f\x1f\xc4UW]\
u\xd5\x7f\xaf\x97\x06\xfe\x8a\xff_\xde\x07\xf8n\xae\xba\
\xea\xaa\xab\xfe{ \xae\xba\xea\xaa\xab\xfe{\xfd\x16\xf0\
\xda\xfc\xffr+\xf0\x10\xae\xba\xea\xaa\xab\xfe{ \xae\
\xba\xea\xaa\xab\xfe\xfb\xbc6\xf0[\xfc\xff\xf4>\xc0w\
s\xd5UW]\xf5_\x0fq\xd5UW]\xf5\xdf\xe7\
\xb7\x80\xd7\xe6\xff\xa7[\x81\x87p\xd5UW]\xf5_\
\x0fq\xd5UW]\xf5\xdf\xe3\xb5\x81\xdf\xe2\xff\xb7\xf7\
\x01\xbe\x9b\xab\xae\xba\xea\xaa\xffZ\x88\xab\xae\xba\xea\xaa\
\xff\x1e\xbf\x05\xbc6\xff\xbf\xdd\x0a<\x84\xab\xae\xba\xea\
\xaa\xffZ\x88\xab\xae\xba\xea\xaa\xffz\xaf\x0d\xfc\x16W\
\x01\xbc\x0f\xf0\xdd\x5cu\xd5UW\xfd\xd7A\x5cu\xd5\
UW\xfd\xd7\xfb-\xe0\xb5\xb9\x0a\xe0V\xe0e\x80]\
\xae\xba\xea\xaa\xab\xfek \xae\xba\xea\xaa\xab\xfek\xbd\
6\xf0[\x5c\xf5@\x9f\x03|6W]u\xd5U\xff\
5\x10W]u\xd5U\xff\xb5~\x0bxm\xaez\xa0\
]\xe0!\xc0.W]u\xd5U\xff\xf9\x10W]u\
\xd5U\xffu^\x1b\xf8-\xaez~>\x07\xf8l\xae\
\xba\xea\xaa\xab\xfe\xf3!\xae\xba\xea\xaa\xab\xfe\xeb\xfc\x16\
\xf0\xda\x5c\xf5\xfc\xec\x02\x0f\x01v\xb9\xea\xaa\xab\xae\xfa\
\xcf\x85\xb8\xea\xaa\xab\xae\xfa\xaf\xf1\xda\xc0oq\xd5\x0b\
\xf39\xc0gs\xd5UW]\xf5\x9f\x0bq\xd5UW\
]\xf5_\xe3\xe9\xc0\x83\xb9\xea\x85\xd9\x05\x1e\x02\xecr\
\xd5UW]\xf5\x9f\x07q\xd5UW]\xf5\x9f\xef\xbd\
\x81\xef\xe2\xaa\x17\xc5\xe7\x00\x9f\xcdUW]u\xd5\x7f\
\x1e\xc4UW]u\xd5\x7f\xbe\xa7\x03\x0f\xe6\xaa\x17\xc5\
.\xf0\x10`\x97\xab\xae\xba\xea\xaa\xff\x1c\x88\xab\xae\xba\
\xea\xaa\xff\x5c\xef\x0d|\x17W\xfdk|\x0e\xf0\xd9\x5c\
u\xd5UW\xfd\xe7@\x5cu\xd5UW\xfd\xe7z:\
\xf0`\xae\xfa\xd7\xd8\x05\x1e\x02\xecr\xd5UW]\xf5\
\x1f\x0fq\xd5UW]\xf5\x9f\xe7\xbd\x81\xef\xe2\xaa\x7f\
\x8b\xcf\x01>\x9b\xab\xae\xba\xea\xaa\xffx\x88\xab\xae\xba\
\xea\xaa\xff<O\x07\x1e\xccU\xff\x16\xbb\xc0C\x80]\
\xae\xba\xea\xaa\xab\xfec!\xae\xba\xea\xaa\xab\xfes\xbc\
7\xf0]\x5c\xf5\xef\xf15\xc0Gs\xd5UW]\xf5\
\x1f\x0bq\xd5UW]\xf5\x9f\xe3\xe9\xc0\x83\xb9\xea\xdf\
\xeb!\xc0\xad\x5cu\xd5UW\xfd\xc7A\x5cu\xd5U\
W\xfd\xc7{o\xe0\xbb\xb8\xea?\xc2\xf7\x00\xef\xcdU\
W]u\xd5\x7f\x1c\xc4UW]u\xd5\x7f\xbc\xa7\x03\
\x0f\xe6\xaa\xff(\x0f\x01n\xe5\xaa\xab\xae\xba\xea?\x06\
\xe2\xaa\xab\xae\xba\xea?\xd6G\x03_\xc5U\xff\x91\xbe\
\x07xo\xae\xba\xea\xaa\xab\xfec \xae\xba\xea\xaa\xab\
\xfe\xe3\x1c\x07\x9e\x0e\x1c\xe7\xaa\xffh\x0f\x01n\xe5\xaa\
\xab\xae\xba\xea\xdf\x0fq\xd5UW]\xf5\x1f\xe7\xb3\x81\
\xcf\xe2\xaa\xff\x0c\xdf\x03\xbc7W]u\xd5U\xff~\
\x88\xab\xae\xba\xea\xaa\xff\x18\xc7\x81\xa7\x03\xc7\xb9\xea?\
\xcbC\x80[\xb9\xea\xaa\xab\xae\xfa\xf7A\x5cu\xd5U\
W\xfd\xc7\xf8l\xe0\xb3\xb8\xea?\xd3\xf7\x00\xef\xcdU\
W]u\xd5\xbf\x0f\xe2\xaa\xab\xae\xba\xea\xdf\xef8\xf0\
t\xe08W\xfdg{\x08p+W]u\xd5U\xff\
v\x88\xab\xae\xba\xea\xaa\x7f\xbf\xcf\x06>\x8b\xab\xfe+\
|\x0f\xf0\xde\x5cu\xd5UW\xfd\xdb!\xae\xba\xea\xaa\
\xab\xfe}\x8e\x03O\x07\x8es\xd5\x7f\x95\x87\x00\xb7r\
\xd5UW]\xf5o\x83\xb8\xea\xaa\xab\xae\xfa\xf7\xf9l\
\xe0\xb3\xb8\xea\xbf\xd2\xf7\x00\xef\xcdUW]u\xd5\xbf\
\x0d\xe2\xaa\xab\xae\xba\xea\xdf\xee8\xf0t\xe08W\xfd\
W{\x19\xe0\xaf\xb9\xea\xaa\xab\xae\xfa\xd7C\x5cu\xd5\
UW\xfd\xdb}6\xf0Y\x5c\xf5\xdf\xe1\xb7\x81\xd7\xe1\
\xaa\xab\xae\xba\xea_\x0fq\xd5UW]\xf5os\x1c\
x:p\x9c\xab\xfe\xbb\xbc\x0e\xf0\xdb\x5cu\xd5UW\
\xfd\xeb \xae\xba\xea\xaa\xab\xfem>\x1b\xf8,\xae\xfa\
\xef\xf4\xdb\xc0\xebp\xd5UW]\xf5\xaf\x83\xb8\xea\xaa\
\xab\xae\xfa\xd7{0\xf0t\xae\xfa\x9f\xe0u\x80\xdf\xe6\
\xaa\xab\xae\xba\xeaE\x87\xb8\xea\xaa\xab\xae\xfa\xd7\xfbn\
\xe0\xbd\xb8\xea\x7f\x82\xdf\x06^\x87\xab\xae\xba\xea\xaa\x17\
\x1d\xe2\xaa\xab\xae\xba\xea_\xe7\xc1\xc0\xd3\xb9\xea\x7f\x92\
\xd7\x01~\x9b\xab\xae\xba\xea\xaa\x17\x0d\xe2\xaa\xab\xae\xba\
\xea_\xe7\xbb\x81\xf7\xe2\xaa\xffI~\x1bx\x1d\xae\xba\
\xea\xaa\xab^4\x88\xab\xae\xba\xea\xaa\x17\xdd\x83\x81\xa7\
s\xd5\xffD\xaf\x03\xfc6W]u\xd5U\xff2\xc4\
UW]u\xd5\x8b\xee\xbb\x81\xf7\xe2\xaa\xff\x89~\x1b\
x\x1d\xae\xba\xea\xaa\xab\xfee\x88\xab\xae\xba\xea\xaa\x17\
\xcd\x83\x81\xa7s\xd5\xffd\xaf\x03\xfc6W]u\xd5\
U/\x1c\xe2\xaa\xab\xae\xba\xeaE\xf3\xdd\xc0{q\xd5\
\xffd\xbf\x0d\xbc\x0eW]u\xd5U/\x1c\xe2\xaa\xab\
\xae\xba\xea_\xf6`\xe0\xe9\x5c\xf5\xbf\xc1\xeb\x00\xbf\xcd\
UW]u\xd5\x0b\x86\xb8\xea\xaa\xab\xae\xfa\x97}7\
\xf0^\x5c\xf5\xbf\xc1_\x03/\xc3UW]u\xd5\x0b\
\x86\xb8\xea\xaa\xab\xaez\xe1\x1e\x0c<\x9d\xab\xfe7y\
\x1f\xe0\xbb\xb9\xea\xaa\xab\xaez\xfe\x10W]u\xd5U\
/\xdcO\x01o\xcdU\xff\x9b\xdc\x0a<\x84\xab\xae\xba\
\xea\xaa\xe7\x0fq\xd5UW]\xf5\x82\xbd6\xf0[\x5c\
\xf5\xbf\xd1\xfb\x00\xdf\xcdUW]u\xd5\xf3B\x5cu\
\xd5UW\xbd`\xbf\x05\xbc6W\xfdot+\xf0\x10\
\xae\xba\xea\xaa\xab\x9e\x17\xe2\xaa\xab\xae\xba\xea\xf9{m\
\xe0\xb7\xb8\xea\x7f\xb3\xf7\x01\xbe\x9b\xab\xae\xba\xea\xaa\xe7\
\x84\xb8\xea\xaa\xab\xaez\xfe~\x0bxm\xae\xfa\xdf\xec\
V\xe0!\x5cu\xd5UW='\xc4UW]u\xd5\
\xf3zm\xe0\xb7\xb8\xea\xff\x82\xf7\x01\xbe\x9b\xab\xae\xba\
\xea\xaagC\x5cu\xd5UW=\xaf\xdf\x02^\x9b\xab\
\xfe/\xb8\x15x\x08W]u\xd5U\xcf\x86\xb8\xea\xaa\
\xab\xaezN\xaf\x0d\xfc\x16W\xfd_\xf2>\xc0ws\
\xd5UW]u\x05\xe2\xaa\xab\xae\xba\xea9\xfd\x16\xf0\
\xda\x5c\xf5\x7f\xc9\xad\xc0C\xb8\xea\xaa\xab\xae\xba\x02q\
\xd5UW]\xf5l\xaf\x0d\xfc\x16W\xfd_\xf4>\xc0\
ws\xd5UW]\x05\x88\xab\xae\xba\xea\xaag\xfb-\
\xe0\xb5\xb9\xea\xff\xa2[\x81\x87p\xd5UW]\x05\x88\
\xab\xae\xba\xea\xaa+^\x1b\xf8-\xae\xfa\xbf\xecs\x80\
\xcf\xe6\xaa\xab\xae\xfa\xff\x0eq\xd5UW]u\xc5o\
\x01\xaf\xcdU\xff\x97\xed\x02\x0f\x01v\xb9\xea\xaa\xab\xfe\
?C\x5cu\xd5UW\xc1{\x03\xdf\xc5U\xff\x1f|\
\x0e\xf0\xd9\x5cu\xd5U\xff\x9f!\xae\xba\xea\xaa\xab\xe0\
\xe9\xc0\x83\xb9\xea\xff\x83]\xe0!\xc0.W]u\xd5\
\xffW\x88\xab\xae\xba\xea\xff\xbb\xf7\x06\xbe\x8b\xab\xfe?\
\xf9\x1c\xe0\xb3\xb9\xea\xaa\xab\xfe\xbfB\x5cu\xd5U\xff\
\xdf=\x1dx0W\xfd\x7f\xb2\x0b<\x04\xd8\xe5\xaa\xab\
\xae\xfa\xff\x08q\xd5UW\xfd\x7f\xf6\xde\xc0wq\xd5\
\xffG\x9f\x03|6W]u\xd5\xffG\x88\xab\xae\xba\
\xea\xff\xb3\xa7\x03\x0f\xe6\xaa\xff\x8fv\x81\x87\x00\xbb\x5c\
u\xd5U\xff\xdf \xae\xba\xea\xaa\xff\xaf\xde\x1b\xf8.\
\xae\xfa\xff\xecs\x80\xcf\xe6\xaa\xab\xae\xfa\xff\x06q\xd5\
UW\xfd\x7f\xf5t\xe0\xc1\x5c\xf5\xff\xd9.\xf0\x10`\
\x97\xab\xae\xba\xea\xff\x13\xc4UW]\xf5\xff\xd1{\x03\
\xdf\xc5UW\xc1\xe7\x00\x9f\xcdUW]\xf5\xff\x09\xe2\
\xaa\xab\xae\xfa\xff\xe8\xe9\xc0\x83\xb9\xea*\xd8\x05\x1e\x02\
\xecr\xd5UW\xfd\x7f\x81\xb8\xea\xaa\xab\xfe\xbfyo\
\xe0\xbb\xb8\xea\xaag\xfb\x1c\xe0\xb3\xb9\xea\xaa\xab\xfe\xbf\
@\x5cu\xd5U\xff\x9f\x1c\x07\xfe\x0ax0W]\xf5\
\x9c\x1e\x02\xdc\xcaUW]\xf5\xff\x01\xe2\xaa\xab\xae\xfa\
\xff\xe4\xb3\x81\xcf\xe2\xaa\xab\x9e\xd7\xf7\x00\xef\xcdUW\
]\xf5\xff\x01\xe2\xaa\xab\xae\xfa\xff\xe28\xf0t\xe08\
W]\xf5\xfc=\x04\xb8\x95\xab\xae\xba\xea\xff:\xc4U\
W]\xf5\xff\xc5g\x03\x9f\xc5UW\xbd`\xdf\x03\xbc\
7W]u\xd5\xffu\x88\xab\xae\xba\xea\xff\x83\xe3\xc0\
\xd3\x81\xe3\x5cu\xd5\x0b\xf7\x10\xe0V\xae\xba\xea\xaa\xff\
\xcb\x10W]u\xd5\xff\x07\x9f\x0d|\x16W]\xf5/\
\xfb\x1e\xe0\xbd\xb9\xea\xaa\xab\xfe/C\x5cu\xd5U\xff\
\xd7\x1d\x07\x9e\x0e\x1c\xe7\xaa\xab^4\x0f\x01n\xe5\xaa\
\xab\xae\xfa\xbf\x0aq\xd5UW\xfd_\xf7\xd9\xc0gq\
\xd5U/\xba\xef\x01\xde\x9b\xab\xae\xba\xea\xff*\xc4U\
W]\xf5\x7f\xd9q\xe0\xe9\xc0q\xae\xba\xea_\xe7!\
\xc0\xad\x5cu\xd5U\xff\x17!\xae\xba\xea\xaa\xff\xcb>\
\x1b\xf8,\xae\xba\xea_\xef{\x80\xf7\xe6\xaa\xab\xae\xfa\
\xbf\x08q\xd5UW\xfd_u\x1cx:p\x9c\xab\xae\
\xfa\xb7y\x08p+W]u\xd5\xff5\x88\xab\xae\xba\
\xea\xff\xaa\xcf\x06>\x8b\xab\xae\xfa\xb7\xfb\x1e\xe0\xbd\xb9\
\xea\xaa\xab\xfe\xafA\x5cu\xd5U\xff\x17\x1d\x07\x9e\x0e\
\x1c\xe7\xaa\xab\xfe}\x1e\x02\xdc\xcaUW]\xf5\x7f\x09\
\xe2\xaa\xab\xae\xfa\xbf\xe8\xbb\x81\xf7\xe2\xaa\xab\xfe\xfd~\
\x1bx\x1d\xae\xba\xea\xaa\xffK\x10W]u\xd5\xff5\
\x0f\x06\x9e\xceUW\xfd\xc7y\x1d\xe0\xb7\xb9\xea\xaa\xab\
\xfe\xaf@\x5cu\xd5U\xff\xd7|7\xf0^\x5cu\xd5\
\x7f\x9c\xdf\x06^\x87\xab\xae\xba\xea\xff\x0a\xc4UW]\
\xf5\x7f\xc9\x83\x81\xa7s\xd5U\xff\xf1^\x07\xf8m\xae\
\xba\xea\xaa\xff\x0b\x10W]u\xd5\xff%\xdf\x0d\xbc\x17\
W]\xf5\x1f\xef\xb7\x81\xd7\xe1\xaa\xab\xae\xfa\xbf\x00q\
\xd5UW\xfd_\xf1`\xe0\xe9\x5cu\xd5\x7f\x9e\xd7\x01\
~\x9b\xab\xae\xba\xea\x7f;\xc4UW]\xf5\x7f\xc5w\
\x03\xef\xc5UW\xfd\xe7\xf9m\xe0u\xb8\xea\xaa\xab\xfe\
\xb7C\x5cu\xd5U\xff\x17<\x18x:W]\xf5\x9f\
\xefu\x80\xdf\xe6\xaa\xab\xae\xfa\xdf\x0cq\xd5UW\xfd\
_\xf0\xdd\xc0{q\xd5U\xff\xf9~\x1bx\x1d\xae\xba\
\xea\xaa\xff\xcd\x10W]u\xd5\xffv\x0f\x06\x9e\xceU\
W\xfd\xd7y\x1d\xe0\xb7\xb9\xea\xaa\xab\xfe\xb7B\x5cu\
\xd5U\xff\xdb}7\xf0^\x5cu\xd5\x7f\x9d\xdf\x06^\
\x87\xab\xae\xba\xea\x7f+\xc4UW]\xf5\xbf\xd9K\x03\
\x7f\xc5UW\xfd\xd7{\x1d\xe0\xb7\xb9\xea\xaa\xab\xfe7\
B\x5cu\xd5U\xff\x9b\xfd\x16\xf0\xda\x5cu\xd5\x7f\xbd\
\xdf\x06^\x87\xab\xae\xba\xea\x7f#\xc4UW]\xf5\xbf\
\xd5k\x03\xbf\xc5UW\xfd\xf7y\x1f\xe0\xbb\xb9\xea\xaa\
\xab\xfe\xb7A\x5cu\xd5U\xff[\xfd\x16\xf0\xda\x5cu\
\xd5\x7f\x9f[\x81\x87p\xd5UW\xfdo\x83\xb8\xea\xaa\
\xab\xfe7zm\xe0\xb7\xb8\xea\xaa\xff~\xef\x03|7\
W]u\xd5\xff&\x88\xab\xae\xba\xea\x7f\xa3\xdf\x02^\
\x9b\xab\xae\xfa\xefw+\xf0\x10\xae\xba\xea\xaa\xffM\x10\
W]u\xd5\xff6\xaf\x0d\xfc\x16W]\xf5?\xc7\xfb\
\x00\xdf\xcdUW]\xf5\xbf\x05\xe2\xaa\xab\xae\xfa\xdf\xe6\
\xb7\x80\xd7\xe6\xaa\xab\xfe\xe7\xb8\x15x\x08W]u\xd5\
\xff\x16\x88\xab\xae\xba\xea\x7f\x93\xd7\x06~\x8b\xab\xae\xfa\
\x9f\xe7}\x80\xef\xe6\xaa\xab\xae\xfa\xdf\x00q\xd5UW\
\xfdo\xf2[\xc0ks\xd5U\xff\xf3\xdc\x0a<\x84\xab\
\xae\xba\xea\x7f\x03\xc4UW]\xf5\xbf\xc5k\x03\xbf\xc5\
UW\xfd\xcf\xf5>\xc0ws\xd5UW\xfdO\x87\xb8\
\xea\xaa\xab\xfe\xb7\xf8-\xe0\xb5\xb9\xea\xaa\xff\xb9n\x05\
\x1e\xc2UW]\xf5?\x1d\xe2\xaa\xab\xae\xfa\xdf\xe0\xb5\
\x81\xdf\xe2\xaa\xab\xfe\xe7{\x1f\xe0\xbb\xb9\xea\xaa\xab\xfe\
'C\x5cu\xd5U\xff\x1b<\x1dx0W]\xf5?\
\xdf\xad\xc0C\xb8\xea\xaa\xab\xfe'C\x5cu\xd5U\xff\
\xd3\xbd7\xf0]\x5cu\xd5\xff\x1e\x1f\x03|5W]\
u\xd5\xffT\x88\xab\xae\xba\xea\x7f\xba\xa7\x03\x0f\xe6\xaa\
\xab\xfe\xf7\xd8\x05\x1e\x02\xecr\xd5UW\xfdO\x84\xb8\
\xea\xaa\xab\xfe'{o\xe0\xbb\xb8\xea\xaa\xff}>\x07\
\xf8l\xae\xba\xea\xaa\xff\x89\x10W]u\xd5\xffdO\
\x07\x1e\xccUW\xfd\xef\xb3\x0b<\x04\xd8\xe5\xaa\xab\xae\
\xfa\x9f\x06q\xd5UW\xfdO\xf5\xde\xc0wq\xd5U\
\xff{}\x0e\xf0\xd9\x5cu\xd5U\xff\xd3 \xae\xba\xea\
\xaa\xff\xa9\x9e\x0e<\x98\xab\xae\xfa\xdfk\x17x\x08\xb0\
\xcbUW]\xf5?\x09\xe2\xaa\xab\xae\xfa\x9f\xe8\xbd\x81\
\xef\xe2\xaa\xab\xfe\xf7\xfb\x1c\xe0\xb3\xb9\xea\xaa\xab\xfe'\
A\x5cu\xd5U\xff\x13=\x1dx0W]\xf5\xbf\xdf\
.\xf0\x10`\x97\xab\xae\xba\xea\x7f\x0a\xc4UW]\xf5\
?\xcd{\x03\xdf\xc5UW\xfd\xdf\xf19\xc0gs\xd5\
UW\xfdO\x81\xb8\xea\xaa\xab\xfe\xa7y:\xf0`\xae\
\xba\xea\xff\x8e]\xe0!\xc0.W]u\xd5\xff\x04\x88\
\xab\xae\xba\xea\x7f\x92\xf7\x06\xbe\x8b\xab\xae\xfa\xbf\xe7s\
\x80\xcf\xe6\xaa\xab\xae\xfa\x9f\x00q\xd5UW\xfdOq\
\x1cx:p\x9c\xab\xae\xfa\xbfg\x17x\x08\xb0\xcbU\
W]\xf5\xdf\x0dq\xd5UW\xfdO\xf1\xd9\xc0gq\
\xd5U\xffw}\x0e\xf0\xd9\x5cu\xd5U\xff\xdd\x10W\
]u\xd5\xff\x04\xc7\x81\xa7\x03\xc7\xb9\xea\xaa\xff\xbbv\
\x81\x97\x01n\xe5\xaa\xab\xae\xfa\xef\x84\xb8\xea\xaa\xab\xfe\
'\xf8l\xe0\xb3\xb8\xea\xaa\xff\xfb\xbe\x07xo\xae\xba\
\xea\xaa\xffN\x88\xab\xae\xba\xea\xbf\xdbq\xe0\xe9\xc0q\
\xae\xba\xea\xff\x87\x87\x00\xb7r\xd5UW\xfdwA\x5c\
u\xd5U\xff\xdd>\x1b\xf8,\xae\xba\xea\xff\x8f\xef\x01\
\xde\x9b\xab\xae\xba\xea\xbf\x0b\xe2\xaa\xab\xae\xfa\xaf\xf6`\
\xe0A\xc0k\x03\x0f\x06\xde\x1a8\xceUW\xfd\xff\xf2\
\xdd\xc0\xad\xc0o\x03\x97\x80\xbf\xe6\xaa\xab\xae\xfa\xaf\x82\
\xb8\xea\xaa\xab\xfe\xb3\xbc4\xf0 \xe0\xa5\x81\x97\x06\x8e\
\x03\xaf\xcdUW]\xf5\x82\xfc5p+\xf0\xd7\xc0_\
\x03\xbb\xc0\xefp\xd5UW\xfdGC\x5cu\xd5U\xff\
\x1e\xc7\x81\x97\x02\x1e\x0c<\x18xm\xe0\xc1\xc0\x83\xb9\
\xea\xaa\xab\xfe\xa3\xdc\x0a\xdc\x0a\xfc6\xb0\x0b\xfc5\xf0\
7\xc0.W]u\xd5\xbf\x05\xe2\xaa\xab\xaezQ<\
\x18x\x10\xf0\xd2\xc0\x83\x81\x97\x06^\x1a8\xceUW\
]\xf5\xdfe\x17\xf8k\xe0\xaf\x81]\xe0\xb7\x81g\x00\
\xb7r\xd5UW\xbd0\x88\xab\xae\xba\xea\x81^\x1ax\
\x10\xf0\xd2\xc0\x83\x81\x07\x03\xaf\xcdUW]\xf5\xbf\xcd\
o\x03\xbb\xc0_\x03\x7f\x0d<\x03\xf8k\xae\xba\xea*\
\x00\xc4UW\xfd\xff\xf4Z\xc0\x83\x81\x07\x03/\x0d<\
\x18xi\xae\xba\xea\xaa\xff\xeb\xfe\x1a\xd8\x05~\x1b\xb8\
\x15\xb8\x15\xf8\x1d\xae\xba\xea\xff\x17\xc4UW\xfd\xdfu\
\x1cx)\xe0\xa5\x81\x07\x03/\x0d<\x18x0W]\
u\xd5U\xcfi\x17\xf8k\xe0\xaf\x81[\x81\xbf\x06\x9e\
\x01\xdc\xcaUW\xfd\xdf\x83\xb8\xea\xaa\xff\xfd\x1e\x0c<\
\x08xm\xe0\xc1\xc0\x83\x81\xd7\xe6\xaa\xab\xae\xba\xea?\
\xc6o\x03\xb7\x02\xb7\x02\xbf\x0d\x5c\x02\xfe\x9a\xab\xae\xfa\
\xdf\x0bq\xd5U\xff{\xbc\x16p\x1cxi\xe0\xa5\x81\
\x07\x03/\xcdUW]u\xd5\x7f\x8f\xbf\x06n\x05\xfe\
\x1a\xb8\x15\xb8\x15\xf8\x1d\xae\xba\xea\x7f>\xc4UW\xfd\
\xcfr\x1cx)\xe0\xc1\xc0\x83\x81\xd7\x06\x1e\x0c<\x98\
\xab\xae\xba\xea\xaa\xff\x1dn\x05n\x05~\x1b\xd8\x05\xfe\
\x1a\xf8\x1b`\x97\xab\xae\xfa\x9f\x01q\xd5U\xff=\x1e\
\x0c<\x08xm\xe08\xf0\xd2\xc0K\x03\xc7\xb9\xea\xaa\
\xab\xae\xfa\xbfi\x17\xf8k\xe0V\xe0V\xe0\xb7\x81g\
\x00\xb7r\xd5U\xff\xb5\x10W]\xf5\x9f\xeb\xa5\x81\x07\
\x01/\x0d\xbc4p\x1cxm\xae\xba\xea\xaa\xab\xaez\
\xa0\xdf\x06v\x81\xbf\x06\xfe\x1ax\x06\xf0\xd7\x5cu\xd5\
\x7f\x0e\xc4UW\xfd\xc7x-\xe0\xc1\xc0\x83\x81\xd7\x06\
\x8e\x03/\xcdUW]u\xd5U\xff\x1e\xb7\x02\xb7\x02\
\xbf\x0d\xdc\x0a\xdc\x0a\xfc\x0eW]\xf5\xef\x83\xb8\xea\xaa\
\x17\xddq\xe0\xa5\x80\x97\x06\x1e\x0c\xbc4\xf0\xd2\xc0q\
\xae\xba\xea\xaa\xab\xae\xfa\xaf\xb4\x0b\xfc5\xf0\xd7\xc0\xad\
\xc0_\x03\xcf\x00n\xe5\xaa\xab\xfee\x88\xab\xaez^\
/\x0d\x1c\x03^\x1bx0\xf0`\xe0\xb5\xb9\xea\xaa\xab\
\xae\xba\xea\x7f\x83\xdf\x06n\x05n\x05\xfe\x1ax\x06\xf0\
\xd7\x5cu\xd5\xb3!\xae\xfa\xff\xec\xb5\x80\x07\x03\x0f\x06\
^\x1ax0\xf0\xd2\x5cu\xd5UW]\xf5\x7f\xd1_\
\x03\xb7\x02\x7f\x0d\xdc\x0a\xdc\x0a\xfc\x0eW\xfd\x7f\x84\xb8\
\xea\xff\xba\xe3\xc0K\x01/\x0d\x1c\x07^\x1bx0\xf0\
`\xae\xba\xea\xaa\xab\xae\xba\x0an\x05n\x05\xfe\x1a\xb8\
\x15\xf8k\xe0o\x80]\xae\xfa\xbf\x0aq\xd5\xff\x15\x0f\
\x06\x1e\x04\xbc6\xf0`\xe0\xc1\xc0K\x03\xc7\xb9\xea\xaa\
\xab\xae\xba\xea\xaa\x7f\xbd]\xe0\xaf\x81[\x81[\x81\xdf\
\x06\x9e\x01\xdc\xcaU\xff\xdb!\xae\xfa\xdf\xe6\xa5\x81\x07\
\x01/\x0d\xbc4p\x1cxm\xae\xba\xea\xaa\xab\xae\xba\
\xea\xbf\xce_\x03\xb7\x02\x7f\x0d\xfc5\xf0\x0c\xe0\xaf\xb9\
\xea\x7f\x0b\xc4U\xff\x13\x1d\x07^\x0ax0\xf0`\xe0\
\xb5\x81\x07\x03\x0f\xe6\xaa\xab\xae\xba\xea\xaa\xab\xfe\xe7\xba\
\x15\xb8\x15\xf8m\xe0V\xe0V\xe0o\x80]\xae\xfa\x9f\
\x04q\xd5\x7f\xa7\x07\x03\x0f\x02^\x1ax0\xf0\xd2\xc0\
K\x03\xc7\xb9\xea\xaa\xab\xae\xba\xea\xaa\xff;v\x81\xbf\
\x06\xfe\x1a\xb8\x15\xf8k\xe0\x19\xc0\xad\x5c\xf5\xdf\x01q\
\xd5\x7f\x85\x97\x06\x1e\x04\xbc4\xf0`\xe0\xc1\xc0ks\
\xd5UW]u\xd5UW\xfd6p+p+\xf0\xd7\
\xc03\x80\xbf\xe6\xaa\xffL\x88\xab\xfe#\xbd\x16\xf0`\
\xe0\xc1\xc0k\x03\xc7\x81\x97\xe6\xaa\xab\xae\xba\xea\xaa\xab\
\xae\xfa\xd7\xfak`\x17\xf8m\xe0V\xe0V\xe0w\xb8\
\xea?\x02\xe2\xaa\x7f\xad\xe3\xc0K\x01/\x0d<\x18x\
i\xe0\xc1\xc0\x83\xb9\xea\xaa\xab\xae\xba\xea\xaa\xab\xfe\xb3\
\xdd\x0a\xdc\x0a\xfc5p+\xf0\xd7\xc0\xdf\x00\xbb\x5c\xf5\
\xa2B\x5c\xf5\x82<\x18x\x10\xf0\xda\xc0\x83\x81\x07\x03\
\xaf\xcdUW]u\xd5UW]\xf5?\xd5o\x03\xb7\
\x02\xb7\x02\xbf\x0d<\x03\xb8\x95\xab\x9e\x1b\xe2\xaa\x07\x03\
/\x05\xbc4\xf0\xd2\xc0\x83\x81\x97\xe6\xaa\xab\xae\xba\xea\
\xaa\xab\xae\xfa\xbf\xe2\xaf\x81[\x81\xbf\x06\xfe\x1a\xf8\x1b\
\xe0V\xfe\xffB\xfc\xffs\x1cx+\xe0\xad\x81\xd7\x06\
\x8es\xd5UW]u\xd5UW\xfd\x7f\xb3\x0b\xfc6\
\xf0\xd3\xc0\xcf\x00\xbb\xfc\xff\x81\xf8\xff\xe3\xa5\x81\x8f\x02\
\xde\x1a8\xceUW]u\xd5UW]u\xd5\x15\xbb\
\xc0O\x03\xdf\x03\xfc6\xff\xf7!\xfe\xef{0\xf0Y\
\xc0{s\xd5UW]u\xd5UW]\xf5\xc2}7\
\xf09\xc0\xad\xfc\xdf\x85\xf8\xbf\xed\xa3\x80\xaf\xe6\xaa\xab\
\xae\xba\xea\xaa\xab\xae\xba\xea_\xe7\xa3\x81\xaf\xe1\xff&\
\xc4\xffM\xc7\x81\xef\x02\xde\x9a\xab\xae\xba\xea\xaa\xab\xae\
\xba\xea\xaa\x7f\x9b\xdf\x06\xde\x06\xd8\xe5\xff\x16\xc4\xff=\
/\x0d|\x17\xf0\xd2\x5cu\xd5UW]u\xd5UW\
\xfd\xfb\xec\x02\xaf\x03\xfc5\xffw \xfeoyi\xe0\
\xb7\x80\xe3\x5cu\xd5UW]u\xd5UW\xfd\xc7\xd8\
\x05^\x07\xf8k\xfeo@\xfc\xdf\xf1`\xe0\xaf\x80\xe3\
\x5cu\xd5UW]u\xd5UW\xfd\xc7\xda\x05^\x06\
\xb8\x95\xff\xfd\x10\xffw\xfc\x15\xf0\xd2\x5cu\xd5UW\
]u\xd5UW\xfd\xe7\xf8k\xe0e\xf8\xdf\x0f\xf1\x7f\
\xc3w\x01\xef\xcdUW]u\xd5UW]u\xd5\x7f\
\xae\xef\x06\xde\x87\xff\xdd\x10\xff\xfb\xbd6\xf0[\x5cu\
\xd5UW]u\xd5UW\xfd\xd7x\x1d\xe0\xb7\xf9\xdf\
\x0b\xf1\xbf\xdf\xd3\x81\x07s\xd5UW]u\xd5UW\
]\xf5_\xe3V\xe0!\xfc\xef\x85\xf8\xdf\xed\xa3\x81\xaf\
\xe2\xaa\xab\xae\xba\xea\xaa\xab\xae\xba\xea\xbf\xd6\xc7\x00_\
\xcd\xffN\x88\xff\xdd\x9e\x0e<\x98\xab\xae\xba\xea\xaa\xab\
\xae\xba\xea\xaa\xffZ\xb7\x02\x0f\xe1\x7f'\xc4\xff^o\
\x0d\xfc\x14W]u\xd5UW]u\xd5U\xff=\xde\
\x06\xf8i\xfe\xf7A\xfc\xef\xf5\xd3\xc0[q\xd5UW\
]u\xd5UW]\xf5\xdf\xe3g\x80\xb7\xe6\x7f\x1f\xc4\
\xffN\xc7\x81\x8b\x5cu\xd5UW]u\xd5UW\xfd\
\xf7\x12\xff\xfb \xfewzk\xe0\xa7\xb8\xea\xaa\xab\xae\
\xba\xea\xaa\xab\xae\xfa\xef\xf5:\xc0o\xf3\xbf\x0b\xe2\x7f\
\xa7\xaf\x06>\x8a\xab\xae\xba\xea\xaa\xab\xae\xba\xea\xaa\xff\
^\x9f\x03|6\xff\xbb \xfew\xfam\xe0\xb5\xb8\xea\
\xaa\xab\xae\xba\xea\xaa\xab\xae\xfa\xef\xf5;\xc0k\xf3\xbf\
\x0b\xe2\x7f\xa7\xbf\x02^\x9a\xab\xae\xba\xea\xaa\xab\xae\xba\
\xea\xaa\xff^\x7f\x0d\xbc\x0c\xff\xbb \xfew2W]\
u\xd5UW]u\xd5U\xff3\x88\xff]\x10\xff;\
\x99\xab\xae\xba\xea\xaa\xab\xae\xba\xea\xaa\xff\x19\xc4\xff.\
\x88\xff\x9d\xccUW]u\xd5UW]u\xd5\xff\x0c\
\xe2\x7f\x17\xc4\xffN\xe6\xaa\xab\xae\xba\xea\xaa\xab\xae\xba\
\xea\x7f\x06\xf1\xbf\x0b\xe2\x7f's\xd5UW]u\xd5\
UW]\xf5?\x83\xf8\xdf\x05\xf1\xbf\xd3_\x03/\xc5\
UW]u\xd5UW]u\xd5\x7f\xafg\x00\x0f\xe6\
\x7f\x17\xc4\xffN?\x0d\xbc\x15W]u\xd5UW]\
u\xd5U\xff\xbd~\x07xm\xfewA\xfc\xef\xf4\xd9\
\xc0gq\xd5UW]u\xd5UW]\xf5\xdf\xebs\
\x80\xcf\xe6\x7f\x17\xc4\xffNo\x0d\xfc\x14W]u\xd5\
UW]u\xd5U\xff\xbd\xde\x06\xf8i\xfewA\xfc\
\xef\xb5\x0b\x1c\xe3\xaa\xab\xae\xba\xea\xaa\xab\xae\xba\xea\xbf\
\xc7%\xe08\xff\xfb \xfe\xf7\xfan\xe0\xbd\xb8\xea\xaa\
\xab\xae\xba\xea\xaa\xab\xae\xfa\xef\xf13\xc0[\xf3\xbf\x0f\
\xe2\x7f\xaf\xd7\x06~\x8b\xab\xae\xba\xea\xaa\xab\xae\xba\xea\
\xaa\xff\x1eo\x03\xfc4\xff\xfb \xfew\xfbk\xe0\xa5\
\xb8\xea\xaa\xab\xae\xba\xea\xaa\xab\xae\xfa\xaf\xf5\x0c\xe0\xc1\
\xfc\xef\x84\xf8\xdf\xed\xbd\x81\xef\xe2\xaa\xab\xae\xba\xea\xaa\
\xab\xae\xba\xea\xbf\xd6\xfb\x00\xdf\xcd\xffN\x88\xff\xfd\xfe\
\x1ax)\xae\xba\xea\xaa\xab\xae\xba\xea\xaa\xab\xfek\xfc\
\x0d\xf0\xd2\xfc\xef\x85\xf8\xdf\xef\xa5\x81\xbf\xe2\xaa\xab\xae\
\xba\xea\xaa\xab\xae\xba\xea\xbf\xc6\xcb\x00\x7f\xcd\xff^\x88\
\xff\x1b>\x1b\xf8,\xae\xba\xea\xaa\xab\xae\xba\xea\xaa\xab\
\xfes}\x0e\xf0\xd9\xfc\xef\x86\xf8\xbf\xe3\xb7\x81\xd7\xe2\
\xaa\xab\xae\xba\xea\xaa\xab\xae\xba\xea?\xc7\xef\x00\xaf\xcd\
\xff~\x88\xff;\x8e\x03\xbf\x0d\xbc\x14W]u\xd5U\
W]u\xd5U\xff\xb1\xfe\x06xm`\x97\xff\xfd\x10\
\xff\xb7\x1c\x07n\x05\x8eq\xd5UW]u\xd5UW\
]\xf5\x1f\xe3o\x80\xd7\x06v\xf9\xbf\x01\xf1\x7f\xcfK\
\x03\xbf\x0d\x1c\xe3\xaa\xab\xae\xba\xea\xaa\xab\xae\xba\xea\xdf\
\xe7o\x80\xd7\x06v\xf9\xbf\x03\xf1\x7f\xd3K\x03\xbf\x0d\
\x1c\xe3\xaa\xab\xae\xba\xea\xaa\xab\xae\xba\xea\xdf\xe6o\x80\
\xd7\x06v\xf9\xbf\x05\xf1\x7f\xd7K\x03\xbf\x0d\x1c\xe3\xaa\
\xab\xae\xba\xea\xaa\xab\xae\xba\xea_\xe7o\x80\xd7\x06v\
\xf9\xbf\x07\xf1\x7f\xdbK\x03\xbf\x0d\x1c\xe3\xaa\xab\xae\xba\
\xea\xaa\xab\xae\xba\xeaE\xf37\xc0k\x03\xbb\xfc\xdf\x84\
\xf8\xbf\xef\xa5\x81\xdf\x06\x8eq\xd5UW]u\xd5U\
W]\xf5\xc2]\x02^\x1b\xf8k\xfe\xefB\xfc\xff\xf0\
\xd2\xc0o\x03\xc7\xb8\xea\xaa\xab\xae\xba\xea\xaa\xab\xaez\
\xfe.\x01\xaf\x0d\xfc5\xff\xb7!\xfe\xffxi\xe0\xb7\
\x81c\x5cu\xd5UW]u\xd5UW=\xa7K\xc0\
k\x03\x7f\xcd\xff}\x88\xff_^\x1a\xf8m\xe0\x18W\
]u\xd5UW]u\xd5UW\x5c\x02^\x1b\xf8k\
\xfe\x7f@\xfc\xff\xf3\xd2\xc0o\x03\xc7\xb8\xea\xaa\xab\xae\
\xba\xea\xaa\xab\xfe\xbf\xbb\x04\xbc6\xf0\xd7\xfc\xff\x81\xf8\
\xff\xe9\xa5\x81\xdf\x06\x8eq\xd5UW]u\xd5UW\
\xfd\x7fu\x09xm\xe0\xaf\xf9\xff\x05\xf1\xff\xd7K\x03\
\xbf\x0d\x1c\xe3\xaa\xab\xae\xba\xea\xaa\xab\xae\xfa\xff\xe6\x12\
\xf0\xda\xc0_\xf3\xff\x0f\xe2\xff\xb7\x97\x06~\x1b8\xc6\
UW]u\xd5UW]\xf5\xff\xc5%\xe0\xb5\x81\xbf\
\xe6\xff'\xc4U/\x0d\xfc6p\x8c\xab\xae\xba\xea\xaa\
\xab\xae\xba\xea\xff\xbaK\xc0k\x03\x7f\xcd\xff_\x88\xab\
\x00^\x1a\xf8m\xe0\x18W]u\xd5UW]u\xd5\
\xffU\x97\x80\xd7\x06\xfe\x9a\xff\xdf\x10W\xdd\xef\xa5\x81\
\xdf\x06\x8eq\xd5UW]u\xd5UW\xfd_s\x09\
xm\xe0\xaf\xb9\x0aq\xd5\x03\xbd4\xf0\xdb\xc01\xae\
\xba\xea\xaa\xab\xae\xba\xea\xaa\xff+.\x01\xaf\x0d\xfc5\
W\x01 \xaezn/\x0d\xfc6p\x8c\xab\xae\xba\xea\
\xaa\xab\xae\xba\xea\x7f\xbbK\xc0k\x03\x7f\xcdU\xf7C\
\x5c\xf5\xfc\xbc4\xf0\xdb\xc01\xae\xba\xea\xaa\xab\xae\xba\
\xea\xaa\xff\xad.\x01\xaf\x0d\xfc5W=\x10\xe2\xaa\x17\
\xe4\xa5\x81\xdf\x06\x8eq\xd5UW]u\xd5UW\xfd\
os\x09xm\xe0\xaf\xb9\xea\xb9!\xaeza^\x1a\
\xf8m\xe0\x18W]u\xd5UW]u\xd5\xff\x16\x97\
\x80\xd7\x06\xfe\x9a\xab\x9e\x1f\xc4U\xff\x92\x97\x06~\x1b\
8\xc6UW]u\xd5UW]\xf5?\xdd%\xe0\xb5\
\x81\xbf\xe6\xaa\x17\x04q\xd5\x8b\xe2\xa5\x81\xdf\x06\x8eq\
\xd5UW]u\xd5UW\xfdOu\x09xm\xe0\xaf\
\xb9\xea\x85A\x5c\xf5\xa2zi\xe0\xb7\x81c\x5cu\xd5\
UW]u\xd5U\xff\xd3\x5c\x02^\x1b\xf8k\xae\xfa\
\x97 \xae\xfa\xd7xi\xe0\xb7\x81c\x5cu\xd5UW\
]u\xd5U\xffS\x5c\x02^\x1b\xf8k\xaezQ \
\xae\xfa\xd7zi\xe0\xb7\x81c\x5cu\xd5UW]u\
\xd5U\xff\xdd.\x01\xaf\x0d\xfc5W\xbd\xa8\x10W\xfd\
[\xbc4\xf0\xdb\xc01\xae\xba\xea\xaa\xab\xae\xba\xea\xaa\
\xff.\x97\x80\xd7\x06\xfe\x9a\xab\xfe5\x10W\xfd[\xbd\
4\xf0\xdb\xc01\xae\xba\xea\xaa\xab\xae\xba\xea\xaa\xffj\
\x97\x80\xd7\x06\xfe\x9a\xab\xfe\xb5\x10W\xfd{\xbc4\xf0\
\xdb\xc01\xae\xba\xea\xaa\xab\xae\xba\xea\xaa\xff*\x97\x80\
\xd7\x06\xfe\x9a\xab\xfe-\x10W\xfd{\xbd4\xf0\xdb\xc0\
1\xae\xba\xea\xaa\xab\xae\xba\xea\xaa\xffl\x97\x80\xd7\x06\
\xfe\x9a\xab\xfe\xad\x10W\xfdGxi\xe0\xb7\x81c\x5c\
u\xd5UW]u\xd5U\xffY.\x01\xaf\x0d\xfc5\
W\xfd{ \xae\xfa\x8f\xf2\xd2\xc0o\x03\xc7\xb8\xea\xaa\
\xab\xae\xba\xea\xaa\xab\xfe\xa3]\x02^\x1b\xf8k\xae\xfa\
\xf7B\x5c\xf5\x1f\xe9\xa5\x81\xdf\x06\x8eq\xd5UW]\
u\xd5UW\xfdG\xb9\x04\xbc6\xf0\xd7\x5c\xf5\x1f\x01\
q\xd5\x7f\xb4\x97\x06~\x1b8\xc6UW]u\xd5U\
W]\xf5\xefu\x09xm\xe0\xaf\xb9\xea?\x0a\xe2\xaa\
\xff\x0c/\x0d\xfc6p\x8c\xab\xae\xba\xea\xaa\xab\xae\xba\
\xea\xdf\xea\x12\xf0\xda\xc0_s\xd5\x7f$\xc4U\xffY\
^\x1a\xf8m\xe0\x18W]u\xd5UW]u\xd5\xbf\
\xd6%\xe0\xb5\x81\xbf\xe6\xaa\xffh\x88\xab\xfe3\xbd4\
\xf0\xdb\xc01\xae\xba\xea\xaa\xab\xae\xba\xea\xaa\x17\xd5%\
\xe0\xb5\x81\xbf\xe6\xaa\xff\x0c\x88\xab\xfe\xb3\xbd4\xf0\xdb\
\xc01\xae\xba\xea\xaa\xab\xae\xba\xea\xaa\x7f\xc9%\xe0\xb5\
\x81\xbf\xe6\xaa\xff,\x88\xab\xfe+\xbc4\xf0\xdb\xc01\
\xae\xba\xea\xaa\xab\xae\xba\xea\xaa\x17\xe4\x12\xf0\xda\xc0_\
s\xd5\x7f&\xc4U\xffU^\x1a\xf8m\xe0\x18W]\
u\xd5UW]u\xd5s\xbb\x04\xbc6\xf0\xd7\x5c\xf5\
\x9f\x0dq\xd5\x7f\xa5\x97\x06~\x1b8\xc6UW]u\
\xd5UW]u\xbfK\xc0k\x03\x7f\xcdU\xff\x15\x10\
W\xfdW{i\xe0\xb7\x81c\x5cu\xd5UW]u\
\xd5U\x97\x80\xd7\x06\xfe\x9a\xab\xfe\xab \xae\xfa\xef\xf0\
\xd2\xc0o\x03\xc7\xb8\xea\xaa\xab\xae\xba\xea\xaa\xff\xbf.\
\x01\xaf\x0d\xfc5W\xfdWB\x5c\xf5\xdf\xe5\xa5\x81\xdf\
\x06\x8eq\xd5UW]u\xd5U\xff\xff\x5c\x02^\x1b\
\xf8k\xae\xfa\xaf\x86\xb8\xea\xbf\xd3K\x03\xbf\x0d\x1c\xe3\
\xaa\xab\xae\xba\xea\xaa\xab\xfe\xff\xb8\x04\xbc6\xf0\xd7\x5c\
\xf5\xdf\x01q\xd5\x7f\xb7\x97\x06~\x1b8\xc6UW]\
u\xd5UW\xfd\xdfw\x09xm\xe0\xaf\xb9\xea\xbf\x0b\
\xe2\xaa\xff\x09^\x1a\xf8m\xe0\x18W]u\xd5UW\
]\xf5\x7f\xd7%\xe0\xb5\x81\xbf\xe6\xaa\xffN\x88\xab\xfe\
\xa7xi\xe0\xb7\x81c\x5cu\xd5UW]u\xd5\xff\
=\x97\x80\xd7\x06\xfe\x9a\xab\xfe\xbb!\xae\xfa\x9f\xe4\xa5\
\x81\xdf\x06\x8eq\xd5UW]u\xd5U\xffw\x5c\x02\
^\x1b\xf8k\xae\xfa\x9f\x00q\xd5\xff4/\x0d\xfc6\
p\x8c\xab\xae\xba\xea\xaa\xab\xae\xfa\xdf\xef\x12\xf0\xda\xc0\
_s\xd5\xff\x14\x88\xab\xfe'zi\xe0\xb7\x81c\x5c\
u\xd5UW]u\xd5\xff^\x97\x80\xd7\x06\xfe\x9a\xab\
\xfe'A\x5c\xf5?\xd5K\x03\xbf\x0d\x1c\xe3\xaa\xab\xae\
\xba\xea\xaa\xab\xfe\xf7\xb9\x04\xbc6\xf0\xd7\x5c\xf5?\x0d\
\xe2\xaa\xff\xc9^\x1a\xf8m\xe0\x18W]u\xd5UW\
]\xf5\xbf\xc7%\xe0\xb5\x81\xbf\xe6\xaa\xff\x89\x10W\xfd\
O\xf7\xd2\xc0o\x03\xc7\xb8\xea\xaa\xab\xae\xba\xea\xaa\xff\
\xf9.\x01\xaf\x0d\xfc5W\xfdO\x85\xb8\xea\x7f\x83\x97\
\x06~\x1b8\xc6UW]u\xd5UW\xfd\xcfu\x09\
xm\xe0\xaf\xb9\xea\x7f2\xc4U\xff[\xbc4\xf0\xdb\
\xc01\xae\xba\xea\xaa\xab\xae\xba\xea\x7f\x9eK\xc0k\x03\
\x7f\xcdU\xff\xd3!\xae\xfa\xdf\xe4\xa5\x81\xdf\x06\x8eq\
\xd5UW]u\xd5U\xffs\x5c\x02^\x1b\xf8k\xae\
\xfa\xdf\x00q\xd5\xff6/\x0d\xfc6p\x8c\xab\xae\xba\
\xea\xaa\xab\xae\xfa\xefw\x09xm\xe0\xaf\xb9\xea\x7f\x0b\
\xc4U\xff\x1b\xbd4\xf0\xdb\xc01\xae\xba\xea\xaa\xab\xae\
\xba\xea\xbf\xcf%\xe0\xb5\x81\xbf\xe6\xaa\xffM\x10W\xfd\
o\xf5\xd2\xc0o\x03\xc7\xb8\xea\xaa\xab\xae\xba\xea\xaa\xff\
z\x97\x80\xd7\x06\xfe\x9a\xab\xfe\xb7A\x5c\xf5\xbf\xd9K\
\x03\xbf\x0d\x1c\xe3\xaa\xab\xae\xba\xea\xaa\xab\xfe\xeb\x5c\x02\
^\x1b\xf8k\xae\xfa\xdf\x08q\xd5\xffv/\x0d\xfc6\
p\x8c\xab\xae\xba\xea\xaa\xab\xae\xfa\xcfw\x09xm\xe0\
\xaf\xb9\xea\x7f+\xc4U\xff\x17\xbc4\xf0\xdb\xc01\xae\
\xba\xea\xaa\xab\xae\xba\xea?\xcf%\xe0\xb5\x81\xbf\xe6\xaa\
\xff\xcd\x10W\xfd_\xf1\xd2\xc0o\x03\xc7\xb8\xea\xaa\xab\
\xae\xba\xea\xaa\xffx\x97\x80\xd7\x06\xfe\x9a\xab\xfe\xb7C\
\x5c\xf5\x7f\xc9K\x03\xbf\x0d\x1c\xe3\xaa\xab\xae\xba\xea\xaa\
\xab\xfe\xe3\x5c\x02^\x1b\xf8k\xae\xfa\xbf\x00q\xd5\xff\
5/\x0d\xfc6p\x8c\xab\xae\xba\xea\xaa\xab\xae\xfa\xf7\
\xbb\x04\xbc6\xf0\xd7\x5c\xf5\x7f\x05\xe2\xaa\xff\x8b^\x1a\
\xf8m\xe0\x18W]u\xd5UW]\xf5ow\x09x\
m\xe0\xaf\xb9\xea\xff\x12\xc4U\xffW\xbd4\xf0\xdb\xc0\
1\xae\xba\xea\xaa\xab\xae\xba\xea_\xef\x12\xf0\xda\xc0_\
s\xd5\xff5\x88\xab\xfe/{i\xe0\xb7\x81c\x5cu\
\xd5UW]u\xd5\x8b\xee\x12\xf0\xda\xc0_s\xd5\xff\
E\x88\xab\xfe\xaf{i\xe0\xb7\x81c\x5cu\xd5UW\
]u\xd5\xbf\xec\x12\xf0\xda\xc0_s\xd5\xffU\x88\xab\
\xfe?xi\xe0\xb7\x81c\x5cu\xd5UW]u\xd5\
\x0bv\x09xm\xe0\xaf\xb9\xea\xff2\xc4U\xff_\xbc\
4\xf0\xdb\xc01\xae\xba\xea\xaa\xab\xae\xba\xeay]\x02\
^\x1b\xf8k\xae\xfa\xbf\x0eq\xd5\xff'/\x0d\xfc6\
p\x8c\xab\xae\xba\xea\xaa\xab\xaez\xb6K\xc0k\x03\x7f\
\xcdU\xff\x1f \xae\xfa\xff\xe6\xa5\x81\xdf\x06\x8eq\xd5\
UW]u\xd5Up\x09xm\xe0\xaf\xb9\xea\xff\x0b\
\xc4U\xff\x1f\xbd4\xf0\xdb\xc01\xae\xba\xea\xaa\xab\xae\
\xfa\xff\xec\x12\xf0\xda\xc0_s\xd5\xff'\x88\xab\xfe\xbf\
zi\xe0\xb7\x81c\x5cu\xd5UW]\xf5\xff\xd1%\
\xe0\xb5\x81\xbf\xe6\xaa\xffo\x10W\xfd\x7f\xf6\xd2\xc0o\
\x03\xc7\xb8\xea\xaa\xab\xae\xba\xea\xff\x93K\xc0k\x03\x7f\
\xcdU\xff\x1f!\xae\xfa\xff\xee\xa5\x81\xdf\x06\x8eq\xd5\
UW]u\xd5\xff\x07\x97\x80\xd7\x06\xfe\x9a\xab\xfe\xbf\
B\x5cu\x15\xbc4\xf0\xdb\xc01\xae\xba\xea\xaa\xab\xae\
\xfa\xbf\xec\x12\xf0\xda\xc0_s\xd5\xffg\x88\xab\xae\xba\
\xe2\xa5\x81\xdf\x06\x8eq\xd5UW]u\xd5\xffE\x97\
\x80\xd7\x06\xfe\x9a\xab\xfe\xbfC\x5cu\xd5\xb3\xbd4\xf0\
\xdb\xc01\xae\xba\xea\xaa\xab\xae\xfa\xbf\xe4\x12\xf0\xda\xc0\
_s\xd5U\x80\xb8\xea\xaa\xe7\xf4\xd2\xc0o\x03\xc7\xb8\
\xea\xaa\xab\xae\xba\xea\xff\x82K\xc0k\x03\x7f\xcdUW\
]\x81\xb8\xea\xaa\xe7\xf5\xd2\xc0o\x03\xc7\xb8\xea\xaa\xab\
\xae\xba\xea\x7f\xb3K\xc0k\x03\x7f\xcdUW=\x1b\xe2\
\xaa\xab\x9e\xbf\x97\x06~\x1b8\xc6UW]u\xd5U\
\xff\x1b]\x02^\x1b\xf8k\xae\xba\xea9!\xae\xba\xea\
\x05{i\xe0\xb7\x81c\x5cu\xd5UW]\xf5\xbf\xc9\
%\xe0\xb5\x81\xbf\xe6\xaa\xab\x9e\x17\xe2\xaa\xab^\xb8\x97\
\x06~\x1b8\xc6UW]u\xd5U\xff\x1b\x5c\x02^\
\x1b\xf8k\xae\xba\xea\xf9C\x5cu\xd5\xbf\xec\xa5\x81\xdf\
\x06\x8eq\xd5UW]u\xd5\xffd\x97\x80\xd7\x06\xfe\
\x9a\xab\xaez\xc1\x10W]\xf5\xa2yi\xe0\xb7\x81c\
\x5cu\xd5UW]\xf5?\xd1%\xe0\xb5\x81\xbf\xe6\xaa\
\xab^8\xc4UW\xbd\xe8^\x1a\xf8m\xe0\x18W]\
u\xd5UW\xfdOr\x09xm\xe0\xaf\xb9\xea\xaa\x7f\
\x19\xe2\xaa\xab\xfeu^\x1a\xf8m\xe0\x18W]u\xd5\
UW\xfdOp\x09xm\xe0\xaf\xb9\xea\xaa\x17\x0d\xe2\
\xaa\xab\xfe\xf5^\x1a\xf8m\xe0\x18W]u\xd5UW\
\xfdw\xba\x04\xbc6\xf0\xd7\x5cu\xd5\x8b\x0eq\xd5U\
\xff6/\x0d\xfc6p\x8c\xab\xae\xba\xea\xaa\xab\xfe;\
\x5c\x02^\x1b\xf8k\xae\xba\xea_\x07q\xd5U\xffv\
/\x0d\xfc6p\x8c\xab\xae\xba\xea\xaa\xab\xfe+]\x02\
^\x1b\xf8k\xae\xba\xea_\x0fq\xd5U\xff>/\x0d\
\xfc6p\x8c\xab\xae\xba\xea\xaa\xab\xfe+\x5c\x02^\x1b\
\xf8k\xae\xba\xea\xdf\x06q\xd5U\xff~/\x0d\xfc6\
p\x8c\xab\xae\xba\xea\xaa\xab\xfe3]\x02^\x1b\xf8k\
\xae\xba\xea\xdf\x0eq\xd5U\xff1^\x1a\xf8m\xe0\x18\
W]u\xd5UW\xfdg\xb8\x04\xbc6\xf0\xd7\x5cu\
\xd5\xbf\x0f\xe2\xaa\xab\xfe\xe3\xbc4\xf0\xdb\xc01\xae\xba\
\xea\xaa\xab\xae\xfa\x8ft\x09xm\xe0\xaf\xb9\xea\xaa\x7f\
?\xc4UW\xfd\xc7zi\xe0\xb7\x81c\x5cu\xd5U\
W]\xf5\x1f\xe1\x12\xf0\xda\xc0_s\xd5U\xff1\x10\
W]\xf5\x1f\xef\xa5\x81\xdf\x06\x8eq\xd5UW]u\
\xd5\xbf\xc7%\xe0\xb5\x81\xbf\xe6\xaa\xab\xfe\xe3 \xae\xba\
\xea?\xc7K\x03\xbf\x0d\x1c\xe3\xaa\xab\xae\xba\xea\xaa\x7f\
\x8bK\xc0k\x03\x7f\xcdUW\xfd\xc7B\x5cu\xd5\x7f\
\x9e\x97\x06~\x1b8\xc6UW]u\xd5U\xff\x1a\x97\
\x80\xd7\x06\xfe\x9a\xab\xae\xfa\x8f\x87\xb8\xea\xaa\xff\x5c/\
\x0d\xfc6p\x8c\xab\xae\xba\xea\xaa\xab^\x14\x97\x80\xd7\
\x06\xfe\x9a\xab\xae\xfa\xcf\x81\xb8\xea\xaa\xff|/\x0d\xfc\
6p\x8c\xab\xae\xba\xea\xaa\xab^\x98K\xc0k\x03\x7f\
\xcdUW\xfd\xe7A\x5cu\xd5\x7f\x8d\x97\x06~\x1b8\
\xc6UW]u\xd5U\xcf\xcf%\xe0\xb5\x81\xbf\xe6\xaa\
\xab\xfes!\xae\xba\xea\xbf\xceK\x03\xbf\x0d\x1c\xe3\xaa\
\xab\xae\xba\xea\xaa\x07\xba\x04\xbc6\xf0\xd7\x5cu\xd5\x7f\
>\xc4UW\xfd\xd7zi\xe0\xb7\x81c\x5cu\xd5U\
W]\x05p\x09xm\xe0\xaf\xb9\xea\xaa\xff\x1a\x88\xab\
\xae\xfa\xaf\xf7\xd2\xc0o\x03\xc7\xb8\xea\xaa\xab\xae\xfa\xff\
\xed\x12\xf0\xda\xc0_s\xd5U\xffu\x10W]\xf5\xdf\
\xe3\xa5\x81\xdf\x06\x8eq\xd5UW]\xf5\xff\xd3%\xe0\
\xb5\x81\xbf\xe6\xaa\xab\xfek!\xae\xba\xea\xbf\xcfK\x03\
\xbf\x0d\x1c\xe3\xaa\xab\xae\xba\xea\xff\x97K\xc0k\x03\x7f\
\xcdUW\xfd\xd7C\x5cu\xd5\x7f\xaf\x97\x06~\x1b8\
\xc6UW]u\xd5\xff\x0f\x97\x80\xd7\x06\xfe\x9a\xab\xae\
\xfa\xef\x81\xb8\xea\xaa\xff~/\x0d\xfc6p\x8c\xab\xae\
\xba\xea\xaa\xff\xdb.\x01\xaf\x0d\xfc5W]\xf5\xdf\x07\
q\xd5U\xff3\xbc4\xf0\xdb\xc01\xae\xba\xea\xaa\xab\
\xfeo\xba\x04\xbc6\xf0\xd7\x5cu\xd5\x7f/\xc4UW\
\xfd\xcf\xf1\xd2\xc0o\x03\xc7\xb8\xea\xaa\xab\xae\xfa\xbf\xe5\
\x12\xf0\xda\xc0_s\xd5U\xff\xfd\x10W]\xf5?\xcb\
K\x03\xbf\x0d\x1c\xe3\xaa\xab\xae\xba\xea\xff\x86K\xc0k\
\x03\x7f\xcdUW\xfd\xcf\x80\xb8\xea\xaa\xffy^\x1a\xf8\
m\xe0\x18W]u\xd5U\xff\xbb]\x02^\x1b\xf8k\
\xae\xba\xea\x7f\x0e\xc4UW\xfd\xcf\xf4\xdb\xc0kq\xd5\
UW]\xf5\xbf\xdb\xef\x00\xaf\xcdUW\xfd\xcf\x82\xb8\
\xea\xaa\xff\x99\xccUW]u\xd5\xff\x0d\xe2\xaa\xab\xfe\
gA\x5cu\xd5\xff<\x0f\x06\x9e\xceUW]u\xd5\
\xff\x0d\x0f\x01n\xe5\xaa\xab\xfe\xe7@\x5cu\xd5\xff<\
\xaf\x0d\xfc\x16W]u\xd5U\xff7\xbc\x0e\xf0\xdb\x5c\
u\xd5\xff\x1c\x88\xab\xae\xfa\x9f\xe7\xa3\x81\xaf\xe2\xaa\xab\
\xae\xba\xea\xff\x86\x8f\x01\xbe\x9a\xab\xae\xfa\x9f\x03q\xd5\
U\xff\xf3|5\xf0Q\x5cu\xd5UW\xfd\xdf\xf05\
\xc0Gs\xd5U\xffs \xae\xba\xea\x7f\x9e\xdf\x06^\
\x8b\xab\xae\xba\xea\xaa\xff\x1b~\x07xm\xae\xba\xea\x7f\
\x0e\xc4UW\xfd\xcfs\x118\xceUW]u\xd5\xff\
\x0d\xbb\xc0\x09\xae\xba\xea\x7f\x0e\xc4UW\xfd\xcfc\xae\
\xba\xea\xaa\xab\xfeo\x11W]\xf5?\x07\xe2\xaa\xab\xfe\
gym\xe0\xb7\xb8\xea\xaa\xab\xae\xfa\xbf\xe5u\x80\xdf\
\xe6\xaa\xab\xfeg@\x5cu\xd5\xff,\xef\x0d|\x17W\
]u\xd5U\xff\xb7\xbc\x0f\xf0\xdd\x5cu\xd5\xff\x0c\x88\
\xab\xae\xfa\x9f\xe5\xb3\x81\xcf\xe2\xaa\xab\xae\xba\xea\xff\x96\
\xcf\x01>\x9b\xab\xae\xfa\x9f\x01q\xd5U\xff\xb3\xfc6\
\xf0Z\x5cu\xd5UW\xfd\xdf\xf2;\xc0ks\xd5U\
\xff3 \xae\xba\xea\x7f\x96\xbf\x02^\x9a\xab\xae\xba\xea\
\xaa\xff[\xfe\x1ax\x19\xae\xba\xea\x7f\x06\xc4UW\xfd\
\xcfb\xae\xba\xea\xaa\xab\xfeo\x12W]\xf5?\x03\xe2\
\xaa\xab\xfe\xe7xi\xe0\xaf\xb8\xea\xaa\xab\xae\xfa\xbf\xe9\
e\x80\xbf\xe6\xaa\xab\xfe\xfb!\xae\xba\xea\x7f\x8e\xb7\x06\
~\x8a\xab\xae\xba\xea\xaa\xff\x9b\xde\x06\xf8i\xae\xba\xea\
\xbf\x1f\xe2\xaa\xab\xfe\xe7\xf8l\xe0\xb3\xb8\xea\xaa\xab\xae\
\xfa\xbf\xe9s\x80\xcf\xe6\xaa\xab\xfe\xfb!\xae\xba\xea\x7f\
\x8e\xef\x06\xde\x8b\xab\xae\xba\xea\xaa\xff\x9b\xbe\x07xo\
\xae\xba\xea\xbf\x1f\xe2\xaa\xab\xfe\xe7\xf8m\xe0\xb5\xb8\xea\
\xaa\xab\xae\xfa\xbf\xe9w\x80\xd7\xe6\xaa\xab\xfe\xfb!\xae\
\xba\xea\x7f\x0es\xd5UW]\xf5\x7f\x9b\xb8\xea\xaa\xff\
~\x88\xab\xae\xfa\x9f\xe1\xc1\xc0\xd3\xb9\xea\xaa\xab\xae\xfa\
\xbf\xed!\xc0\xad\x5cu\xd5\x7f/\xc4UW\xfd\xcf\xf0\
\xda\xc0oq\xd5UW]\xf5\x7f\xdb\xeb\x00\xbf\xcdU\
W\xfd\xf7B\x5cu\xd5\xff\x0c\x1f\x0d|\x15W]u\
\xd5U\xff\xb7}\x0c\xf0\xd5\x5cu\xd5\x7f/\xc4UW\
\xfd\xcf\xf0\xd5\xc0Gq\xd5UW]\xf5\x7f\xdb\xd7\x00\
\x1f\xcdUW\xfd\xf7B\x5cu\xd5\xff\x0c\xbf\x0d\xbc\x16\
W]u\xd5U\xff\xb7\xfd\x0e\xf0\xda\x5cu\xd5\x7f/\
\xc4UW\xfd\xcfp\x118\xceUW]u\xd5\xffm\
\xbb\xc0\x09\xae\xba\xea\xbf\x17\xe2\xaa\xab\xfeg0W]\
u\xd5U\xff?\x88\xab\xae\xfa\xef\x85\xb8\xea\xaa\xff~\
\xaf\x0d\xfc\x16W]u\xd5U\xff?\xbc\x0e\xf0\xdb\x5c\
u\xd5\x7f\x1f\xc4UW\xfd\xf7{o\xe0\xbb\xb8\xea\xaa\
\xab\xae\xfa\xff\xe1}\x80\xef\xe6\xaa\xab\xfe\xfb \xae\xba\
\xea\xbf\xdfg\x03\x9f\xc5UW]u\xd5\xff\x0f\x9f\x03\
|6W]\xf5\xdf\x07q\xd5U\xff\xfd~\x1bx-\
\xae\xba\xea\xaa\xab\xfe\x7f\xf8\x1d\xe0\xb5\xb9\xea\xaa\xff>\
\x88\xab\xae\xfa\xef\xf7W\xc0Ks\xd5UW]\xf5\xff\
\xc3\xad\xc0C\xb8\xea\xaa\xff>\x88\xab\xae\xfa\xefg\xae\
\xba\xea\xaa\xab\xfe\x7f\x11W]\xf5\xdf\x07q\xd5U\xff\
\xbd^\x1a\xf8+\xae\xba\xea\xaa\xab\xfe\x7fy\x19\xe0\xaf\
\xb9\xea\xaa\xff\x1e\x88\xab\xae\xfa\xef\xf5\xd6\xc0Oq\xd5\
UW]\xf5\xff\xcb\xdb\x00?\xcdUW\xfd\xf7@\x5c\
u\xd5\x7f\xaf\xcf\x06>\x8b\xab\xae\xba\xea\xaa\xff_>\
\x07\xf8l\xae\xba\xea\xbf\x07\xe2\xaa\xab\xfe{}7\xf0\
^\x5cu\xd5UW\xfd\xff\xf23\xc0[s\xd5U\xff\
=\x10W]\xf5\xdf\xeb\xb7\x81\xd7\xe2\xaa\xab\xae\xba\xea\
\xff\x97\xdf\x01^\x9b\xab\xae\xfa\xef\x81\xb8\xea\xaa\xff^\
\xe6\xaa\xab\xae\xba\xea\xff'q\xd5U\xff=\x10W]\
\xf5\xdf\xe78p\x91\xab\xae\xba\xea\xaa\xff\x9f\x1e\x02\xdc\
\xcaUW\xfd\xd7C\x5cu\xd5\x7f\x9f\xd7\x06~\x8b\xab\
\xae\xba\xea\xaa\xff\x9f^\x07\xf8m\xae\xba\xea\xbf\x1e\xe2\
\xaa\xab\xfe\xfb|4\xf0U\x5cu\xd5UW\xfd\xff\xf4\
9\xc0gs\xd5U\xff\xf5\x10W]\xf5\xdf\xe7\xab\x81\
\x8f\xe2\xaa\xab\xae\xba\xea\xff\xa7\xaf\x01>\x9a\xab\xae\xfa\
\xaf\x87\xb8\xea\xaa\xff>\xbf\x0d\xbc\x16W]u\xd5U\
\xff?\xfd\x0e\xf0\xda\x5cu\xd5\x7f=\xc4UW\xfd\xf7\
y:\xf0`\xae\xba\xea\xaa\xab\xfe\x7f\xda\x05Np\xd5\
U\xff\xf5\x10W]\xf5\xdf\xc7\x5cu\xd5UW\xfd\xff\
v\x02\xd8\xe5\xaa\xab\xfek!\xae\xba\xea\xbf\xc7k\x03\
\xbf\xc5UW]u\xd5\xffo\xaf\x03\xfc6W]\xf5\
_\x0bq\xd5U\xff=\xde\x1b\xf8.\xae\xba\xea\xaa\xab\
\xfe\x7f{\x1f\xe0\xbb\xb9\xea\xaa\xffZ\x88\xab\xae\xfa\xef\
\xf1\xd9\xc0gq\xd5UW]\xf5\xff\xdb\xe7\x00\x9f\xcd\
UW\xfd\xd7B\x5cu\xd5\x7f\x8f\x9f\x06\xde\x8a\xab\xae\
\xba\xea\xaa\xff\xdf~\x07xm\xae\xba\xea\xbf\x16\xe2\xaa\
\xab\xfe{\xfc\x15\xf0\xd2\x5cu\xd5UW\xfd\xffv+\
\xf0\x10\xae\xba\xea\xbf\x16\xe2\xaa\xab\xfe{\x98\xab\xae\xba\
\xea\xaa\xab\x00\xc4UW\xfd\xd7B\x5cu\xd5\x7f\xbd\x97\
\x06\xfe\x8a\xab\xae\xba\xea\xaa\xab\x00^\x06\xf8k\xae\xba\
\xea\xbf\x0e\xe2\xaa\xab\xfe\xeb\xbd6\xf0[\x5cu\xd5U\
W]\x05\xf06\xc0Os\xd5U\xffu\x10W]\xf5\
_\xef\xb3\x81\xcf\xe2\xaa\xab\xae\xba\xea*\x80\xcf\x01>\
\x9b\xab\xae\xfa\xaf\x83\xb8\xea\xaa\xffz\xdf\x0d\xbc\x17W\
]u\xd5UW\x01\xfc\x0c\xf0\xd6\x5cu\xd5\x7f\x1d\xc4\
UW\xfd\xd7\xfbm\xe0\xb5\xb8\xea\xaa\xab\xae\xba\x0a\xe0\
w\x80\xd7\xe6\xaa\xab\xfe\xeb \xae\xba\xea\xbf\x9e\xb9\xea\
\xaa\xab\xae\xba\xea\x81\xc4UW\xfd\xd7A\x5cu\xd5\x7f\
\xad\xe3\xc0E\xae\xba\xea\xaa\xab\xaez\xa0\x87\x00\xb7r\
\xd5U\xff5\x10W]\xf5_\xeb\xb5\x81\xdf\xe2\xaa\xab\
\xae\xba\xea\xaa\x07z\x1d\xe0\xb7\xb9\xea\xaa\xff\x1a\x88\xab\
\xae\xfa\xaf\xf5\xd1\xc0Wq\xd5UW]u\xd5\x03}\
\x0e\xf0\xd9\x5cu\xd5\x7f\x0d\xc4UW\xfd\xd7\xfaj\xe0\
\xa3\xb8\xea\xaa\xab\xae\xba\xea\x81\xbe\x06\xf8h\xae\xba\xea\
\xbf\x06\xe2\xaa\xab\xfek\xfd6\xf0Z\x5cu\xd5UW\
]\xf5@\xbf\x03\xbc6W]\xf5_\x03q\xd5U\xff\
\xb5\x9e\x0e<\x98\xab\xae\xba\xea\xaa\xab\x1eh\x178\xc1\
UW\xfd\xd7@\x5cu\xd5\x7f-s\xd5UW]u\
\xd5\xf3s\x02\xd8\xe5\xaa\xab\xfe\xf3!\xae\xba\xea\xbf\xce\
k\x03\xbf\xc5UW]u\xd5U\xcf\xcf\xeb\x00\xbf\xcd\
UW\xfd\xe7C\x5cu\xd5\x7f\x9d\xf7\x06\xbe\x8b\xab\xae\
\xba\xea\xaa\xab\x9e\x9f\xf7\x01\xbe\x9b\xab\xae\xfa\xcf\x87\xb8\
\xea\xaa\xff:\x9f\x0d|\x16W]u\xd5UW=?\
\x9f\x03|6W]\xf5\x9f\x0fq\xd5U\xffu~\x1a\
x+\xae\xba\xea\xaa\xab\xaez~~\x07xm\xae\xba\
\xea?\x1f\xe2\xaa\xab\xfe\xeb\xfc\x15\xf0\xd2\x5cu\xd5U\
W]\xf5\xfc\xdc\x0a<\x84\xab\xae\xfa\xcf\x87\xb8\xea\xaa\
\xff:\xe6\xaa\xab\xae\xba\xea\xaa\x17F\x5cu\xd5\x7f>\
\xc4UW\xfd\xd7xi\xe0\xaf\xb8\xea\xaa\xab\xae\xba\xea\
\x85y\x1d\xe0\xb7\xb9\xea\xaa\xff\x5c\x88\xab\xae\xfa\xaf\xf1\
\xda\xc0oq\xd5UW]u\xd5\x0b\xf36\xc0Os\
\xd5U\xff\xb9\x10W]\xf5_\xe3\xb3\x81\xcf\xe2\xaa\xab\
\xae\xba\xea\xaa\x17\xe6s\x80\xcf\xe6\xaa\xab\xfes!\xae\
\xba\xea\xbf\xc6w\x03\xef\xc5UW]u\xd5U/\xcc\
\xcf\x00o\xcdUW\xfd\xe7B\x5cu\xd5\x7f\x8d\xdf\x06\
^\x8b\xab\xae\xba\xea\xaa\xab^\x98\xbf\x06^\x86\xab\xae\
\xfa\xcf\x85\xb8\xea\xaa\xff\x1a\xe6\xaa\xab\xae\xba\xea\xaa\x17\
\x85\xb8\xea\xaa\xff\x5c\x88\xab\xae\xfa\xcfw\x1c\xb8\xc8U\
W]u\xd5U/\x8a\x87\x00\xb7r\xd5U\xffy\x10\
W]\xf5\x9f\xef\xb5\x81\xdf\xe2\xaa\xab\xae\xba\xea\xaa\x17\
\xc5\xeb\x00\xbf\xcdUW\xfd\xe7A\x5cu\xd5\x7f\xbe\x8f\
\x06\xbe\x8a\xab\xae\xba\xea\xaa\xab^\x14\x9f\x03|6W\
]\xf5\x9f\x07q\xd5U\xff\xf9\xbe\x1a\xf8(\xae\xba\xea\
\xaa\xab\xaezQ|\x0f\xf0\xde\x5cu\xd5\x7f\x1e\xc4U\
W\xfd\xe7\xfbm\xe0\xb5\xb8\xea\xaa\xab\xae\xba\xeaE\xf1\
;\xc0ks\xd5U\xffy\x10W]\xf5\x9f\xef\xe9\xc0\
\x83\xb9\xea\xaa\xab\xae\xba\xeaE\xb1\x0b\x9c\xe0\xaa\xab\xfe\
\xf3 \xae\xba\xea?\x9f\xb9\xea\xaa\xab\xae\xba\xea_\xe3\
\x04\xb0\xcbUW\xfd\xe7@\x5cu\xd5\x7f\xae\xd7\x06~\
\x8b\xab\xae\xba\xea\xaa\xab\xfe5^\x07\xf8m\xae\xba\xea\
?\x07\xe2\xaa\xab\xfes\xbd5\xf0S\x5cu\xd5UW\
]\xf5\xaf\xf11\xc0Ws\xd5U\xff9\x10W]\xf5\
\x9f\xeb\xb3\x81\xcf\xe2\xaa\xab\xae\xba\xea\xaa\x7f\x8d\xcf\x01\
>\x9b\xab\xae\xfa\xcf\x81\xb8\xea\xaa\xff\x5c?\x0d\xbc\x15\
W]u\xd5UW\xfdk\xfc\x0e\xf0\xda\x5cu\xd5\x7f\
\x0e\xc4UW\xfd\xe7\xfa+\xe0\xa5\xb9\xea\xaa\xab\xae\xba\
\xea_\xe3V\xe0!\x5cu\xd5\x7f\x0e\xc4UW\xfd\xe7\
2W]u\xd5UW\xfd[\x88\xab\xae\xfa\xcf\x81\xb8\
\xea\xaa\xff<\x0f\x06\x9e\xceUW]u\xd5U\xff\x16\
\xaf\x03\xfc6W]\xf5\x1f\x0fq\xd5U\xffy^\x1b\
\xf8-\xae\xba\xea\xaa\xab\xae\xfa\xb7x\x1b\xe0\xa7\xb9\xea\
\xaa\xffx\x88\xab\xae\xfa\xcf\xf3\xd9\xc0gq\xd5UW\
]u\xd5\xbf\xc5\xe7\x00\x9f\xcdUW\xfd\xc7C\x5cu\
\xd5\x7f\x9e\xef\x06\xde\x8b\xab\xae\xba\xea\xaa\xab\xfe-~\
\x06xk\xae\xba\xea?\x1e\xe2\xaa\xab\xfe\xf3\xfc6\xf0\
Z\x5cu\xd5UW]\xf5o\xf1\xd7\xc0\xcbp\xd5U\
\xff\xf1\x10W]\xf5\x9f\xe7\x22p\x9c\xab\xae\xba\xea\xaa\
\xab\xfe\xad\xc4UW\xfd\xc7C\x5cu\xd5\x7f\x8e\xe3\xc0\
E\xae\xba\xea\xaa\xab\xae\xfa\xf7x\x08p+W]\xf5\
\x1f\x0bq\xd5U\xff9^\x1b\xf8-\xae\xba\xea\xaa\xab\
\xae\xfa\xf7x\x1d\xe0\xb7\xb9\xea\xaa\xffX\x88\xab\xae\xfa\
\xcf\xf1\xd1\xc0Wq\xd5UW]u\xd5\xbf\xc7\xe7\x00\
\x9f\xcdUW\xfd\xc7B\x5cu\xd5\x7f\x8e\xcf\x06>\x8b\
\xab\xae\xba\xea\xaa\xab\xfe=\xbe\x07xo\xae\xba\xea?\
\x16\xe2\xaa\xab\xfes\xfc6\xf0Z\x5cu\xd5UW]\
\xf5\xef\xf1;\xc0ks\xd5U\xff\xb1\x10W]\xf5\x9f\
\xe3\xe9\xc0\x83\xb9\xea\xaa\xab\xae\xba\xea\xdfc\x178\xc1\
UW\xfd\xc7B\x5cu\xd5\x7f\x0es\xd5UW]u\
\xd5\x7f\x84\x13\xc0.W]\xf5\x1f\x07q\xd5U\xff\xf1\
^\x1b\xf8-\xae\xba\xea\xaa\xab\xae\xfa\x8f\xf0:\xc0o\
s\xd5U\xffq\x10W]\xf5\x1f\xef\xad\x81\x9f\xe2\xaa\
\xab\xae\xba\xea\xaa\xff\x08\x1f\x03|5W]\xf5\x1f\x07\
q\xd5U\xff\xf1>\x1b\xf8,\xae\xba\xea\xaa\xab\xae\xfa\
\x8f\xf09\xc0gs\xd5U\xffq\x10W]\xf5\x1f\xef\
\xa7\x81\xb7\xe2\xaa\xab\xae\xba\xea\xaa\xff\x08\xbf\x03\xbc6\
W]\xf5\x1f\x07q\xd5U\xff\xf1\xfe\x0axi\xae\xba\
\xea\xaa\xab\xae\xfa\x8fp+\xf0\x10\xae\xba\xea?\x0e\xe2\
\xaa\xab\xfe\xe3\x99\xab\xae\xba\xea\xaa\xab\xfe#\x89\xab\xae\
\xfa\x8f\x83\xb8\xea\xaa\xffX\x0f\x06\x9e\xceUW]u\
\xd5U\xff\x91^\x07\xf8m\xae\xba\xea?\x06\xe2\xaa\xab\
\xfec\xbd6\xf0[\x5cu\xd5\xff|\xcf\x00n\x05^\
\x8b\xab\xae\xfa\x9f\xef}\x80\xef\xe6\xaa\xab\xfec \xae\
\xba\xea?\xd6g\x03\x9f\xc5UW\xfd\xcf\xf5\x0c\xe0\xb3\
\x81\xef\xe6\x8a\xb7\x06\xbe\x1ax\x10W]\xf5?\xd7\xe7\
\x00\x9f\xcdUW\xfd\xc7@\x5cu\xd5\x7f\xac\xef\x06\xde\
\x8b\xab\xae\xfa\x9f\xe7\x19\xc0g\x03\xdf\xcd\xf3\xf7\xde\xc0\
g\x03\x0f\xe2\xaa\xab\xfe\xe7\xf9\x19\xe0\xad\xb9\xea\xaa\xff\
\x18\x88\xab\xae\xfa\x8f\xf5\xdb\xc0kq\xd5U\xffs\x5c\
\x02\xbe\x1a\xf8l^4\xef\x0d|6\xf0 \xae\xba\xea\
\x7f\x8e\xbf\x06^\x86\xab\xae\xfa\x8f\x81\xb8\xea\xaa\xffX\
\x17\x81\xe3\x5cu\xd5\x7f\xbfK\xc0W\x03_\x0d\xec\xf2\
\xaf\xf7\xde\xc0g\x03\x0f\xe2\xaa\xab\xfeg\x10W]\xf5\
\x1f\x03q\xd5U\xffq\x8e\x03\x17\xb9\xea\xaa\xff^\x97\
\x80\xaf\x06\xbe\x1a\xd8\xe5\xdf\xef\xbd\x81\xcf\x06\x1e\xc4U\
W\xfd\xf7z\x19\xe0\xaf\xb9\xea\xaa\x7f?\xc4UW\xfd\
\xc7ym\xe0\xb7\xb8\xea\xaa\xff\x1e\x97\x80\xaf\x06\xbe\x1a\
\xd8\xe5?\xde{\x03\x9f\x0d<\x88\xab\xae\xfa\xef\xf1:\
\xc0os\xd5U\xff~\x88\xab\xae\xfa\x8f\xf3\xd1\xc0W\
q\xd5U\xff\xb5.\x01_\x0d|5\xb0\xcb\x7f\xbe\xf7\
\x06>\x1bx\x10W]\xf5_\xebs\x80\xcf\xe6\xaa\xab\
\xfe\xfd\x10W]\xf5\x1f\xe7\xb3\x81\xcf\xe2\xaa\xab\xfek\
\x5c\x02\xbe\x1a\xf8j`\x97\xffz\xef\x0d|5p\x8c\
\xab\xae\xfa\xaf\xf1=\xc0{s\xd5U\xff~\x88\xab\xae\
\xfa\x8f\xf3\xdb\xc0kq\xd5U\xff\xb9.\x01_\x0d|\
5\xb0\xcb\x7f\xaf\xe3\xc0G\x03\x1f\x0d\x1c\xe3\xaa\xab\xfe\
s\xfd\x0e\xf0\xda\x5cu\xd5\xbf\x1f\xe2\xaa\xab\xfe\xe3<\
\x1dx0W]\xf5\x9f\xe7s\x80\xaf\x06v\xf9\x9f\xe5\
8\xf0\xd1\xc0G\x03\xc7\xb8\xea\xaa\xff<\xe2\xaa\xab\xfe\
\xfd\x10W]\xf5\x1f\xc7\x5cu\xd5\x7f\x8e\xef\x01>\x1b\
\xb8\x95\xff\xd9\x8e\x03\x1f\x0d|4p\x8c\xab\xae\xfa\x8f\
w\x02\xd8\xe5\xaa\xab\xfe}\x10W]\xf5\x1f\xe3\xb5\x81\
\xdf\xe2\xaa\xab\xfec}\x0f\xf0\xd9\xc0\xad\xfc\xefr\x1c\
\xf8h\xe0\xa3\x81c\x5cu\xd5\x7f\x9c\xd7\x01~\x9b\xab\
\xae\xfa\xf7A\x5cu\xd5\x7f\x8c\xb7\x06~\x8a\xab\xae\xfa\
\x8f\xf1=\xc0g\x03\xb7\xf2\xbf\xdbq\xe0\xa3\x81\x8f\x06\
\x8eq\xd5U\xff~\x1f\x03|5W]\xf5\xef\x83\xb8\
\xea\xaa\xff\x18\x9f\x0d|\x16W]\xf5\xef\xf3=\xc0g\
\x03\xb7\xf2\x7f\xcbq\xe0\xa3\x81\x8f\x06\x8eq\xd5U\xff\
v_\x03|4W]\xf5\xef\x83\xb8\xea\xaa\xff\x18?\
\x0d\xbc\x15W]\xf5o\xf3=\xc0g\x03\xb7\xf2\x7f\xdb\
q\xe0\xa3\x81\x8f\x06\x8eq\xd5U\xffz\xbf\x03\xbc6\
W]\xf5\xef\x83\xb8\xea\xaa\xff\x18\xbf\x0d\xbc\x16W]\
\xf5\xaf\xf3=\xc0g\x03\xb7\xf2\xff\xcb\x83\x81\xcf\x06\xde\
\x8b\xab\xae\xfa\xd7\xb9\x15x\x08W]\xf5\xef\x83\xb8\xea\
\xaa\xff\x18\xe6\xaa\xab^t\xdf\x03|6p+\xff\xbf\
=\x18\xf8l\xe0\xbd\xb8\xea\xaa\x17\x9d\xb8\xea\xaa\x7f\x1f\
\xc4UW\xfd\xfb=\x18x:W]\xf5/\xfb\x1d\xe0\
\xa3\x81\xbf\xe6\xaa\x07z0\xf0\xd9\xc0{q\xd5U\xff\
\xb2\xd7\x01~\x9b\xab\xae\xfa\xb7C\x5cu\xd5\xbf\xdfk\
\x03\xbf\xc5UW\xbd`\xbf\x03|6\xf0\xdb\x5c\xf5\xc2\
<\x18\xf8l\xe0\xbd\xb8\xea\xaa\x17\xec}\x80\xef\xe6\xaa\
\xab\xfe\xed\x10W]\xf5\xef\xf7\xd9\xc0gq\xd5U\xcf\
\xebw\x80\xcf\x06~\x9b\xab\xfe5\x1e\x0c|6\xf0^\
\x5cu\xd5\xf3\xfa\x1c\xe0\xb3\xb9\xea\xaa\x7f;\xc4UW\
\xfd\xfb}5\xf0Q\x5cu\xd5\xb3\xfd\x0e\xf0\xd9\xc0o\
s\xd5\xbf\xc7\x83\x81\xcf\x06\xde\x8b\xab\xaez\xb6\x9f\x01\
\xde\x9a\xab\xae\xfa\xb7C\x5cu\xd5\xbf\xdfo\x03\xaf\xc5\
UW\xc1\xef\x00\x9f\x0d\xfc6W\xfdGz0\xf0\xd9\
\xc0{q\xd5U\xf0\xd7\xc0\xcbp\xd5U\xffv\x88\xab\
\xae\xfa\xf7\xbb\x08\x1c\xe7\xaa\xff\xcf~\x07\xf8l\xe0\xb7\
\xb9\xea?\xd3K\x03_\x0d\xbc\x16W\xfd\x7f'\xae\xba\
\xea\xdf\x0eq\xd5U\xff>\xc7\x81\x8b\x5c\xf5\xff\xd5\xef\
\x00\x9f\x0d\xfc6W\xfdWzm\xe0\xb3\x81\xd7\xe2\xaa\
\xff\xaf^\x06\xf8k\xae\xba\xea\xdf\x06q\xd5U\xff>\
\xaf\x0d\xfc\x16W\xfd\x7f\xf3;\xc0g\x03\xbf\xcdU\xff\
\x9d^\x1b\xf8l\xe0\xb5\xb8\xea\xff\x9b\xd7\x01~\x9b\xab\
\xae\xfa\xb7A\x5cu\xd5\xbf\xcf{\x03\xdf\xc5U\xff_\
<\x03\xf8l\xe0\xbb\xb9\xea\x7f\x92\xd7\x06>\x1bx-\
\xae\xfa\xff\xe2s\x80\xcf\xe6\xaa\xab\xfem\x10W]\xf5\
\xef\xf3\xd9\xc0gq\xd5\xffu\xcf\x00>\x1b\xf8n\xae\
\xfa\x9f\xec\xb5\x81\xcf\x06^\x8b\xab\xfe\xaf\xfb\x1e\xe0\xbd\
\xb9\xea\xaa\x7f\x1b\xc4UW\xfd\xfb\xfc6\xf0Z\x5c\xf5\
\x7f\xd53\x80\xcf\x06\xbe\x9b\xab\xfe7ym\xe0\xb3\x81\
\xd7\xe2\xaa\xff\xab~\x07xm\xae\xba\xea\xdf\x06q\xd5\
U\xff>O\x07\x1e\xccU\xff\xd7<\x03\xf8l\xe0\xbb\
\xb9\xea\x7f\xb3\xd7\x06>\x1bx-\xae\xfa\xbfH\x5cu\
\xd5\xbf\x0d\xe2\xaa\xab\xfe}\xccU\xff\x97<\x03\xf8l\
\xe0\xbb\xb9\xea\xff\x92\xd7\x06\xbe\x1bx\x10W\xfd_r\
\x02\xd8\xe5\xaa\xab\xfe\xf5\x10W]\xf5o\xf7\xd2\xc0_\
q\xd5\xff\x05\xcf\x00>\x1b\xf8n\xae\xfa\xbf\xec\xbd\x81\
\xcf\x06\x1e\xc4U\xff\x17\xbc\x0e\xf0\xdb\x5cu\xd5\xbf\x1e\
\xe2\xaa\xab\xfe\xed\xde\x1a\xf8)\xae\xfa\xdf\xec\x19\xc0g\
\x03\xdf\xcdU\xff\x9f\xbc7\xf0\xd9\xc0\x83\xb8\xea\x7f\xb3\
\x8f\x01\xbe\x9a\xab\xae\xfa\xd7C\x5cu\xd5\xbf\xddg\x03\
\x9f\xc5U\xff\x1b]\x02>\x1b\xf8j\xae\xfa\xff\xec\xbd\
\x81\xcf\x06\x1e\xc4U\xff\x1b}\x0d\xf0\xd1\x5cu\xd5\xbf\
\x1e\xe2\xaa\xab\xfe\xed~\x1ax+\xae\xfa\xdf\xe4\x12\xf0\
\xd5\xc0W\x03\xbb\x5cu\xd5\x15\xef\x0d|6\xf0 \xae\
\xfa\xdf\xe4w\x80\xd7\xe6\xaa\xab\xfe\xf5\x10W]\xf5o\
\xf7\xdb\xc0kq\xd5\xff\x06\x97\x80\xaf\x06\xbe\x1a\xd8\xe5\
\xaa\xab\x9e\xbf\xf7\x06>\x1bx\x10W\xfdop+\xf0\
\x10\xae\xba\xea_\x0fq\xd5U\xffv\xe6\xaa\xff\xe9.\
\x01_\x0d|5\xb0\xcbUW\xbdh\xde\x1b\xf8l\xe0\
A\x5c\xf5?\x9d\xb8\xea\xaa\x7f=\xc4UW\xfd\xdb<\
\x18x:W\xfdOu\x09\xf8j\xe0\xab\x81]\xae\xba\
\xea\xdf\xe6\xbd\x81\xcf\x06\x1e\xc4U\xffS\xbd\x0e\xf0\xdb\
\x5cu\xd5\xbf\x0e\xe2\xaa\xab\xfem^\x1b\xf8-\xae\xfa\
\x9f\xe6\x12\xf0\xd5\xc0W\x03\xbb\x5cu\xd5\xbf\xdfq\xe0\
\xa3\x81\x8f\x06\x8eq\xd5\xff4\xef\x03|7W]\xf5\
\xaf\x83\xb8\xea\xaa\x7f\x9b\xcf\x06>\x8b\xab\xfe\xa7\xb8\x04\
|5\xf0\xd5\xc0.W]\xf5\x1f\xef8\xf0\xd1\xc0G\
\x03\xc7\xb8\xea\x7f\x8a\xcf\x01>\x9b\xab\xae\xfa\xd7A\x5c\
u\xd5\xbf\xcdW\x03\x1f\xc5U\xff\xdd.\x01_\x0d|\
5\xb0\xcbUW\xfd\xe7;\x0e|4\xf0\xd1\xc01\xae\
\xfa\xef\xf6;\xc0ks\xd5U\xff:\x88\xab\xae\xfa\xb7\
\xf9m\xe0\xb5\xb8\xea\xbf\xd3\xf7\x00\x1f\x0d\xecr\xd5U\
\xff\xf5\x8e\x03\x1f\x0d|4p\x8c\xab\xfe\xbb\xfc5\xf0\
2\x5cu\xd5\xbf\x0e\xe2\xaa\xab\xfem.\x02\xc7\xb9\xea\
\xbf\xc3\xf7\x00\x9f\x0d\xdc\xcaUW\xfd\xf7;\x0e|4\
\xf0\xd1\xc01\xae\xfa\xef \xae\xba\xea_\x07q\xd5U\
\xffz\xc7\x81\x8b\x5c\xf5_\xed{\x80\xcf\x06n\xe5\xaa\
\xab\xfe\xe79\x0e|4\xf0\xd1\xc01\xae\xfa\xaf\xf42\
\xc0_s\xd5U/:\xc4UW\xfd\xeb\xbd6\xf0[\
\x5c\xf5_\xe5{\x80\xcf\x06n\xe5\xaa\xab\xfe\xe7;\x0e\
|4\xf0\xd1\xc01\xae\xfa\xaf\xf06\xc0Os\xd5U\
/:\xc4UW\xfd\xeb\xbd7\xf0]\x5c\xf5\x9f\xed{\
\x80\xcf\x06n\xe5\xaa\xab\xfe\xf79\x0e|5\xf0^\x5c\
\xf5\x9f\xeds\x80\xcf\xe6\xaa\xab^t\x88\xab\xae\xfa\xd7\
\xfbl\xe0\xb3\xb8\xea?\xcb\xf7\x00\x9f\x0d\xdc\xcaUW\
\xfd\xef\xf7`\xe0\xb3\x81\xf7\xe2\xaa\xff,\xdf\x03\xbc7\
W]\xf5\xa2C\x5cu\xd5\xbf\xdeo\x03\xaf\xc5U\xff\
\xd1\xbe\x07\xf8l\xe0V\xae\xba\xea\xff\x9e\x07\x03\x9f\x0d\
\xbc\x17W\xfdG\xfb\x1d\xe0\xb5\xb9\xea\xaa\x17\x1d\xe2\xaa\
\xab\xfe\xf5\x9e\x0e<\x98\xab\xfe\xa3\xfc\x0c\xf0\xd1\xc0\xad\
\x5cu\xd5\xff}\x0f\x06>\x1bx/\xae\xfa\x8f$\xae\
\xba\xeaE\x87\xb8\xea\xaa\x7f=s\xd5\x7f\x84\xdf\x01>\
\x1b\xf8m\xae\xba\xea\xff\x9f\x07\x03\x9f\x0d\xbc\x17W\xfd\
G\x10W]\xf5\xa2C\x5cu\xd5\xbf\x9e\xb9\xea\xdf\xe3\
w\x80\xcf\x06~\x9b\xab\xae\xba\xea\xc1\xc0g\x03\xef\xc5\
U\xff\x1e/\x03\xfc5W]\xf5\xa2A\x5cu\xd5\xbf\
\xceK\x03\x7f\xc5U\xff\x16\xbf\x03|6\xf0\xdb\x5cu\
\xd5U\xcf\xed\xc1\xc0g\x03\xef\xc5U\xff\x16\xaf\x03\xfc\
6W]\xf5\xa2A\x5cu\xd5\xbf\xcek\x03\xbf\xc5U\
\xff\x1a\xbf\x03|6\xf0\xdb\x5cu\xd5U\xff\x92\x07\x03\
\xdf\x0d\xbc\x16W\xfdk\xbc\x0e\xf0\xdb\x5cu\xd5\x8b\x06\
q\xd5U\xff:\x0f\x06\x9e\xceU/\x8a\xdf\x01>\x1b\
\xf8m\xae\xba\xea\xaa\x7f\xad\xd7\x06>\x1bx-\xaez\
Q\xbc\x0e\xf0\xdb\x5cu\xd5\x8b\x06q\xd5U\xffz\xe6\
\xaa\x17\xe6w\x80\xcf\x06~\x9b\xab\xae\xba\xea\xdf\xeb\xb5\
\x81\xcf\x06^\x8b\xab^\x98\xd7\x01~\x9b\xab\xaez\xd1\
 \xae\xba\xea_\xcf\x5c\xf5\xfc\xfc\x0e\xf0\xd9\xc0os\
\xd5UW\xfdG{m\xe0\xb3\x81\xd7\xe2\xaa\xe7\xe7\x04\
\xb0\xcbUW\xbdh\x10W]\xf5\xaf\xf7\xd7\xc0Kq\
\xd5\xfd\x9e\x01\xbc7\xf0\xdb\x5cu\xd5U\xff\xd9^\x1b\
\xf8l\xe0\xb5\xb8\xea~\x97\x80\xe3\x5cu\xd5\x8b\x0eq\
\xd5U\xffz\xdf\x0d\xbc\x17W=\x03\xf8l\xe0\xbb\xb9\
\xea\xaa\xab\xfe\xab\xbd6\xf0\xd9\xc0kq\xd5\xef\x00\xaf\
\xcdUW\xbd\xe8\x10W]\xf5\xaf\xf7\xd1\xc0W\xf1\xff\
\xd73\x80\xcf\x06\xbe\x9b\xab\xae\xba\xea\xbf\xdbk\x03\x9f\
\x0d\xbc\x16\xff\x7f}\x0e\xf0\xd9\x5cu\xd5\x8b\x0eq\xd5\
U\xffz\x0f\x06\x9e\xce\xff?\xcf\x00>\x1b\xf8n\xae\
\xba\xea\xaa\xffi^\x1b\xf8l\xe0\xb5\xf8\xff\xe7e\x80\
\xbf\xe6\xaa\xab^t\x88\xab\xae\xfa\xb7\xf9k\xe0\xa5\xf8\
\xff\xe1\x19\xc0g\x03\xdf\xcdUW]\xf5?\xdd{\x03\
\x9f\x0d<\x88\xff\x1f\x9e\x01<\x98\xab\xae\xfa\xd7A\x5c\
u\xd5\xbf\xcdG\x03_\xc5\xffm\xcf\x00>\x1b\xf8n\
\xae\xba\xea\xaa\xffm\xde\x1b\xf8l\xe0A\xfc\xdf\xf65\
\xc0Gs\xd5U\xff:\x88\xab\xae\xfa\xb79\x0e\xdc\x0a\
\x1c\xe3\xff\x9eg\x00\x9f\x0d|7W]u\xd5\xffv\
\xef\x0d|6\xf0 \xfeoz\x08p+W]\xf5\xaf\
\x83\xb8\xea\xaa\x7f\xbb\xcf\x06>\x8b\xff;\x9e\x01|6\
\xf0\xdd\x5cu\xd5U\xff\xd7\xbc7\xf0\xd9\xc0\x83\xf8\xbf\
\xe3{\x80\xf7\xe6\xaa\xab\xfe\xf5\x10W]\xf5ow\x1c\
\xb8\x158\xc6\xffn\x97\x80\xaf\x06\xbe\x1a\xd8\xe5\xaa\xab\
\xae\xfa\xbf\xec\xbd\x81\xcf\x06\x1e\xc4\xff~\x0f\x01n\xe5\
\xaa\xab\xfe\xf5\x10W]\xf5\xef\xf3\xd6\xc0O\xf1\xbf\xd3\
%\xe0\xab\x81\xaf\x06v\xb9\xea\xaa\xab\xfe?yo\xe0\
\xb3\x81\x07\xf1\xbf\xd3\xe7\x00\x9f\xcdUW\xfd\xdb \xae\
\xba\xea\xdf\xef\xa7\x81\xb7\xe2\x7f\x8fK\xc0W\x03_\x0d\
\xecr\xd5UW\xfd\x7f\xf6\xde\xc0g\x03\x0f\xe2\x7f\x8f\
\xdf\x01^\x9b\xab\xae\xfa\xb7C\x5cu\xd5\xbf\xdfq\xe0\
\xaf\x81\x07\xf1?\xdb%\xe0\xab\x81\xaf\x06v\xb9\xea\xaa\
\xab\xaez\xb6\xcf\x06>\x1a8\xc6\xffl\x97\x80\x97\x06\
n\xe5\xaa\xab\xfe\xed\x10W]\xf5\x1f\xe3\xa5\x81\xdf\x06\
\x8e\xf1?\xcf%\xe0\xab\x81\xaf\x06v\xb9\xea\xaa\xab\xae\
z\xfe\x8e\x03\x1f\x0d|4p\x8c\xffy.\x01\xaf\x0d\
\xfc5W]\xf5\xef\x83\xb8\xea\xaa\xff8/\x0d\xfc6\
p\x8c\xff\x19.\x01_\x0d|5\xb0\xcbUW]u\
\xd5\x8b\xe68\xf0\xd1\xc0G\x03\xc7\xf8\x9f\xe3m\x80\x9f\
\xe6\xaa\xab\xfe\xfd\x10W]\xf5\x1f\xeb\xa5\x81\xdf\x06\x8e\
\xf1\xdf\xe7\x12\xf0\xd5\xc0W\x03\xbb\x5cu\xd5UW\xfd\
\xdb\x1c\x07>\x1a\xf8h\xe0\x18\xff}.\x01o\x0d\xfc\
6W]\xf5\x1f\x03q\xd5U\xff\xf1\x8e\x03\xbf\x0d\xbc\
\x14\xff\xf5>\x07\xf8j`\x97\xab\xae\xba\xea\xaa\xff\x18\
\xc7\x81\x8f\x06>\x1a8\xc6\x7f\xad\xbf\x01\xde\x1b\xf8k\
\xae\xba\xea?\x0e\xe2\xaa\xab\xfe\xf3|6\xf0\xd1\xc01\
\xfe\xf3}\x0f\xf0\xd9\xc0\xad\x5cu\xd5UW\xfd\xe78\
\x0e|4\xf0\xd1\xc01\xfe\xf3}\x0e\xf0\xd5\xc0.W\
]\xf5\x1f\x0bq\xd5U\xff\xb9\x1e\x0c|7\xf0Z\xfc\
\xe7\xf8\x1e\xe0\xb3\x81[\xb9\xea\xaa\xab\xae\xfa\xafq\x1c\
\xf8h\xe0\xa3\x81c\xfc\xc7\xfb\x1d\xe0\xa3\x81\xbf\xe6\xaa\
\xab\xfes \xae\xba\xea\xbf\xc6K\x03\x1f\x0d\xbc\x17\xff\
~\x97\x80\xaf\x06\xbe\x1b\xb8\x95\xab\xae\xba\xea\xaa\xff\x1e\
\xc7\x81\x8f\x06\xde\x1bx\x10\xff~\xdf\x03|7\xf0\xdb\
\x5cu\xd5\x7f.\xc4UW\xfd\xd7:\x0e\xbc7\xf0\xda\
\xc0k\x03\xc7x\xd1<\x03\xf8m\xe0\xa7\x81\x9f\xe6\xaa\
\xab\xae\xba\xea\x7f\x96\xb7\x06\xde\x1axm\xe0A\xbch\
.\x01\xbf\x0d\xfc6\xf0\xd3\xc0\xad\x5cu\xd5\x7f\x0d\xc4\
UW\xfd\xf7zi\xe08\xf0\xda<\x7f\xbf\x0d\xdc\x0a\
\xdc\xcaUW]u\xd5\xff\x0e\xc7\x81\x97\x06^\x9b\xe7\
\xef\xb7\x81]\xe0\xaf\xb9\xea\xaa\xff\x1e\x88\xab\xae\xba\xea\
\xaa\xab\xae\xba\xea\xaa\xab\xfe?A\x5cu\xd5UW]\
u\xd5UW]\xf5\xff\x09\xe2\xaa\xab\xae\xba\xea\xaa\xab\
\xae\xba\xea\xaa\xffO\x10W]u\xd5UW]u\xd5\
UW\xfd\x7f\x82\xb8\xea\xaa\xab\xae\xba\xea\xaa\xab\xae\xba\
\xea\xff\x13\xc4UW]u\xd5UW]u\xd5U\xff\
\x9f \xae\xba\xea\xaa\xab\xae\xba\xea\xaa\xab\xae\xfa\xff\x04\
q\xd5UW]u\xd5UW]u\xd5\xff'\x88\xab\
\xae\xba\xea\xaa\xab\xae\xba\xea\xaa\xab\xfe?A\x5cu\xd5\
UW]u\xd5UW]\xf5\xff\x09\xe2\xaa\xab\xae\xba\
\xea\xaa\xab\xae\xba\xea\xaa\xffO\x10W]u\xd5UW\
]u\xd5UW\xfd\x7f\x82\xb8\xea\xaa\xab\xae\xba\xea\xaa\
\xab\xae\xba\xea\xff\x13\xc4UW]u\xd5UW]u\
\xd5U\xff\x9f \xae\xba\xea\xaa\xab\xae\xba\xea\xaa\xab\xae\
\xfa\xff\x04q\xd5UW]u\xd5UW]u\xd5\xff\
'\x88\xab\xae\xba\xea\xaa\xab\xae\xba\xea\xaa\xab\xfe?A\
\x5cu\xd5UW]u\xd5UW]\xf5\xff\x09\xe2\xaa\
\xab\xae\xba\xea\xaa\xab\xae\xba\xea\xaa\xffO\x10W]u\
\xd5UW]u\xd5UW\xfd\x7f\x82\xb8\xea\xaa\xab\xae\
\xba\xea\xaa\xab\xae\xba\xea\xff\x13\xc4UW]u\xd5U\
W]u\xd5U\xff\x9f \xae\xba\xea\xaa\xab\xae\xba\xea\
\xaa\xab\xae\xfa\xff\x04q\xd5UW]u\xd5UW]\
u\xd5\xff'\x88\xab\xae\xba\xea\xaa\xab\xae\xba\xea\xaa\xab\
\xfe?A\x5cu\xd5UW]u\xd5UW]\xf5\xff\
\x09\xe2\xaa\xab\xae\xba\xea\xaa\xab\xae\xba\xea\xaa\xffO\x10\
W]u\xd5UW]u\xd5UW\xfd\x7f\x82\xb8\xea\
\xaa\xab\xae\xba\xea\xaa\xab\xae\xba\xea\xff\x13\xc4UW]\
u\xd5UW]u\xd5U\xff\x9f \xae\xba\xea\xaa\xab\
\xae\xba\xea\xaa\xab\xae\xfa\xff\x04q\xd5UW]u\xd5\
UW]u\xd5\xff'\x88\xab\xae\xba\xea\xaa\xab\xae\xba\
\xea\xaa\xab\xfe?A\x5cu\xd5UW]u\xd5UW\
]\xf5\xff\x09\xe2\xaa\xab\xae\xba\xea\xaa\xab\xae\xba\xea\xaa\
\xffO\x10W]u\xd5UW]u\xd5UW\xfd\x7f\
\x82\xb8\xea\xaa\xab\xae\xba\xea\xaa\xab\xae\xba\xea\xff\x13\xc4\
UW]u\xd5UW]u\xd5U\xff\x9f \xae\xba\
\xea\xaa\xab\xae\xba\xea\xaa\xab\xae\xfa\xff\x04q\xd5UW\
]u\xd5UW]u\xd5\xff'\x88\xab\xae\xba\xea\xaa\
\xab\xae\xba\xea\xaa\xab\xfe?A\x5cu\xd5UW]u\
\xd5UW]\xf5\xff\x09\xe2\xaa\xab\xae\xba\xea\xaa\xab\xae\
\xba\xea\xaa\xffO\x10W]u\xd5UW]u\xd5U\
W\xfd\x7f\x82\xb8\xea\xaa\xab\xae\xba\xea\xaa\xab\xae\xba\xea\
\xff\x13\xc4UW]u\xd5UW]u\xd5U\xff\x9f\
 \xae\xba\xea\xaa\xab\xae\xba\xea\xaa\xab\xae\xfa\xff\x04q\
\xd5UW]u\xd5UW]u\xd5\xff'\x88\xab\xae\
\xba\xea\xaa\xab\xae\xba\xea\xaa\xab\xfe?A\x5cu\xd5U\
W]u\xd5UW]\xf5\xff\x09\xe2\xaa\xab\xae\xba\xea\
\xaa\xab\xae\xba\xea\xaa\xffO\x10W]u\xd5UW]\
u\xd5UW\xfd\x7f\x82\xb8\xea\xaa\xab\xae\xba\xea\xaa\xab\
\xae\xba\xea\xff\x13\xc4UW]u\xd5UW]u\xd5\
U\xff\x9f \xae\xba\xea\xaa\xab\xae\xba\xea\xaa\xab\xae\xfa\
\xff\x04q\xd5UW]u\xd5UW]u\xd5\xff'\
\x88\xab\xae\xba\xea\xaa\xab\xae\xba\xea\xaa\xab\xfe?A\x5c\
u\xd5UW]u\xd5UW]\xf5\xff\x09\xe2\xaa\xab\
\xae\xba\xea\xaa\xab\xae\xba\xea\xaa\xffO\x10W]u\xd5\
UW]u\xd5UW\xfd\x7f\x82\xb8\xea\xaa\xab\xae\xba\
\xea\xaa\xab\xae\xba\xea\xff\x13\xc4UW]u\xd5UW\
]u\xd5U\xff\x9f \xae\xba\xea\xaa\xab\xae\xba\xea\xaa\
\xab\xae\xfa\xff\x04q\xd5UW]u\xd5UW]u\
\xd5\xff'\x88\xab\xae\xba\xea\xaa\xab\xae\xba\xea\xaa\xab\xfe\
?A\x5cu\xd5UW]u\xd5UW]\xf5\xff\x09\
\xe2\xaa\xab\xae\xba\xea\xaa\xab\xae\xba\xea\xaa\xffO\x10W\
]u\xd5UW]u\xd5UW\xfd\x7f\x82\xb8\xea\xaa\
\xab\xae\xba\xea\xaa\xab\xae\xba\xea\xff\x13\xc4UW]u\
\xd5UW]u\xd5U\xff\x9f \xae\xba\xea\xaa\xab\xae\
\xba\xea\xaa\xab\xae\xfa\xff\x04q\xd5UW]u\xd5U\
W]u\xd5\xff'\x88\xab\xae\xba\xea\xaa\xab\xae\xba\xea\
\xaa\xab\xfe?A\x5cu\xd5UW]u\xd5UW]\
\xf5\xff\x09\xe2\xaa\xab\xae\xba\xea\xaa\xab\xae\xba\xea\xaa\xff\
O\x10W]u\xd5UW]u\xd5UW\xfd\x7f\x82\
\xb8\xea\xaa\xab\xae\xba\xea\xaa\xab\xae\xba\xea\xff\x13\xc4U\
W]u\xd5UW]u\xd5U\xff\x9f \xae\xba\xea\
\xaa\xab\xae\xba\xea\xaa\xab\xae\xfa\xff\x04q\xd5UW]\
u\xd5UW]u\xd5\xff'\x88\xab\xae\xba\xea\xaa\xab\
\xae\xba\xea\xaa\xab\xfe?A\x5cu\xd5UW]u\xd5\
UW]\xf5\xff\x09\xff\x08E\xd0\x18\xdb\xee\xf3\xceT\
\x00\x00\x00\x00IEND\xaeB`\x82\
\x00\x00$\xb4\
\x89\
PNG\x0d\x0a\x1a\x0a\x00\x00\x00\x0dIHDR\x00\
\x00\x02\x80\x00\x00\x02\x80\x08\x06\x00\x00\x00\x0c\xcd\xc9#\
\x00\x00\x00\x01sRGB\x00\xae\xce\x1c\xe9\x00\x00\x00\
\x04gAMA\x00\x00\xb1\x8f\x0b\xfca\x05\x00\x00\x00\
\x09pHYs\x00\x00\x0e\xc3\x00\x00\x0e\xc3\x01\xc7o\
\xa8d\x00\x00$IIDATx^\xed\xdd=\x92\
\x1dE\xc2\xefa4\xd7y\xbd\x01\xef\x8d\xb8\x06\xb0\x82\
a\x1c\xdcaV\x80\x88\xeb\x5c\x0ff\x05\x88\x15 V\
\x80X\xc1 G\xae`\x05 \xeb5\x11+@\xac`\
`\x05\xf7\xe6\xbfOU\xe8\xa8\xd5\x1fu\xce\xa9\x8f\xcc\
\xca\xe7\x89\xc8\xa8jM\x8cd\xd0:\xfaufe\xd6\
\x83g\x1f\xbf\x03\x00@G\xfe2\x5c\x01\x00\xe8\x84\x00\
\x04\x00\xe8\x8c\x00\x04\x00\xe8\x8c\x00\x04\x00\xe8\x8c\x00\x04\
\x00\xe8\x8c\x00\x04\x00\xe8\x8c\x00\x04\x00\xe8\x8c\x00\x04\x00\
\xe8\x8c\x00\x04\x00\xe8\x8c\x00\x04\x00\xe8\x8c\x00\x04\x00\xe8\
\x8c\x00\x04\x00\xe8\x8c\x00\x04\x00\xe8\x8c\x00\x04\x00\xe8\x8c\
\x00\x04\x00\xe8\x8c\x00\x04\x00\xe8\x8c\x00\x04\x00\xe8\x8c\x00\
\x04\x00\xe8\x8c\x00\x04\x00\xe8\x8c\x00\x04\x00\xe8\x8c\x00\x04\
\x00\xe8\x8c\x00\x04\x00\xe8\x8c\x00\x04\x00\xe8\x8c\x00\x04\x00\
\xe8\x8c\x00\x04\x00\xe8\x8c\x00\x04\x00\xe8\x8c\x00\x04\x00\xe8\
\x8c\x00\x04\x00\xe8\x8c\x00\x04\x00\xe8\x8c\x00\x04\x00\xe8\x8c\
\x00\x04\x00\xe8\x8c\x00\x04\x00\xe8\x8c\x00\x04\x00\xe8\x8c\x00\
\x04\x00\xe8\x8c\x00\x04\x00\xe8\x8c\x00\x04\x00\xe8\x8c\x00\x04\
\x00\xe8\x8c\x00\x04\x00\xe8\x8c\x00\x04\x00\xe8\x8c\x00\x04\x00\
\xe8\x8c\x00\x04\x00\xe8\x8c\x00\x04\x00\xe8\x8c\x00\x04\x00\xe8\
\x8c\x00\x04\x00\xe8\x8c\x00\x04\x00\xe8\x8c\x00\x04\x00\xe8\x8c\
\x00\x04\x00\xe8\x8c\x00\x04\x00\xe8\x8c\x00\x04\x00\xe8\x8c\x00\
\x04\x00\xe8\x8c\x00\x04\x00\xe8\x8c\x00\x04\x00\xe8\x8c\x00\x04\
\x00\xe8\x8c\x00\x04\x00\xe8\x8c\x00\x04\x00\xe8\x8c\x00\x04\x00\
\xe8\x8c\x00\x04\x00\xe8\x8c\x00\x04\x00\xe8\x8c\x00\x04\x00\xe8\
\x8c\x00\x04\x00\xe8\x8c\x00\x04\x00\xe8\x8c\x00\x04\x00\xe8\x8c\
\x00\x04\x00\xe8\xcc\x83g\x1f\x0fw\x00\x00\xa7\xfb\xa0\x8c\
\xf7\x0f\xb7\xef|T\xc6\xbb\x87\xdbw>\x19\xaeq|\
?zum\xbc,\xe3E\x19\x7f\x94\xc1\xc2\x04 \x00\
p\x9b\x7f\x0c\xd71\xec2r\x1f7E\xdd\x1c\x12\x82\
?\x97\xf1t\xb8g\x01\x02\x10\x00\xfa\x94\x98\xfb\xdbp\
\x1d\x03o\xe9\xb8;Uf\x06\xbf/\xe3\xbb2\xcc\x0c\
\xceH\x00\x02\xc0~\x8d3x\x09\xba\x9bB\xaf\x15\x89\
\xbf\x1f\xca\xf8\xa6\x8cD!\x17\x12\x80\x00\xd0\xb6D\xde\
\x18uy\x1e/c\x0c\xbd=z\x5c\x86\x19\xc1\x0b\x09\
@\x00\xa8\xdf\xb8\xd1\xe2x&o\xcf\x91w\x9f\xcc\x02\
~UFf\x059\x83\x00\x04\x80z$\xea\x12z\xc7\
\x81W\xcb\xf3x5zRFB\x90\x13\x09@\x00X\
_f\xf4\xb2\x01c\x0c\xbdq\xd9\x96\xd3e\xa7\xf0\xbf\
\x86+\x13\x09@\x00XNf\xf0\x12z\x99\xc5\x1b\x9f\
\xcf3\xa37\xbf<\x0f\xf8\xcf2D\xe0D\x02\x10\x00\
\xe6\x91\x19\xbcq\xf96\x91\x97k\xaf\xcf\xe8m!\x11\
\x98\x99@\xcf\x05N \x00\x01\xe0t\xd9y{\xbct\
kV\xaf\x1e\x99\x09\xccA\xd2\xdcA\x00\x02\xc0\xdd\xc6\
\xd8;\x1e\xd4\xcbr\xf0\x04\x02\x10\x00^\x13{\xfb \
\x02\xef!\x00\x01\xe8\xd5\xb8\x13w|^\xcf2\xee\xbe\
$\xfe\xfe~\xb8\xe5:\x01\x08@\x0f\x8ew\xe3\x8e\xb1\
g\x83\xc6\xfe\xe5\x8d!\x8f\x0e\xb7\x1c\x13\x80\x00\xecQ\
f\xf7\xb2\x9c;\x06\x9f\xa5\xdc~}V\x86\x9d\xc1\xd7\
\x08@\x00\xf6`|v/\xc1gv\x8fcym\x5c\
\x96\x82\xbd;\xf8\x88\x00\x04\xa05\xc7\xcb\xb9\xe3\x80\xbb\
|S\xc6\xe3\xc3-!\x00\x01\xa8]\x82o\x5c\xce\xcd\
\xb0\x9c\xcb\xa92\xfb\x97Y\xc0\xcc\x06R\x08@\x00j\
#\xf8X\xc2\xd32\xbe8\xdc\x22\x00\x01\xd8\x9a\xe0c\
\x0d\x99\x05\xfcp\xb8v\xef/\xc3\x15\x00\xd6\x94\xe0\xfb\
\xb6\x8c_\xca\xf8O\x19\xd9\xa5\x99\xe3:\xc4\x1fK\xc9\
\x0f\x1a\x8e\x84\x19\x98\x01\x04`\x0d\x09\xbbD\xdf\xc32\
2\xcb\x07[\xc83\x80\x99\x05\xec\x9e\x00\x04`\x099\
\x87\xef\xd32\xc6e\xdd\xcc\xbe@\x0d\xb2\x19\xa4\xfbW\
\xc4Y\x02\x06`.\x09\xbe,\xeb\xfe6\x8c'ed\
\xc6O\xfcQ\x13\x1bA\x0a3\x80\x00\x9c\xcb\xb2.-\
\xb2\x0c\x5c\x08@\x00\xa6\x1aw\xeb\x8e\xc1\x97e^h\
\xd1{et\xbd\x1b\xd8\x120\x00wI\xe4}Y\xc6\
Oe\x8c\xbbu\xb3\x84&\xfehY\xf7\xbb\xcd\x05 \
\x00\xd7\x8dG\xb4\x1c?\xcbg\x89\x97=\xe9\xfe\xfbY\
\x00\x02\x90\xa5\xdd\xcf\xcb\xf8w\x19\x99\xe5\xfb\xb9\x8c\x9c\
\x97f\x96\x8f\xbd2\x038\x5c\x01\xe8\xcb\xf5\xa5\xdd\xef\
\xcb\xc8\xd2\xae\x1d\xbb\xf4\xa0\xfb\xefs\x01\x08\xd0\x8f1\
\xfa\xf2\xf6\x0dK\xbb\xf4\xec\xaf\xc3\xb5[v\x01\x03\xec\
[\x96\xba\xb2\xbc\x9b\x9d\xbb\x96t\xe1\xb5\x07\xc3\xb5K\
f\x00\x01\xf6'\xd17n\xe2\xc8l\x9f\xe7\xf9\x807\
\x08@\x80}\xc8R\xee\xb8\x89C\xf4\x01w\x12\x80\x00\
\xed:\x9e\xe9\xcbf\x0e\x9b8\x80I\x04 @[,\
\xef\x02\x17\x13\x80\x00\xf5\x13}0\xaf\x17\xc3\xb5[\x02\
\x10\xa0N\x09\xbc\xaf\xcb\x10}\xc0\xec\x04 @=\xc6\
7r$\xf8\x12~\x8f\xcb\x10}0\xbf?\x86k\xb7\
\x04 \xc0\xf6>-\xe3y\x19\xe3\x1b9\xb2\xe4\x0b,\
\xe7\xe5p\xed\x96\x00\x04\xd8F\x22o<\xb6\xe5\x872\
rP3\xc0*\x04 \xc0z\xae?\xd7\xe7\xd8\x16\xd8\
\xc6\xab\xe1\xda-\x01\x08\xb0\xbc<\xd7\x97s\xfa<\xd7\
\x07u\x10\x80\xc3\x15\x80y\x1d/\xf1\xe6\xb9\xbe\xbc\xa9\
\x03\xa0\x0a\x02\x10`>Y\xce\xfd\xb2\x8c,\xefZ\xe2\
\x85z\xd9\x042\x5c\x018_v\xf1\x8e\xb3}O\xca\
\xb0\x8b\x17\xea\xe6\x18\x98\xe1\x0a\xc0i2\xb37n\xe8\
\xc8.\xde\xcc\xf6\x01\xf5\xfbs\xb8vM\x00\x02\x9c&\
\xcf\xf2\x8d\xb3}6t@{\xba_\xfe\x0d\x01\x08p\
\xbf\xf1\xd9\xbe\xcc\xf6e7\xaf\xd9>\xa0i\x02\x10\xe0\
v\xe3N\xde\x84_\x9e\xed3\xdb\x07\xed\xfby\xb8v\
M\x00\x02\xbcm|\x1f\xaf\x9d\xbc\xc0.\x09@\x80\x83\
\xf1-\x1d\xde\xc7\x0b\xfb\xd6\xfd!\xd0!\x00\x81\xde\x8d\
\x9b:\xc6\xb7t\x98\xed\x83}\x13\x80\x85\x00\x04z5\
\xbe\x9e\xcd\xa6\x0e\xe8K\xf7g\x00\x86\x00\x04zr|\
v\x9f\xd7\xb3A\x9f\x1c\x03S\x08@\xa0\x07y\xbe\xef\
x\x99\xd7n^\xa0k\x02\x10\xd8\xb3\xcc\xf0=/#\
\xe1g7/\xf0b\xb8vO\x00\x02{\x94w\xf3\x8e\
\xcf\xf7=\xcc/\x00\xf0\x9a\x00\x04\xf6$\x1b;2\xdb\
\x97w\xf3z\xbe\x0f\xb8\xce!\xd0\x03\x01\x08\xb4\xee\xf8\
5m\xd9\xd8\xe1\xf9>\x80{\x08@\xa0U\xc7;z\
\xbd\xa6\x0d\x98\xc2\x0c\xe0@\x00\x02\xad\x19w\xf4\xe6\x8d\
\x1d\x0en\x068\x83\x00\x04Zq|\x94\x8b\x83\x9b\x81\
s\x98\x01\x1c\x08@\xa0v\xc2\x0f`f\x02\x10\xa8\x95\
\xf0\x03\xe6\xe4\x0c\xc0#\x02\x10\xa8\x8d\xf0\x03X\x98\x00\
\x04j!\xfc\x80%y\xfe\xef\x88\x00\x04\xb6\x96]\xbc\
\xc2\x0fX\xda\x1f\xc3\x95B\x00\x02[9>\xc7O\xf8\
\x01K{9\x5c)\x04 \xb0\xb6\xe3\xf0s\x8e\x1f\xb0\
\x96W\xc3\x95B\x00\x02k\xca\xbbz\x7f)C\xf8\x01\
k\x13\x80G\x04 \xb0\x86\x84_f\xfc\xbc\xab\x17\xd8\
\xc2\xef\xc3\x95\x81\x00\x04\x96\xf4I\x19\x99\xf1\x13~\xc0\
\x96\xcc\xfe]#\x00\x81%$\xf6~\x1a\xc6G\xf9\x05\
\x80\x0d\xd9\x00r\x8d\x00\x04\xe6t|\xa4Kf\xff\x00\
j\xe0\x08\x98k\x04 0\x17G\xba\x00\xb5r\x08\xf4\
5\x02\x10\xb8\xd4\xc32\x1c\xe9\x02\xd4\xcc\x0c\xe05\x02\
\x108W\x96x\xf3\x8c\xdf\xf32l\xf0\x00j\xe6\x19\
\xc0k\x04 p\xaa\xf1\x9d\xbd\x89?\xcf\xf9\x01\xb5s\
\x04\xcc\x0d\x04 p\x8a/\xcb\xc8\xb1.\x9e\xf3\x03Z\
\xe1\x08\x98\x1b\x08@`\x8a\xf1<\xbf'ex\xce\x0f\
h\x89\x0d 7\x10\x80\xc0]\xc6c]\x9c\xe7\x07\xb4\
\xca\x0c\xe0\x0d\x04 p\x9b,\xf7:\xd6\x05h\x9d\x00\
\xbc\x81\x00\x04\xae\xb3\xdc\x0b\xec\x89\x1d\xc07\x10\x80\xc0\
\xc8r/\xb07\x7f\x96\xe1\x0c\xc0\x1b\x08@ >/\
\xc3r/\xb07f\xffn!\x00\xa1o9\xd3/3\
~\xdf\x97a\xb9\x17\xd8\x1b\x01x\x0b\x01\x08\xfd\x1a\xcf\
\xf4s\x983\xb0W\x96\x7fo!\x00\xa1?\xe3\xac\x9f\
M\x1e\xc0\xde9\x03\xf0\x16\x02\x10\xfa\xf2u\x19y\xd6\
\xcf\xac\x1f\xd0\x03G\xc0\xdcB\x00B\x1f\xb2\xab7\xcb\
\xbd\x8f\xaf\xbe\x02\xe8\x83\x00\xbc\x85\x00\x84}\xcb\x12o\
f\xfd\x12\x7f\x8ev\x01z\xf2b\xb8r\x03\x01\x08\xfb\
\x95\xe0\xcb\xb3~f\xfd\x80\x1e\x99\xfd\xbb\x83\x00\x84}\
2\xeb\x07\xf4\xce\x110w\x10\x80\xb0/\xe3\x0e_\xb3\
~@\xef\x04\xe0\x1d\x04 \xec\x87s\xfd\x00^\x13\x80\
w\x10\x80\xd0\xbel\xf4x^\x86s\xfd\x00\x0e\xbc\x03\
\xf8\x1e\x02\x10\xda\xf6\xb0\x8c\x9c\xeb\x97+\x00\x07f\xff\
\xee!\x00\xa1M\x99\xe9\xfb\xb6\x8c\xcc\xfc\x99\xf5\x03x\
\x93\x00\xbc\x87\x00\x84\xf6\x8c\xc7\xbb<\xba\xfa\x0a\x80\xeb\
\x04\xe0=\x04 \xb4\xe5\x8b2\x12\x7f\x8ew\x01\xb8\x9d\
3\x00\xef!\x00\xa1\x0dY\xe6\xfd\xf70,\xf9\x02\xdc\
\xed\xe7\xe1\xca-\x04 \xd4o\x5c\xf2\xcd\xec\x1f\x00w\
\xfb}\xb8r\x07\x01\x08u\xb3\xe4\x0bp\x1a\xcf\xffM\
 \x00\xa1N\x96|\x01\xce#\x00'\x10\x80P\x1fK\
\xbe\x00\xe7\xf3\xfc\xdf\x04\x02\x10\xeab\xc9\x17\xe02f\
\x00'\x10\x80P\x8f\x1c\xecl\xc9\x17\xe0|^\x017\
\x91\x00\x84\xed%\xf82\xeb\xe7`g\x80\xcb\x98\xfd\x9b\
H\x00\xc2\xb6\xb2\xd4\xfbK\x19\x9f\x5c}\x05\xc0%<\
\xff7\x91\x00\x84\xed\x8c\xcf\xfb}p\xf5\x15\x00\x972\
\x038\x91\x00\x84m|]\x86\xe7\xfd\x00\xe6%\x00'\
\x12\x80\xb0\xae\x04\xdf\xf32\x1e_}\x05\xc0\x9c\xbc\x03\
x\x22\x01\x08\xeb\x19\xcf\xf7{x\xf5\x15\x00sz1\
\x5c\x99@\x00\xc2:\xc6\xf8s\xbe\x1f\xc02,\xff\x9e\
@\x00\xc2\xf2\xb2\xd9#;}=\xef\x07\xb0\x1c\x01x\
\x02\x01\x08\xcb\xfa\xb2\x8cl\xf6\x00`Y\x8e\x809\x81\
\x00\x84\xe5$\xfc\x9e\x1cn\x01XP\xde\x00b\x03\xc8\
\x09\x04 \xcc/K\xbd\x89\xbf,\xfd\x02\xb0<\xcb\xbf\
'\x12\x800\xaf\xf1\xb5n\xe2\x0f`=\x96\x7fO$\
\x00a>v\xfa\x02l\xc3\x0c\xe0\x89\x04 \xccC\xfc\
\x01lG\x00\x9eH\x00\xc2\xe5r\xb0s\xe2\xcf1/\
\x00\xeb\xb3\x01\xe4\x0c\x02\x10.\x93g\xfd\xf2j7\xf1\
\x07\xb0\x0d\xcf\xff\x9dA\x00\xc2\xf9\x12\x7f\xce\xf8\x03\xd8\
\x96\xe5\xdf3\x08@8\x8f\xf8\x03\xa8\x83\x19\xc03\x08\
@8\x9d\xf8\x03\xa8\x87\x19\xc03\x08@8\x8d\xf8\x03\
\xa8\xc7\xefe\xfcq\xb8\xe5\x14\x02\x10\xa6\xfb\xb6\x0c\xf1\
\x07P\x0f\xcb\xbfg\x12\x800M\xc2\xef\xd1\xe1\x16\x80\
JX\xfe=\x93\x00\x84\xfb%\xfe\xb2\xf4\x0b@]\xcc\
\x00\x9eI\x00\xc2\xdd\xc4\x1f@\x9dr\x00\xb4\x19\xc03\
\x09@\xb8\x9d\xf8\x03\xa8\x97\xf8\xbb\x80\x00\x84\x9b\x89?\
\x80\xbaY\xfe\xbd\x80\x00\x84\xb7=)C\xfc\x01\xd4M\
\x00^@\x00\xc2\x9b\x12~_\x1en\x01\xa8\x98%\xe0\
\x0b\x08@x-\xf1\x97\xa5_\x00\xea\xf6k\x19\x0e\x80\
\xbe\x80\x00\x84\x03\xf1\x07\xd0\x0e\xb3\x7f\x17\x12\x80 \xfe\
\x00Z\xe3\xf9\xbf\x0b\x09@z\xf7Q\x19y\xc5\x1b\x00\
\xed\x10\x80\x17\x12\x80\xf4,\xf1\xf7S\x19\xef^}\x05\
@\x0br\x00\xf4\xab\xc3-\xe7\x12\x80\xf4J\xfc\x01\xb4\
\xc9\xec\xdf\x0c\x04 =J\xf4=\x1f\xae\x00\xb4E\x00\
\xce@\x00\xd2\x9bD_f\xfe>\xb8\xfa\x0a\x80\xd6\x08\
\xc0\x19\x08@z\x93\xdd\xbeY\xfe\x05\xa0=y\xfe\xcf\
\x1103\x10\x80\xf4$\xf1\xf7\xf0p\x0b@\x83\xcc\xfe\
\xcdD\x00\xd2\x8b\x9c\xf5\x97\x01@\xbb\x04\xe0L\x04 \
=p\xd03\xc0>\x08\xc0\x99\x08@\xf6\xceA\xcf\x00\
\xfb\xe0\xf9\xbf\x19\x09@\xf6l\xdc\xf1\xeb\xb8\x17\x80\xf6\
\x89\xbf\x19\x09@\xf6J\xfc\x01\xec\x8b\xe5\xdf\x19\x09@\
\xf6*\xcb\xbe\x8e{\x01\xd8\x0f\x018#\x01\xc8\x1e=\
*\xc3\x8e_\x80}\x11\x803\x12\x80\xecM\xce\xf9\xb3\
\xe9\x03`_^\x0cWf\x22\x00\xd9\x93,\xf9:\xee\
\x05`\x7f~\x18\xae\xccD\x00\xb2\x17\xd9\xec\x91\xf8\xb3\
\xe9\x03`\x7f,\xff\xceL\x00\xb2\x176}\x00\xec\x93\
\xf3\xff\x16 \x00\xd9\x03\x9b>\x00\xf6\xcb\xec\xdf\x02\x04\
 \xad\xf3\xa6\x0f\x80}\x13\x80\x0b\x10\x80\xb4,\xcf\xfb\
=?\xdc\x02\xb0S6\x80,@\x00\xd2\xb2\xc4\xdf\x07\
\x87[\x00v\xe8\xf72^\x1dn\x99\x93\x00\xa4U\x8f\
\xcb\xf8\xe4p\x0b\xc0NY\xfe]\x88\x00\xa4Ey\xee\
\xef\xeb\xc3-\x00;&\x00\x17\x22\x00i\x8d\xe7\xfe\x00\
\xfa!\x00\x17\x22\x00iMv\xfcz\xee\x0f`\xff<\
\xff\xb7 \x01HKr\xd6\x9f\xf3\xfe\x00\xfa`\xf7\xef\
\x82\x04 \xad\xc8\xac\x9f\xf3\xfe\x00\xfaa\xf9wA\x02\
\x90V\xe4\xb9?\xef\xf9\x05\xe8\x87\x00\x5c\x90\x00\xa4\x05\
9\xf2\xc5{~\x01\xfa\xf1\xa2\x8c?\x0e\xb7,A\x00\
R;G\xbe\x00\xf4\xc7\xf3\x7f\x0b\x13\x80\xd4\xee\xdf\xc3\
\x15\x80~X\xfe]\x98\x00\xa4f\x96~\x01\xfa\x93\xe3\
_^\x1enY\x8a\x00\xa4Vy\xcd\x9b\xa5_\x80\xfe\
\x98\xfd[\x81\x00\xa4V\x96~\x01\xfa\xe4\xf9\xbf\x15\x08\
@j\x94\xa5_o\xfb\x00\xe8\x93\x19\xc0\x15\x08@j\
c\xd7/@\xbf\x1c\xff\xb2\x12\x01Hm\xbc\xed\x03\xa0\
_f\xffV\x22\x00\xa9\xc9\xa32\xb2\xf9\x03\x80>y\
\xfeo%\x02\x90Z\xe4\x99?K\xbf\x00\xfd\xfa\xb3\x0c\
\xc7\xbf\xacD\x00R\x8b,\xfdz\xd7/@\xbf\xcc\xfe\
\xadH\x00R\x83,\xfb><\xdc\x02\xd0)\xcf\xff\xad\
H\x00R\x03g\xfe\x01`\x06pE\x02\x90\xad9\xf3\
\x0f\x80\x1f\xcbp\xfc\xcb\x8a\x04 [J\xf8}y\xb8\
\x05\xa0c\x96\x7fW\xf6\xe0\xd9\xc7\xc3\x1d\xac\xefy\x19\
\x9e\xfdc\xaa\xbc \xfeU\x19\xb7\xfdC\x91gI\xf3\
C\xc5\xfbW_\x01-\xf9\xb0\x8c\xfc\xfdf%\x02\x90\
\xad\xe4\x1f\xeb\x9f\x0e\xb7p\xab,\x0b\xe5\xb9\xa0\x8c\xa9\
\xcbC\x89\xc0qc\xd1\xa7\xf9\x05\xa0j\xbf\x96\x91\xb7\
@\xb1\x22K\xc0l\xc5\xc6\x0fn\x93\xb3\xc0\xbe)\xe3\
\xbd2\x12q\xdf\x97q\xca\xb3A\x99E\xc8\xff'\xff\
\xdf\xfc\x1e\xf9\xbd\xf2{\x02u\xb2\xfc\xbb\x01\x01\xc8\x16\
\xbe(\xc3\xc6\x0fn\x92X\xcb\xf7F6\x07\xcd\xf1@\
x~\x8fq\xa3Q~o\xa0>\xf9\x81\x8d\x95Y\x02\
fm9\xec\xf9\xb7\xe1\x0a\xa3,\x01\xe5\x07\x83\xa5\xdf\
\x02\x90e\xa6\xfcc\xf3\xb7\xab\xaf\x80\xad\xe5\xd9^\x13\
\x02\x1b0\x03\xc8\xda\xf2\xbe_\xf1\xc7\xb1\xa7e\xe4\x99\
\xbd5^\x01\x95?#\x7fV\xfeL`{\x96\x7f7\
\x22\x00YS~\xca\xf3\xbe_\x8e%\xc42\xf3\xb7\xe6\
\xf9_\xf9\xb3\xf2g\x8a@\xd8\x9e\xc3\x9f7\x22\x00Y\
S\x9e\xc5\x82\xd1\xbf\xcaH\x88mE\x04\xc2\xb6\xb29\
K\x00nD\x00\xb2\x96\xcc\xfe}~\xb8\x85\xab\xf8\xab\
\xe1\xc1\xefD`\x9e?\x04\xd6g\xf9wC\x02\x90\xb5\
|;\x5c\xa1\x96\xf8\x1b\xe5\x99\xc0<\x88\x0e\xac\xcb\xec\
\xdf\x86\x04 k\x18\x0f\xe5\x85\xda\xe2/\xf2L\xa0\xef\
OX\x9f\x00\xdc\x90\x00d\x0d6~\x105\xc6\xdf(\
\xbb\x83=\x0f\x08\xeb\xc9[~\xd6\xdc\xfc\xc55\x02\x90\
\xa5e\xf6/\x83\xbe\xd5\x1c\x7f#\x9b\x94`=f\xff\
6&\x00Y\x9a\xd9?Z\x88\xbf\xc8+\xe4\xbe;\xdc\
\x02\x0b\x13\x80\x1b\x13\x80,\xc9\xec\x1f\xad\xc4\xdf\xc8,\
 ,\xcf\xf2o\x05\x04 K2\xfb\xd7\xb7\xd6\xe2/\
\xf2\x8f\xd2\x8b\xc3-\xb0\x10\xc7\xbfT@\x00\xb2\x14\xb3\
\x7f}k1\xfeF\x96\xa6`Y\xfe\x8eU@\x00\xb2\
\x14\xb3\x7f\xfdj9\xfe\xc2\xec\x04,'\x07\xaf\xe7y\
[6&\x00Y\x82\xd9\xbf~\xb5\x1e\x7f\x91#a\x1c\
\x0c\x0d\xcbh\xfd\xf3a7\x04 Kx4\x5c\xe9\xcb\
\x1e\xe2od\x86\x02\x96a\xf9\xb7\x12\x02\x90\xb9\xe5\x9d\
\xbf\x9f\x1en\xe9\xc8\x9e\xe2/\xecP\x84\xf9Y\xfe\xad\
\x88\x00dn\x8e\xd1\xe8\xcf\xde\xe2/\xb2\x0c\x0c\xcc\xcb\
\xf2oE\x04 sz\xb7\x8c\xcf\x0f\xb7tb\x8f\xf1\
\x07,\xc3\xf2oE\x04 s\xf2\xec__\xc4\x1f0\
\x95\xe5\xdf\xca\x08@\xe6\xf4\xe5pe\xff\xc4\x1fp\x0a\
\x9f\x17\x95\x11\x80\xcc\xe5\x8b2\xb2\x04\xcc\xfe\xf5\x10\x7f\
\x1f\x0dW`\x1e\x96\x7f+#\x00\x99\x8b\xd9\xbf>\xf4\
2\xf3\xe7\x87\x19\x98O\xde\xfdk\xf9\xb72\x02\x909\
\xe4\xd0g3&\xfb\xd7\xd3\xb2\xef\xfb\xc3\x15\xb8\x9c\xd9\
\xbf\x0a\x09@\xe6\x90\xe5_\xf6\xad\xa7\xf8\xcb\x0f39\
\xcf\x12\x98\x87\x00\xac\x90\x00\xe4R\x8e~\xd9\xbf\xde6\
|x\x8d!\xcc'\xcb\xbf\x0eV\xaf\x90\x00\xe4R\x8e\
~\xd9\xb7\xde\xe2/\x1e\x0eW\xe0rf\xff*\xf5\xe0\
\xd9\xc7\xc3\x1d\x9c\xe7\xb72,\x97\xedS\x8f\xf1\x97\x19\
\xed\xff\x1cn\x81\x0b\xfdY\x86\x0dU\x952\x03\xc8%\
2S\x22\xfe\xf6\xa9\xc7\xf8\x0b\xaf2\x84\xf9\x98\xfd\xab\
\x98\x00\xe4\x126\x7f\xecS\xaf\xf1\x97\x1ff\x1cg\x04\
\xf3\x11\x80\x15\x13\x80\x9c+\xd3\xfa\x9f\x1en\xd9\x91^\
\xe3/\xcc\xfe\xc1|\xb2\xfc+\x00+&\x009\x97\xd9\
\xbf\xfd\xe99\xfer\xf4\x8b\xdd\xec0\x9f^?K\x9a\
!\x009\x97\x7f,\xf7\xa5\xe7\xf8\xcbl\xf6\xf3\xc3-\
0\x13\x01X9\x01\xc892[\xe2\xcd\x1f\xfb\xd1s\
\xfc\xc5Oe\xd8\xcc\x04\xf3\xf9\xbd\x8c\x97\x87[j%\
\x009\x87\xe5\xdf\xfd\xe8=\xfe\xfe]\x86\x1ff`^\
f\xff\x1a \x009\x87\xcd\x1f\xfb\xd0{\xfc\xe5\x07\x19\
?\xcc\xc0\xfc\x04`\x03\x04 \xa7r\xf6\xdf>\x88\xbf\
\xc3\xec\x1f0\xaf\xbc\xfa\xed\xd5\xe1\x96\x9a\x09@N\xe5\
5Y\xed\x13\x7f\xe2\x0f\x96\xe2\xe8\x97F\x08@Ne\
\xf9\xb7m\xe2O\xfc\xc1Rr\xf6\x9f\xe5\xdfF\x08@\
N\x91\xd9?\xeful\x97\xf8\x13\x7f\xb0$\xb3\x7f\x0d\
\x11\x80\x9c\xc2\xf2o\xbb\xc4\x9f\xf8\x83\xa5=\x19\xae4\
@\x00r\x0a\xcb\xbfm\x12\x7f\xe2\x0f\x96\xe6\xec\xbf\xc6\
\x08@\xa6\xb2\xfc\xdb&\xf1'\xfe`\x0df\xff\x1a#\
\x00\x99\xca\xf2o{\xc4\x9f\xf8\x83\xb5\xf4\xfcY\xd3$\
\x01\xc8T\x96\x7f\xdb\x22\xfe\xc4\x1f\xac%g\xff\xfdq\
\xb8\xa5\x15\x02\x90)>)\xc3\xf2o;\xc4\x9f\xf8\x83\
5\x99\xfdk\x90\x00d\x0a\xcb\xbf\xed\x10\x7f\xe2\x0f\xd6\
\x94\xb3\xff\x1c\xff\xd2 \x01\xc8\x14\xff\x18\xae\xd4M\xfc\
\x89?X\x9b\xcd\x1f\x8d\x12\x80\xdc'\xef\xfd\xfd\xe8p\
K\xc5\xc4\x9f\xf8\x83-X\xfem\x94\x00\xe4>\x96\x7f\
\xeb'\xfe\xc4\x1fl\xe1\x9b2^\x1dni\x8d\x00\xe4\
>\xd9\x00B\xbd\xc4\x9f\xf8\x83-\xe4\xe0g\xcb\xbf\x0d\
\x13\x80\xdc\xc7\xf1/\xf5\x12\x7f\xe2\x0f\xb6\x90\x8d\x1fY\
\x1dr\xf4K\xc3\x04 w1\xfbW/\xf1'\xfe`\
+\x8f\xca\xf0\xda\xb7\xc6\x09@\xee\x22\x00\xeb$\xfe\xc4\
\x1fl!3\x7f\x9f\x95\xd1\xf3\xe7\xcfn\x08@\xeeb\
\xf9\xb7>\xe2O\xfc\xc1\x16^\x94\x91I\x01g\xfe\xed\
\x84\x00\xe46y\xf3\x87\xe3_\xea\x22\xfe\xc4\x1f\xac-\
\x9b=\xf2\xd9\x93\xf8\xb3\xec\xbb#\x02\x90\xdbX\xfe\xad\
\x8b\xf8\x13\x7f\xb0\x96,\xf5>-#\xcb\xbd9\x0b\xd6\
\x92\xef\x0e\x09@n#\x00\xeb!\xfe\xc4\x1f,-3\
}\xdf\x95\x91\xe8\xcb\x0aP\xfe\xdeY\xee\xdd\xb1\x07\xcf\
>\x1e\xee\xe0M\xbf\x94a\x09x{\xe2O\xfc\xc1R\
~-#\x9f/?\x97ay\xb73\x02\x90\xdb\xfc\xbf\
\xe1\xcav\xc4\x9f\xf8\x839ei7\xb1\x97\x99\xbd\x0c\
\xe7\xf8u\xcc\x1207\xb1\xfc\xbb=\xf1'\xfe`\x0e\
\xd7\x97vs\x80s>[\xc4_\xe7\x04 7\x11\x80\
\xdb\x12\x7f\xe2\x0f.\x91\xa5\xdd\xaf\xca\xf8{\x19\xd9\xc4\
\x91\x83\x9b=\xcf\xc7\x1b\x04 7\x11\x80\xdb\x11\x7f\xe2\
\x0fN\x95\xa5\xdd\x1f\xcb\xc8\xe7\xc7{e\xe4\xf9\xed\xbc\
\xa7\xd7s}\xdc\xca3\x80\xdc\xe4?ed\xa9\x80u\
\x89?\xf1\x07Sei7\xb3z\xe33}p\x12\x01\
\xc8u\xf9\xc91;\x80Y\x97\xf8\x13\x7fp\x1f\xbbv\
\x99\x8d%`\xaes\xf4\xcb\xfa\xc4\x9f\xf8\x83\x9bX\xda\
e1\x02\x90\xeb\x04\xe0\xba\xc4\x9f\xf8\x83cv\xed\xb2\
\x0a\x01\xc8u\x02p=\xe2O\xfcA\xd8\xb5\xcb\xea<\
\x03\xc8u\x0e\x80^\x87\xf8\x13\x7f\xf4\xcb\x81\xccl\xce\
\x0c \xc7\xcc\xfe\xadC\xfc\x89?\xfaci\x97\xaa\x08\
@\x8ee\xe9\x81e\x89?\xf1G?,\xedR-\x01\
\xc813\x80\xcb\x12\x7f\xe2\x8f\xfd\xb3k\x97&\x08@\
\x8ey\x03\xc8r\xc4\x9f\xf8c\x9f\xb2\xb4\xfb\xb4\x8c,\
\xed>(\xc3\xd2.M\x10\x80\x1c{\x7f\xb82/\xf1\
'\xfe\xd8\x97,\xed~S\xc6\xb8\xb4\x9b\xefqK\xbb\
4\xc5.`\x8e\xd9\x01<?\xf1'\xfe\xd8\x87,\xed\
&\xf2\xb2{\xf7U~\x01Zf\x06\x90\x91\xe5\xdf\xf9\
\x89?\xf1G\xbbn[\xda\x15\x7f\xec\x82\x00dd\x07\
\xf0\xbc\xc4\x9f\xf8\xa3=\x96v\xe9\x86\x00d$\x00\xe7\
#\xfe\xc4\x1f\xed\x18w\xed~XFv\xed>.\xc3\
\xae]vO\x002r\x04\xcc<\xc4\x9f\xf8\xa3n\x96\
v\xa1\x10\x80\x8cr2=\x97\x11\x7f\xe2\x8f:Y\xda\
\x85k\xec\x02fd\x07\xf0e\xc4\x9f\xf8\xa3.v\xed\
\xc2\x1d\xcc\x00\x12f\xff.#\xfe\xc4\x1fu\xc8\xf2n\
\xfe>\xe6-\x1c\x96v\xe1\x0e\x02\x90\xf0\xfc\xdf\xf9\xc4\
\x9f\xf8\xa3\x0ey\xae/\x9fe\xf9\xfb\xe8-\x1cp\x0f\
\x01\x08\xe7\x13\x7f\xe2\x8f:\xe4\xf9\xbe|?\x0a?\x98\
H\x00\x12\x0e\x81>\x9d\xf8\x13\x7f\xd4!\xcf\xfa\xe5\xe8\
\x16\xe0\x04\x02\x10N'\xfe\xc4\x1f\xf5\xc8\xf7#p\x22\
\x01H\x98\x01\x9cN\xfc\x89?\xea\x91\xe7\xfe,\xfb\xc2\
\x19\x04 L'\xfe\xc4\x1fuq\x96\x1f\x9cI\x00\x12\
\x7f\x1b\xae\xdcN\xfc\x89?\xea\x933\xfe\x803\x08@\
\xc29\x80w\x13\x7f\xe2\x8f:Y\xfe\x853\x09@\xb8\
\x9b\xf8\x13\x7f\x00\xbb#\x00\xb1\x01\xe4v\xe2O\xfcQ\
7\x9f_p&\x01\x087\x13\x7f\xe2\x8f\xfay\x8b\x11\
\x9cI\x00\xc2\xdb\xc4\x9f\xf8\xa3\x0d\x9f\x0fW\xe0D\x02\
\x10K(o\x12\x7f\xe2\x8fvd\x06\xf0\xe1\xe1\x168\
\x85\x00\x84\xd7\xc4\x9f\xf8\xa3=\xf9\x9eu\x92\x01\x9cH\
\x00\xc2\x81\xf8\x13\x7f\xb4)\xf1\xf7\xd3p\x05&\x12\x80\
|0\x5c{&\xfe\xc4\x1fm\xcbR\xf0oeX\x0e\
\x86\x89\x04 \xbd\x07\xa0\xf8\x13\x7f\xecCf\x00\x9f\x97\
\xf1K\x19_\x96\xf1\x8f2\x80[<x\xf6\xf1pG\
\xaf\xf2*\xa5^?(\xc5\x9f\xf8\x83\xad\xe5m&/\
\x87\x91\xcf\xe3\x1f\xcb\x80\xc5\x99\x01\xa4W\xe2O\xfcA\
\x0d2s\x99\xd3\x18\x1e\x95\xf1C\x19\xff)\xe3\xeb2\
<\xd3\xc8\xa2\x04 =\x12\x7f\xe2\x0fj\x95\xf0{\x5c\
F\x9ei\xccR6,B\x00\xf2\xd7\xe1\xda\x0b\xf1'\
\xfe\xa0\x05\x09\xc1'e\xe4\xb9F\xb3\x81\xccN\x00\xd2\
\xd3\xab\x94\xc4\x9f\xf8\x83\xd6dg\xb3cn\x98\x9d\x00\
\xa4\x17\xe2O\xfcA\xab\xf2\x83z\x22\x10f#\x00\xe9\
\x81\xf8\x13\x7f\xd0\xbaD`\x96\x84a\x16\x02\x90\xbd\x13\
\x7f\xe2\x0f\xf6\x22\x9bB\xbc\xbf\x9dY\x08@\xf6L\xfc\
\x89?\xd8\x9b\x1c\x11\x03\x17\x13\x80\xec\x95\xf8\x13\x7f\xb0\
G\x99\x014\x0b\xc8\xc5\x04 {$\xfe\xc4\x1f\xecY\
\xfe\x8e\xc3E\x04 {#\xfe\xc4\x1f\xec\xdd\xa7\xc3\x15\
\xce&\x00\xd9\x13\xf1'\xfe\xa0\x079\x13\xb0\xa73\x5c\
Y\x80\x00d/\xc4\x9f\xf8\x83\x9e|0\x5c\xe1,\x02\
\x90=\x10\x7f\xe2\x0fzc\x06\x90\x8b\x08@Z'\xfe\
\xc4\x1f\x00'\x12\x80\xb4L\xfc\x89?\x00\xce \x00i\
\x95\xf8\x13\x7f\xd0\xb3\x97\xc3\x15\xce\x22\x00i\x91\xf8\x13\
\x7f\xd0;\x01\xc8E\x04 \xad\x11\x7f\xe2\x0fz\xf7{\
\x19\xaf\x0e\xb7p\x1e\x01\xc8\xaf\xc3\xb5\x05\xe2O\xfc\x01\
\xef\xbc\xf3\xc3p\x85\xb3\x09@\xfe\x18\xae\xb5\x13\x7f\xe2\
\x0f8x2\x5c\xe1l\x02\x90\x16\x88?\xf1\x07\x1c<\
-\xc3\xf2/\x17\x13\x80\xd4N\xfc\x89?\xe0\xe0\xcf2\
\x1e\x1dn\xe12\x02\x90\x9a\x89?\xf1\x07\xbc\xf6\xb8\x8c\
V\x1e\xdb\xa1r\x02\x90Z\x97\x12\xc4\x9f\xf8\x03^{\
Q\x86g\xff\x98\x8d\x00\xa4\xc6\x00\x14\x7f\xe2\x0fx\x93\
\xa5_f%\x00\xa9\x8d\xf8\x13\x7f\xc0\x9b\xbe)\xc3\xc1\
\xcf\xccJ\x00R\x13\xf1'\xfe\x807\xe5\xd0gK\xbf\
\xccN\x00\xf2\xf3p\xdd\x9a\xf8\x13\x7f\xc0\xdb\xf2\xd9`\
\xe3\x07\xb3\x13\x80\xd4@\xfc\x89?\xe0m?\x96Q\xcb\
\x0f\xe9\xec\x8c\x00d\xeb\x0f\x17\xf1'\xfe\x80\xb7\xe5\xcc\
\xbf|>\xc0\x22\x04 \x91gL\xb6 \xfe\xc4\x1fp\
3g\xfe\xb1(\x01Hl\xf1bq\xf1'\xfe\x80\x9b\
9\xf3\x8f\xc5\x09@b\xed\x0f\x1a\xf1'\xfe\x80\x9bY\
\xfae\x15\x02\x90\xc8a\xd0\xf9\x89s\x0d\xe2O\xfc\x01\
\xb7\xcb\xd2o\xadohbG\x04 \xa35~\xe2\x14\
\x7f\xe2\x0f\xb8\x9d\xa5_V#\x00\x19\xe5'\xce\x9c6\
\xbf\x14\xf1'\xfe\x80\xdbY\xfaeU\x02\x90cYz\
xz\xb8\x9dM>\xd4\xc4\x9f\xf8\x03\xeef\xe9\x97U\
\x09@\xaeK\xac|w\xb8\xbdX\xe2\xef\x932\xc4\x1f\
\xc0\xed,\xfd\xb2:\x01\xc8M\x1e\x95\xf1\xcf2\x12p\
\xe7\xcaL\xe2\x07e\xf4\xfc\x02s\xf1\x07\xdc\xc7\xd2/\
\x9b\x10\x80\xdc&o\x08I\xc0e\xf9\xf6\x94\x83\xa2\x13\
~\x1f\x96\x91\x0f\xb4\x9e\x0f1\x15\x7f\xc0\x14\x96~\xd9\
\xc4\x83g\x1f\x0fwp\xb7\x8f\xca\xc8rn\xc6\xbb\xf9\
\x85#\x89\xc5\xcc\xf4mq\xa0t\x8d\xc4\x1f0E\x96\
~\xf3\x99\x0a\xab\x13\x800/\xf1\x07L\xf1k\x19\x89\
?\xaf{c\x13\x96\x80a>\xe2\x0f\x98b|\xeeO\
\xfc\xb1\x19\x01\x08\xf3\x10\x7f\xc0\x14\xe3\xcc_\xcf\x1b\xe4\
\xa8\x80\x00\x84\xcb\x89?`\x8a\x1f\xcb\x10\x7fTA\x00\
\xc2e\xc4\x1fp\x9f\x9c\xa4\x90\xa3\xb5\x1e\x96a\xd9\x97\
*\x08@8\x9f\xf8\x03\xee\x92c\xb1\x12~9R+\
\xa7%@5\x04 \x9cG\xfc\x01\xd7e\xa6/\xd1\xf7\
Y\x19\x0f\xca\xc8\xe7\x84\xf0\xa3J\x8e\x81\x81\xd3\x89?\
`\x94M\x1d9\x035\xc3\xb3}4C\x00\xc2i\xc4\
\x1f\x90\xcd\x1c\x09\xbe\xcc\xeey\x8b\x07M\x12\x800\x9d\
\xf8\x83>ei7\xb17\xce\xf4A\xf3\x04 L#\
\xfe\xa0/\x96v\xd95\x01\x08\xf7\x13\x7f\xb0\x7fy;\
\xc7\xf1,\x9f\xe3Z\xd85\x01\x08w\x13\x7f\xb0_Y\
\xdaM\xec\x8d\xe1\x07\xdd\x10\x80p;\xf1\x07\xfb\x93\xa5\
\xdd\xef\xcbH\xf4Y\xda\xa5[\x02\x10n&\xfe`\x1f\
,\xed\xc2\x0d\x04 \xbcM\xfcA\xdb,\xed\xc2=\x04\
 \xbcI\xfcA\x9b,\xed\xc2\x09\x04 \xbc&\xfe\xa0\
\x1d\x96v\xe1\x02\x02\x10\x0e\xc4\x1f\xd4o\x5c\xda\x1d\x97\
w\x813\x09@\x10\x7fP\xb3\x17e\x8c\xd1\xe7\xb5k\
0\x13\x01H\xef\xc4\x1f\xd4%K\xbb\xe3\x0c_\xae\x96\
va\x01\x02\x90\x9e\x89?\xa8\x83\xa5]X\x99\x00\xa4\
W\xe2\x0f\xb6ei\x176$\x00\xe9\x91\xf8\x83\xf5Y\
\xda\x85\x8a\x08@z#\xfe`=9\x9bo\x0c>K\
\xbbP\x11\x01HO\xc4\x1f,\xef\xc72\xc6\xe8\xb3\xb4\
\x0b\x95\x12\x80\xf4B\xfc\xc12\xc6\xa5\xddq\x96\xcf\xd2\
.4@\x00\xd2\x03\xf1\x07\xf3\x1a\x97v\xf3\xea5\xaf\
]\x83\x06\x09@\xf6N\xfc\xc1<,\xed\xc2\x8e\x08@\
\xf6L\xfc\xc1\xf9,\xed\xc2\x8e\x09@\xf6J\xfc\xc1\xe9\
,\xedB'\x04 {$\xfe`:K\xbb\xd0!\x01\
\xc8\xde\x88?\xb8[^\xbb6\x06_\x06\xd0!\x01\xc8\
\x9e\x88?\xb8Y\x96v\xc7\xe0\xb3\xb4\x0b\x08@vC\
\xfc\xc1\x9b\xb2\xb4\x9b\xe0\xcbl\x9f\xa5]\xe0\x0d\x7f\x19\
\xae\xd02\xf1\x07\x07Y\xde\xfdW\x19\xef\x95\xf1\xb0\x8c\
l\xe6\x10\x7f\xc0[\x04 \xad\x13\x7fp\xf0\xb4\x8c\x8f\
\xcaH\xf49\xb2\x05\xb8\x93\x00\xa4e\xe2\x0f\x0e\xbe)\
#\x7f\x1f\x84\x1f0\x89\x00\xa4U\xe2\x0f\x0e\xf2\xac\xdf\
\xe3\xc3-\xc04\x02\x90\x16\x89?x-\x7f\x1f\x00N\
\x22\x00i\x8d\xf8\x83\xd7\xf2\xdc\x9fe_\xe0d\x02\x90\
\x96\x88?x\x93\x83\x9c\x81\xb3\x08@Z!\xfe\xe0m\
9\xe3\x0f\xe0d\x02\x90\x16\x88?\xb8\x99\xe5_\xe0,\
\x02\x90\xda\x89?\x00\x98\x99\x00\xa4f\xe2\x0f\xee\xf6\xc9\
p\x058\x89\x00\xa4V\xe2\x0f\xee\x977\x7f\x00\x9cL\
\x00R#\xf1\x07\xd3|>\x5c\x01N\x22\x00\xa9\x8d\xf8\
\x83\xe92\x03\xf8\xf0p\x0b0\x9d\x00\xa4&\xe2\x0fN\
\x97\xbf3\xef\x1en\x01\xa6\x11\x80\xd4B\xfc\xc1y\x12\
\x7f?\x0dW\x80I\x04 5\xc82\xd6\xb7\x87[\xe0\
\x0c\xf9;\xf4[\x19\x96\x83\x81I\xfe\xd7\xff\xf9\xdf\xc3\
\x1dl\xe7\x7f\xca\xf8\xef\xc3-p\xa6\xff*\xe3\xff\x96\
\x91\x08\xcc}\xc6\xefe\x00\xbc\xe5\xc1\xb3\x8f\x87;X\
_\x96}\xbf.\xe3\x83\xab\xaf\x80\x9a\xe5\xb5s\xaf\xca\
xY\xc6\x8f\xc3=\xd0(\x01\xc8V<\xf3\x07mK\
\x10~W\xc6\x0fW_\x01M\xf1\x0c [\x10\x7f\xd0\
\xbe\xbc\x85\xe4y\x19\xd9\x80b\x16\x1f\x1a#\x00Y\x9b\
\xf8\x83}I\x08\xfeR\x86\x0d(\xd0\x10\x01\xc8\x9a\xc4\
\x1f\xecS\x8e\xa0\xc9l`\xfe\x8e\x03\x0d\x10\x80\xacE\
\xfc\xc1\xfe\xe5\xefxf\x04\x81\xca\x09@\xd6 \xfe\xa0\
\x1f\x99\x09t(5TN\x00\xb24\xf1\x07}I\xfc\
=9\xdc\x02\xb5\x12\x80,I\xfcA\x9f>/\xc3\xce\
`\xa8\x98\x00d)\xe2\x0f\xfa\xf6h\xb8\x02\x15\x12\x80\
,A\xfc\x01\x9f\x0eW\xa0B\x02\x90\xb9\x89? \xb2\
\x04l\x19\x18*%\x00\x99\x93\xf8\x03\x8e\x09@\xa8\x94\
\x00d.\xe2\x0f\xb8N\x00B\xa5\x04 s\x10\x7f\xc0\
M\x9c\x07\x08\x95\x12\x80\x5cJ\xfc\x01\xb7y9\x5c\x81\
\xca\x08@.!\xfe\x80\xbb\xfc1\x5c\x81\xca\x08@\xce\
%\xfe\x80\xbb\xfcY\x86\x19@\xa8\x94\x00\xe4\x1c\xe2\x0f\
\xb8\xcf\x0f\xc3\x15\xa8\x90\x00\xe4T\xe2\x0f\x98\xc2\xfb\x80\
\xa1b\x02\x90S\x88?`\x8a\x1f\xcb\xb0\xfc\x0b\x15\x13\
\x80L%\xfe\x80)\xf2\xec\x9f\xf7\x00C\xe5\x04 S\
\x88?`\xaa|^\xbc:\xdc\x02\xb5\x12\x80\xdcG\xfc\
\x01S\xfd\xab\x0c\x9b?\xa0\x01\x02\x90\xbb\x88?`\x8a\
,\xfb\xfe\xb3\x8c\xef\xaf\xbe\x02\xaa'\x00\xb9\x8d\xf8\x03\
\xa6xQF\xde\xf9\xfb\xf3\xd5W@\x13\x04 7\x11\
\x7f\xc0}2\xeb\xf7Y\x19\x9f\x94\xe1\x8d\x1f\xd0\x18\x01\
\xc8u\xe2\x0f\xb8\xcf\xd322\xeb\xe7y?h\x94\x00\
\xe4\x98\xf8\x03\xee\xf2{\x19y\xd6/\x9f\x15f\xfd\xa0\
a\x02\x90\x91\xf8\x03\xee\xf2M\x19\x9e\xf5\x83\x9d\x10\x80\
\x84\xf8\x03n\x93M\x1e\x7f/\xe3\xf1\xd5W\xc0.\x08\
@\xc4\x1fp\x93,\xf7\xe6\x5c\xbfl\xf2\xf0Z7\xd8\
\x19\x01\xd87\xf1\x07\x5c\x97\xdd\xbdY\xee\xfd\xa8\x0c\xe7\
\xfa\xc1N\x09\xc0~\x89?\xe0\xba\x1f\xcbH\xf8e\xb9\
\xd7&\x0f\xd81\x01\xd8'\xf1\x07\x1c\xfb\xb5\x8c\xec\xee\
}X\x86\xf7\xf8B\x07\x04`\x7f\xc4\x1f0\x1a\x9f\xf3\
\xcb\xac\x9f\xdd\xbd\xd0\x11\x01\xd8\x17\xf1\x07\x84\xe7\xfc\xa0\
s\x02\xb0\x1f\xe2\x0f\x18\xc3/\xe7\xf9y\xce\x0f:&\
\x00\xfb\xd0{\xfc\xe5\x1f=\xe8\xdd\xf8\xfa6\xe1\x07\x08\
\xc0\x0e\xf4\x1e\x7fy\xbe)\xff\xe8\xe50[\xe8Q\xc2\
\xef\xc32\xf2Y \xfc\x80+\x02p\xdf\xc4\xdf\xe1\xf9\
\xa6\xfc\xa3\x97\xc3l\xb3\xf4\x05\xbd8\x0e?;{\x81\
7\x08\xc0\xfd\x12\x7fo?\xdc\x9e\xa5\xaf\x1cuaI\
\x98\xbd\xca\xf7\xf6we\x08?\xe0N\x02p\x9f\xc4\xdf\
\xed;\x1bs\xd4E\x96\x84s\xe0-\xec\xc5\xf1\xe6\x8e\
Ge\x08?\xe0N\x02p\x7f\xc4\xdf\xfd\xc7ZdI\
8\x07\xde~V\x86\xd9@Z\x96s\xfc\xec\xea\x05N\
&\x00\xf7E\xfc\x9dv\xa6\xd9\x0fe\x98\x0d\xa4Ey\
sG\xbe\xdf\x85\x1fp\x16\x01\xb8\x1f\xe2\xef\xb4\xf8\x1b\
\x1d\xcf\x06f6\x05j\x96\x8d\x1dy\x8e\xd5\x01\xce\xc0\
E\x04\xe0>\x88\xbf\xcb\xff1\xccl`\xfeQ\xcd\x03\
\xf4P\x93\xf1\xf9\xbeqc\x87W\xb6\x01\x17\x13\x80\xed\
\x13\x7f\xf3\xcd\x84d60\x0f\xd0\xff\xbd\x0c\xe7\x06\xb2\
\xb5|\x0f\xe6\xfb\xfb\xdd2\xb2\xcckc\x070\x1b\x01\
\xd86\xf1\xb7\xcc2\xd8\xcb2rn\xa0ea\xd6\x96\
\xef\xb7\xf1\x18\x97|\x0fZ\xe6\x05\x16!\x00\xdb%\xfe\
\x96\xff\xc7q\xdc$\x92\xe57\xbb\x85YR6\x22\xe5\
\x07\x0e\xc7\xb8\x00\xab\x10\x80m\x12\x7f\xeb\xce\x8cd\xf9\
M\x082\xb7\xec\xe4\xfd\xaa\x8c\xf7\xca\xc8F\xa4\xfc\xc0\
\x01\xb0\x8a\x07\xcf>\x1e\xeeh\x85\xf8\xdbvY,\xcf\
ce\x86&\xff\x1d\xde\xcf/\xc0\x09\x12}\xf9\xfeM\
\xec\x99\xe5\x036#\x00\xdb\x22\xfe\xeaz&*\xff=\
\x12\x83\x7f\xbb\xfa\x0an\x96\xe7\xfa\x12|O\xca\x10}\
@\x15\x04`;\xc4_]\xf1w,\x0f\xeb\xe7\xbf\xcf\
\xe7W_\xc1a\xa6/\xd1\x97\x91ME\x00U\x11\x80\
m\x10\x7f\xf5\xc6\xdf\xb1,\x0f\xe7Y.\xb3\x82}\xca\
F\x8e\x04_\xce\xe93\xd3\x07TM\x00\xd6O\xfc\xb5\
\x11\x7f\xd7e\xd3Hb0\xff\xfd\xc4\xe0>ei7\
\xb17\xce\xf4\x014C\x00\xd6M\xfc\xb5\x19\x7f\xd7\x8d\
3\x83\x19Y.\xfek\x19\xb4';\xc0\xc7\x19>\xb3\
|@\xd3\x04`\xbd\xc4\xdf>\xe2\xef&y\xe5\x5cB\
p\x1c\x82\xb0N\x09\xbe1\xf62<\xcb\x07\xec\x86\x00\
\xac\x93\xf8\xdbo\xfc\xddd\x0c\xc2\x5c3,\x19o#\
\x1b7\xc6\xd03\xc3\x07\xec\x9a\x00\xac\x8f\xf8\xeb+\xfe\
n\x92%\xe3\xe3Y\xc2<O\xe8\xcc\xc1y%\xf6\x12\
xc\xece\x00tC\x00\xd6E\xfc\x89\xbf\xdb\x8cQ\
x<\xcc\x14N\xf3\xa2\x8c\x84\xdeq\xf0\x01tM\x00\
\xd6C\xfc\x89\xbfsdv0#3\x85c$\xf68\
c\x98\x19\xbd?\xca\x18\x97n\xc7\xd8\xcb\xaf\x01p\x8d\
\x00\xac\x83\xf8\x13\x7fK\x18\xe3\xf0\xfa\x88\x7f\x0c\xd7\x16\
d3Fb.\xc6\xd9\xbb1\xeeD\x1e\xc0\x19\x04\xe0\
\xf6\xc4\x9f\xf8\xdbZf\x0fc\x9cA<\x96\xaf\xf3\xeb\
7\xc9\xff6e\x07s\x96`o2\xce\xd4\x8d\xc6\xa0\
\x8b\xe3{\x00f&\x00\xb7%\xfe\xc4\x1f\x00\xac\xee/\
\xc3\x95\xf5\x89?\xf1\x07\x00\x9b\x10\x80\xdb\x10\x7f\xe2\x0f\
\x006#\x00\xd7'\xfe\xc4\x1f\x00lJ\x00\xaeK\xfc\
\x89?\x00\xd8\x9c\x00\x5c\x8f\xf8\x13\x7f\x00P\x05\x01\xb8\
\x0e\xf1'\xfe\x00\xa0\x1a\x02py\xe2O\xfc\x01@U\
\x04\xe0\xb2\xc4\x9f\xf8\x03\x80\xea\x08\xc0\xe5\x88?\xf1\x07\
\x00U\x12\x80\xcb\x10\x7f\xe2\x0f\x00\xaa%\x00\xe7'\xfe\
\xc4\x1f\x00TM\x00\xceK\xfc\x89?\x00\xa8\x9e\x00\x9c\
\x8f\xf8\x13\x7f\x00\xd0\x04\x018\x0f\xf1'\xfe\x00\xa0\x19\
\x02\xf0r\xe2O\xfc\x01@S\x04\xe0e\xc4\x9f\xf8\x03\
\x80\xe6\x08\xc0\xf3}R\x86\xf8\x03\x00\x9a#\x00\xcf\xf3\
A\x19\xcf\x0f\xb7]\x12\x7f\x00\xd00\x01x\x9e\xc4\xdf\
\xbb\x87\xdb\xee\x88?\x00h\x9c\x00<]\x9e\xfb\xfb\xe8\
p\xdb\x1d\xf1\x07\x00; \x00O\xf7\xf5p\xed\x8d\xf8\
\x03\x80\x9d\x10\x80\xa7y\x5cF\x9e\xff\xeb\x8d\xf8\x03\x80\
\x1d\x11\x80\xa7\xf9r\xb8\xf6D\xfc\x01\xc0\xce\x08\xc0\xe9\
r\xecKo\x1b?\xc4\x1f\x00\xec\x90\x00\x9c\xee\xe1p\
\xed\x85\xf8\x03\x80\x9d\x12\x80\xd3}:\x5c{ \xfe\x00\
`\xc7\x04\xe04\xd9\xf8\xd1\xcb\xe6\x0f\xf1\x07\x00;'\
\x00\xa7\x11\x7f\x00\xc0n\x08\xc0iz\x08@\xf1\x07\x00\
\x9d\x10\x80\xd3\xec=\x00\xc5\x1f\x00tD\x00\x22\xfe\x00\
\xa03\x02\xb0o\xe2\x0f\x00:$\x00\xfb%\xfe\x00\xa0\
S\x02p\x9aW\xc3u/\xc4\x1f\x00tL\x00N\xb3\
\xa7\x00\x14\x7f\x00\xd09\x018\xcd^\x02P\xfc\x01\x00\
\x02p\xa2\x04\xe0\xef\x87\xdbf\x89?\x00\xe0\x8a\x00\x9c\
\xee\x87\xe1\xda\xa2\xaf\xca\x10\x7f\x00\xc0\x15\x018]\xab\
\x01\xf8\xb4\x8c'\x87[\x00\x00\x01x\x8a\x9f\xcb\xf8\xf3\
p\xdb\x8c\xc4\xdf\x17\x87[\x00\x80\x03\x01x\x9a\x96f\
\xd2\xc4\x1f\x00p#\x01x\x9a\xc7e\xb4\xb0\x19D\xfc\
\x01\x00\xb7\x12\x80\xa7K\x04\xd6L\xfc\x01\x00w\x12\x80\
\xa7\xcbn\xda_\x0f\xb7\xd5\x11\x7f\x00\xc0\xbd\x04\xe0y\
\x1e\x96Q\xdb\x86\x10\xf1\x07\x00L\x22\x00\xcf\x93\x83\xa1\
?9\xdcVA\xfc\x01\x00\x93\x09\xc0\xf3\xbd,#o\
\xd7\xd8\x9a\xf8\x03\x00N\x22\x00/\x93\xe7\x01\xb7\x8c\xc0\
\xfc\xd9\xe2\x0f\x008\x89\x00\xbc\xdc\x18\x81k>\x13\x98\
?\xcb\xbb}\x01\x80\xb3\x08\xc0y$\xc4\xf2L\xe0\x1a\
\xbb\x83\xf3g\xe4\xcf\x12\x7f\x00\xc0Y\x04\xe0|\xf2L\
\xe0Ge|S\xc6\x12\xb3\x81\xf9=\xbf*#\x7fF\
\xfe,\x00\x80\xb3\x08\xc0\xf9\xe5\xa0\xe8\x0f\xca\x98+\x04\
\xf3{\xe4\xf7\xca\xef\xd9\xd2\xab\xe8\x00\x80J=x\xf6\
\xf1p\xc7Rrf`F\x96m\xdf\xcf/L\x90\xd7\
\xcd\xfd\x5c\xc6\x0f\xc3\x00\x00\x98\x8d\x00\x5cWf\xf12\
n;C0\xd1\x973\x063\x00\x00\x16!\x00\x01\x00\
:\xe3\x19@\x00\x80\xce\x08@\x00\x80\xce\x08@\x00\x80\
\xce\x08@\x00\x80\xce\x08@\x00\x80\xce\x08@\x00\x80\xce\
\x08@\x00\x80\xce\x08@\x00\x80\xce\x08@\x00\x80\xce\x08\
@\x00\x80\xce\x08@\x00\x80\xce\x08@\x00\x80\xce\x08@\
\x00\x80\xce\x08@\x00\x80\xce\x08@\x00\x80\xce\x08@\x00\
\x80\xce\x08@\x00\x80\xce\x08@\x00\x80\xce\x08@\x00\x80\
\xce\x08@\x00\x80\xce\x08@\x00\x80\xce\x08@\x00\x80\xce\
\x08@\x00\x80\xce\x08@\x00\x80\xce\x08@\x00\x80\xce\x08\
@\x00\x80\xce\x08@\x00\x80\xce\x08@\x00\x80\xce\x08@\
\x00\x80\xce\x08@\x00\x80\xce\x08@\x00\x80\xce\x08@\x00\
\x80\xce\x08@\x00\x80\xce\x08@\x00\x80\xce\x08@\x00\x80\
\xce\x08@\x00\x80\xce\x08@\x00\x80\xce\x08@\x00\x80\xce\
\x08@\x00\x80\xce\x08@\x00\x80\xce\x08@\x00\x80\xce\x08\
@\x00\x80\xce\x08@\x00\x80\xce\x08@\x00\x80\xce\x08@\
\x00\x80\xce\x08@\x00\x80\xce\x08@\x00\x80\xce\x08@\x00\
\x80\xce\x08@\x00\x80\xce\x08@\x00\x80\xce\x08@\x00\x80\
\xce\x08@\x00\x80\xce\x08@\x00\x80\xce\x08@\x00\x80\xce\
\x08@\x00\x80\xce\x08@\x00\x80\xce\x08@\x00\x80\xce\x08\
@\x00\x80\xce\x08@\x00\x80\xce\x08@\x00\x80\xce\x08@\
\x00\x80\xce\x08@\x00\x80\xce\x08@\x00\x80\xce\x08@\x00\
\x80\xce\x08@\x00\x80\xce\x08@\x00\x80\xce\x08@\x00\x80\
\xce\x08@\x00\x80\xce\x08@\x00\x80\xce\x08@\x00\x80\xce\
\x08@\x00\x80\xce\x08@\x00\x80\xae\xbc\xf3\xce\xff\x07\x96\
Ik\xd7r\x85D4\x00\x00\x00\x00IEND\xae\
B`\x82\
\x00\x00\x1b\xc0\
\x89\
PNG\x0d\x0a\x1a\x0a\x00\x00\x00\x0dIHDR\x00\
\x00\x02\x80\x00\x00\x02\x80\x08\x06\x00\x00\x00\x0c\xcd\xc9#\
\x00\x00\x00\x01sRGB\x00\xae\xce\x1c\xe9\x00\x00\x00\
\x04gAMA\x00\x00\xb1\x8f\x0b\xfca\x05\x00\x00\x00\
\x09pHYs\x00\x00\x0e\xc3\x00\x00\x0e\xc3\x01\xc7o\
\xa8d\x00\x00\x1bUIDATx^\xed\xdd\xbfs\
\x1c\xe7\x9d\xe0\xe1o\x0f\x0a[\xceLg\x9b\x99\x9b]\
&l\xb4\xb5W:\x0b\xce\xee\x22q3g\x22\xc3\x8b\
\xa4*T\xa9\xa8@\x04@\x05\xa2\xb5\x87Z\xee_@\
(\xdbLrt\x9b\x1dYe\xd7^f(\xdbl\xc1\
\xcc\x17\x1d\x99]\x19\xcb\xe9\xeb\x1e\xbc\xa3\x05!\xfc\x9a\
\x99\x9e\x9e\xb7\xfb}\x9e\xf2\xd4\xdbo\x83e\xd8\xe4\x80\
\xf3\xe1\xfbN\xf7\x04\x00\x00\x00\x00\x00\x00\x00\x00\x00\x00\
\x00\x00\x00\x00\x00\x00\x00\x00\x00\x00\x00\x00\x00\x00\x00\x00\
\x00\x00\x00\x00\x00\x00\x00\x00\x00\x00\x00\x00\x00\x00\x00\x00\
\x00\x00\x00\x00\x00\x00\x00\x00\x00\x00\x00\x00\x00\x00\x00\x00\
\x00\x00\x00\x00\x00\x00\x00\x00\x00\x00\x00\x00\x00\x00\x00\x00\
\x00\x00\x00\x00\x00\x00\x00\x00\x00\x00\x00\x00\x00\x00\x00\x00\
\x00\x00\x00\x00\x00\x00\x00\x00\x00\x00\x00\x00\x00\x00\x00\x00\
\x00\x00\x00\x00\x00\x00\x00\x00\x00\x00\x00\x00\x00\x00\x00\x00\
\x00\x00\x00\x00\x00\x00\x00\x00\x00\x00\x00\x00\x00\x00\x00\x00\
\x00\x00\x00\x00\x00\x00\x00\x00\x00\x00\x00\x00\x00\x00\x00\x00\
\x00\x00\x00\x00\xd0\x99*\x8d\x00\xb0\xb0\x83\xbd\xb87\xfd\
\x8b\xf8\xa8\xaac\xa7\x9e\xc6\xee\xec\xe4$v\x9a\x17\x97\
{\xb3cX\xddi\xf3\xdc:m\x9eS'\xcds\xeb\
\xa4:\x8b\xdf\x1d\x1c\xc5\x9b\xf45\x96$\x00\x01X\xd8\
\xfe\xe3\xf8\xa4yQ~XMR\xf4A\x8f\xea6\x06\
#\x8e'g\xf1\xad\x18\x5c\x8e\x00\x04\xe0N\xda\xd5\xbe\
z;>m^|?\xb3\xc2G\x0e\x9a\xe7\xe2\x9b\x98\
\xc6\xf7\xf5\xbb8\xfc\xea(N\xd3i\xee@\x00\x02p\
\xab\xd9\x8a_\xc4s\xe1G\x8e\xda\x10l\x9e\x9b\xcf\x0f\
\x9f\xc5a:\xc5-\x04 \x00\xd7\x9a\xbd\xc7o+\xbe\
\xb3\xd5\xcb\x10\xb4[\xc3\xd5Y<:<\x9am\x11s\
\x83\xad4\x02\xc0{\xf6\xf7b\xa7\xde\x8e?VU\xfc\
\xa7t\x0a\xb2VE\xfce\xbd\x15\xbf\xd9\xfd0\xfe\xcf\
\xab\xdf\x8b\xc0\x9b\x08@\x00~b\xffq<l^!\
\xfeg\xf3\x82\xfa\xb3t\x0a\x06!=g\x1f4\x11\xf8\
Z\x04^O\x00\x02\xf0\x9e\xfd/f\xdb\xbd\xdf\x9d\xcf\
`\xb0D\xe0\x0d\x04 \x00?\x9am\xfbN\xac\xfc1\
\x1a\x22\xf0\x1a.\x02\x01`fv\xc1\xc7v\xfc[\xf3\
\xc2\xe0J_Fcv\x85\xf0Y\xfc\xda\x85!\xef\x9b\
\xa4\x11\x80\xc2\xd5[\xf1B\xfc16\xeds\xba\xde\x8e\
\x17iJb\x0b\x18\x80x\xf2E<\xa8\xaa8HS\
\x18\x95&\x02\xff\xf2\xa3\xff\x1c\xd5\xab?\xc4\xcbt\xaa\
xV\x00\x01\x88\xaa\x8e\x7fH\x870N\x93\xf8\xf4\xcb\
\xbd\xb8\x9ff\xc5\x13\x80\x00\x85\x9b\xdd\xf2%\xbc02\
n\xedVp\xb5e\x95{N\x00\x02\xb0\x9fF\x18\xb7\
I|\xdc^\xec\x94fE\x13\x80\x00\x05k\xdf\xfb\xd7\
\x0cV\xff(B\xbb\x0a8\xdd\x9e\xadx\x17O\x00\x02\
\x94\xec\xdd,\x00\xa1$\x9f\xa4\xb1h\x02\x10\xa0d\x93\
\xf88\x1dA\x11\xaa\x88\x1d\xdb\xc0\x02\x10\xa0X\xedG\
\xbe\xb5[bi\x0a\xc5\xa8\xb7\xad|\x0b@\x80B\xd5\
u\xec\xa4C(J=\xf5\xbeW\x01\x08P\xa8\xca\x8b\
 \x85\xaa&\xb1\x9b\x0e\x8b%\x00\x01J5\xb1\x02H\
\xb1~\x99\xc6b\x09@\x00\xa04\xb6\x80\xd3\x08\x00@\
!\x04 @\xb9>J#P\x18\x01\x08P\xae\xd7i\
\x04\x0a#\x00\x01\xcau\x9aF\xa00\x02\x10\xa0P\xf5\
T\x00B\xa9\x04 @\xb9\x04 \x14J\x00\x02\x94j\
+N\xd2\x11P\x18\x01\x08P\xa8\xa7_\xc7\xf7\xe9\x10\
(\x8c\x00\x04(\xdb\xab4\x02\x05\x11\x80\x00e;N\
#P\x10\x01\x08P\xb0\xeal\xb6\x0d\xfc\xf6|\x06\x94\
B\x00\x02\x14\xec\xe0(\xde\xd4\xd3x\x9e\xa6@!\x04\
 @\xe1\xeaw\xb3m`\xab\x80P\x10\x01\x08P\xb8\
\xaf\x8e\xe2\xb4\x8e8HS\xa0\x00\x02\x10\x80x\xfa,\
\x9e7\x11\xf8C\x9a\x02#'\x00\x01\x98\xa9\xce\xe2a\
3\xd8\x0a\x86\x02\x08@\x00f\x0e\x8f\xe2\xa4\xaef\x11\
\x08\x8c\x9c\x00\x04\xe0G\xe9\xd3A\x1e\x9d\xcf\x80\xb1\x12\
\x80\x00\xbc\xe7\xf0\xd9\xec\xaa`\x11\x08#&\x00\x01\xf8\
\x09\x11\x08\xe3&\x00\x01\xb8\x92\x08\x84\xf1\x12\x80\x00\x5c\
K\x04\xc28\x09@\x00n$\x02a|\x04 \x00\xb7\
\x12\x810.\x02\x10\x80;\x11\x810\x1e\x02\x10\x80;\
\x13\x810\x0e\x02\x10\x80\x85\x88@\x18>\x01\x08\xc0\xc2\
D \x0c\x9b\x00\x04`)\x22\x10\x86K\x00\x02\xb04\
\x11\x08\xc3$\x00\x01X\x89\x08\x84\xe1\x11\x80\x00\xacL\
\x04\xc2\xb0\x08@\x00:!\x02a8\x04 \x00\x9d\x11\
\x810\x0c\x02\x10\x80N\x89@\xc8\x9f\x00\x04\xa0s\x22\
\x10\xf2&\x00\x01X\x0b\x11\x08\xf9\x12\x80\x00\xac\x8d\x08\
\x84<\x09@\x00\xd6J\x04B~\x04 \x00k'\x02\
!/\x02\x10\x80^\x88@\xc8\x87\x00\x04\xa07\x22\x10\
\xf2 \x00\x01\xe8\x95\x08\x84\xcd\x13\x80\x00\xf4N\x04\xc2\
f\x09@\x006B\x04\xc2\xe6\x08@\x006F\x04\xc2\
f\x08@\x006J\x04B\xff\x04 \x00\x1b'\x02\xa1\
_\x02\x10\x80,\x88@\xe8\x8f\x00\x04 \x1b\x22\x10\xfa\
!\x00\x01\xc8\x8a\x08\x84\xf5\x13\x80\x00dG\x04\xc2z\
\x09@\x00\xb2$\x02a}\x04 \x00\xd9\x12\x81\xb0\x1e\
\x02\x10\x80\xac\x89@\xe8\x9e\x00\x04 {\x22\x10\xba%\
\x00\x01\x18\x04\x11\x08\xdd\x11\x80\x00\x00\x85\x11\x80\x00\x0c\
\xc2\xfe\xe3x\xd8\x0c/\xceg\xc0*\x04 \x00\xd9\x13\
\x7f\xd0-\x01\x08@\xd6\xc4\x1ftO\x00\x02\x90-\xf1\
\x07\xeb!\x00\x01\xc8\x92\xf8\x83\xf5\x11\x80\x00dG\xfc\
\xc1z\x09@\x00\xb2\x22\xfe`\xfd\x04 \x00\xd9\x10\x7f\
\xd0\x0f\x01\x08@\x16\xc4\x1f\xf4G\x00\x02\xb0q\xe2\x0f\
\xfa%\x00\x01\xd8(\xf1\x07\xfd\x13\x80\x00l\x8c\xf8\x83\
\xcd\x10\x80\x00l\x84\xf8\x83\xcd\x11\x80\x00\xf4N\xfc\xc1\
f\x09@\x00z%\xfe`\xf3\x04 \x00\xbd\x11\x7f\x90\
\x07\x01\x08@/\xc4\x1f\xe4C\x00\x02\xb0v\xe2\x0f\xf2\
\x22\x00\x01X+\xf1\x07\xf9\x11\x80\x00\xac\x8d\xf8\x83<\
\x09@\x00\xd6B\xfcA\xbe\x04 \x00\x9d\x13\x7f\x907\
\x01\x08@\xa7\xc4\x1f\xe4O\x00\x02\xd0\x19\xf1\x07\xc3 \
\x00\x01\xe8\x84\xf8\x83\xe1\x10\x80\x00\xacL\xfc\xc1\xb0\x08\
@\x00V\x22\xfe`x\x04 \x00K\x13\x7f0L\x02\
\x10\x80\xa5\x88?\x18.\x01\x08\xc0\xc2\xc4\x1f\x0c\x9b\x00\
\x04`!\xe2\x0f\x86O\x00\x02pg\xe2\x0f\xc6A\x00\
\x02p'\xe2\x0f\xc6C\x00\x02p+\xf1\x07\xe3\x22\x00\
\x01\xb8\x91\xf8\x83\xf1\x11\x80\x00\x5cK\xfc\xc18\x09@\
\x00\xae$\xfe`\xbc\x04 \x00?!\xfe`\xdc\x04 \
\x00\xef\x11\x7f0~\x02\x10\x80\x1f\x89?(\x83\x00\x04\
`F\xfcA9\x04 \x00\xe2\x0f\x0a#\x00\x01\x0a'\
\xfe\xa0<\x02\x10\xa0`\xe2\x0f\xca$\x00\x01\x0a%\xfe\
\xa0\x5c\x02\x10\xa0@\xe2\x0f\xca&\x00\x01\x0a#\xfe\x00\
\x01\x08P\x10\xf1\x07\xb4\x04 @!\xc4\x1f0'\x00\
\x01\x0a \xfe\x80\x8b\x04 \xc0\xc8\x89?\xe02\x01\x08\
0b\xe2\x0f\xb8\x8a\x00\x04\x18)\xf1\x07\x5cG\x00\x02\
\x8c\x90\xf8\x03n\x22\x00\x01FF\xfc\x01\xb7\x11\x80\x00\
#\x22\xfe\x80\xbb\x10\x80\x00#!\xfe\x80\xbb\x12\x80\x00\
# \xfe\x80E\x08@\x80\x81\x13\x7f\xc0\xa2\x04 \xc0\
\x80\x89?`\x19\x02\x10`\xa0\xc4\x1f\xb0,\x01\x080\
@\xe2\x0fX\x85\x00\x04\x18\x18\xf1\x07\xacJ\x00\x02\x0c\
\x88\xf8\x03\xba \x00\x01\x06B\xfc\x01]\x11\x80\x00\x03\
 \xfe\xb8\xa8\x9e\xc6\xb7\xcd\xf0\xe8|\x06\x8b\x13\x80\x00\
\x99\x13\x7f\x5c\xd4\xc6\xdf\xd3o\xe2\xe1\xe1\xb38n\xa6\
\x22\x90\xa5\x08@\x80\x8c\x89?.\x9a\xc7_\x9a\x86\x08\
dY\x02\x10 S\xe2\x8f\x8b.\xc7\xdf\x9c\x08d\x19\
\x02\x10 C\xe2\x8f\x8b\xae\x8b\xbf9\x11\xc8\xa2\x04 \
@f\xc4\x1f\x17\xdd\x16\x7fs\x22\x90E\x08@\x80\x8c\
\x88?.\xbak\xfc\xcd\x89@\xeeJ\x00\x02dB\xfc\
q\xd1\xa2\xf17'\x02\xb9\x0b\x01\x08\x90\x01\xf1\xc7E\
\xcb\xc6\xdf\x9c\x08\xe46\x02\x10`\xc3\xc4\x1f\x17\xad\x1a\
\x7fs\x22\x90\x9b\x08@\x80\x0d\x12\x7f\x5c\xd4U\xfc\xcd\
\x89@\xae#\x00\x016D\xfcqQ\xd7\xf17'\x02\
\xb9\x8a\x00\x04\xd8\x00\xf1\xc7E\xeb\x8a\xbf9\x11\xc8e\
\x02\x10\xa0g\xe2\x8f\x8b\xd6\x1d\x7fs\x22\x90\x8b\x04 \
@\x8f\xc4\x1f\x17\xf5\x15\x7fs\x22\x909\x01\x08\xd0\x13\
\xf1\xc7E}\xc7\xdf\x9c\x08\xa4%\x00\x01z \xfe\xb8\
hS\xf17'\x02\x11\x80\x00k&\xfe\xb8h\xd3\xf1\
7'\x02\xcb&\x00\x01\xd6H\xfcqQ.\xf17'\
\x02\xcb%\x00\x01\xd6D\xfcqQn\xf17'\x02\xcb\
$\x00\x01\xd6@\xfcqQ\xae\xf17'\x02\xcb#\x00\
\x01:\xb6\xffE\xec6\x83\xf8c&\xf7\xf8\x9b\x13\x81\
e\x11\x80\x00\x1d\xfar/\xee\xd7u|\x97\xa6\x14n\
(\xf17'\x02\xcb!\x00\x01:r\xb0\x17\xf7\xaa\xed\
\xf8\xae\x8a\xb8\x97NQ\xb0\xa1\xc5\xdf\x5c!\x11\xf86\
\x8d\xc5\x12\x80\x00\x1d\xa9\xb7\xe2E\x13\x7f;iJ\xc1\
\x86\x1a\x7fs\x05D\xe0I\x1a\x8b%\x00\x01:0\xbb\
\xe8c\x12\x0f\xd2\x94\x82\x0d=\xfe\xe6l\x07\x8f\x9b\x00\
\x04\xe8\xc6~\x1a)\xd8X\xe2on\xac\x11\xd8\xfc9\
\xbdL\x87\xc5\x12\x80\x00+J\xb7|\xb9\x7f>\xa3T\
c\x8b\xbf\xb9QF\xe0\x96-`\x01\x08\xb0\x82\xf6\xc2\
\x8ff\xb0\xfaW\xb8\xb1\xc6\xdf\xdc\xd8\x22p\xf2g+\
\x80\x02\x10`\x05\xf5\xf6\xec}\x7fV\xff\x0a6\xf6\xf8\
\x9b\x1bQ\x04\xbe:8\x8a7\xe9\xb8X\x02\x10`\x05\
\xcd\x8b\x7f{\xd3g\x0aUJ\xfc\xcd\x8d$\x02\xdb\xff\
\x0f\xc5\x13\x80\x00\xab\x98\xc4\xc7\xe9\x88\xc2\x94\x16\x7fs\
\x03\x8f\xc0\xb7\xd5Y|\x9f\x8e\x8b&\x00\x01\x96\xb4\xbf\
\x17;n\xfa\x5c\xa6R\xe3on\xb0\x118\x8dc\xdb\
\xbf\xe7\x04 \xc0\x92\xea-\xf7\xfd+Q\xe9\xf177\
\xc0\x08|[\xbd\x8b\x83t\x5c<\x01\x08\xb0<\x17\x7f\
\x14F\xfc\xbdoH\x11\xd8\xfc\xd9=\xb7\xfa\xf7\x1f\x04\
 \xc0\x92\xaa\x89\x00,\x89\xf8\xbb\xda\x10\x22\xb0\x8e\xf8\
\xa1\xf9\xb3\xb3\xfaw\x81\x00\x04\x80[\x88\xbf\x9be\x1e\
\x81o\xeb3o\xd7\xb8L\x00\x02,\xa9\x8e\xf8 \x1d\
2b\xe2\xefnr\x8d\xc0\xba\x8a\x87_\x1d\xc5i\x9a\
\x92\x08@\x80%U\xb3\xff0f\xe2o1\x19F\xe0\
\xa3\xa7_\xbb\xed\xcbU\x04 \xc0\xf2\x8a\xff<\xd11\
\x13\x7f\xcb\xc9(\x02\x1f\xa5\xff-\x5cA\x00\x02\xc0%\
\xe2o5\x17\x22\xf0\xed\xecD\xbf\xda\xef)\xfen!\
\x00\x01\x96\xd4D\x82\xf7\x15\x8d\x90\xf8\xeb\xc6,\xc0\xce\
b\xb7\xbd\x027\x9dZ\xbb\xf6{M\xcfbG\xfc\xdd\
N\x00\x02,O\x00\x8e\x8c\xf8\xeb\xd6\xe1Q\x9cL\xda\
\x08\x9c\xc6a:\xb5.o\xdb\xef\xf1\xf4Y\xec\xb8\xe0\
\xe3n\xb6\xd2\x08\xc0\x82v\x7f5\x1b\xc4\xc2H\x88\xbf\
\xf5x\xf9/\xf1\xff^\xfd!^\xfe\xeao\xe2\xdb\xa8\
\xe2\x17U\x15;\xe9K]h\xc3\xef\xb7\x93\x7f\x8f\xdf\
\x1c\xfe\x8f\xf8\xe7t\x8e;p\x05\x1b\xc0\x0a\xf6\x1f\xcf\
>Y\xe0\xe7\xe73\x86J\xfc\xf5\xe7\xcb\xbd\xb8_m\
\xcf\xee\xcb\xf7\xb0\x89\x90\xa5n\xa5\x94\xb6\x95\x8f'g\
>\xdbwY\x02\x10`\x05O>\x8f\xe3j\x12\x9f\xa4\
)\x03$\xfe6\xa7\x8d\xc1\xc9v\xec\xc64vb2\
[\x19l\x1f\x97\xffA\xf5\xbay\x9c6\xbf\xe6\xa4\xf9\
5'\xd3\xb3xi\x9bwu\x02\x10`\x05\xfb\x8fg\
\xe1\xf0\xe2|\xc6\xd0\x88?J\xe5\x22\x10\x80\x15Tg\
\xb3\x9b\xccn\xe2V\x17\xacH\xfcQ2\x17\x81\x00\xac\
\xa0}\x83\xfb\xee\x87\xf1\xa7\xe6\xd0g\x8d\x0e\x88\xf8\xa3\
t\xb6\x80\x01:\xb0\xffx\xf6\x9e\xa4_\x9e\xcf\xc8\x99\
\xf8\x03[\xc0\x00]9H#\x19\x13\x7fp\xce\x0a \
@G\xf6\x1f\xc7\xcbf\xf8\xe8|Fn\xc4\x1f\xfc\x07\
+\x80\x00\x1d\xa9\xcef\xef\x03loYAf\xc4\x1f\
\xbcO\x00\x02tdvC\xda\xf3\x08tUpF\xc4\
\x1f\xfc\x94\x00\x04\xe8P\xfb\xd9\xa7u%6r!\xfe\
\xe0jn\x03\x03\xd0\xb1W\xbf\x8f\x7f\xdd\xfdp\xb6\x15\
\xec\xd60\x1b$\xfe\xe0z\x02\x10`\x0d\x9a\x08<\x11\
\x81\x9b#\xfe\xe0f\x02\x10`MD\xe0f\x88?\xb8\
\x9d\x00\x04X#\x11\xd8/\xf1\x07w#\x00\x01\xd6L\
\x04\xf6C\xfc\xc1\xdd\x09@\x80\x1e\x88\xc0\xf5\x12\x7f\xb0\
\x18\x01\x08\xd0\x13\x11\xb8\x1e\xe2\x0f\x16'\x00\x01z$\
\x02\xbb%\xfe`9\x02\x10\xa0g\x22\xb0\x1b\xe2\x0f\x96\
'\x00\x016@\x04\xaeF\xfc\xc1j\x04 \xc0\x86\x88\
\xc0\xe5\x88?X\x9d\x00\x04\xd8 \x11\xb8\x18\xf1\x07\xdd\
\x10\x80\x00\x1b&\x02\xefF\xfcAw\x04 @\x06D\
\xe0\xcd\xc4\x1ftK\x00\x02dB\x04^M\xfcA\xf7\
\x04 @FD\xe0\xfb\xc4\x1f\xac\x87\x00\x04\xc8\x8c\x08\
<'\xfe`}\x04 @\x86J\x8f@\xf1\x07\xeb%\
\x00\x012Uj\x04\x8a?X?\x01\x08\x90\xb1\xd2\x22\
P\xfcA?\x04 @\xe6J\x89@\xf1\x07\xfd\x11\x80\
\x00\x030\xf6\x08\x14\x7f\xd0/\x01\x080\x10c\x8d@\
\xf1\x07\xfd\x13\x80\x00\x032\xb6\x08\x14\x7f\xb0\x19\x02\x10\
``\xc6\x12\x81\xe2\x0f6G\x00\x02\x0c\xd0\xd0#P\
\xfc\xc1f\x09@\x80\x81\x1aj\x04\x8a?\xd8<\x01\x08\
0`C\x8b@\xf1\x07y\x10\x80\x00\x037\x94\x08\x14\
\x7f\x90\x0f\x01\x080\x02\xb9G\xa0\xf8\x83\xbc\x08@\x80\
\x91\xc85\x02\xc5\x1f\xe4G\x00\x02\x8cHn\x11(\xfe\
 O\x02\x10`d2\x8a\xc0GO\x7f\x1b\x07\xe9\x18\
\xc8\x88\x00\x04\x18\xa16\x02?\xfa/\xf1C\x15\xf1\xdf\
\x9a\xe9\xcf\xce\xcf\xf6\xe6m\xf3\xf8\xef\x87\xcf\xe2\xf8|\
\x0a\xe4\xa6\xf9\xbb\x01\x80\xb1\xfar/\xeeW\xdb\xf1}\
\xf3\x97\xfd\x07\xe9\xd4Z\xd5\xd1D\xe7Y<<<\x8a\
\x93t\x0a\xc8\x90\x00\x04(\xc0\x93\xcf\xe3\xa0\x9a\xc4g\
\xcd\xe1\xcf\xcf\xcft\xaf\x9e\xc6\xe1\xe4]<?8\x8a\
7\xe9\x14\x90)\x01\x08P\x88\xd9j\xe0\xd6,\x04?\
I\xa7:\xd1^\xe8Q\xbf\x8b\x83\xaf\x8e\xe24\x9d\x02\
2'\x00\x01\x0as\xb0\x17\xf7\xa6\xdb\xb3+s\x1f.\
\xbb5\xdcn\xf56\xc3q}\x16\xdf\x0b?\x18\x1e\x01\
\x08P\xb0vUp\xb2\x1d\xbb\xf54v\xabI\xdco\
N\xed4\x8f\xcb\xdb\xc4\xedE\x1d'\xcd\xaf9m~\
\xcd\xcb\xe9Y\xbc\x14}\x00\x00\x00\x00\x00\x00\x00\x00\x00\
\x00\x00\x00\x00\x00\x00\x00\x00\x00\x00\x00\x00\x00\x00\x00\x00\
\x00\x00\x00\x00\x00\x00\x00\x00\x00\x00\x00\x00\x00\x00\x00\x00\
\x00\x00\x00\x00\x00\x00\x00\x00\x00\x00\x00\x00\x00\x00\x00\x00\
\x00\x00\x00\x00\x00\x00\x00\x00\x00\x00\x00\x00\x00\x00\x00\x00\
\x00\x00\x00\x00\x00\x00\x00\xebW\xa5\x11\x18\xa8/\xf7\xe2\
\xfed;>\xaa\xa7\xb1\xdbL\xef\xc7$v\x9a\x1f\xec\
{\xe7_=WG\xbc\x89i\x9c4\x87\xa7\xd5$^\
N\xcf\xe2\xd5WGqz\xfeU\x00J#\x00a\x80\
\xda\xe8\xab\xb6\xe3\xe3\xe6\x07\xf8\xb3fz\xff\xfc\xecb\
\x9a(l\x83\xf0xr\x16\xdf\x1e\x1c5\x81\x08@1\
\x04 \x0c\xc8,\xfc\xb6b\xbf\x9a\xc4\xc3t\xaa\x13\xf5\
4\x8e\xebwqhU\x10\xa0\x0c\x02\x10\x06\xe0`/\
\xee\xd5\xdb\xf1i{x~\xa6{\xed6q\xf3\x17\xc2\
\xf3\xc3gq\x98N\x010R\x02\x102\xb7\xbf\x17;\
M\xfc\xbdh~Xw\xd2\xa9\xb5j\xb7\x86\xeb\xb3\xf8\
;\xab\x81\x00\xe35I#\x90\xa1\xfd\xc7\xf10\xb6\xe3\
\x8f}\xc5_\xab\xfd^U\xf3=\x9f|\x11\x0f\xd2)\
\x00Ff+\x8d@ff\xf1\x17\xf1\xe2|\xd6\xaf&\
\x02\x7f\xd6<~\xb3\xfba\xbc~\xf5\xfb\xd9\xc5\x22\x00\
\x8c\x88\x00\x84\x0cm2\xfe.y \x02\x01\xc6G\x00\
Bf2\x8a\xbf9\x11\x0802\x02\x102\x92a\xfc\
\xcd\x89@\x80\x11\x11\x80\x90\x89\x8c\xe3oN\x04\x02\x8c\
\x84\x00\x84\x0c\x0c \xfe\xe6D \xc0\x08\x08@\xd8\xb0\
\x01\xc5\xdf\x9c\x08\x04\x188\x01\x08\x1b4\xc0\xf8\x9b\x13\
\x81\x00\x03&\x00aC\x06\x1c\x7fs\x22\x10`\xa0\x04\
 l\xc0\x08\xe2oN\x04\x02\x0c\x90\x00\x84\x9e\x8d(\
\xfe\xe6D \xc0\xc0\x08@\xe8\xd1\x08\xe3oN\x04\x02\
\x0c\x88\x00\x84\x9e\x8c8\xfe\xe6D \xc0@\x08@\xe8\
A\x01\xf17'\x02\x01\x06@\x00\xc2\x9a\x15\x14\x7fs\
\x22\x10 s\x02\x10\xd6\xa8\xc0\xf8\x9b\x13\x81\x00\x19\x13\
\x80\xb0&\x05\xc7\xdf\x9c\x08\x04\xc8\x94\x00\x845\x10\x7f\
?\x12\x81\x00\x19\x12\x80\xd01\xf1\xf7\x13\x22\x10 3\
\x02\x10:$\xfe\xae%\x02\x012\x22\x00\xa1#\xe2\xef\
V\x22\x10 \x13\x02\x10: \xfe\xeeL\x04\x02d@\
\x00\xc2\x8a\xc4\xdf\xc2D \xc0\x86\x09@X\x81\xf8[\
\x9a\x08\x04\xd8 \x01\x08K\x12\x7f+\x13\x81\x00\x1b\x22\
\x00a\x09\xe2\xaf3\x22\x10`\x03\x04 ,H\xfcu\
N\x04\x02\xf4L\x00\xc2\x02\xc4\xdf\xda\x88@\x80\x1e\x09\
@\xb8#\xf1\xb7v\x22\x10\xa0'\x02\x10\xee@\xfc\xf5\
F\x04\x02\xf4@\x00\xc2-\xc4_\xefD \xc0\x9a\x09\
@\xb8\x81\xf8\xdb\x18\x11\x08\xb0F\x02\x10\xae!\xfe6\
N\x04\x02\xacI\x95F\xe0\x02\xf1\x97\x8f\xba\x8a\xbf{\
\xfau|\x9f\xa6\x00t@\x00\xc2%\xe2//u\xc4\
\x9b\xea,~}xd%\x10\xa0+\x02\x10.\x10\x7f\
\xd9:m\x22\xf0\xaf\x0f\x8e\xe2M\x9a\x03\xb0\x82I\x1a\
\xa1x\xe2/k\xf7\xa7[\xf1]:\x06`E.\x02\
\x81\x86\xf8\xcb_U\xc5}\x17\x85\x00t\xc3\x0a \xc5\
\x13\x7f\x83\xb2\x9fF\x00V`\x05\x90\xa2\x89\xbf\xc1\xb9\
g\x15\x10`u.\x02\xa1X\xe2o\x98\xda\xab\x82'\
g\xf1W.\x08\x01X\x9e-`\x8a$\xfe\x86\xab\xf9\
W\xeb\xbdz;\x1e\xa4)\x00K\xb0\x02\xd8\x81/\xf7\
\xe2\xfed;>\x8ai\xec\xd4\x11;\xd5$\xee7\xa7\
\xdb\xc7E\xa7\xf54N\x9b\xaf\xbd\xac\xab8\x99\xfc9\
^Y\xc1\xd8\x0c\xf17|\xcd\xcf\xd2\xb7O\xbf\x99\xfd\
9\x02\xb0\x04\x01\xb8\xa4\x83\xbd\xb87\xdd\x8eO\x9a\xc3\
\x87\xcdo\xe2\xce\xf9\xd9\xc54\xb1\xd8\xbe\x8f\xe9xr\
\x16\xdf\x8a\xc1~\x88\xbfqh\xb7\x81\x9f>\x8b_\xa4\
)\x00\x0b\x12\x80\x0bj\xc3\xaf\xde\x8eO\x9b\x17\xa0\xcf\
\xda\xad\xa8tz%\xed\x8bY5\x8d\xe3\xe9\xbb\xf8\xc7\
\xaf\x8e\xe24\x9d\xa6c\xe2od\xce\xe2\xaf}:\x08\
\xc0r\xbc\x07p\x01M@\xecO\xb7\xe3\xdf\x9a\xc3\x83\
\xae\xe2\xaf5\xfb\xef\x9a4A\xb9\x1d\x7fl\xbfG:\
M\x87\xc4\xdf\xf8\xd4[\xde\x07\x08\xb0,+\x80w\xb0\
\xbf\x17;\xf5v\xbch~\xb3\x96\xda\xea]T\xbb5\
\x5c\x9d\xc5#\xab\x1b\xdd\x10\x7f#5\x8d\x7f<\xfc&\
>K3\x00\x16`\x05\xf0\x16m<4\xf1\xf7\xbf\xfa\
\x8a\xbfV\xfb\xbd\xda\xef\x99\xc2\x85\x15\x88\xbf\x11\x9b\xf4\
\xf73\x0906\x02\xf0\x06\xf3x\x98m\xd1\xf6,}\
\xcf\x17\x22py\xe2\x0f\x00\xae&\x00\xaf\x91Q<\xbc\
x\xf2\xb9\x88Y\x94\xf8\x1b\xbf:\xe2\x83t\x08\xc0\x82\
\x04\xe0\x15\x9e|1{sy6\xf1PM\xe2\xa1\x08\
\xbc;\xf1W\x86\xca{\x98\x01\x96&\x00/i/\xf8\
\x88:\xbfx\x10\x81w#\xfe\x8a\xe2\x22)\x80%\x09\
\xc0K\xd2\xd5\xbe\xbd\xbf\xe7\xef.D\xe0\xcd\xc4\x1f\x00\
\xdc\x8d\x00\xbc\xa0\x89\xab\xf6\xfe~Y_Y(\x02\xaf\
&\xfe\x0a4\xb5\x02\x08\xb0,\x01\x98\xb4\x9f\xf0\xd1\xfc\
n|\x9a\xa6Y\x13\x81\xef\x13\x7fej?A'\x1d\
\x02\xb0 \x01\x98L\xb7\xe2y\xae[\xbfW\x11\x81\xe7\
\xc4_\xb9\xaaw\xf1}:\x04`A\xae\xa2k\xb4\xab\
\x7f\xedG\xbc\x0d)\x00\xe7\xeai\x1c?\xfd&\x1e\xa5\
iQ\xc4_\xd1\xde\x1e>\x1b\xde\xcf+@.\xac\x00\
6\xea\xedx0\xc4\xf8k\x95\xba\x12(\xfe\xca\xd6\xfc\
\xc3\xc7\xea\x1f\xc0\x0a\x04`\xa3\x8ea\xbc\xf7\xef:\xa5\
E\xa0\xf8#\xb6\x04 \xc0*\x8a\xdf\x02n\xb7\x7f\xeb\
\xed\xf8\xbfi:h%l\x07\x8b?\x1a\xaf\x0f\x9f\xc5\
\xfdt\x0c\xc0\x12\x8a_\x01\x9c\xfeE\xec\xa6\xc3\xc1\x1b\
\xfbJ\xa0\xf8#9H#\x00K\xb2\x05\xfc.\xef\xfb\
\xfe-j\xac\x11(\xfeH\xda\xd5\xbf\xe3t\x0c\xc0\x92\
\x8a\x0f\xc0&\x98F\xb3\x0287\xb6\x08\x14\x7f\x5c`\
\xf5\x0f\xa0\x03V\x00Gj,\x11(\xfe\xf8\xd14~\
g\xf5\x0f\xa0\x1b\xc5\x07`\x1d\xf1A:\x1c\x9d\xa1G\
\xa0\xf8c\xae\xf99\xfd\xa1z7{>\x00\xd0\x01[\
\xc0\x03\xbd\xff\xdf]\x0d5\x02\xc5\x1f\x17\xbc\xad\xcf\xe2\
\xc1\xc1\x91\x8f~\x03\xe8\x8a-\xe0\x02\x0c-\x02\xc5\x1f\
\xef9\x8b\xdd\xaf\x8e\xe24\xcd\x00\xe8\x80\x00,\xc4P\
\x22P\xfcq\xc9\xa3\xc3\xa38I\xc7\x00tD\x00\x16\
$\xf7\x08\x14\x7f\x5c\xf2\xc8E\x1f\x00\xeb!\x00\x0b\x93\
k\x04\x8a?.\x11\x7f\x00k$\x00\x0b\x94[\x04\x8a\
?.\x11\x7f\x00k&\x00\x0b\x95K\x04\x8a?.\x11\
\x7f\x00=\x10\x80\x05\xdbt\x04\x8a?.\x11\x7f\x00=\
\x11\x80\x85\xdbT\x04\x8a?.\x11\x7f\x00=\x12\x80\xf4\
\x1e\x81\xe2\x8fK\xc4\x1f@\xcf\x04 3}E\xa0\xf8\
\xe3\x12\xf1\x07\xb0\x01\x02\x90\x1f\xad;\x02\xc5\x1f\x97\x88\
?\x80\x0d\x11\x80\xbcg]\x11(\xfe\xb8D\xfc\x01l\
\x90\x00\xe4'\xba\x8e@\xf1\xc7%\xe2\x0f`\xc3\x04 \
W\xea*\x02\xc5\x1f\x97\x88?\x80\x0c\x08@\xae\xb5j\
\x04\x8a?.\x11\x7f\x00\x99\x10\x80\xdch\xd9\x08\x14\x7f\
\x5c\x22\xfe\x002\x22\x00\xb9\xd5\xa2\x11(\xfe\xb8D\xfc\
\x01dF\x00r'w\x8d@\xf1\xc7%\xe2\x0f C\
\x02\x90;\xbb-\x02\xc5\x1f\x97\x88?\x80L\x09@\x16\
r]\x04\x8a?.\x11\x7f\x00\x19\x13\x80,\xecr\x04\
\x8a?.\x11\x7f\x00\x99\xab\xd2X\xac&^\xeat\xc8\
\x82\xeai\x1c71\xf8\xaa9\x14\x7f\xcc\x89?\x80\x01\
\xb0\x02\xc8\xd2\xda\x95\xc0f\x10\x7f\xcc\x89?\x80\x81\x10\
\x80@\x17\xc4\x1f\xc0\x80\x08@`U\xe2\x0f``\x04\
 \xb0\x0a\xf1\x070@\x02\x10X\x96\xf8\x03\x18(\x01\
\x08,C\xfc\x01\x0c\x98\x00\x04\x16%\xfe\x00\x06N\x00\
\x02\x8b\x10\x7f\x00# \x00\x81\xbb\x12\x7f\x00#!\x00\
\x81\xbb\x10\x7f\x00#\x22\x00\x81\xdb\x88?\x80\x91\x11\x80\
\xc0M\xc4\x1f\xc0\x08\x09@\xe0:\xe2\x0f`\xa4\x04 \
p\x15\xf1\x070b\x02\x10\xb8L\xfc\x01\x8c\x9c\x00\x04\
.\x12\x7f\x00\x05\x10\x80\xc0\x9c\xf8\x03(\x84\x00\x04Z\
\xe2\x0f\xa0 \x02\x10\x10\x7f\x00\x85\x11\x80P6\xf1\x07\
P \x01\x08\xe5\x12\x7f\x00\x85\x12\x80P&\xf1\x07P\
0\x01\x08\xe5\x11\x7f\x00\x85\x13\x80P\x16\xf1\x07\x80\x00\
\x84\x82\x88?\x00f\x04 \x94A\xfc\x01\xf0#\x01\x08\
\xe3'\xfe\x00x\x8f\x00\x84q\x13\x7f\x00\xfc\x84\x00\x84\
\xf1\x12\x7f\x00\x5cI\x00\xc28\x89?\x00\xae%\x00a\
|\xc4\x1f\x007\x12\x800.\xe2\x0f\x80[\x09@\x18\
\x0f\xf1\x07\xc0\x9d\x08@\x18\x07\xf1\x07\xc0\x9d\x09@\x18\
>\xf1\x07\xc0B\x04 \x0c\x9b\xf8\x03`a\x02\x10\x86\
K\xfc\x01\xb0\x14\x01\x08\xc3$\xfe\x00X\x9a\x00\x84\xe1\
\x11\x7f\x00\xacD\x00\xc2\xb0\x88?\x00V&\x00a8\
\xc4\x1f\x00\x9d\x10\x800\x0c\xe2\x0f\x80\xce\x08@\xc8\x9f\
\xf8\x03\xa0S\x02\x10\xf2&\xfe\x00\xe8\x9c\x00\x84|\x89\
?\x00\xd6B\x00B\x9e\xc4\x1f\x00k#\x00!?\xe2\
\x0f\x80\xb5\x12\x80\x90\x17\xf1\x07\xc0\xda\x09@\xc8\x87\xf8\
\x03\xa0\x17\x02\x10\xf2 \xfe\x00\xe8\x8d\x00\x84\xcd\x13\x7f\
\x00\xf4J\x00\xc2f\x89?\x00z'\x00as\xc4\x1f\
\x00\x1b!\x00a3\xc4\x1f\x00\x1b#\x00\xa1\x7f\xe2\x0f\
\x80\x8d\x12\x80\xd0/\xf1\x07\xc0\xc6\x09@\xe8\x8f\xf8\x03\
 \x0b\x02\x10\xfa!\xfe\x00\xc8\x86\x00\x84\xf5\x13\x7f\x00\
dE\x00\xc2z\x89?\x00\xb2#\x00a}\xc4\x1f\x00\
Y\x12\x80\xb0\x1e\xe2\x0f\x80l\x09@\xe8\x9e\xf8\x03 \
k\x02\x10\xba%\xfe\x00\xc8\x9e\x00\x84\xee\x88?\x00\x06\
A\x00B7\xc4\x1f\x00\x83!\x00\xa1\x03\xf54>J\
\x87\x00\x90=\x01\x08\x1d\xa8&\xf1\xf0\xc9\xe7\xf1\x22M\
\x01 k\x02\x10:\x22\x02\x01\x18\x0a\x01\x08\x1d\x12\x81\
\x00\x0c\x81\x00\x84\x8e\x89@\x00r'\x00a\x0dD \
\x009\x13\x80\xb0&\x22\x10\x80\x5c\x09@X#\x11\x08\
@\x8e\x04 \xac\x99\x08\x04 7\x02\x10z \x02\x01\
\xc8\x89\x00\x84\x9e\x88@\x00r!\x00\xa1G\x22\x10\x80\
\x1c\x08@\xe8\x99\x08\x04`\xd3\x04 l\x80\x08\x04`\
\x93\x04 l\x88\x08\x04`S\x04 l\x90\x08\x04`\
\x13\x04 l\x98\x08\x04\xa0o\x02\x102 \x02\x01\xe8\
\x93\x00\x84L\x88@\x00\xfa\x22\x00!#\x22\x10\x80>\
\x08@\xc8\x8c\x08\x04`\xdd\x04 dH\x04\x02\xb0N\
\x02\x102%\x02\x01X\x17\x01\x08\x19\x13\x81\x00\xac\x83\
\x00\x84\xcc\x89@\x00\xba&\x00a\x00D \x00]\x12\
\x800\x10\x22\x10\x80\xae\x08@\x18\x10\x11\x08@\x17\x04\
 \x0c\x8c\x08\x04`U\x02\x10\x06H\x04\x02\xb0\x0a\x01\
\x08\x03%\x02\x01X\x96\x00\x84\x01\x13\x81\x00,C\x00\
\xc2\xc0\x89@\x00\x16%\x00a\x04D \x00\x8b\x10\x80\
0\x12\x22\x10\x80\xbb\x12\x800\x22\x22\x10\x80\xbb\x10\x80\
02\x22\x10\x80\xdb\x08@\x18!\x11\x08\xc0M\x04 \
\x8c\x94\x08\x04\xe0:\x02\x10F\xac\x8d\xc0\xfd\xc7\xf10\
M\x01`F\x00\xc2\xf8\xbdx\xf2E<H\xc7\x00 \
\x00\xa1\x08u\xbc\xd8\xdf\x8b\x9d4\x03\xa0p\x02\x10\x0a\
PE\xdc\xab\xb7\xe2\x1f\xd2\x14\x80\xc2\x09@(D5\
\x89\xdd'\x8f\xe3\xb34\x05\xa0`\x02\x10\xca\xb2\xff\xe5\
^\xdcO\xc7\x00\x14J\x00BA\xda\xad\xe0j\xcbU\
\xc1\x00\xa5\x13\x80P\x9aI|\x9a\x8e\x00(\x94\x00\x84\
\xc2\xb4\xab\x80\xee\x0d\x08P6\x01\x08%\x9a\xba/ \
@\xc9\x04 \x94h\x12\x1f\xa7#\x00\x0a$\x00\xa1P\
>\x1d\x04\xa0\x5c\x02\x10J\xf5\xce'\x83\x00\x94J\x00\
B\xb9\xdc\x0f\x10\xa0P\x02\x10\x0aUM\x04 @\xa9\
\x04 \x94\xeb\x97i\x04\xa00\x02\x10\xcaU\xa5\x11\x80\
\xc2\x08@(\xd7i\x1a\x01(\x8c\x00\x04\x00(\x8c\x00\
\x8cx\x9dF\x00\x80\x22\x08@\xdb`\x94j\x1a'\xe9\
\x08\x80\xc2\x08@/\x82\x14\xaa\x9e\xf8\xc7\x0f@\xa9\x04\
\xe0D\x00R\xa6\xaa\xf2\xdc\x07(U\xf1\x018=\x8b\
\x97\xe9\x10J\xf2\xf6\xf0k\xcf}\x80R\x15\x1f\x80_\
\x1d\xc5i\x1d\xf1C\x9aB\x11\xeai|\x9f\x0e\x01(\
\x90-\xe0s\xc7i\x842l\x09@\x80\x92\x09\xc0\xc6\
\xe4L\x00R\x94\xd7O\xbf\x16\x80\x00%\x13\x80\x8d\x83\
\xa3xSO\xe3\xdb4\x85\xb1;H#\x00\x85\x12\x80\
I\xfdn\xf6\xa2\xf8\xf6|\x06\xa3\xf5\xfa\xf0\x99\x15o\
\x80\xd2\x09\xc0dv1\xc84\x9e\xa7)\x8cR]\xc5\
g\xe9\x10\x80\x82Ui$y\xf28N\x9a\xdf\x94\x0f\
\xd2\x14\xc6c\x1a\xbf;\xfc&\x1e\xa4\x19\x00\x05\xb3\x02\
xIu\x16\x0f\x9b\xc1V0c\xf3\xbaz7{n\
\x03@l\xa5\x91\xe4\xd5\xbf\xc4\x9fv?\x8c?5\x87\
VJ\x18\x8b\xb7q\x16\xff\xf5\xf0\xc8G\xbf\x01pN\
\x00^\xe1\xd5\xef\xe3\xa4\x89\xc0\xd7\xcd\xa1\x08d\xf8\xce\
\xe2o\x9b\xf8\xf3\xb1o\x00\xfcH\x00^C\x042\x12\
\x8f\x0e\xff>\xfe9\x1d\x03\xc0\x8c\x00\xbc\xc1\x85\x08\xfc\
u\xf3\xf8\xd9\xec$\x0c\xc3\xeb8\x8b_\x8b?\x00\xae\
\xe2*\xe0;\xd8\xdf\x8b\x9dz;\x8e]\x1d\xcc@\xbc\
\xaa\xce\xe2A{\x83\xf34\x07\x80\xf7\x08\xc0\x05<\xf9\
<\x0e\xaa\xc9\xec>j???\x03Yi\xaf^\xff\
\xcc\x8d\x9e\x01\xb8\x8d-\xe0\x05\xbc\xfaC\xbc\xfc\xd5\xdf\
\xc4?5\xd9\xfc\x8b\xaa\x8a\xbfjN\xd9\x16&\x07o\
\xebi\xfcv\xf2\xef\xf1\x9b\xc3\xbf\x8f\xff\x9d\xce\x01\xc0\
\xb5\xac\x00.\xe9`/\xeeM\xb7g\xf7U{hk\
\x98\x0dy\xd5<\x8e\xad\xf8\x01\xb0(\x01\xd8\x816\x06\
\xeb\xedxPO\xe3~5\x89\xdd\xe6\xd4\xfd\xe6\xf1\xcb\
\xd9\x17au\xed\xd6\xee\xec6.\xcds\xece\xb5\xd5\
<\xfe\x1c'\xde\xe3\x07\x00\x00\x00\x00\x00\x00\x00\x00\x00\
\x00\x00\x00\x00\x00\x00\x00\x00\x00\x00\x00\x00\x00\x00\x00\x00\
\x00\x00\x00\x00\x00\x00\x00\x00\x00\x00\x00\x00\x00\x00\x00\x00\
\x00\x00\x00\x00\x00\x00\x00\x00\x00\x00\x00\x00\x00\x00\x00\x00\
\x00\x00\x00\x00\x00\x00\x00\x00\x00\x00\x00\x00\x00\x00\x00\x00\
\x00\x00\x00\x00\x00\x00\x00\x00\x00\x00\x00\x00\x00\x00\x00\x00\
\x00\x00\x00\x00\x00\x00\x00\x00\x00\x00\x00\x00\x00\x00\x00\x00\
\x00\x00\x00\x00\x00\x00\x00\x00\x00\x00\x00\x00\x00\x00\x00\x00\
\x00\x00\x00\x00\x00\x00\x00\x00\x00\x00\x00\x00\x00\x00\x00\x00\
\x00\x00\x00\x00\x00\x00\x00\x00\x00\x00\x00\x00\x00\x00\x00\x00\
\x00\x00\x00\x00\x00\x00\xb0i\x11\xff\x1f\xd7\x9f\x81o\xbb\
\xfe\xce\xda\x00\x00\x00\x00IEND\xaeB`\x82\
\x00\x001\xb4\
\x89\
PNG\x0d\x0a\x1a\x0a\x00\x00\x00\x0dIHDR\x00\
\x00\x02\x80\x00\x00\x02\x80\x08\x06\x00\x00\x00\x0c\xcd\xc9#\
\x00\x00\x00\x01sRGB\x00\xae\xce\x1c\xe9\x00\x00\x00\
\x04gAMA\x00\x00\xb1\x8f\x0b\xfca\x05\x00\x00\x00\
\x09pHYs\x00\x00\x0e\xc3\x00\x00\x0e\xc3\x01\xc7o\
\xa8d\x00\x001IIDATx^\xed\xdd=\xb3\
m\xc5y'p!'\xce\xb0\xb2\xa9r\x80\x95M\x86\
\x94P3\x11\x22t\x84('\x9e\x08\x94M\x86\xf8\x04\
\x98O\x00d\x93Y$\xa4\x86\xcc\x13\x092;\x92\xc8\
f\x22 \xf3D\xb22\x87\xb3\xfeg\xef\xe5\xbb\xcf\xbd\
\xe7e\xbf\xac\x97\xee\xa7\x7f\xbf\xaa\xae\xb5\xcf\xb5\xabT\
\xdc\xbb\xce^\xff\xf5t\xf7\xd3\xaf}\xf9\xd6O\x00\x00\
\x18\xc8O\x8fW\x00\x00\x06!\x00\x02\x00\x0cF\x00\x04\
\x00\x18\x8c\x00\x08\x000\x18\x01\x10\x00`0\x02 \x00\
\xc0`\x04@\x00\x80\xc1\x08\x80\x00\x00\x83\x11\x00\x01\x00\
\x06#\x00\x02\x00\x0cF\x00\x04\x00\x18\x8c\x00\x08\x000\
\x18\x01\x10\x00`0\x02 \x00\xc0`\x04@\x00\x80\xc1\
\x08\x80\x00\x00\x83\x11\x00\x01\x00\x06#\x00\x02\x00\x0cF\
\x00\x04\x00\x18\x8c\x00\x08\x000\x18\x01\x10\x00`0\x02\
 \x00\xc0`\x04@\x00\x80\xc1\x08\x80\x00\x00\x83\x11\x00\
\x01\x00\x06#\x00\x02\x00\x0cF\x00\x04\x00\x18\x8c\x00\x08\
\x000\x18\x01\x10\x00`0\x02 \x00\xc0`\x04@\x00\
\x80\xc1\x08\x80\x00\x00\x83\x11\x00\x01\x00\x06#\x00\x02\x00\
\x0cF\x00\x04\x00\x18\x8c\x00\x08\x000\x18\x01\x10\x00`\
0\x02 \x00\xc0`\x04@\x00\x80\xc1\x08\x80\x00\x00\x83\
\x11\x00\x01\x00\x06#\x00\x02\x00\x0cF\x00\x04\x00\x18\x8c\
\x00\x08\x000\x18\x01\x10\x00`0\x02 \x00\xc0`\x04\
@\x00\x80\xc1\x08\x80\x00\x00\x83\x11\x00\x01\x00\x06#\x00\
\x02\x00\x0cF\x00\x04\x00\x18\x8c\x00\x08\x000\x18\x01\x10\
\x00`0\x02 \x00\xc0`\x04@\x00\x80\xc1\x08\x80\x00\
\x00\x83\x11\x00\x01\x00\x06#\x00\x02\x00\x0cF\x00\x04\x00\
\x18\x8c\x00\x08\x000\x18\x01\x10\x00`0\x02 \x00\xc0\
`\x04@\x00\x80\xc1\xbc\xf6\xe5[\xc7O\x00m\xfb\xab\
i\xbcy\xf8x\xe7W\xc7k\xfcb\x1a\xf9\xbf?\xe5\
\xf4\xff\xff1?\x1c\xc7S\xfe8\x8d\x7f?|\xbc\xf3\
\xcd\xf1\x1a\xdf\x1e\xaf\x00M\x13\x00\x81\xbd\xfd\xcd4\xde\
8^OG\x9c~\xee\xcdi0\x9c?'8&@\
\xfe\xf9x\x05\xd8\x85\x00\x08\xac-\x01\xee\xa1\x807\x8f\
\x91\xcd\x15\xc7\xb9\xaa\x98\xa0(\x1c\x02\xab\x13\x00\x81\xa5\
\xccS\xb4\x99\x8e\xcdH\xb8;g\xda\x95\x87=\x14\x0e\
\xbf;~\x06\xb8\x89\x00\x08\x5c#\x01/ao\x0ey\
\xaay\xdb\x99\x83a\x02a\xc2aBa~\x068\x9b\
\x00\x08<'\xc1\xee\xedi$\xf4%\xec\xe5J[\xe6\
\xb5\x85B!p\x16\x01\x10xY\x02^\x02\xdf\x1c\xf6\
T\xf6\xfa4\x87\xc2\xaf\xa6\xf1\xf54\x04B\xe0?\x09\
\x800\xb6y\xdd^\xc2\xde<\xa8)\x01\xf0w\xd3\xf8\
|\x1a\xd6\x11\xc2\xe0\x04@\x18\xcf\x5c\xdd\xfb\xf54L\
\xe7\x8e'\xe1\xef\xb3i\x08\x8200\x01\x10\xea\x9b\xd7\
\xf0%\xf0%\xf8=\xd70\x991$\xfc\xfdf\x1a\x99\
\x22\x06\x06#\x00BM\xa7\x81O\x95\x8f\xa7$\x00&\
\x08\xaa\x06\xc2@\x04@\xa8!U\xbdw\xa7\xa1\xca\xc7\
5\xb2Y\xe4\xbdi\xd8(\x02\x83\x10\x00\xa1_\xa7\xa1\
/\x03n\x91\x0a\xe0;\xd3H\x18\x04\x8a\xfb\xe9\xf1\x0a\
\xf4!\xa1\xef\xfdi\xfc\xd34\xfe4\x8d\xec\xea\x14\xfe\
XB\xee\xad\xdfO\xc3\x92\x01\x18\x80\x00\x08}H\xa5\
\xef\x1f\xa7!\xf4\xb1\xa6\x84\xc0\xdcg\x96\x10@q\x02\
 \xb4\xeb4\xf4e\xa1\xfe\x07\xd3\x80\xb5\xa5\x02\xf8\xe9\
\xe1#P\x95\x00\x08mI\xcb\x96\x8f\xa7\xf1\xfd4\xe6\
\xd0\xa7\x1a\xc3\xd6r\xdf\xfd\xf6\xf0\x11\xa8\xc8&\x10h\
C\xaa}y\xe8\x9a\xda\xa5\x15\xd9\x14\xf2\xf3\xe3\x15(\
F\x05\x10\xf6\x93j_\xa6\xda\xe6j\x9f\xf0GKR\
yV\x05\x84\xa2T\x00a{\xd9\xc5\x9bj\x9fsw\
\xe9A\xaa\x80\xfa\x03B1*\x80\xb0\x8dTS\xb2\xb6\
o\xde\xc5+\xfc\xd1\x0b\x9b\x8f\xa0 \x01\x10\xd6\x95i\
\xdey'\xef?L\xc3\x86\x0ez\x93\x8a5P\x8c\x00\
\x08\xebH\x85/\xcd\x9a\xb3\xbeO\x05\x85\x9e\xe5%F\
sh(F\x00\x84e\xa5Z\x92\xd3\x142l\xea\xa0\
\x0a\xf72\x14#\x00\xc2\xed2\xad\xfb\xe14R\xed\xb3\
\xbe\x8f\x8a\xdc\xd3P\x8c\x00\x08\xd7\x9b7v$\xf8}\
6\x8dL\x95AEo\x1e\xaf@\x11\x02 \x5c\xee4\
\xf8\xd9\xd8\xc1\x08r\x8f{\xc1\x81B\x04@8\x9f\xe0\
\xc7\xc8\x04@(D\x00\x84\xf3ds\x87\xe0\x07@\x09\
\x02 <m\x0e~\xd9\xdc!\xf8\x01P\x82\x00\x08\x0f\
;\x0d~\xa6\xbe\x00(E\x00\x84\xfb\xd2\xeeB\xf0\x03\
\xa04\x01\x10\x0e\x12\xf6rrG\x1a8\x0b~\xf0\xaa\
\x1f\x8eW\xa0\x00\x01\x90\xd1\x9d\xee\xecu\xda\x01<N\
\x00\x84B\x04@Fv\xba\xb3\x17x\xdc\x8f\xc7+P\
\x84\x00\xc8\x88\xb2\xce\xef\x0f\xd3\xb0\xb3\x17\xce\xf3\xd5\xf1\
\x0a\x14!\x002\x92\xd3u~\xbf\xc8\x1f\x00g\xf9\xe6\
x\x05\x8a\x10\x00\x19E\xd6\xf9\xa5\xeag\x9d\x1f\x5cN\
\x00\x84b\x04@\xaaK\xa5/\xc1\xcf\x09\x1ep\x9d/\
\xa6\xf1\xef\x87\x8f@\x15\x02 U%\xec}:\x8d\x84\
?\xd3\xbdp=\x9b\xa4\xa0 \x01\x90\x8a\xe6M\x1e\xbf\
\xbd\xfb\x09\xb8\xd6\xb7\xd3\xd0\xfe\x05\x0a\x12\x00\xa9$U\
\xbf\x7f\x9c\x86f\xce\xb0\x0c/QP\x94\x00H\x15\xd9\
\xdc\x91\x9e~\x1f\xdc\xfd\x04\xdc\xea\xf3i\xfc\xf1\xf0\x11\
\xa8F\x00\xa4w\xa9\xfa\xa5\xb5K\x86M\x1e\xb0\x8c4\
~\xb6\xf6\x0f\x0a\x13\x00\xe9\xd9\x5c\xf5\xd3\xda\x05\x96\xf3\
\xe7i\xe4w\xca\xce_(L\x00\xa4G\xf3Z?U\
?X^\xd6\xfd\x99\xfa\x85\xe2\x04@z3\xf7\xf5\xb3\
\xd6\x0f\x96\xf7\x9bi\xe4\x88D\xa08\x01\x90\x9e\xcc\xa7\
y\xd8\xe1\x0b\xcb\x13\xfe` \x02 =H\xe0Kk\
\x17\x8b\xd2\x89lPH\x7f:\x96\x915\x7f\xefLC\
\xf8\x83\x81\xbc\xf6\xe5[\xc7O\xd0\xa6,F\xcfz?\
k\xfd\xc6\xf0\xdd4\xb2\xf9 k\xd0r\x9d?\xc7\xfc\
g\x91uj9\xe9\x85\xdb$Hg9\x85f\xcf0\
\x18\x01\x90V%\xf0\xe5\x01o\xad_=\xa98%\xcc\
%td|3\x8d\xd3\xa0\xf7\x9c\xdc\x13y)\xe0z\
\xf97\xc8\xdf\xe3Ww?\x01\xc3\x11\x00iQ6z\
\xe4\x01\xef\x0c\xdf\xfe\xa5\xa2\x97`w:\xe6*\xde5\
\x84\xbf\xdb$\xf8}v\x1c\xb7\xfc;\x00\x9d\x13\x00i\
\x8d)\xdf~\xbd\x1c\xf6R\xd9[\x92\xf0w=\xc1\x0f\
\xb8G\x00\xa4%\x99\xf2u\xf6h?\xb2~,!o\
\x1ek\x12\xfe\xae\xf7\xc54\xb2\x81\xca:?\xe0?\x09\
\x80\xb4 \xd5\xbe4u\xfe\xd5\xddO\xb4j\xcb\xc0w\
J\xf8\xbb\xce\xd7\xd3\xc8\x0b\x95\xe0\x07\xbcB\x00do\
Y\xe7\x97\xf0\xa7\xb7_{2\xa5\x9b\xa0\x97\x8d\x02[\
\x06\xbeS\xc2\xdf\xe5\x12\xd4S\xf1\xdb\xeb\xdf\x0c\xe8\x80\
\x00\xc8\x9e<\xdc\xdb\x93\xaa\xd1\x1c\xfa\xf6\xae\x1c\xb9?\
.\x93\xfe\x88\x09~\xfa\xf9\x01\xcf\x12\x00\xd9K\x1e\xec\
y\xc0\xb3\xafl\x0eH\xd8\x9b\xab|\xadl\x10\x10\xfe\
.\xf3\xc94l\xf0\x00\xce&\x00\xb2\xb5\xac\xf7\xcb\xa9\
\x1eZ\xbc\xec'\x95\xa2\x04\xbeT\x8a\xb2[\xb75Y\
\x0b\x9a{\x84\xe7i\xe4\x0c\x5c\xc5Qpl)\xa1\xef\
\xfb\xe3\x95m\xa5\xd2\x97\xdd\xa0\xefM#\xeb-\xb39\
\xa0\xc5\xf07\xaf\x09\xe5i\xf9\xf7\xcc\xbfe\xc2\xb2\xf0\
\x07\x5cL\x00d+sUG\x7f\xbfmeM_\x0e\
\xf9\xcf\xdf{*E\xa9\xfc\xb5*\xe1\xcf=\xf2\xbc\xcf\
\xa7\x91\x10\xdf\xf2\xbf%\xd08\x01\x90-$xx\xb0\
o'\xd3\x82\x09}?\x9bF\x1ak\xf7\xb0) \xf7\
F\xd6\xfc\xb9G\x1e\x97\xa9\xfbw\xa6\x91\xea\xad\xb5~\
\xc0M\x04@\xd6\x96\xe6\xce\x16\xf3\xafo\x9e\xe2\xfd\xe5\
4RmM\xe8\xeb%$$\xf4Y\x17\xfa\xb4T\xfd\
\xf2\xf7\xa3\xb5\x0b\xb0\x08\x01\x905%\xf89\xd9c]\
\xe9\xd5\x97j_\xa6\x04Simq]\xdfs\xb2\xe6\
O\xf8{X\xfe}\x13\xeaU\xfd\x80E\x09\x80\xac!\
\x15\x9d?L#\x81\x84u\xa4\xda\x97\xe9\xc0\x04\xa7\x9e\
\xaa}/\xcbK\x82\x13`\x1e6W\xfdz\x0c\xf5@\
\xe3\x04@\x96\x96\x07\x96\xe9\xbcud\x9a7\xfd\xde\xb2\
\xb6/\xe1\xba\xf7\xe9\xc0\xf4\xad\xf3\x92\xf0\xaa\xfc;\xcf\
k\xfd\x00V!\x00\xb2$\xe1o\x1dY\xfc?\xef\xe4\
\xcdI\x0f\x15\xa6\x02\x13\xfc><|\xe4Dvmg\
:\xdfZ?`U\x02 K\x99\xc3\x9f]\x9c\xcb\x99\
w\xf3&\x10T:\xde+\xf7J6\x07\xf1B\xaa~\
\x1fM#\xbb\xb6\xad\xf5\x03V'\x00\xb2\x04=\xfe\x96\
\x95\xe0\x97)\xc0y7o%\xb9G\xb2\xe9\xc3\xbd\xf2\
B6z\xe4\xdf:S\xe2\x00\x9b\x10\x00\xb9U\xa6\xf2\
\x84\xbfe$\xf8\xcdm\x5c\xaaN\x01\xe6^IE\x93\
\x83L\xf9\xe6\xdf\xdbF\x0f`S\x02 \xb7H\xf8\xd3\
\xe3\xefv\xa7\x15\xbf\xcaA \xf7\x8a\xf5\xa1/\x98\xf2\
\x05v#\x00r-\xe1\xefv\xa7\xc1\xaf\xfa\xa2\xff\xdc\
/\x19\x1c\xd6\xfb\xa5\xd2k\xca\x17\xd8\x8d\x00\xc85\x84\
\xbf\xdb\xccGz\x8d\x10\xfc\x22\xff\x9d\xee\x97\x83\xac\xf7\
\xcb\x14\xb8)_`W\x02 \x97J\xeb\x0e\x0f\xf3\xeb\
\xcc\xed\x5cFj\xf3\x91\xff\xd6l\xfa\xe0\xd0\xbc;S\
\xe0\xa6|\x81\xdd\x09\x80\x5c\x22\xc1\xcf\xb4\xd5\xe5\xe6\x06\
\xce\xd5\xda\xb9\x9c\xc3\x8e\xdf\x83\xac\xf73\x05\x0e4C\
\x00\xe4\x5c\x09\x7f\x1e`\x97K\xd5'\xc1/\x0d\x9cG\
\x93\x97\x85\xd17}\xcc\xa7zxq\x02\x9a\x22\x00r\
\x8e\x1cI%\xfc]f\xde\xe0\x91\xbf\xb7\x11\xa7\xfc\xb2\
\xbbu\xf4\x93>\x12\xfeFY\xe7\x09tF\x00\xe49\
\x090Nm8\xdf\xbc\xceo\xe4\x07\x7f*\x9e\xa3\xaf\
\x13\xb5\xd9\x03h\x9a\x00\xc8S\x12\xfel\xf88_\xd6\
\xf9e\xcas\xb4u~/\xcb=3\xf2\xba\xbfT\x7f\
\xf3\x02`\xb3\x07\xd0,\x01\x90\xc7\x08\x7f\xe7K\xb5'\
}\xdd\xb2\xceo\xf4\x87~\xfe\x0e\x12~F\x955\x9f\
\xc2\x1f\xd0<\x01\x90\x87\x08\x7f\xe7\x99w\xf7\xa6\xeag\
\xaa\xef\x10|>>|\x1cR\xc2_~w\x00\x9a'\
\x00\xf2\xb2<\xc4\x85\xbf\xe7e\x9a/\xc1o\xc4\xdd\xbd\
\x0f\xc9\x94\xef\xc8\xfd\xfe\xb4y\x01\xba\x22\x00r*\x81\
F\xd3\xde\xa7\xa5\xea\x97\x87}\x82\xf2\x0f\xf9\x03\xee\x8c\
\xbc\xee/\x9b~\xb4y\x01\xba\x22\x002K\xf8\xfb\xfd\
44\xed}\xdc\xd7\xd3\xc8\xceN\x0f\xfb\xfb\xd2&(\
m_F\x94\xf07\xfa\xa6\x1f\xa0C\x02 !\xfc=\
m\xae\xfa%\xe4X\xdc\x7f_\x02\xf1\xa8\xeb\xfe\x84?\
\xa0[\x02 \x09}\xa3\xb7\xedxJv\xf8& \xab\
\xfa=l\xd4{G\xf8\x03\xba&\x00\x92\xca_\x02\x0e\
\xaf\x9aw\xf8Z\xeb\xf7\xb0L\xfd\x8e\xd8\xf2E\xf8\x03\
\xba'\x00\x8e-\xd5\x1b\xe1\xefU9\xcd#\xc7\xb8\xd9\
\xe1\xfb\xb8Q\xa7~\x85?\xa0\x04\x01p\x5c\x99\xd2\xd4\
\xb6\xe2U\xd9\xe8\x91P\xec\xfc\xd6\xa7\x8d8\xf5+\xfc\
\x01e\x08\x80cJ\xf0\x1b\xfd\xa0\xfe\x87\xe4\x01o\xa3\
\xc7\xf3F\x9c\xfa\x15\xfe\x80R\x04\xc0\xf1h\xf4\xfc\xaa\
L\xf9\xe6(7\x0f\xf8\xe7\x8d8\xf5\x9b\x1d\xe0\xee\x0d\
\xa0\x14\x01p,\x99\xda\xd4\xe8\xf9\xbe\xf9D\x0fG\xb9\
\x9dg\xb4\xa9\xdf\x1c\xeff\x078P\x8e\x008\x8e<\
\xb4\xf5\xfa\xbb/\xbb|S\x115\xe5{\x9e\xd1\xa6~\
\x9d\xed\x0b\x94%\x00\x8eC\xf8{!\x8d\x9d\xdf\x9b\x86\
]\xbe\xe7\xcb\xbd3\xd2\xd4o6\x03\x09\x7f@Y\x02\
\xe0\x18\xb4{yan\xec\xfc\xd5\xddO\x9c+\xd3\xa0\
\xa3\xbc@\xe4\x1e\x11\xfe\x80\xd2\x04\xc0\xfa\xf2 \xf30\
;HU'S\x98\x1a;_&\x7fg\xef\x1f>\x96\
\x97\xea\xb0e\x01@y\x02`m\xa9t\xd9\xf1{\x90\
\xf5\x5cZ\xbc\x5c\xe7\xd3\xe3\xb5:\xe1\x0f\x18\x86\x00X\
W\xa6\xeb\xec\xf8=H\x0f7U\xd0\xeb\xe4\xefm\x94\
\xe5\x03yA\xb0\x1b\x1c\x18\x82\x00XW\xc2_z\xb6\
\x8dl\xde\xec\xa1\x87\xdbu\xf2\x121J\xf5//\x09\
N\x7f\x01\x86!\x00\xd6\x94\x05\xfb#\xb5\xebx\xc8<\
\x9dg\xb3\xc7\xf5\xb2Kz\x84\x8d\x1fY\x1e\xe0%\x01\
\x18\x8a\x00XO\xa6\xb1F?\xe6-\xbb8S\xfd4\
\x9dw\xbdL\xfb\x8ep\x1f\xd9\xf1\x0b\x0cI\x00\xac\xc5\
\xa6\x8f\xc3\xc9\x1e\x16\xf2\xdfn\x84\xa9\xdf\xb9J\x0c0\
\x1c\x01\xb0\x8eL\xd5\x8dvL\xd7\xcb2\x95'\xfc\xdd\
.\x15\xb1\x11\x82\x91{\x05\x18\x96\x00XG*6\xa3\
\xec\xd6|\x88c\xbb\x963\xc2\x89\x1f\x1fM\xc3\x12\x01\
`X\x02`\x0dY\xf77r\xf8\x11\xfe\x96\x93\xf3~\
\xab\xef\x1eOC\xf0l\x94\x02\x18\x96\x00\xd8\xbf<\xac\
G^\xf7\xf7\xf94\x84\xbfed\xf9@\xf5\xea\x9fM\
\x1f\x00\x13\x01\xb0\x7f#\xaf\xfbK\xef\xb6T\xacXF\
\xfe.+\xdfK\xd9\xf4\x91\xf0g\xdd\x1f0<\x01\xb0\
o\xe9\xd36\xea.\xc6\x84?\xbd\xdb\x96\x93\xe0W\xbd\
\xedK\x02\xaeu\x7f\x00\x13\x01\xb0_\xd9\xf01\xc2b\
\xfd\x87\x08\x7f\xcb\xab^\xfd\xcb\xba?\xf7\x0c\xc0\x91\x00\
\xd8\xa7<\xa8G=\xe7W\xf8[^\xd6\x91V~\x99\
\x98\xa7~\x018\x12\x00\xfb\x94\xa9\xdf\x11\xcf\xf9\x15\xfe\
\xd6\x91\xfb\xa9\xb2\xec\x92\xb7\xee\x0f\xe0\x84\x00\xd8\x9fQ\
\x8fz\x13\xfe\xd6\x91\x17\x89\xf7\x0f\x1fK\xca.\xf1o\
\x0e\x1f\x01\x98\x09\x80}\xc9\xd4\xef\x88-_\xf2\x10\x17\
\xfe\xd6Q\xb9\xfa\x97\x96/v\x89\x03<@\x00\xec\xcb\
\x88-_\xd2\xe4\xd9C|\x1d\xd5\xab\x7f\xd6\xfd\x01<\
B\x00\xecG\xa6~3F\xe2\x84\x8fuU\xae\xfe}\
2\x0d-_\x00\x1e\xf1\xda\x97o\x1d?\xd1\xb2T\xfd\
\xbe?^G!\xfc\xad+\xd5\xbf\xdcS\x15\xfd8\x8d\
\xb4I\xb2\xf1\x03\xe0\x11*\x80}\xc8\xb9\xa5#\x85?\
\xc7u\xad\xaf\xf2\xb4z\xee\x1d\xe1\x0f\xe0\x09\x02`\xfb\
r\xd2G\xe5uZ/K\xf8\x1b\xf5t\x93\xad\xe4e\
\xa2\xea=e\xd7/\xc0\x19\x04\xc0\xb6\xe5A=\xd2\xae\
\xdf4\xecM\xf8S\xbdYW\xd5S?2\xf5[\xbd\
\xa7!\xc0\x22\x04\xc0\xb6\x8d\xd4\xf0Y\xf8\xdbF\x82_\
\xd5>\x92\x09\xb6\xee\x1f\x803\x08\x80\xed\xca\x22\xf6\x91\
\x1a>g\x87\xb3]\x9b\xeb\xcb\xdfs\xc5\xea\xdf\xb7\xd3\
\xf8\xea\xf0\x11\x80\xe7\x08\x80\xed\x1ai\xea7\xa7|X\
\xb7\xb5\x8d\xaag\xfe\xda4\x04p\x01\x01\xb0M\x99\xfa\
M\x05p\x04N\xf9\xd8NBR\xc5%\x05\xe9\xf9\xf7\
\xc3\xe1#\x00\xe7\x10\x00\xdb\x93\x07\xf4(S\xbf_O\
\xc3)\x1f\xdb\xa9x_e\xe3G\xda$\x01p\x01\x01\
\xb0=\x9fN\xa3\xe2\x1a\xad\x97\xe9\xf5\xb7\xadl\xb0\xa9\
XUN\xb5\xdc\xc6\x0f\x80\x0b\x09\x80m\xc9Cz\x84\
\xe3\xde\xb2\xe3W\xb3\xdemU\x0c\xdb\xd9\xf8a\xf9\x00\
\xc0\x15\x04\xc0\xb6\xa4\xfa7\x82\x84\x11;~\xb7\x93\x8a\
r\xc5\xc6\xcfz\xfe\x01\x5cI\x00lGB\xd1\x08\x1b\
?\xb2`_\xbb\x8emU\xac\xfee\xfd\xa8\x9d\xe3\x00\
Wz\xed\xcb\xb7\x8e\x9f\xd8S*49\x98\xbf\xfa\xda\
\xbf<\xb4G\x98\xe2nM\xee\xadj\xbb\x7f\x7f>\x0d\
;\x7f\x01\xae\xa4\x02\xd8\x86\xaaGs\x9d\xb2\xe9c\x1f\
YWZ-\xfc}1\x0d\xe1\x0f\xe0\x06\x02\xe0\xfe\xf2\
p\xae\xda\x9c\xf7T\xc2\x9fM\x1f\xdb\xab\x16\xba\xb3\x81\
\xc8\xda?\x80\x1b\x09\x80\xfb\x1ba\xe3\xc7G\xd3\xb0\xe9\
c{\x157\x7f\xa4\xe7\x9f\xea\x1f\xc0\x8d\x04\xc0}\x8d\
\xd0\xf6%\xeb\xfe4\xea\xddG\xb5&\xdb\xa9\xfe\xb9\x97\
\x00\x16 \x00\xee\xab\xfay\xbf9\xa5\xc1\xba\xbf\xfdT\
\xac\xfeYF\x00\xb0\x00\x01p?\x09F\x15\xcfe=\
e\xdd\xdf~RY\xaet\x7f\xa9\xfe\x01,H\x00\xdc\
O\xf5\x8d\x1f\xe9\xf7\xa7O\xdb~\xaa--P\xfd\x03\
X\x90\x00\xb8\x8f\xea\xd5\xbf\x1c\xd1e\xa7\xe6\xbe\xde=\
^+P\xfd\x03X\x98\x00\xb8\x8f\xca\xd5\xbf\xf9\x9c_\
\xf6\x93\xea_\xa5\xbe\x9299F\xf5\x0f`A\x02\xe0\
\xf6\xaaW\xffR\xf9\xd3\xa6c_\xd5\xa6\x7fU\x93\x01\
\x16&\x00n+U\x99\xca}\xff2\xf5k\xaan_\
\xd5z\xff9\xf5\x03`\x05\x02\xe0\xb6*\x1f\xf9f\xea\
\xb7\x0d\xaa\x7f\x00<K\x00\xdcN\x82\xdf\x87\x87\x8f%\
\x99\xfamC\xa5\x00\x98\x8a\xb2{\x0a`\x05\x02\xe0v\
*W\xffL\xfd\xb6!\xf7W\xa5\xdd\xbf\xee)\x80\x95\
\x08\x80\xdb\xa8\x5c\xfd3\xf5\xdb\x8eJ\xd5\xbf\x9c\x22\x93\
\xdd\xbf\x00\xac@\x00\xdcF\xe5\xea\x9f\xa9\xdfvT\xda\
\xfc\xa1\xfa\x07\xb0\xa2\xd7\xbe|\xeb\xf8\x89\xb5$\xf8}\
\x7f\xbcV\x93\xa9\xdf_\x1d>\xb2\xb3\xdc_\x7f:|\
\xec^\xaa\xcai\x95\xa4\xf7\x1f\xc0JT\x00\xd7\x97\xe9\
\xd1\xaa\xd5\xbfT6iC\xa5\xe9_\x8d\x9f\x01V&\
\x00\xae\xaf\xea\xda\xbf\xcf\xa7\xf1\xc7\xc3G\x1aP)\x00\
\x9a\xfe\x05X\x99\x00\xb8\xae\xaa\xa7~d\x8aN\x7f\xb6\
\xb6\xbc}\xbc\xf6\xee\xbbix\xb1\x00X\x99\x00\xb8\xae\
\xaa\xd5\xbfL\xfd\x9a\xa2kG\xd6aVYf\xa0\xfa\
\x07\xb0\x01\x01p=y(\xff\xe2\xf0\xb1\x94l\xfc\xf8\
\xdd\xe1#\x8d\xa8\xb6\xfe\x0f\x80\x95\x09\x80\xeb\xa9\xbaA\
\xc2\xc6\x8f\xf6Ti\xfe\x9cs\x7fU\x96\x016 \x00\
\xae#\xeb\xfe*\x9d\xc80\xb3\xf1\xa3=\xb9\xd7\xaa\xac\
3U\xfd\x03\xd8\x88\x00\xb8\x8e\x8a\x1b$l\xfchS\
\x95\xe9_'\x7f\x00lH\x00\x5c^\x16\xe3W:\x91\
a\x96\xc5\xf9\xa6\xe7\xdaS\xa5\x11\xb7\xf0\x07\xb0!\x01\
py\x15\xd7\xc8\xa5:\xa3\xfa\xd7\xa6*K\x0dl,\
\x02\xd8\x90\x00\xb8\xbc\x8a\xad_\x84\xbf6U\x9a\xfe\xb5\
\xb6\x14`C\x02\xe0\xb2*\x1e\xfb\x96\xc6\xbc\xaa3m\
\xaa2\xfd\xeb\xfe\x02\xd8\x98\x00\xb8\xac\x8ak\xff\xb4}\
iW\x95>\x93\xd6\xff\x01lL\x00\x5cNZqT\
\xa9\xc8\xcc\xd2\xf4\xf9\x9b\xc3G\x1aT\xe1\xf87\xd3\xbf\
\x00;\x10\x00\x97S\xb1Rf\xed_\xbb\xec\xfe\x05\xe0\
j\x02\xe0r\xaa5~\xce\xa9\x0c\xaa\x7f\xed\xb2\xfe\x0f\
\x80\xab\x09\x80\xcb\xc8n\xcc*\xa71\xccT\xff\xdaV\
!\x00\xa6\xb9\xb8\xe9_\x80\x1d\x08\x80\xcb\xc8\xee\xdfJ\
\xb2\xf6\xef\x87\xc3G\x1a\xf5\xe6\xf1\xda3\xd3\xbf\x00;\
\x11\x00oW\xf1\xdc_\xd5\xbf\xb6e\xf7o\x85vC\
\x02 \xc0N\x04\xc0\xdbU\xac\xfeY\xfb\xd7\xb6*\xeb\
\xff\xdcg\x00;\x11\x00oW\xad\xf7\x9f\xea_\xfb*\
\x04\xc0\xbch8[\x1a`'\x02\xe0m\xaam\xfeP\
\xfd\xebC\x85\xfe\x7f\xee3\x80\x1d\x09\x80\xb7\xa9r\x16\
\xebL\xf5\xaf}y\xe1\xb0\xfe\x0f\x80\x9b\x08\x80\xb7\xa9\
\xb4\xf9C\xf5\xaf\x0f\x15\x8e\x7f\xd3\xfe\x05`g\x02\xe0\
\xf5R\xfd\xabP\x89\x99i\xc8\xdb\x87\x0a\x01\xd0\x8b\x06\
\xc0\xce\x04\xc0\xebU\x9a\xfe\xcdy\xac\x02`\x1f\x04@\
\x00n&\x00^'\x95\xbfJ\xbb\x7f\x85\xbf~Th\
\x00-\x00\x02\xecL\x00\xbcN\xb5\xcd\x1f\x9f\x1d\xaf\xb4\
\xaf\xf7]\xe7\xd6\xff\x014@\x00\xbcN\xa5\x00\xf8\xc5\
4\xf4c\xebC\x85\xfe\x7f\xc2\x1f@\x03\x04\xc0\xcbe\
\xfa\xb7\xd2\xee_\xd5\xbf~X\xff\x07\xc0\x22\x04\xc0\xcb\
U\xaa\xfe\xa5\xf5\x8b\x8aL?*4\x1d\x17\x00\x01\x1a\
 \x00^\xaeR\x00\xb4\xf9\xa3/*\x80\x00,B\x00\
\xbcL\xa5\xe9_\xad_\xfa\xd3\xfb\x11p\xdf\x1d\xaf\x00\
\xecL\x00\xbcL\xa5\xea\x9f\xa3\xb8\xfaRa\xfa\xd7r\
\x03\x80F\x08\x80\x97\xa9\x14\x00m\xfe\xe8\x8b\x00\x08\xc0\
b\x04\xc0\xcb\xf4>\x057\xcbT\xdc\x0f\x87\x8ft\xa2\
\xc2\xfa?\x01\x10\xa0\x11\x02\xe0\xf9\xd2\x83\xad\xca\xd9\xbf\
\xaa\x7f\xfd\xa9p\xef\xd9\x00\x02\xd0\x08\x01\xf0|\xd6\xff\
\xb1\xa7\xde\x9b@g\xd3\x11\x00\x8d\x10\x00\xcfWe\xfa\
\xd7\xc9\x1f\xec\xc1\x92\x03\x80\x86\x08\x80\xe7\xc9\x02\xfc\x0a\
k\xb0B\xf5\xafO\xbd\xbf\x80\x98\xfe\x05h\x88\x00x\
\x9e\x0ag\xb0F\x0e\xe2\x17\x00\xd9\x83\x0a @C\x04\
\xc0\xf3TY\xff\xa7\xf1s\x9f*\xbc\x80\x08\x80\x00\x0d\
\x11\x00\xcfSe\xfd\x9f\x00\xd8';\x80\x01X\x94\x00\
\xf8\xbc*\xed_\xb2\x0bS\x1f\xb6>\xf5\xbe\xfe4K\
\x0f\x00h\x88\x00\xf8\xbc*\xeb\xff\xac\xfd\xebW\xef/\
 ^<\x00\x1a#\x00>\xef\xdd\xe3\xb5w\x02`\xbf\
z\xaf\x00Z\xff\x07\xd0\x18\x01\xf0i\xa9\xbcTh\xff\
\x92)8k\xb0\xd8\x8b\x00\x08\xd0\x18\x01\xf0i\xa6\x7f\
i\xc1\x9b\xc7k\xaf\x04@\x80\xc6\x08\x80O\xd3\xfc\x99\
\x16\xf4\xbe\x06P\x00\x04h\x8c\x00\xf8\xb4\x0a\x15@\xcd\
\x9f\xd9\x9b\x00\x08\xd0\x18\x01\xf0i\x15\xfa\xff\x09\x7f}\
\xcb1\x84\xbd\x13\x00\x01\x1a#\x00>\xae\xca\xfa?\x9b\
?\xfaV!\x00\x02\xd0\x18\x01\xf0q\xd6\xff\xc1\xed\xbe\
;^\x01h\x88\x00\xf8\xb8\x0a\x15\xc0<|\xff\xfd\xf0\
\x91N\xf5\xbe\x01\xc4\xfd\x07\xd0 \x01\xf0q\xbd\xb7\xde\
\x08\xd3\xbf\xfd\xabR\x89\x06\xa0!\x02\xe0\xc3\xb2\xee\xaa\
\xc2\xda+\xd3\xbf\xec\xcdK\x08@\x83\x04\xc0\x87\xd9\x00\
\x02\x00\x94%\x00>\xac\xc2\xb4\xdb\xb7\xc7+}\xab\xf2\
2\x02@C\x04\xc0\x87\xe9\xff\x07\xcb\xd0\x03\x10\xa0A\
\x02\xe0\xc3*T\x00M\xff\xd2\x02\x01\x10\xa0A\x02\xe0\
\xab*\x84\xbf\x1c\xff\xf6\xc7\xc3G\x00\x80\xfb\x04\xc0W\
\xa9\xfe\x01\x00\xa5\x09\x80\xaf\xaa\xd0\xfeE\xf5\x0f\x00x\
\x94\x00\xf8\xaa\x0a\xbb.U\x00i\x85{\x11\xa0A\x02\
\xe0\xab\xde8^{\xa6\x02\x08\x00<J\x00\xbc/\xe7\
\xae\xf6>\x05\xec\xfc\xdfZ*\x1cI\x08@c\x04\xc0\
\xfb*l\x00Q\xfd\xab%/%\x00\xb0(\x01\xf0>\
;\x80\x01\x80\xf2\x04\xc0\xfbT\x00\x01\x80\xf2\x04\xc0\xfb\
z_\xff\xa7\x014\x00\xf0,\x01\xf0\xbe\xde\xcf\x00\x16\
\xfe\x00\x80g\x09\x80/h\x00\x0d\x00\x0cA\x00|\xa1\
B\x00t\xf0>\x00\xf0,\x01\xf0\x05\x15@\x00`\x08\
\x02\xe0\x0b\x02 \x000\x04\x01\xf0\x85\x0a;\x80\x9d\x00\
Bk*\x9c\xad\x0dP\x8e\x00\xf8B\xef\x01P\xf5\xaf\
\xa6o\x8fW\x00X\x8c\x00\xf8\xc2\x1b\xc7k\xaf\x04@\
\x00\xe0,\x02\xe0\x0b*\x80\x00\xc0\x10\x04\xc0\x83\x0a\x1b\
@\xb4\x80\x01\x00\xce\x22\x00\x1e\xd8\x01\x0c\x00\x0cC\x00\
<\xa8\x10\x00\xed\x00\xa6E\xbf8^\x01h\x88\x00x\
\xd0{\x00\xfc\xeex\xa5\x9e\xde\x83\xfd_\x1d\xaf\x004\
D\x00<\xe8=\x00\xaa\xfe\xd5ej\x1f\x80\xc5\x09\x80\
\x07\xbd\x07@!\x81VUX^\x01P\x8e\x00X\x83\
\x0a \xad\x12\x00\x01\x1a$\x00\x1e\xbcy\xbc\xf6J\x0b\
\x98\xba\xfc\xdb\x02\xb08\x01\xf0\xa0\xf7\x85\xeaBB]\
\xbd\xff\xdb\xbe~\xbc\x02\xd0\x10\x01\xb0\x06\x01\x90Vi\
\x03\x03\xd0 \x01\xb0F\x9b\x0a\x01\x10\x008\x9b\x00\xa8\
BA\xdb*\xec\xf0\xf6;\x06\xd0\x18\x01\xb0\x7f\xdf\x1e\
\xaf\xd4Ta\x87\xb7f\xd0\x00\x8d\x11\x00\xa1}\x7f>\
^{\xa5\x02\x08\xd0\x18\x01\xf0'?\xf9\xd5\xf1\x0a\xad\
\xea}\x1aX\x05\x10\xa01\x02`\xffl\x00\xa1u*\
\x80\x00\x8d\x11\x00\xfb'\x00\xd6\xf7\xcd\xf1\xda+\x15@\
\x80\xc6\x08\x80\xaa\x13\xb0\xb6\xb7\x8fW\x00\x1a!\x00\xaa\
N\xd0\xbe\x0a\xad`\x00h\x88\x00\xd8\xbf\xde\xa7\x07y\
^\x85V06[\x014D\x00\x84\xf6UX\xe7\xf9\
7\xc7+\x00\x0d\x10\x00\xa1}\x15\x02\xa0\xb5\xb6\x00\x0d\
\x11\x00\xa1\x0f?\x1e\xaf\xbd\x12\x00\x01\x1a\x22\x00B\x1f\
z\xaf\x02\xbey\xbc\x02\xd0\x00\x01\x10\xfaP\xa1\x17\xa0\
\x1d\xf7\x00\x8d\x10\x00\xfbWa\x87(\xcf\xab\xf0\xefl\
\x1a\x18\xa0\x11\x02`\xffMj\xf5\x88\x1bC\x85\x7fg\
\xad`\x00\x1a!\x00B\x1f*\x04@\xad`\x00\x1a!\
\x00B\x1f*L\x01\xdb\x08\x02\xd0\x08\x01\x10\xfa\xf1\xed\
\xf1\xda\xab\xac\x01\xb4\x11\x04\xa0\x01\x02 \xf4\xa3BC\
h\xeb\x00\x01\x1a \x00B?\x9c\x08\x02\xc0\x22\x04@\
\xe8G\xef\xbd\x00C\x05\x10\xa0\x01\x02 \xf4\xa3\xc2N\
\xe0\xde\xdb.\x01\x94 \x00B?\xb2\x13\xb8\xf73\x81\
C\x15\x10`g\x02 \xf4\xa5B\x15\xd0:@\x80\x9d\
\x09\x80\xfd\xb7\xd6PM\x19\x8b\x13A\x00\xb8\x99\x00\x08\
}\xa9\xb0\x11\xc4:@\x80\x9d\x09\x80\xd0\x97\x0a\x15\xc0\
4\x836\x0d\x0c\xb0#\x01\x10\xfaRe#\xc8\xaf\x8f\
W\x00v \x00B\x7f*4\x84~\xf7x\x05`\x07\
\x02 \xf4\xa7\xc2:@\xe7\x02\x03\xecH\x00\x84\xfeT\
\x08\x80a\x1a\x18`'\x02`\xff\xb4\xd4\x18O\x95\x00\
\xe8\xde\x05\xd8\x89\x00xXT\x0f\xbd\xe9\xbd\x7feX\
\x07\x08\xb0\x13\x01\xb0F[\x0d\xc6S\xa1\x0a\xa8\x1d\x0c\
\xc0N\x04\xc0\xfe\xfd\xcd\xf1\xcaX\xaaL\x03\x7fp\xbc\
\x02\xb0!\x01\xb0\x7f\x02\xe0\x98\xaa\x04@\xd3\xc0\x00;\
\x10\x00\xeb<H\x19\xcfw\xc7k\xcf\xf2\x02c\x1a\x18\
`c\x02`\xff^?^\x19\x8fi`\x00\xae\x22\x00\
\xf6O\xf5d\x5c\xa6\x81\x01\xb8\x8a\x00h\x170\xfd\xaa\
\x12\x00M\x03\x03lL\x00\xac\xd1\x07\xd0\x91Zc\xca\
\xbd[\xa1\x1f`\x98\x06\x06\xd8\x90\x00X\x83\xea\xc9\xb8\
\xbe:^{g\x1a\x18`C\x02\xe0\xc1\x9f\x8f\xd7^\
\xa9\x00\x8e\xabJ\x00\xcc4\xb0\xa3\xe1\x006\x22\x00\x1e\
\xf4\xbe\x0eP\x05p\x5c?L\xe3\xc7\xc3\xc7\xee\x99\x06\
\x06\xd8\x88\x00X\x83\x0a\xe0\xd8\xaaT\x01\xdf\x9f\x86{\
\x19`\x03\x02\xe0A\xaa(=S\x01\x1c[\xa5f\xe6\
\xaa\x80\x00\x1b\x10\x00\x0fz\x0f\x80o\x1c\xaf\x8c\xa9J\
\x050><^\x01X\x91\x00x\xd0{\x00t\x1e0\
_\x1f\xaf\xbd\xb3\x19\x04`\x03\x02\xe0A\xef\x010\x84\
\xc0\xb1U\xaa\x02\x9a\x06\x06X\x99\x00x \x00\xd2\xbb\
J\x010=\x01m\x06\x01X\x91\x00x \x00\xd2\xbb\
\x9c\x0aRe\x1a8\xe1\xef\xd7\x87\x8f\x00\xacA\x00|\
\xa1\xf7^j\x02 \x95\xaa\x80\x1f\x1f\xaf\x00\xac@\x00\
|\xa1\xf7*\xa0\x85\xf3T\x0a\x80y\xa1Q\x05\x04X\
\x89\x00\xf8B\xef\x01P+\x18*M\x03\x87\x960\x00\
+\x11\x00_\xe8=\x00\xa6bb\xe1<\x95\xaa\x80\xa9\
j\xabl\x03\xac@\x00|\xa1\xc2F\x10'\x82P)\
\x00\x86\x960\x00+\x10\x00_\x10\x00\xa9\xa0\xda4p\
\xce\x07\xb6\xc1\x09`a\x02\xe0\x0b\x02 UT\xab\x02\
\xfe\xc3\xf1\x0a\xc0B\x04\xc0\x17*\x04@\x95\x12\x22\x01\
\xf0\xcf\x87\x8f%h\x0c\x0d\xb00\x01\xf0\xbeo\x8f\xd7\
^\xbd}\xbc2\xb6L\x03W\xaa\x02&\xfc\xfd\xf6\xf0\
\x11\x80%\x08\x80\xf7\xa9\x02R\xc5\xef\x8e\xd7*\xd2\x12\
F\x15\x10`!\x02\xe0}\x7f<^{\xa6m\x06\xf1\
\xcd4z?\xdd\xe6\x94* \xc0\x82\x04\xc0\xfb*\x04\
@\x1bA\x98}v\xbcV\x91*\xa0\x0a7\xc0\x02\x04\
\xc0\xfb*\x04@\xeb\x00\x99U\xdb\x0d\x9c*\xa0\x1d\xc1\
\x00\x0b\x10\x00\xef\xcb\xe2\xf9\xde\xa7\xcdR\x01\xb4V\x8a\
\xc8\x9a\xd6J=\x01C_@\x80\x05\x08\x80\xaf\xd2\x0f\
\x90J\xaam\x06\x09U@\x80\x1b\x09\x80\xaf\xca\xe2\xf9\
\xde\xd9\x08\xc2\xacZO\xc0P\x05\x04\xb8\x91\x00\xf8\xaa\
\x0a\x15@\x01\x90S\xd56\x83\xc4\xa7\xc7+\x00W\x10\
\x00_e#\x08\xd5T\x9c\x06\xfe\xf54\xbc\xe8\x00\x5c\
I\x00|U\x85\x00\x18\xd6\x012KU\xfb\x8b\xc3\xc7\
RT\x01\x01\xae$\x00>\xec\xbb\xe3\xb5g\xaa#\x9c\
\xaaX\x05\xccK\xce\x07\x87\x8f\x00\x5cB\x00|\x98\x8d\
 T\x93{\xba\xf7\xb3\xae\x1f\x92*\xa0\xb6G\x00\x17\
\x12\x00\x1ff\x1d \x15U\xac\x02:\x22\x0e\xe0\x0a\x02\
\xe0\xc3*T\x00\xf3`T\x05\xe4T\x02`\xa5\xf3\x81\
g\x1fOC[\x18\x80\x0b\x08\x80\x0f\xcb\xa2\xf9\x0a\x0f\
\xca\xec\x94\x84S\x15\xab\x80\xf1\x8f\xc7+\x00g\x10\x00\
\x1fg\x1a\x98\x8a\xd2\x13\xb0Zc\xe8H\xb5\xdb\x0b\x0f\
\xc0\x99\x04\xc0\xc7U\x98\x06\xce.ISc\x9c\xcay\
\xd79\x1d\xa4\xa2T\x01m\x08\x018\x83\x00\xf8\xb8*\
\xfd\x00\xad\x03\xe4eU\xcf\xd2M\xf8\xabx\xea\x09\xc0\
\xe2\x04\xc0\xc7U\xa8\x00\x86i1^V\xb51t\xe4\
\x9c`/=\x00\xcf\x10\x00\x9fV\xa1o\x9au\x80<\
\xa4j\x150L\x05\x03<C\x00|\x9av0TU\
\xb9\x0a\x98u\xaf\x95\x03.\xc0\xcd\x04\xc0\xa7UY\x07\
h\x1a\x98\x87T\x0eI\x1fN\xc3y\xd8\x00\x8f\x10\x00\
\x9fVe\x1d\xe0\xbb\xc7+\x9c\xaa\x5c\x05\x0cS\xc1\x00\
\x8f\x10\x00\x9f\x96\x96\x19\xdf\x1d>v-Sb\xaa!\
<\xa4r\x150\xf7\xbc\xa9`\x80\x07\x08\x80\xcf\xab\xd2\
3\xed\x83\xe3\x15N\xa5\x0a\xf8\xf5\xe1cI\x99\x0a\xb6\
\x04\x02\xe0%\x02\xe0\xf3L\x03S\xddo\x8f\xd7\xaaL\
\x05\x03\xbcD\x00|^\x02`\x85\xa3\xb32\x0d\xac\x12\
\xc2C\xaa\xaf\x05L\xf8\xfb\xa7\xc3G\x00B\x00<\x8f\
\xa6\xd0TW}\xad\x5cZ!U\xaft\x02\x9cM\x00\
<O\x95u\x80\xa6\x81yL\xaa\x80\x9f\x1c>\x96\xf5\
\xe94l\x86\x02\x98\x08\x80\xe7\xa9R\x01\xccT\x98*\
 \x8f\xc99\xba\x15\x96;<\xc5z@\x80\x89\x00x\
\x9eTG*\xb4\x83\x09\x01\x90\xc7\xa4\xedQB`e\
\xa9\x00&\x04\x02\x0cM\x00<_\xa5\xdd\xc0* <\
&\x01\xf0\xc7\xc3\xc7\xb2\xf2\x12d= 04\x01\xf0\
|U\xd6\x01\x9a\x06\xe6)\xa9\x02\x8e\xd0<9\xeb\x01\
\x9d\x91\x0d\x0cK\x00<_\x95v0\x91\xe6\xb8\xf0\x98\
\xdfM\xa3\xca\x92\x87\xa7\xa45L\xda#\x01\x0cG\x00\
\xbcL\x95i\xe0\xac\x83\xb2\x1b\x92\xa7\x8c0E\xaa?\
 0,\x01\xf02U\xa6\x81\xc3\x1a(\x9e\x92\x97\x9d\
\xca\xcd\xa1g6\x85\x00Cz\xed\xcb\xb7\x8e\x9f8G\
*\x06\x7f:|\xec^\xd6z\xfd\xec\xf0\x11\x1e\x94\xfb\
=;\xe0_\xbf\xfb\xa9\xb6\xdfL#S\xdf\x00CP\
\x01\xbcLBS\x95\x83\xf3\xf3p\xff\xe0\xf0\x11\x1e4\
B[\x98Y\xaa\x806G\x01\xc3\x10\x00/Wi\x1a\
\xf8\xfd\xe3\x15\x1e\x93\x1d\xc1\xd5\xdb\xc2\xcc\x12\x02\xad\x8d\
\x05\x86 \x00^\xaeR\x00L\x1b\x0c\xbb y\xce(\
\x95\xe2T\xc5\x7f?\x0d\xbf\x13@y\x02\xe0\xe5*M\
\x03\xc7\x08=\xdf\xb8M6\x84T\xba\xe7\x9f2\xef\x0c\
\xce\x15\xa0,\x01\xf0:\x95\xaa\x80N\x06\xe1\x1c\xd95\
^\xfd\x9c\xe0Y\xa6\x81\xb5\x87\x01J\x13\x00\xaf\x93\x00\
X\xe5a\x98\xf0\xa7%\x0c\xcf\xc9n\xe0\x91\xaa\xc5Y\
\x1e\xa1=\x0cP\x96\x00x\x9dL\x03W\xaa\x02:\x19\
\x84sdG\xf0\xb7\x87\x8fC\xc8\xdaG!\x10(I\
\x00\xbc^\xa5\x00\x98*\xa0\x960\x9c#\xf7\xc9(S\
\xc1\x91\xff\xdeQZ\xe1\x00\x03\x11\x00\xafWi\x1a8\
>>^\xe1)\x99\x0a\x1e-\x10\xa5B\xee\x05\x09(\
E\x00\xbcM\xa5*`Z_d\xdd\x13<'k\x01\
\xbf;|\x1cF\xa6\x82\x85@\xa0\x0c\x01\xf06\x95\x02\
`\xa8\x02r\xae\x11\xc3\x90\x10\x08\x94!\x00\xde&\x01\
\xb0\xd2)\x09\xa9\x00:\x09\x81s\xfcq\x1a\x9f\x1c>\
\x0eE\x08\x04J\x10\x00oW\xed\x00y-a8\xd7\
\x88S\xc1!\x04\x02\xdd\x13\x00oW-\x00\xe6|`\
Gaq\xaeQ\x83\x90\x10\x08tM\x00\xbc]vE\
V;&+\x0f78G\xa6\x82?:|\x1c\x8e\x10\
\x08tK\x00\x5cF\xb5*`\xd6\x02\xda\x11\xcc\xb9F\
k\x10}J\x08\x04\xba$\x00.\xa3\xdaf\x90\xb0#\
\x98K\xfcz\x1a#5\x88>\x95\x10\xf8\xe9\xe1#@\
\x1f\x04\xc0\xe5Tk\x09\xa3\x0a\xc8%r<\xe2\xc8\x95\
\xb0l\x9e\xb2t\x02\xe8\x86\x00\xb8\x9c\x8a\xa7#\xa8\x02\
r\x89\xbc\x04}~\xf88\xa4\x04`!\x10\xe8\x82\x00\
\xb8\x9cl\x06\xa9\xb6\x0eJ\x15\x90K\x8d\xda\x1af\x96\
\x10\xf8\xfbi\xe4|m\x80f\x09\x80\xcb\xaa\xb6\x19$\
T\x01\xb9\xc4<\x15<\xeaz\xc0\xc8KSB\xa0v\
J@\xb3\x04\xc0e%\x00V{\xf0\xa9\x02r\xa9\xb4\
\x86\x19\xbd\xa1xN\xd4\xf9\xc3\xf1\x0a\xd0\x1c\x01py\
\x15\xd7\x02Z\xd7\xc4\xa5\xf22\xf4\xc5\xe1\xe3\xb02\x0d\
\x9cJ`vH\x034E\x00\x5c^\xc5\x00\x98\xa9,\
G\xc4q\xa9L\x05\x8f\xbc\x1e0\x12\x02\xffi\x1a#\
\xef\x90\x06\x1a$\x00./k\xa0*V>\xb2\x16\xd0\
\xc2v.5r\x7f\xc0S\xa9\xa2\xab\xa4\x03\xcd\x10\x00\
\xd7\x91\x9d\x90\xd5$\xfcU\xacn\xb2\xae\xec\x8e7\x05\
z\x90*`\xd6\x05\xda\x1c\x02\xecN\x00\x5cG\xc5\xf3\
\x81\xe3\xfdiX\xd4\xce\xa5\xbe\x99\xc6'\x87\x8f\xc3\x9b\
7\x87\xd8X\x05\xecJ\x00\x5cO\xd5j\x99#\xaf\xb8\
F\xaa\xe2\x15_\x8a\xae1o\x0e\xf9\xf0\xee'\x80\x1d\
\x08\x80\xebI\xd5\xa3\xe2\x02\xf8T.L\xe9q\x0d\x9b\
B\xee\xcbKb6\x88X[\x0blN\x00\x5c\x97*\
 \xbc\x90\x0dR6\x85\xdc\x97\xbf\x8fT\x03-\xad\x00\
6%\x00\xae+\xbd\xd0~<|,%\x8b\xd8+n\
ta}Y\x1fk\xfd\xdb}\xf3\xba@S\xc2\xc0f\
\x04\xc0\xf5U\xad\x02\xa6-\x8c\xaa\x05\xd7\xc8I!\xbf\
9|\xe4D\xbe+\x9c#\x0clB\x00\x5c_\xc5\xe3\
\xe1f\xa6\x82\xb9V~/>?|\xe4D\xaa\xa3\xdf\
O\xc3:[`U\x7f\xf1w\x7f}\xfc\xc4Z\xfec\
\x1a\x7f9\x8d\x8a\xd3^\x99\x0aN\xb8\xfd\x97\xbb\x9f\xe0\
2\xff<\x8d\x9fOC%\xf9\xbe|_\xfc\xfd4R\
\x09\xfc\xd7i\xe4;\x04`Q\xaf}\xf9\xd6\xf1\x13k\
\xca\x17y\xd6>\xbd~\xf7S-Y\xd8\xff\xcbi\xe4\
\xbf\x0f.\x95\xdf\x8d\xec\x98\x7f\xf3\xee'^6O\x97\
\xe7\x0a\xb0\x18S\xc0\xdbHH\xaa\xba\x160\x0fpG\
\x5cq\xad\xfcn\xa4:\xae=\xcc\xc3\xe6\x0d\x22Yn\
am \xb0\x18\x01p;\x09\x80U\xd7\x02\xea\x0d\xc8\
-\x12\x02\xd3#P{\x98\xc7\xfdv\x1aN\x10\x01\x16\
#\x00n\xa7r\x150R\x05T\xa1\xe0Z\x99\xe2L\
\xb8\x11\x02\x1f\x975\xb7\xd9%\xecw\x0d\xb8\x99\x00\xb8\
\xad\xcaU@S\xc1\xdcJ\x08<O\xaa\xa5v\x0a\x03\
7\x11\x00\xb7\x95*`\xa6r\xaa\xca\x03)\x0f'\xb8\
VB`\xe5\xdf\x91\xa5\xe4\x85+\xc7\xc8\xa5\x22\x98\xca\
 \xc0E\x04\xc0\xedU=\x1dd\x96\xc5\xea\x1eH\xdc\
\x22\xbf#\x1aE\x9f'\x15\xd3T\x03\xd3\x98\xdd\xb40\
p6\x01p\x1f\x95\x8fQ3\x15\xcc\x12\x84\xc0\xcb\xe4\
;%A\xf0\xfd\xbb\x9f\x00\x9e!\x00\xee\xa3z\x150\
U\x09g\x05s\xab\xfc\x9e|q\xf8\xc8\x19\xf2\xf2\x95\
\xbf3\xbb\x85\x81g\x09\x80\xfb\xa9\x1e\x90\x9c\x15\xcc\x12\
\xb2\xa6T\x08\xbcL~\xef\xb260k\x04-\xc7\x00\
\x1e$\x00\xee'o\xea\xd5\x9b\xdf\xe6\x01d]\x12\xb7\
\x12\x02\xaf\x93MY\x99\x16\xce\x92\x0cA\x10\xb8G\x00\
\xdcW\xf5\xdd\x8ey\xe8dS\x08\xdcJ\x08\xbc\xde\xdc\
6F\x10\x04\xfe\xd3_\xfc\xdd_\x1f?\xb1\x87\x9c\x9f\
\x9bst\xff\xeb\xddO5e:*\xeb\x1d\x9de\xca\
\xad\xbe\x9a\xc6\xcf\xa7ai\xc1u\xf2\xf7\x960\xf8\x97\
\xd3\xc8\xec\xc3\x7fL\x03\x18\xd4k_\xbeu\xfc\xc4^\
\xf2F\x9e\xb7\xf3\xca\xd2\xff\xf0\x9di\x08\x81,!\xcb\
'\xecv\xbd\xcd|2\xd1\xe7\xc7\xcf\xc0`L\x01\xef\
/U\xc0O\x0e\x1f\xcb\x9a[\xc3X\x0f\xc8\x12L\x07\
\xdf.\xbf\x8bs\xeb\x18S\xc30 \x01\xb0\x0d\x95\x8f\
\x88\x9be\xfaI\x7f@\x96\x92\x10\x98\xea\x15\xb7I\x10\
<]#\xa8}\x0c\x0c\xc2\x1a\xc06d-\xce\xbfM\
\xa3\xfa\xd9\x9eY\xeb\xf8\xda4\xbe\xb9\xfb\x09n\xf3\xcf\
\xd3\xc8\xfaRg\xe2.c^#\x98\x10\x98i\xe1\xff\
;\x0d\xa0(\x15\xc0v\x8c\xd0\x16&\xd2\x1fP\x95\x81\
\xa5\xe4\xf7\xc6\x89!\xcb\xca\xefg6\xdc\xa4*\x98\xb5\
\x96\x96n@A\x02`[F9\x04_\x83Z\x964\
\x87\xc0\xea\xcb(\xb6\x96\xdf\xd1\xfc\xdd\xfei\x1a\xa6\x87\
\xa1\x18\x01\xb0-\x99\x1a\xfd\xfa\xf0\xb1\xb4T\x144\x89\
fI\x09*\x09(B\xe0:25\x9c\xd3ER\x15\
\xfcp\x1a~w\xa1s\x02`{R\x05\x1c\xe1!\x96\
\xf5F\x9aD\xb3\xa4\xb4\x19\x12\x02\xd7\x95\xaa`6\xad\
\xa9\x0aB\xe7l\x02iO\x16_\xa7Q\xeb\x08_\xac\
\x09\x816\x85\xb0\xa4l\xa6\xca\xe6\x90\xbf\x9d\x86*\xd5\
\xba\xe6M#\x19\x09\x86\xffo\x1a\xf9\xfb\x07:\xa0\x11\
t\xbbR\xcdx\xf3\xf0\xb1\xbc\xac\xdf\xca\x14\x1e,%\
\xe1//\x16\xa3\xfc\x0e\xb5\x22}M\xb3\x81$}\x1a\
5~\x87\x86\x99\x02nW\xde\xaaGa*\x89\xa5\xa5\
\x92\x9e{J\xc3\xe8m\xa5\x12\x98e,\x7f\x98F\xd6\
\x0bf\x99G*\x85@cL\x01\xb7+S)\x99\x1e\
\x1d%\x18\xa5\x97\xdb\xff\x9e\x86)$\x96\x92\xfe\x9a\xa9\
F\x8d\xf4{\xd4\x92Ta\xff\xdb4\xfe\xe74\x12\x0a\
\xd3\x074\x7f\x96\xde\x8d\xce!\x86\x9d\x99\x02n[\xbe\
,3\x8d\xf2\xc6\xddO\xf5e\xfa\xe8\x97\xd3p6)\
KKE\xddI4\xed\xc8\xf7Z\xc2y\xba\x1e\x98*\
\x86\x1d\x08\x80\xedK\xe5\x22\xed\x17F\x91\x87\xc1;\xd3\
\x10\x02YZ\xa6\x22\xb3.\xf0\xf5\xbb\x9fhE~\xd7\
\xf3\xef\x92\x91\xdf\xffo\xa7\x01\xacL\x00\xecC6H\
\xa4#\xff(R\x19x\xef\xf0\x11\x16\x95\x10\x98\xdf'\
\x9bC\xda\xf6r \xf4B\x08\x0b\x13\x00\xfb\x90\xa9\xe0\
L\x8f\x8eT\xb9\xc8C\xda\x11_\xac!\xbfO\xb9\xbf\
\xde\xbd\xfb\x89\x1e$\x08f\xe4{0\xc10\xc7f\x0a\
\x85p\x03\x01\xb0\x1f\xd9$\x91\xd33F\x22\x04\xb2\xa6\
\x7f\x98F\xce\xa6\xa6O\x09\x80s0\x9c\xc3\xa1\xe9c\
8\x93\x00\xd8\x97L\x8d\x8eV\xb5\x10\x02YS\xd6\xd8\
\xe6\xf7\xca\xba\xc0ZR%\x9c\xafsP\xcc\x091\xb9\
\x02\x13\x01\xb0/#N\x05\xc7G\xd3\xc8\xf1S\xb0\x86\
\xf4\xaeK\x08\xb4.p\x1c\x09\x82\xf3\x14r\xbeS3\
b\x0e\x8b\x0f\xb9\xa4\xba\xf8\xf6\xf1z\xea\xe5VDY\
\x8f:\x7f\xa7\xcf\xff\xfb\xb9\xe6\x7fg\xfe\x19V#\x00\
\xf6g\xc4\xa9\xe0pZ\x08k\xcb\xfd5\xd2f+\xda\
\x95 \x9a\xeae\xee\xc9\xb4\xca\x81\xc5i\x04\xdd\x9f\xff\
3\x8d\x9fM#\x0dVG\x92\xe0\x9b\x06\xb2\xa6pX\
K\xaa\x80\xb9\xc7\xd2\x86(\xe7q\xc3^r\xff\xa5q\
\xf6\xdfO#M\xb4\xff\xcb4\xfeu\x1a\x1ah\xb3\x18\
\x01\xb0O\xff2\x8d\xff1\x8dL\x1f\x8cD\x08dm\
\xb9\xb7\xfey\x1a\xff}\x1ay\xe8\xc2\xde\x12\x06\xe7\x13\
U\xf29;\xa0\x05An\xe6,\xe0>ez a\
hD9\xcda\xa4s\x92\xd9^B`\xd6g}~\
\xf7\x13\xb4!/\xfc\xd9\xb9\x9e3\x96\x1dm\xc8\xcdT\
\x00\xfb5\xdaY\xc1\xa7T\x02\xd9B*\x81\xa9\xb6\xfc\
\xed4L\x09\xd3\x8a\xdc\x8b\xf3K\xb0\xb67\x5cM\x05\
\xb0oy\x1b\x1c\xf5\x0b@%\x90-d]`v\x09\
{\xd0\xd2\x9a|\xff;\xdf\x9a\xab\x09\x80\xfdK\x08J\
\x7f\xab\x11\xe5\xcb\xef\xc3\xc3GXM\x96\x5c\xa4\xd2\x9e\
vD\xd0\x92|\xff\x0b\x81\x5cE\x00\xec_\xfaE\x8d\
\x5c\x09K\x7f@_\x80l!\xf7\xda/\xa7\x91ia\
h\x85\x10\xc8U\xac\x01\xac!\xada~>\x8d,\x5c\
\x1fQ\xfe\xbb3M\xa7_\x16k\xcb\xda\xdb\xff5\x8d\
Q\xd7\xdf\xd2\xa6|\x07\xe6\x9e\x9cO@\x81g\xa9\x00\
\xd6\x91^Q#W&\xbc\x05\xb3\xa5\xac\xbfR\x0d\xa4\
%9\xd7\xdaK\x09g\x13\x00\xeb\xc8:\xa5\x91\xd7\x03\
F\xfe\xfbsJ\xcah\xfd\x11\xd9\xc7\xdc.\xe6\x93\xbb\
\x9f`\x7f\xbe\xff8\x9b\x00XK\x1eH#\xaf\x07\x8c\
\xb4\x88\xf9\xfd4|\x09\xb2\x95T\x03\xb3\x04\xc3Na\
\xf6\x96\xef\xbd\xcc\x06\xc1\xb3\x04\xc0z\xd2\xb6b\xf4\x06\
\xb6\xa9\xca\xfc\xe1x\x85-d3\xd6\xbcSx\xe4*\
<\xfbKg\x04/\xc0<K\x00\xac)o\x80\xa3W\
#\xb2)$\x95@kb\xd8Rv\x0a\xe7\xc5\xc3\x86\
$\xf6\x92\xf0\x97\xfb\x10\x9e$\x00\xd65\x9f\x961\xb2\
|\x11&\x04\x8e>-\xce\xb6R\x0d\xcc\xef\xdf;\xd3\
\xb0I\x84=\xbc{\xbc\xc2\xa3\x04\xc0\xbaF>/\xf8\
e\xd9\x1d\x9c\x1dr\xb0\xa5\xb4\xe4H5\xd0\xb40[\
\xcb\xcb\xaf\xef\x7f\x9e$\x00\xd6\x96M!\xbf9|\x1c\
\xde|l\x92\xb51l-\xd3qY\x92\xf0\xc5\xddO\
\xb0\x0d3\x1f<I\x00\xac\xefw\xd3\xf0\xe09\xc8\x17\
b\xa6\x84\xf30\x86-\xcdm\x9aL\x0b\xb3\x15\xd3\xc0\
<I\x00\x1cC\x1e<\x1e:\x07\xf3\x0ea\x9bC\xd8\
\xc3<-\x9c\xca\xfc\xe8ktY\x9fN\x08<J\x00\
\x1cG\x02\x8fuH\x07\xf3\xe6\x10\xeb\x02\xd9K*\xf3\
\xa9D\xa7\x89\xb4\xdfK\xd6b\xb6\x83G\x09\x80\xe3\xc8\
\x14\x94\x10x_\xd6\x05\xea\x9c\xcf\x9er\x0f\xceA\x10\
\x96\xa6\x02\xc8\xa3\x04\xc0\xb1dS\x88\x9da\xf7\xe5\xef\
#\xd5@_\x94\xec%/g\xf3i\x22\xd6\xeb\x02\x9b\
\x10\x00\xc7\x935Hv\x06\xdf\x97\xf0\xa7_ {K\
\xff\xc0\xdc\x83\x82 K1\x05\xcc\xa3\x04\xc01e\xfd\
\xd1\xe8\xc7\xc5\xbd,\xd3\xc0i\x13\xa3U\x0c{\x13\x04\
Y\x8a\x00\xc8\xa3\x04\xc0q\xe5\xb88\x0f\x97W\xe5\xc1\
\xeb\x1caZ \x08r\xab,/\x80\x07\x09\x80c\xcb\
\xc3E{\x98W\xe5\xad9!\xd0.aZ \x08r\
\xad\xac\xfb\x86\x07\x09\x80dg\xb0\x10\xf8\xb0,\xcc\xd7\
8\x9aV\xbc\x1c\x04\xed\xe8\x07\xae&\x002\x9fP\xe0\
a\xf2\xb0\x04\xe4T\x03\xf3w\x04-\x98\x83\xe0\xdc>\
FCi\x1e\x93M\x7f\xf0 \x01\x90\xc84\x81\x1e\x81\
\x8f\x9b7\x88\xe8\x19HK\xe6\xf61\x09\x82\xd9\xd9\xff\
\xed4\xe0T^\x16\xe0A\x02 3!\xf0y\xe9\x19\
\xf8\xfd\xf1\x0a-\xc9\xce\xfe\xfc\xfe\xe6\xaca\xeb\x04\x89\
,\xed\x11\x00y\x94\x00\xc8)\x8d\xa2\x9f\x97\x0a`*\
\x81\xd6\x06\xd2\xa2L\xf9\xcd\xeb\x04\xd3\xea\xc9\xf4\xf0\xb8\
L\xff\xf2$\x01\x90\x97i\x14}\x9eym\xe0\x87w\
?A[R\xf9I\xab\xa7\xbc\xa4\xbc7\x8d\xaf\xa7\xc1\
XR\x15\x86G\x09\x80<$_\x1cB\xe0\xf3R\x0d\
\xfcl\x1a\x8e\x92\xa3e_M#\x95\xfdT\x05?\x9a\
\x86\xaa`}Y\x0f\xaa\x05\x0cO\x12\x00y\x8c\x10x\
\xbe\xb9\x1a\xa8o -KU0/,\xa9\x0aZ+\
X\x9b\xea\x1f\xcfz\xed\xcb\xb7\x8e\x9f\xe0aYO\x94\
\x1d\xb0\x9c'\x0f\xd9TYRu\x81\xd6\xa5\x8a\x9d\xea\
`\xc6\xbb\xf9\x03\xba\x97\x0a\xaf\xf5\xc9<K\x05\x90\xe7\
\xa8\x04^&_\xbc\xf3&\x11\xd3\xc2\xb4.\xadd\xf2\
;\x9e\x00\xf8\xb3i\xe4w\xddz\xc1\xbe\xe9Y\xcaY\
\x04@\xce\x91\x07\x84\xe9\xa2\xcb\xcc\xd3\xc2\xa9\x9e\xea\x1d\
H\x0f\x1e\x0a\x83N\x09\xeaK\xc2\xbb\xdd\xbf\x9c\xc5\x14\
0\x97\xc8\xc3\xe1\xfd\xc3G.07\xecM[\x0e\xe8\
M\xaa\xday\xa11M\xdc\xb6\xf4p\xcd\xbfU\xbeo\
\xe0Y\x02 \x97\xb2&\xf0zY\x1f\x98\xaa\x8a7t\
z\x96 8\x07\xc27\xf2\x07\xec.\xe1/\xff&v\
\xfer6\x01\x90k\x08\x81\xb7I\x00\xcc\x19\xae\x82 \
\xbd\xcb:\xd79\x0c\xbe\x9d?`\x17\xe9\xf5h\xe3\x19\
\x17\x11\x00\xb9\x96\x10x;A\x90j\x12\x06\xe7!\x10\
n#\xb3\x0aY\x9e\x03\x17\x11\x00\xb9\x85\x10\xb8\x0cA\
\x90\xaa\x04\xc2u\x09\x7f\x5cM\x00\xe4VB\xe0r\x12\
\x00\xf3\x85\xee\x00w*\xcatqZ$\xe9Qw\xbb\
\xac\xf9\xcb\xb4\xbb\x97F\xae\xa6\x0d\x0c\xb7\xca\xdbgN\
\x15\xc8\x17\x12\xb7I\x95\xe4\xfbi$P\xeb!H\x15\
\xb9\xaf\xd3\x173m\x91\x84\xbf\xdb\xcd\x1b>\x84?n\
\x22\x00\xb2\x84|\x11\xe5\x0bI\x08\x5cF\xaa\xaayX\
\xe6\xa1\x99\xbfW\xe8QZF\xb9\x8f\x97e\xb7/\x8b\
\x11\x00YJ\xbe\x90\x84\xc0e\xe5\xef3\x0f\xcfT\x05\
\xf5_\xa4\x07iz\x9e{5\xf7lf\x07T\xb2\x97\
\x93\xa6\xdc\xa9\xa0\x0a\x7f,B\x00dIs\x08tz\
\xc0\xb2\xf2\xa5\x9f\x87\xe9\x9f\xa6\xf1\xf14\x9c,Bk\
rO\xe6\xde\x9c\x83\x9f\xa9\xdee\xe5;5\xdf\xad\x9a\
<\xb3\x18\x01\x90\xa5\x09\x81\xeb\xc9C6'\x8a\xcc\xeb\
\x04=d\xd9[*|\xb9\x17sO\xe6\xde\xf4r\xb2\
\xbco\xa7!\xfc\xb18\x01\x905\xe4\x8b*\x0f\x06\xe7\
\x07\xaf#\x0f\xd9\xac\x13\xccC7S\xc4\xa6\x87\xd9R\
\xee\xbfy}_F\xeeE\xc1o\x1d\xf9\x0e\x15\xfeX\
\x85\x00\xc8\x9a\xf2`p\xfe\xed\xba\xf2p\x98\xa7\x87\xed\
\x1efM\xa7\xd5>\xeb\xfb\xd6\x97\xde\xa0\xf9\x0e\x85U\
\xe8\x03\xc8\x16\xf2%\x96\x07\x07\xdb\xc84\xfcg\xd3\xf8\
z\x1a*\x07\xdc\x22\x95\xbdw\xa7\xf1\xdbi\x08|\xdb\
\xc8F\xba\xfc}'d\xc3j\x04@\xb6\x92JU\xce\
\xaa|\xfd\xee'\xb6\x90\xf0\x97\xbf\xf3\x8c\x84A8W\
B_\x1a\x0d\xab@mK\x9b\x176#\x00\xb2\xa5T\
\x10\x12F\xde\xb8\xfb\x89-\x09\x83<g\x0e}\x19\xd6\
\xf4m\xcfN_6%\x00\xb2\xb5<X\xd28\xfa\xcd\
\xbb\x9f\xd8C\x1e0\x99^\xca\x02s\x95\x86\xb1\x09}\
m\xc8\xefb\xa6}\x85?6#\x00\xb2\x97\x04\x10\xbb\
W\xf7\x97s\x87\xe7\xca`\xdaMP\x9f\xd0\xd7\x96l\
\xf6H\x0b\x1d\xd8\x94\x00\xc8\x9el\x0eiK\xaa\x0f\xa9\
\xce\xcea0\xe1\x90\xfe\xa5_\xe4\xdb\xd3\xc8\xf4\xa2\xd0\
\xd7\x0e\x9b=\xd8\x95\x00\xc8\xde\xac\x0blW\xa6\x87O\
\x03!}H\xc0\x9b\x03_\x86\xdd\xbb\xed\xf9q\x1a\x09\
\xe3\x96`\xb0\x1b\x01\x90\x16\xe4\x81\x95\x90\x91\x87\x16m\
\x9a\xab\x83\x19\x09\x83\x1e\x5cm9\x0d|\x19\xb4+\x9b\
\xb02\xfba\xbd\x1f\xbb\x12\x00iIz\xd7}x\xf8\
H\x07\xe6@\x98\x91\x1d\x8c\x1eh\xdb\xc8\x0bS6Q\
\xcd\xd5\xbd\x5cM\xeb\xf6\xc1z?\x9a!\x00\xd2\x9aL\
\x8bdM\x8c~\x81\xfd\x99\xa7\x8csM T%\x5c\
F\xaa{\x09z\xa7\x83\xbed\xbd_\xbe\xdb\xf2\xfb\x01\
M\x10\x00iQ\x1ep\x09\x81Z\xc5\xf4/\x0f\xbcl\
&I\x18\x9c\x83\xa1J\xe1\xe3\x12\xf6\xb2ic\xae\xee\
\x09{\xfd\xcb\x92\x89\x84?\xf7=M\x11\x00iU\xa6\
\xb42%\xacUL=y\x10\xce\xd5\xc2\x84\xc3\x8c,\
\x8a\x1fe\xd7qB]*\xdc\xf3\xd4\xed\x1c\xf4L\xe3\
\xd6c\xca\x97f\x09\x80\xb4\xce\x94\xf0X\xe6@8\x8f\
\x04\xc5\x04\xc6\x9e*\x87\xa7\x9b\x99NC^*{\x19\
\xd4g\xca\x97\xe6\x09\x80\xf4 \x0f\xcd\x84@\xbb\x84\x89\
9\x14\xc6\x5cM\x9c=\xf5\xc0=\xa7\x95\xcd\x5c\x9d{\
\xcci\x88;\xad\xda\xa9\xe013\xe5K\x17\x04@z\
\x92\xa9\x94\x8f\x0f\x1f\x01\x9a\xf3\xd14\xb2t\x05\x9a\xf7\
\xd3\xe3\x15z\x90\x00\xf8\xcbid\xbd\x18@+\xb2D\
!\xdfM\xc2\x1f\xdd\x10\x00\xe9M\xa6\xfb2\xdd\xf6\xf9\
\xddO\x00\xfb\xcaF\x8f|'\x9d.E\x80\xe6\x09\x80\
\xf4(kkr\x86\xe6{\xd3\xc8bk\x80\xade&\
\x22U?\xbb|\xe9\x92\x00H\xcfr|\x5c\x16\xe4\xe7\
h%\x80\xadd\x06B\xd5\x8f\xae\x09\x80\xf4.\xd5\xc0\
\xec\xb8S\x0d\x04\xd6\x96\xaa\xdf;\xd3\xc8\x0c\x84]\xbe\
tM\x00\xa4\x8a\xb9\x1a\xf8\xc5\xddO\x00\xcb\xcawK\
\xaa~z\xfbQ\x82\x00H%y#\xff`\x1ayC\
\xb7S\x18X\xc2\x5c\xf5\xcbw\x8b\xaa\x1fe\x08\x80T\
\x947\xf4\xbc\xa9gw\x1e\xc05\xb2\xa4$\xdf!\x99\
YP\xf5\xa3\x1c\x01\x90\xaa\xf2\xa6>\xf7\x0dL\x8f.\
\x80s\xe54\x8f\xbcD\xda\xe1KY\x02 \xd5\xcd}\
\x03\xf3&o\x93\x08\xf0\x94|GdCY\xcep\xce\
Y\xd4P\x96\x00\xc8(\xf2&\x9f \xa8e\x0c\xf0\x90\
\xb4v\xc9to6\x94Ay\x02 #\xc9\x1b}Z\
\xc6dA\xb7ia \xf2]\xa0\xb5\x0b\xc3\x11\x00\x19\
\xd1\xbcI\xe47\xd30-\x0cc\xca\xee\xde|\x07\xe4\
\xbb\xc0&\x0f\x86#\x002\xb2\xdfM#S>v\x0b\
\xc38\xe6\xdd\xbd\x09~\xf9\x0e\x80!\x09\x80\x8cn\xde\
-\xfc\xf3iX\x1f\x08\xb5\xa5\x99s^\xfa\xf2;o\
\xba\x97\xa1\x09\x80p`} \xd4\x95\xb6.i\x09\xa5\
\x993\x1c\x09\x80p\xdf\xe9\xfa@\xa7\x89@\xdf\xe6S\
<\xd2\xd6%-\xa1\x80#\x01\x10\x1e6\xaf\x0f\x14\x04\
\xa1?\xf3\x06\x0f\xa7x\xc0#\x04@x\x9a \x08\xfd\
8\x0d~6x\xc0\x13\x04@8O\x1e&\x99\x1av\
\xa2\x08\xb4G\xf0\x83\x0b\x09\x80p\xbey\xc7p\x1e2\
\x82 \xecO\xf0\x83+\x09\x80p9A\x10\xf6%\xf8\
\xc1\x8d\x04@\xb8\xdei\x10\xb4F\x10\xd6'\xf8\xc1B\
\x04@\xb8]\x82`\x1eFs\x10L\xcf1`9\xf9\
\x9d\x12\xfc`A\x02 ,+\x0f\xa7\xf4\x1cK\xef1\
'\x8b\xc0mrr\xc7\xdc\xc7O\xf0\x83\x05\x09\x80\xb0\
\x8e\xf4\x1e\xcb\xc9\x229b.\x0f1\xe0<\xf3Y\xbd\
\xf9\xdd\xc9\xc9\x1d\xfa\xf8\xc1\x0a\x04@XW\x8e\x98\xcb\
C\xecg\xd3\xb0a\x04\x1ew\xba\xbe/kk\xf3\xbb\
\x03\xacD\x00\x84m\xcc\x1bF\xfej\x1a\xd6\x09\xc2\x0b\
\xf9]xo\x1a\xf3\xfa\xbe\xfc\xae\x00+{\xed\xcb\xb7\
\x8e\x9f\x80\xad\xe5\x81\x97\xea`\xc6\x1b\xf9\x03\x18D\xaa\
}_M\xe3\xb3i\xa8\xf4\xc1\x0e\x04@hC\xd6\x0b\
&\x08\xbe{\xf7\x13\xd4\x94\xf5\xb0\x09~\x19\xc0\x8e\x04\
@h\x8b\xaa \xd5|7\x8dL\xed\x9a\xde\x85\x86\x08\
\x80\xd0\xaeT\x05\xe7\xf1z\xfe\x00:\x91\xcdN\xf3\x14\
\xef\x1f\xf3\x07@[\x04@\xe8\x830H\xeb\xe6\xd0\x97\
\xb6-z\xf6A\xe3\x04@\xe8O\xa6\x87\x13\x04\xad\x17\
dos\xe8\xb3\xae\x0f:#\x00B\xbf\xd2Rf\xae\
\x0a\x0a\x83lE\xe8\x83\x02\x04@\xa8\xe14\x0c\xe6\xd8\
,\xd3\xc4,I\xe8\x83b\x04@\xa8)!p\x0e\x83\
o\xe6\x0f\xe0B\xd9\xbd\x9b\xf5|\x09|\x8ec\x83b\
\x04@\xa8o\xae\x0e\xce\xa1Pu\x90\x87\x9cn\xe2\xc8\
U\xcb\x16(L\x00\x84\xf1\xfcb\x1a\xf3t\xb1\xea\xe0\
\xd8r\x0c\xdb\x1c\xfa\xb4k\x81\x81\x08\x800\xb6T\x07\
\x13\x08S\x1d\xccx{\x1a\xd4\x95\xc07\x87=k\xf9\
``\x02 \xf0\xb2\xd3@\x98\xcfN$\xe9S\xce\xdb\
\x9d\xc3\x9e\x0a\x1fp\x8f\x00\x08<'\xc7\xd3\xcda0\
W\xd3\xc6mJu\xef4\xec\xfd0\x0d\x80\x07\x09\x80\
\xc05\x12\x06\x13\x0c\xe7P\x98\xcf*\x85\xdbHe/\
\xe1.A/\xd7\x84=\xd5=\xe0\x22\x02 \xb0\x94y\
=\xe1i8\xb4\xa6\xf0z\xd9\x95;\x87\xbb9\xe8%\
\xf4\x01\xdcL\x00\x04\xd6\x960\xf8\xd8\x18\xbdj8W\
\xf3^\x1e\x09{\xda\xb0\x00\xab\x11\x00\x81\xbd=\x14\x0c\
3\x22\xd7^C\xe2\x5c\xc1\x8b\x87B^\x06\xc0.\x04\
@\xa0\x17\xf3\x14\xf3,k\x0fg\xf9\xf3\xfc\xdf\x9fr\
\xeett6S<\xe5\xe5\xf0v:-\xabr\x07t\
A\x00\x04\x00\x18\xccO\x8fW\x00\x00\x06!\x00\x02\x00\
\x0cF\x00\x04\x00\x18\x8c\x00\x08\x000\x18\x01\x10\x00`\
0\x02 \x00\xc0`\x04@\x00\x80\xc1\x08\x80\x00\x00\x83\
\x11\x00\x01\x00\x06#\x00\x02\x00\x0cF\x00\x04\x00\x18\x8c\
\x00\x08\x000\x18\x01\x10\x00`0\x02 \x00\xc0`\x04\
@\x00\x80\xc1\x08\x80\x00\x00\x83\x11\x00\x01\x00\x06#\x00\
\x02\x00\x0cF\x00\x04\x00\x18\x8c\x00\x08\x000\x18\x01\x10\
\x00`0\x02 \x00\xc0`\x04@\x00\x80\xc1\x08\x80\x00\
\x00\x83\x11\x00\x01\x00\x06#\x00\x02\x00\x0cF\x00\x04\x00\
\x18\x8c\x00\x08\x000\x18\x01\x10\x00`0\x02 \x00\xc0\
`\x04@\x00\x80\xc1\x08\x80\x00\x00\x83\x11\x00\x01\x00\x06\
#\x00\x02\x00\x0cF\x00\x04\x00\x18\x8c\x00\x08\x000\x18\
\x01\x10\x00`0\x02 \x00\xc0`\x04@\x00\x80\xc1\x08\
\x80\x00\x00\x83\x11\x00\x01\x00\x06#\x00\x02\x00\x0cF\x00\
\x04\x00\x18\x8c\x00\x08\x000\x18\x01\x10\x00`0\x02 \
\x00\xc0`\x04@\x00\x80\xc1\x08\x80\x00\x00\x83\x11\x00\x01\
\x00\x06#\x00\x02\x00\x0cF\x00\x04\x00\x18\x8c\x00\x08\x00\
0\x18\x01\x10\x00`0\x02 \x00\xc0`\x04@\x00\x80\
\xc1\x08\x80\x00\x00\x83\x11\x00\x01\x00\x06#\x00\x02\x00\x0c\
F\x00\x04\x00\x18\x8c\x00\x08\x000\x18\x01\x10\x00`0\
\x02 \x00\xc0`\x04@\x00\x80\xa1\xfc\xe4'\xff\x1f\x8f\
0\x08\x85S\x96\x19\xe3\x00\x00\x00\x00IEND\xae\
B`\x82\
\x00\x00=\xed\
\x89\
PNG\x0d\x0a\x1a\x0a\x00\x00\x00\x0dIHDR\x00\
\x00\x02\x80\x00\x00\x02\x80\x08\x06\x00\x00\x00\x0c\xcd\xc9#\
\x00\x00=\xb4IDATx\x01\xed\xc0\x03\xa0$Y\
\x96\xc6\xf1\xffw\xee\x8d\xc8\xcc\xa7rKc\xaem\xdb\
\xb6m\xdb\xb6m\xdb\xb6mi\x8c\x9e\x96J\xaf\x9e2\
3\x22\xee\xf9v\xb7jz\xa6\x87;k\xd5O\x5cu\
\xd5UW]u\xd5UW]\xf5\xff\x09\xe2\xaa\xab\xae\
\xba\xea\xaa\xab\xae\xba\xea\xaa\xffO\x10W]u\xd5U\
W]u\xd5UW\xfd\x7f\x82\xb8\xea\xaa\xab\xae\xba\xea\
\xaa\xab\xae\xba\xea\xff\x13\xc4UW]u\xd5UW]\
u\xd5U\xff\x9f \xae\xba\xea\xaa\xab\xae\xba\xea\xaa\xab\
\xae\xfa\xff\x04q\xd5UW]u\xd5UW]u\xd5\
\xff'\x88\xab\xae\xba\xea\xaa\xab\xae\xba\xea\xaa\xab\xfe?\
A\x5cu\xd5UW]u\xd5UW]\xf5\xff\x09\xe2\
\xaa\xab\xae\xba\xea\xaa\xab\xae\xba\xea\xaa\xffO\x10W]\
u\xd5UW]u\xd5UW\xfd\x7f\x82\xb8\xea\xaa\xab\
\xae\xba\xea\xaa\xab\xae\xba\xea\xff\x13\xc4UW]u\xd5\
UW]u\xd5U\xff\x9f \xae\xba\xea\xaa\xab\xae\xba\
\xea\xaa\xab\xae\xfa\xff\x04q\xd5UW]u\xd5UW\
]u\xd5\xff'\x88\xab\xae\xba\xea\xaa\xab\xae\xba\xea\xaa\
\xab\xfe?A\x5cu\xd5UW]u\xd5UW]\xf5\
\xff\x09\xe2\xaa\xab\xae\xba\xea\xaa\xab\xae\xba\xea\xaa\xffO\
\x10W]u\xd5UW]u\xd5UW\xfd\x7f\x82\xb8\
\xea\xaa\xab\xae\xba\xea\xaa\xab\xae\xba\xea\xff\x13\xc4UW\
]u\xd5UW]u\xd5U\xff\x9f \xae\xba\xea\xaa\
\xab\xae\xba\xea\xaa\xab\xae\xfa\xff\x04q\xd5UW]u\
\xd5UW]u\xd5\xff'\x88\xab\xae\xba\xea\xaa\xab\xae\
\xba\xea\xaa\xab\xfe?A\x5cu\xd5UW]u\xd5U\
W]\xf5\xff\x09\xe2\xaa\xab\xae\xba\xea\xaa\xab\xae\xba\xea\
\xaa\xffO\x10W]u\xd5UW]u\xd5UW\xfd\
\x7f\x82\xb8\xea\xaa\xab\xae\xba\xea\xaa\xab\xae\xba\xea\xff\x13\
\xc4UW]u\xd5UW]u\xd5U\xff\x9f \xae\
\xba\xea\xaa\xab\xae\xba\xea\xaa\xab\xae\xfa\xff\x04q\xd5U\
W]u\xd5UW]u\xd5\xff'\x88\xab\xae\xba\xea\
\xaa\xab\xae\xba\xea\xaa\xab\xfe?A\x5cu\xd5UW]\
u\xd5UW]\xf5\xff\x09\xe2\xaa\xab\xae\xba\xea\xaa\xab\
\xae\xba\xea\xaa\xffO\x10W]u\xd5UW]u\xd5\
UW\xfd\x7f\x82\xb8\xea\xaa\xab\xae\xba\xea\xaa\xab\xae\xba\
\xea\xff\x13\xc4UW]u\xd5UW]u\xd5U\xff\
\x9f \xae\xba\xea\xaa\xab\xae\xba\xea\xaa\xab\xae\xfa\xff\x04\
q\xd5UW]u\xd5UW]u\xd5\xff'\x88\xab\
\xae\xba\xea\xaa\xab\xae\xba\xea\xaa\xab\xfe?A\x5cu\xd5\
UW]u\xd5UW]\xf5\xff\x09\xe2\xaa\xab\xae\xba\
\xea\xaa\xab\xae\xba\xea\xaa\xffO\x10W]u\xd5UW\
]u\xd5UW\xfd\x7f\x82\xb8\xea\xaa\xab\xae\xba\xea\xaa\
\xab\xae\xba\xea\xff\x13\xc4UW]u\xd5UW]u\
\xd5U\xff\x9f \xae\xba\xea\xaa\xab\xae\xba\xea\xaa\xab\xae\
\xfa\xff\x04q\xd5UW]u\xd5UW]u\xd5\xff\
'\x88\xab\xae\xba\xea\xaa\xab\xae\xba\xea\xaa\xab\xfe?A\
\x5cu\xd5UW]u\xd5UW]\xf5\xff\x09\xe2\xaa\
\xab\xae\xba\xea\xaa\xab\xae\xba\xea\xaa\xffO\x10W]u\
\xd5UW]u\xd5UW\xfd\x7f\x82\xb8\xea\xaa\xab\xae\
\xba\xea\xaa\xab\xae\xba\xea\xff\x13\xc4UW]u\xd5U\
W]u\xd5U\xff\x9f \xae\xba\xea\xaa\xab\xae\xba\xea\
\xaa\xab\xae\xfa\xff\x04q\xd5UW]u\xd5UW]\
u\xd5\xff'\x88\xab\xae\xba\xea\xaa\xab\xae\xba\xea\xaa\xab\
\xfe?A\x5cu\xd5UW]u\xd5UW]\xf5\xff\
\x09\xe2\xaa\xab\xae\xba\xea\xaa\xab\xae\xba\xea\xaa\xffO\x10\
W]u\xd5UW]u\xd5UW\xfd\x7f\x82\xb8\xea\
\xaa\xab\xae\xba\xea\xaa\xab\xae\xba\xea\xff\x13\xc4UW]\
u\xd5UW]u\xd5U\xff\x9f \xae\xba\xea\xaa\xab\
\xae\xba\xea\xaa\xab\xae\xfa\xff\x04q\xd5UW]u\xd5\
UW]u\xd5\xff'\x88\xab\xae\xba\xea\xaa\xab\xae\xba\
\xea\xaa\xab\xfe?A\x5cu\xd5UW]u\xd5UW\
]\xf5\xff\x09\xe2\xaa\xab\xae\xba\xea\xaa\xab\xae\xba\xea\xaa\
\xffO\x10W]u\xd5UW]u\xd5UW\xfd\x7f\
\x82\xb8\xea\xaa\xab\xae\xba\xea\xaa\xab\xae\xba\xea\xff\x13\xc4\
UW]u\xd5UW]u\xd5U\xff\x9f \xae\xba\
\xea\xaa\xab\xae\xba\xea\xaa\xab\xae\xfa\xff\x04q\xd5UW\
]u\xd5UW]u\xd5\xff'\x88\xab\xae\xba\xea\xaa\
\xab\xae\xba\xea\xaa\xab\xfe?A\x5cu\xd5UW]u\
\xd5UW]\xf5\xff\x09\xe2\xaa\xab\xae\xba\xea\xaa\xab\xae\
\xba\xea\xaa\xffO\x10W]u\xd5UW]u\xd5U\
W\xfd\x7f\x82\xb8\xea\xaa\xab\xae\xba\xea\xaa\xab\xae\xba\xea\
\xff\x13\xc4UW]u\xd5UW]u\xd5U\xff\x9f\
 \xae\xba\xea\xaa\xab\xae\xba\xea\xaa\xab\xae\xfa\xff\x04q\
\xd5UW]u\xd5UW]u\xd5\xff'\x88\xab\xae\
\xba\xea\xaa\xab\xae\xba\xea\xaa\xab\xfe?A\x5cu\xd5U\
W]u\xd5UW]\xf5\xff\x09\xe2\xaa\xab\xae\xba\xea\
\xaa\xab\xae\xba\xea\xaa\xffO\x10W]u\xd5UW]\
u\xd5UW\xfd\x7f\x82\xb8\xea\xaa\xab\xae\xba\xea\xaa\xab\
\xae\xba\xea\xff\x13\xc4UW]u\xd5UW]u\xd5\
U\xff\x9f \xae\xba\xea\xaa\xab\xae\xba\xea\xaa\xab\xae\xfa\
\xff\x04q\xd5UW]u\xd5UW]u\xd5\xff'\
\x88\xab\xae\xba\xea\xaa\xab\xae\xba\xea\xaa\xab\xfe?A\x5c\
u\xd5UW]u\xd5UW]\xf5\xff\x09\xe2\xaa\xab\
\xae\xba\xea\xaa\xab\xae\xba\xea\xaa\xffO\x10W]u\xd5\
UW]u\xd5UW\xfd\x7f\x82\xb8\xea\xaa\xab\xae\xba\
\xea\xaa\xab\xae\xba\xea\xff\x13\xc4UW]u\xd5UW\
]u\xd5U\xff\x9f \xae\xba\xea\xaa\xab\xae\xba\xea\xaa\
\xab\xae\xfa\xff\x04q\xd5UW]u\xd5UW]u\
\xd5\xff'\x88\xab\xae\xba\xea\xaa\xab\xae\xba\xea\xaa\xab\xfe\
?A\x5cu\xd5\xffM\xaf\xc5\x15/\x0d\x1c\xe7\x8a\x07\
\x03\x0f\xe69\xbd6\xff\xb2\xbf\x06vyN\xb7\x02\xb7\
r\xc5\xad\xc0\xad\x5c\xf17\xc0.W]u\xd5\x7f\xb4\
\xe3\xc0Kq\xc5\x83\x81\x07s\xc5\x83\x81\x07\xf3\x9c\x8e\
\x03/\xcd\xbf\xec\xb7yN\xb7\x02\xb7r\xc5.\xf0\xd7\
\x5c\xf1;\x5cu\xd5\xff-\x88\xab\xae\xfa\xdf\xeb\xb5\x80\
\x97\x06\x8e\x03\xaf\xcd\x15\xaf\xcd\xff\x0c\x7f\x0d\xdc\x0a\xfc\
5p+p+\xf07\xc0.W]u\xd5\x0br\x1c\
x)\xe0\xc1\xc0\x83\x81\x97\x06\x1e\x0c\xbc4\xff3\xfc\
6W\xfc6\xb0\x0b\xfc5\xf0;\x5cu\xd5\xff>\x88\
\xab\xae\xfa\x9f\xef\xc1\xc0K\x01/\x0d\xbc6\xf0`\xe0\
\xc1\xfc\xef\xb4\x0b\xfc5\xf0\xdb\xc0_\x03\xbf\x03\xecr\
\xd5U\xff\xff\x1c\x07^\x0bxi\xe0\xb5\x81\x97\x06\x8e\
\xf3\xbf\xd3\xad\xc0\xad\xc0o\x03\x7f\x0d\xfc\x0dp+W\
]\xf5?\x17\xe2\xaa\xab\xfe\xe7yi\xe0\xb5\x80\xd7\x06\
^\x1ax0\xff\xb7\xdd\x0a\xfc5\xf0\xd7\xc0o\x03\xbf\
\xc3UW\xfd\xdf\xf3Z\xc0k\x03/\x0d\xbc4\xf0`\
\xfeo\xbb\x15\xf8k\xe0\xb7\x81\xdf\x01\xfe\x9a\xab\xae\xfa\
\x9f\x03q\xd5U\xff\xfd\x1e\x0c\xbc\x15\xf0\xda\xc0[s\
\xd5.\xf0\xdb\xc0o\x03?\x03\xdc\xcaUW\xfd\xef\xf3\
`\xe0\xad\x80\xd7\x06^\x1b8\xceU?\x0d\xfc6\xf0\
3\xc0\xad\x5cu\xd5\x7f\x1f\xc4UW\xfd\xf7x+\xe0\
\xb5\x81\xb7\x06\x1e\xccU/\xcc\xad\xc0o\x03?\x0d\xfc\
\x0e\xb0\xcbUW\xfd\xcfs\x1cx-\xe0\xad\x81\xd7\x06\
\x1e\xccU/\xcc\xad\xc0O\x03\xbf\x0d\xfc\x0cW]\xf5\
_\x0bq\xd5U\xffu\xde\x0bxk\xe0\xad\xb9\xea\xdf\
\xe3\xa7\x81\x9f\x06~\x06\xd8\xe5\xaa\xab\xfe\xfb\x1c\x07\xde\
\x0axk\xe0\xad\xb9\xea\xdf\xe3\xa7\x81\xef\x06~\x86\xab\
\xae\xfa\xcf\x87\xb8\xea\xaa\xff\x5co\x05\xbc5\xf0\xd6\xc0\
q\xae\xfa\x8f\xf6\xd3\xc0O\x03?\x03\xecr\xd5U\xff\
\xf9\x8e\x03o\x05\xbc5\xf0\xd6\x5c\xf5\x1fm\x17\xf8i\
\xe0\xa7\x81\x9f\xe1\xaa\xab\xfes \xae\xba\xea?\xdeK\
\x03\x1f\x05\xbc5p\x9c\xab\xfe+\xec\x02?\x0d|\x0f\
\xf0\xdb\x5cu\xd5\x7f\xbc\xd7\x06\xde\x0bxk\xe08W\
\xfdW\xd8\x05~\x1a\xf8\x1a\xe0\xaf\xb9\xea\xaa\xff8\x88\
\xab\xae\xfa\x8fq\x1cx+\xe0\xa3\x81\x97\xe6\xaa\xffN\
\xb7\x02_\x0d|\x0f\xb0\xcbUW\xfd\xdb\x1d\x07\xde\x0b\
\xf8h\xe0\xc1\x5c\xf5\xdf\xe9\xaf\x81\xaf\x06~\x06\xd8\xe5\
\xaa\xab\xfe}\x10W]\xf5\xef\xf3\xd2\xc0G\x01o\x0d\
\x1c\xe7\xaa\xffi\xbe\x1b\xf8\x1e\xe0\xb7\xb9\xea\xaa\x17\xdd\
k\x03\xef\x05\xbc7W\xfdO\xb3\x0b\xfc4\xf05\xc0\
_s\xd5U\xff6\x88\xab\xae\xfa\xb7ym\xe0\xb3\x80\
\xd7\xe6\xaa\xff\x0d\xfe\x1a\xf8j\xe0{\xb8\xea\xaa\x17\xec\
\xbd\x80\xcf\x06\x1e\xccU\xff\x1b\xfc6\xf09\xc0os\
\xd5U\xff:\x88\xab\xae\xfa\xd7y/\xe0\xb3\x81\x07s\
\xd5\xffF\xb7\x02\x9f\x0d|\x0fW]\xf5l\xef\x05|\
6\xf0`\xae\xfa\xdf\xe8V\xe0\xb3\x81\xef\xe1\xaa\xab^\
4\x88\xab\xaez\xd1\xbc\x17\xf0\xd9\xc0\x83\xb9\xea\xff\x82\
[\x81\xef\x06\xbe\x06\xd8\xe5\xaa\xff\x8f\x8e\x03\x1f\x05|\
4p\x9c\xab\xfe/\xb8\x15\xf8l\xe0{\xb8\xea\xaa\x17\
\x0eq\xd5U/\xdc{\x01\x9f\x0d<\x98\xab\xfe/\xda\
\x05\xbe\x1a\xf8\x1a`\x97\xab\xfe?8\x0e|\x14\xf0\xd1\
\xc0q\xae\xfa\xbf\xe8V\xe0\xb3\x81\xef\xe1\xaa\xab\x9e?\
\xc4UW=\x7f\xef\x05|6\xf0`\xae\xfa\xff`\x17\
\xf8l\xe0k\xb8\xea\xff\xb2\x8f\x02>\x1b8\xceU\xff\
\x1f\xdc\x0a|6\xf0=\x5cu\xd5sB\x5cu\xd5s\
zm\xe0\xbb\x80\x07s\xd5\xffG\xb7\x02\x9f\x0d|\x0f\
W\xfd_\xf2^\xc0g\x03\x0f\xe6\xaa\xff\x8fn\x05\xde\
\x07\xf8m\xae\xba\xea\x0a\xc4UW]\xf1`\xe0\xbb\x80\
\xd7\xe6\xaa\xab\xe0\xb7\x81\xcf\x01~\x9b\xab\xfe7{m\
\xe0\xb3\x80\xd7\xe6\xaa\xab\xe0\xa7\x81\x8f\x01n\xe5\xaa\xff\
\xef\x10W\xfd\x7fw\x1c\xf8(\xe0\xb3\xb9\xea\xaa\xe7\xf5\
\xd3\xc0\xc7\x00\xb7r\xd5\xff&\x0f\x06\xbe\x0axk\xae\
\xba\xeay}6\xf05\xc0.W\xfd\x7f\x85\xb8\xea\xff\
\xb3\xb7\x06\xbe\x0b8\xceUW\xbd`\xbb\xc0g\x03_\
\xc3U\xff\x1b|\x14\xf0\xd9\xc0q\xae\xba\xea\x05\xdb\x05\
\xde\x07\xf8i\xae\xfa\xff\x08q\xd5\xffG\x0f\x06\xbe\x0b\
xm\xae\xba\xeaE\xf7\xd7\xc0\xfb\x00\x7f\xcdU\xff\x13\
\xbd4\xf0]\xc0Ks\xd5U/\xba\xdf\x06\xde\x07\xb8\
\x95\xab\xfe?A\x5c\xf5\xff\xcdG\x01\x9f\x0d\x1c\xe7\xaa\
\xab\xfem\xbe\x1a\xf8\x1c`\x97\xab\xfe'8\x0e|\x16\
\xf0\xd1\x5cu\xd5\xbf\xcd.\xf0\xd9\xc0\xd7p\xd5\xff\x17\
\x88\xab\xfe\xbfxi\xe0\xbb\x80\x97\xe6\xaa\xab\xfe\xfdn\
\x05\xde\x07\xf8m\xae\xfa\xef\xf4\xda\xc0w\x01\x0f\xe6\xaa\
\xab\xfe\xfd~\x1b\xf8\x18\xe0\xaf\xb9\xea\xff:\xc4U\xff\
\x1f|\x14\xf0\xd5\x5cu\xd5\x7f\xbc\xaf\x06>\x86\xab\xfe\
\xab\x1d\x07>\x0b\xf8h\xae\xba\xea?\xd6.\xf0\xd9\xc0\
\xd7p\xd5\xffe\x88\xab\xfe/;\x0e\xfc\x14\xf0\xda\x5c\
u\xd5\x7f\x9e\xbf\x06\xde\x07\xf8k\xae\xfa\xaf\xf0\xd2\xc0\
w\x01/\xcdUW\xfd\xe7\xf9i\xe0}\x80]\xae\xfa\
\xbf\x08q\xd5\xffUo\x0d|\x17p\x9c\xab\xae\xfa\xaf\
\xf1\xd1\xc0\xd7p\xd5\x7f\xa6\x8f\x02\xbe\x9a\xab\xae\xfa\xaf\
\xb1\x0b\xbc\x0f\xf0\xd3\x5c\xf5\x7f\x0d\xe2\xaa\xff\x8b\xbe\x0a\
\xf8h\xae\xba\xea\xbf\xdeo\x03o\x03\xecr\xd5\x7f\xa4\
\xe3\xc0O\x01\xaf\xcdUW\xfd\xd7\xfbj\xe0c\xb8\xea\
\xff\x12\xc4U\xff\x97\x1c\x07~\x0bxi\xae\xba\xea\xbf\
\xcf.\xf0:\xc0_s\xd5\x7f\x84\x97\x06~\x0b8\xce\
UW\xfd\xf7\xf9k\xe0u\x80]\xae\xfa\xbf\x00q\xd5\
\xff\x15\xaf\x0d\xfc\x14p\x9c\xab\xae\xfa\x9f\xe1}\x80\xef\
\xe6\xaa\x7f\x8f\xf7\x06\xbe\x8b\xab\xae\xfa\x9fa\x17x\x1d\
\xe0\xaf\xb9\xea\x7f;\xc4U\xff\x17|\x14\xf0\xd5\x5cu\
\xd5\xff<\xdf\x0d\xbc\x0fW\xfd[|\x17\xf0\xde\x5cu\
\xd5\xff<\x1f\x0d|\x0dW\xfdo\x86\xb8\xea\x7f\xbb\xef\
\x02\xde\x9b\xab\xae\xfa\x9f\xeb\xaf\x81\xd7\x01v\xb9\xeaE\
q\x1c\xf8-\xe0\xa5\xb9\xea\xaa\xff\xb9\xbe\x1bx\x1f\xae\
\xfa\xdf\x0aq\xd5\xffV\xc7\x81\xdf\x02^\x9a\xab\xae\xfa\
\x9fo\x17x\x1d\xe0\xaf\xb9\xea\x85yi\xe0\xb7\x80\xe3\
\x5cu\xd5\xff|\x7f\x0d\xbc\x0e\xb0\xcbU\xff\xdb \xae\
\xfa\xdf\xe8\xa5\x81\xef\x02^\x9a\xab\xae\xfa\xdfc\x17\xf8\
\x18\xe0\xbb\xb9\xea\xf9yo\xe0\xab\x80\xe3\x5cu\xd5\xff\
\x1e\x7f\x0d\xbc\x0f\xf0\xd7\x5c\xf5\xbf\x09\xe2\xaa\xffm^\
\x1a\xf8-\xe08W]\xf5\xbf\xd3\xfb\x00\xdf\xcdU\x0f\
\xf4\xde\xc0wq\xd5U\xff;\xed\x02\xaf\x03\xfc5W\
\xfdo\x81\xb8\xea\x7f\x93\xf7\x06\xbe\x0a8\xceUW\xfd\
\xef\xf6\xd1\xc0\xd7p\x15\xc0G\x01_\xcdUW\xfd\xef\
\xb6\x0b|\x0c\xf0\xdd\x5c\xf5\xbf\x01\xe2\xaa\xff-\xde\x1b\
\xf8.\xae\xba\xea\xff\x8e\xef\x06\xde\x87\xff\xdf\xbe\x0bx\
o\xae\xba\xea\xff\x8e\xf7\x01\xbe\x9b\xab\xfe\xa7C\x5c\xf5\
\xbf\xc1{\x03\xdf\xc5UW\xfd\xdf\xf3\xdd\xc0\xfb\xf0\xff\
\xd3w\x01\xef\xcdUW\xfd\xdf\xf3>\xc0ws\xd5\xff\
d\x88\xab\xfe\xa7{o\xe0\xbb\xb8\xea\xaa\xff\xbb\xbe\x1b\
x\x1f\xfe\x7f\xf9-\xe0\xb5\xb9\xea\xaa\xff\xbb\xde\x07\xf8\
n\xae\xfa\x9f\x0aq\xd5\xffd_\x05|4W]\xf5\
\x7f\xdfw\x03\xef\xc3\xff\x0f\xdf\x05\xbc7W]\xf5\x7f\
\xdfg\x03\x9f\xc3U\xff\x13!\xae\xfa\x9f\xea\xab\x81\x8f\
\xe2\xaa\xab\xfe\xff\xf8n\xe0}\xf8\xbf\xed\xbb\x80\xf7\xe6\
\xaa\xab\xfe\xff\xf8\x1c\xe0\xb3\xb9\xea\x7f\x1a\xc4U\xff\x13\
\xbd7\xf0]\x5cu\xd5\xff?\xdf\x0d\xbc\x0f\xff7}\
\x17\xf0\xde\x5cu\xd5\xff?\xef\x03|7W\xfdO\x82\
\xb8\xea\x7f\x9a\xf7\x06\xbe\x8b\xab\xae\xfa\xff\xeb\xbb\x81\xf7\
\xe1\xff\x96\xef\x02\xde\x9b\xab\xae\xfa\xff\xeb}\x80\xef\xe6\
\xaa\xff)\x10W\xfdO\xf2\xde\xc0wq\xd5UW}\
7\xf0>\xfc\xdf\xf0]\xc0{s\xd5UW\xbd\x0f\xf0\
\xdd\x5c\xf5?\x01\xe2\xaa\xff)\xde\x1b\xf8.\xae\xba\xea\
\xaa\xfb}\x0d\xf0\xd1\xfc\xef\xf6]\xc0{s\xd5UW\
\xdd\xef}\x80\xef\xe6\xaa\xffn\x88\xab\xfe'xi\xe0\
\xb7\x80\xe3\x5cu\xd5U\x0f\xf4>\xc0w\xf3\xbf\xd3{\
\x03\xdf\xc5UW]\xf5@\xbb\xc0\xeb\x00\x7f\xcdU\xff\
\x9d\x10W\xfdw{i\xe0\xb7\x80\xe3\x5cu\xd5U\xcf\
\xcf\xdb\x00?\xcd\xff.o\x0d\xfc\x14W]u\xd5\xf3\
\xb3\x0b\xbc\x0e\xf0\xd7\x5c\xf5\xdf\x05q\xd5\x7f\xa7\xe3\xc0\
o\x01/\xcdUW]\xf5\x82\xec\x02\xaf\x03\xfc5\xff\
;\xbc4\xf0[\xc0q\xae\xba\xea\xaa\x17\xe4\xaf\x81\xd7\
\x01v\xb9\xea\xbf\x03\xe2\xaa\xffN\x7f\x05\xbc4W]\
u\xd5\xbfd\x17x\x19\xe0V\xfeg{0\xf0W\xc0\
q\xae\xba\xea\xaa\x7f\xc9_\x03/\xc3U\xff\x1d\x10W\
\xfdw\xf9.\xe0\xbd\xb9\xea\xaa\xab^T\x7f\x0d\xbc\x0e\
\xb0\xcb\xffL\xc7\x81\xdf\x02^\x9a\xab\xae\xba\xeaE\xf5\
\xdd\xc0\xfbp\xd5\x7f5\xc4U\xff\x1d>\x1a\xf8*\xae\
\xba\xea\xaa\x7f\xad\x9f\x06\xde\x86\xff\x99~\x0axk\xae\
\xba\xea\xaa\x7f\xad\x8f\x01\xbe\x9a\xab\xfe+!\xae\xfa\xaf\
\xf6\xda\xc0oq\xd5UW\xfd[}\x0c\xf0\xd5\xfc\xcf\
\xf2\xd1\xc0Wq\xd5UW\xfd[\xbd\x0c\xf0\xd7\x5c\xf5\
_\x05q\xd5\x7f\xa5\xe3\xc0\xd3\x81\xe3\x5cu\xd5U\xff\
\x1e\xaf\x03\xfc6\xff3\xbc6\xf0[\x5cu\xd5U\xff\
\x1e\xbb\xc0C\x80]\xae\xfa\xaf\x80\xb8\xea\xbf\xd2_\x01\
/\xcdUW]\xf5\xef\xb5\x0b<\x04\xd8\xe5\xbf\xd7q\
\xe0\xe9\xc0q\xae\xba\xea\xaa\x7f\xaf\xbf\x06^\x86\xab\xfe\
+ \xae\xfa\xaf\xf2\xd5\xc0Gq\xd5UW\xfdG\xf9\
m\xe0u\xf8\xef\xf5[\xc0ks\xd5UW\xfdG\xf9\
\x1a\xe0\xa3\xb9\xea?\x1b\xe2\xaa\xff\x0ao\x0d\xfc\x14W\
]u\xd5\x7f\xb4\xaf\x01>\x9a\xff\x1e_\x0d|\x14W\
]u\xd5\x7f\xb4\xb7\x01~\x9a\xab\xfe3!\xae\xfa\xcf\
v\x1cx:p\x9c\xab\xae\xba\xea?\xc3\xdb\x00?\xcd\
\x7f\xad\xb7\x06~\x8a\xab\xae\xba\xea?\xc3.\xf0\x10`\
\x97\xab\xfe\xb3 \xae\xfa\xcf\xf6[\xc0ks\xd5UW\
\xfdg\xd9\x05\x1e\x02\xec\xf2_\xe38\xf0t\xe08W\
]u\xd5\x7f\x96\x9f\x06\xde\x86\xab\xfe\xb3 \xae\xfa\xcf\
\xf4\xd1\xc0Wq\xd5UW\xfdg\xfbm\xe0u\xf8\xaf\
\xf1[\xc0ks\xd5UW\xfdg\xfb\x18\xe0\xab\xb9\xea\
?\x03\xe2\xaa\xff,/\x0d\xfc\x15W]u\xd5\x7f\x95\
\x8f\x01\xbe\x9a\xff\x5c\x9f\x0d|\x16W]u\xd5\x7f\x85\
]\xe0u\x80\xbf\xe6\xaa\xffh\x88\xab\xfe\xb3\xfc\x15\xf0\
\xd2\x5cu\xd5U\xff\x95^\x06\xf8k\xfes\xbc4\xf0\
W\x5cu\xd5U\xff\x95~\x1bx\x1d\xae\xfa\x8f\x86\xb8\
\xea?\xc3G\x03_\xc5UW]\xf5_\xedV\xe0e\
\x80]\xfec\x1d\x07\xfe\x0ax0W]u\xd5\x7f\xb5\
\x8f\x01\xbe\x9a\xab\xfe#!\xae\xfa\x8f\xf6`\xe0\xaf\x80\
\xe3\x5cu\xd5U\xff\x1d\xbe\x1bx\x1f\xfec}\x17\xf0\
\xde\x5cu\xd5U\xff\x1dv\x81\x97\x01n\xe5\xaa\xff(\
\x88\xab\xfe\xa3\xfd\x16\xf0\xda\x5cu\xd5U\xff\x9d\xde\x07\
\xf8n\xfec\xbc7\xf0]\x5cu\xd5U\xff\x9d~\x1b\
x\x1d\xae\xfa\x8f\x82\xb8\xea?\xd2[\x03?\xc5UW\
]\xf5\xdfm\x17x\x19\xe0V\xfe}\x1e\x0c\xfc\x15p\
\x9c\xab\xae\xba\xea\xbf\xdb\xdb\x00?\xcdU\xff\x11\x10W\
\xfdG9\x0e<\x1d8\xceUW]\xf5?\xc1_\x03\
/\xc3\xbf\xcf_\x01/\xcdUW]\xf5?\xc1.\xf0\
\x10`\x97\xab\xfe\xbd\x10W\xfdG\xf9l\xe0\xb3\xb8\xea\
\xaa\xab\xfe'\xf9\x1a\xe0\xa3\xf9\xb7\xf9j\xe0\xa3\xb8\xea\
\xaa\xab\xfe'\xf9\x1c\xe0\xb3\xb9\xea\xdf\x0bq\xd5\x7f\x84\
\x07\x03O\xe7\xaa\xab\xae\xfa\x9f\xe8u\x80\xdf\xe6_\xe7\
\xb5\x81\xdf\xe2\xaa\xab\xae\xfa\x9f\xe8!\xc0\xad\x5c\xf5\xef\
\x81\xb8\xea?\xc2o\x01\xaf\xcdUW]\xf5?\xd1.\
\xf0\x10`\x97\x17\xcdq\xe0\xe9\xc0q\xae\xba\xea\xaa\xff\
\x89~\x1ax\x1b\xae\xfa\xf7@\x5c\xf5\xef\xf5\xda\xc0o\
q\xd5UW\xfdO\xf6\xd3\xc0\xdb\xf0\xa2\xf9-\xe0\xb5\
\xb9\xea\xaa\xab\xfe'{\x1d\xe0\xb7\xb9\xea\xdf\x0aq\xd5\
\xbf\xd7\xd3\x81\x07s\xd5UW\xfdO\xf71\xc0W\xf3\
\xc2}4\xf0U\x5cu\xd5U\xff\xd3\xfd5\xf02\x5c\
\xf5o\x85\xb8\xea\xdf\xe3\xbd\x81\xef\xe2\xaa\xab\xae\xfa\xdf\
\xe2e\x80\xbf\xe6\xf9{i\xe0\xaf\xb8\xea\xaa\xab\xfe\xb7\
x\x1f\xe0\xbb\xb9\xea\xdf\x02q\xd5\xbf\xc7\xd3\x81\x07s\
\xd5UW\xfdo\xf1\xd7\xc0\xeb\x00\xbb<\xa7\xe3\xc0o\
\x01/\xcdUW]\xf5\xbf\xc5\xad\xc0C\xb8\xea\xdf\x02\
q\xd5\xbf\xd5{\x03\xdf\xc5UW]\xf5\xbf\xcdw\x03\
\xef\xc3s\xfa.\xe0\xbd\xb9\xea\xaa\xab\xfe\xb7y\x1f\xe0\
\xbb\xb9\xea_\x0bq\xd5\xbf\xd5\xd3\x81\x07s\xd5UW\
\xfdo\xf46\xc0Os\xc5[\x03?\xc5UW]\xf5\
\xbf\xd1\xad\xc0C\xb8\xea_\x0bq\xd5\xbf\xc5{\x03\xdf\
\xc5UW]\xf5\xbf\xd5.\xf02\x5c\xf1W\xc0q\xae\
\xba\xea\xaa\xff\xad\xde\x07\xf8n\xae\xfa\xd7@\x5c\xf5o\
\xf1t\xe0\xc1\x5cu\xd5U\xff\x9b\xfd6p\x1cxi\
\xae\xba\xea\xaa\xff\xcdn\x05\x1e\xc2U\xff\x1a\x88\xab\xfe\
\xb5\xde\x1b\xf8.\xae\xba\xea\xaa\xab\xae\xba\xea\xaa\xff)\
\xde\x07\xf8n\xaezQ!\xae\xfa\xd7z:\xf0`\xae\
\xba\xea\xaa\xab\xae\xba\xea\xaa\xff)n\x05\x1e\xc2U/\
*\xc4U\xff\x1a\xaf\x0d\xfc\x16W]u\xd5UW]\
u\xd5\xff4\xaf\x03\xfc6W\xbd(\x10W\xfdk\xfc\
\x16\xf0\xda\x5cu\xd5UW]u\xd5U\xff\xd3\xfc6\
\xf0:\x5c\xf5\xa2@\x5c\xf5\xa2zi\xe0\xaf\xb8\xea\xaa\
\xab\xae\xba\xea\xaa\xab\xfe\xa7z\x08p+W\xfdK\x10\
W\xbd\xa8\xbe\x1bx/\xae\xba\xea\xaa\xab\xae\xba\xea\xaa\
\xff\xa9\xbe\x07xo\xae\xfa\x97 \xaezQ\x1c\x07\x9e\
\x0e\x1c\xe7\xaa\xab\xae\xba\xea\xaa\xab\xae\xfa\x9fj\x17x\
\x08\xb0\xcbU/\x0c\xe2\xaa\x17\xc5{\x03\xdf\xc5UW\
]u\xd5UW]\xf5?\xdd\xfb\x00\xdf\xcdU/\x0c\
\xe2\xaa\x17\xc5_\x01/\xcdUW]u\xd5UW]\
\xf5?\xdd_\x03/\xc3U/\x0c\xe2\xaa\x7f\xc9K\x03\
\x7f\xc5UW]u\xd5UW]\xf5\xbf\xc5\xcb\x00\x7f\
\xcdU/\x08\xe2\xaa\x7f\xc9w\x03\xef\xc5UW]u\
\xd5UW]\xf5\xbf\xc5\xf7\x00\xef\xcdU/\x08\xe2\xaa\
\x7f\xc9E\xe08W]u\xd5UW]u\xd5\xff\x16\
\xbb\xc0\x09\xaezA\x10W\xbd0o\x0d\xfc\x14W]\
u\xd5UW]u\xd5\xff6o\x03\xfc4W=?\
\x88\xab^\x98\xef\x06\xde\x8b\xab\xae\xba\xea\xaa\xab\xae\xba\
\xea\x7f\x9b\xef\x01\xde\x9b\xab\x9e\x1f\xc4U/\xc8q\xe0\
\xe9\xc0q\xae\xba\xea\xaa\xab\xae\xba\xea\xaa\xffmv\x81\
\x13\x5c\xf5\xfc \xaezA\xde\x1b\xf8.\xae\xba\xea\xaa\
\xab\xae\xba\xea\xaa\xff\xad\xde\x06\xf8i\xaezn\x88\xab\
^\x90\x9f\x06\xde\x8a\xab\xae\xba\xea\xaa\xab\xae\xba\xea\x7f\
\xab\xef\x01\xde\x9b\xab\x9e\x1b\xe2\xaa\x17\xc4\x5cu\xd5U\
W]u\xd5U\xff\xdb\x89\xab\x9e\x1b\xe2\xaa\xe7\xe7\xad\
\x81\x9f\xe2\xaa\xab\xae\xba\xea\xaa\xab\xae\xfa\xdf\xeem\x80\
\x9f\xe6\xaa\x07B\x5c\xf5\xfc|5\xf0Q\x5cu\xd5U\
W]u\xd5U\xff\xdb}\x0d\xf0\xd1\x5c\xf5@\x88\xab\
\x9e\x9f\xa7\x03\x0f\xe6\xaa\xab\xae\xba\xea\xaa\xab\xae\xfa\xdf\
\xeeV\xe0!\x5c\xf5@\x88\xab\x9e\xdb\x83\x81\xa7s\xd5\
UW]u\xd5UW\xfd_\xf1\x10\xe0V\xae\xba\x1f\
\xe2\xaa\xe7\xf6\xd1\xc0Wq\xd5UW]u\xd5UW\
\xfd_\xf11\xc0Ws\xd5\xfd\x10W=\xb7\x9f\x06\xde\
\x8a\xab\xae\xba\xea\xaa\xab\xae\xba\xea\xff\x8a\x9f\x01\xde\x9a\
\xab\xee\x87\xb8\xea\xb9\x99\xab\xae\xba\xea\xaa\xab\xae\xba\xea\
\xff\x92]\xe0\x04W\xdd\x0fq\xd5\x03\xbd4\xf0W\x5c\
u\xd5UW]u\xd5U\xff\xd7\xbc\x0c\xf0\xd7\x5c\x05\
\x80\xb8\xea\x81>\x1a\xf8*\xae\xba\xea\xaa\xab\xae\xba\xea\
\xaa\xffk>\x06\xf8j\xae\x02@\x5c\xf5@?\x0d\xbc\
\x15W]u\xd5UW]u\xd5\xff5\xdf\x03\xbc7\
W\x01 \xaez\xa0\xa7\x03\x0f\xe6\xaa\xab\xae\xba\xea\xaa\
\xab\xae\xfa\xbf\xe6V\xe0!\x5c\x05\x80\xb8\xea~\x0f\x06\
\x9e\xceUW]u\xd5UW]\xf5\x7f\xd5C\x80[\
\xb9\x0aq\xd5\xfd\xde\x1a\xf8)\xae\xba\xea\xaa\xab\xae\xba\
\xea\xaa\xff\xab\xde\x06\xf8i\xaeB\x5cu\xbf\xcf\x06>\
\x8b\xab\xae\xba\xea\xaa\xab\xae\xba\xea\xff\xaa\xcf\x01>\x9b\
\xab\x10W\xdd\xef\xb7\x81\xd7\xe2\xaa\xab\xae\xba\xea\xaa\xab\
\xae\xfa\xbf\xeag\x80\xb7\xe6*\xc4U\xf7{:\xf0`\
\xae\xba\xea\xaa\xab\xae\xba\xea\xaa\xff\xabn\x05\x1e\xc2U\
\x88\xab\xeeg\xae\xba\xea\xaa\xab\xae\xba\xea\xaa\xff\xeb\xc4\
U\x88\xab\x00^\x1b\xf8-\xae\xba\xea\xaa\xab\xae\xba\xea\
\xaa\xff\xeb^\x07\xf8m\xfe\x7fC\x5c\x05\xf0\xd1\xc0W\
q\xd5UW]u\xd5UW\xfd_\xf71\xc0W\xf3\
\xff\x1b\xe2*\x80\xcf\x06>\x8b\xab\xae\xba\xea\xaa\xab\xae\
\xba\xea\xff\xba\xcf\x01>\x9b\xff\xdf\x10W\x01\xfc6\xf0\
Z\x5cu\xd5UW]u\xd5U\xff\xd7\xfd\x0e\xf0\xda\
\xfc\xff\x86\xb8\x0a\xe0\xb7\x81\xd7\xe2\xaa\xab\xae\xba\xea\xaa\
\xab\xae\xfa\xbf\xeew\x80\xd7\xe6\xff7\xc4U\x00\xe6\xaa\
\xab\xae\xba\xea\xaa\xab\xae\xfa\xffB\xfc\xff\x86\xb8\x0a\xc0\
\x5cu\xd5UW]u\xd5U\xff_\x88\xff\xdf\x10W\
\xbd6\xf0[\x5cu\xd5UW]u\xd5U\xff_\xbc\
\x0e\xf0\xdb\xfc\xff\x85\xb8\xea\xb5\x81\xdf\xe2\xaa\xab\xae\xba\
\xea\xaa\xab\xae\xfa\xff\xe2u\x80\xdf\xe6\xff/\xc4U\x1f\
\x0d|\x15W]u\xd5UW]u\xd5\xff\x17\xef\x03\
|7\xff\x7f!\xae\xfal\xe0\xb3\xb8\xea\xaa\xab\xae\xba\
\xea\xaa\xab\xfe\xbf\xf8\x1c\xe0\xb3\xf9\xff\x0bq\xd5g\x03\
\x9f\xc5UW]u\xd5UW]\xf5\xff\xc5\xe7\x00\x9f\
\xcd\xff_\x88\xab\xbe\x1bx/\xae\xba\xea\xaa\xab\xae\xba\
\xea\xaa\xff/\xbe\x06\xf8h\xfe\xffB\x5c\xf5\xdb\xc0k\
q\xd5UW]u\xd5UW\xfd\x7f\xf1;\xc0k\xf3\
\xff\x17\xe2\xaa\xdf\x06^\x8b\xab\xae\xba\xea\xaa\xab\xae\xba\
\xea\xff\x8b\xdf\x01^\x9b\xff\xbf\x10W\xfd6\xf0Z\x5c\
u\xd5UW]u\xd5U\xff_\xfc\x0e\xf0\xda\xfc\xff\
\x85\xb8\xea\xb7\x81\xd7\xe2\xaa\xab\xae\xba\xea\xaa\xab\xae\xfa\
\xff\xe2w\x80\xd7\xe6\xff/\xc4U\xe6\xaa\xab\xae\xba\xea\
\xaa\xab\xae\xfa\xffd\x178\xc1\xff_\x88\xab\xccUW\
]u\xd5UW]\xf5\xff\x8d\xf8\xff\x0bq\x95\xb9\xea\
\xaa\xab\xae\xba\xea\xaa\xab\xfe\xbf\x11\xff\x7f!\xae2W\
]u\xd5UW]u\xd5\xff7\xe2\xff/\xc4U\xe6\
\xaa\xab\xae\xba\xea\xaa\xab\xae\xfa\xffF\xfc\xff\x85\xb8\xca\
\x5cu\xd5UW]u\xd5U\xff\xdf\x88\xff\xbf\x10W\
\x99\xab\xae\xba\xea\xaa\xab\xae\xba\xea\xff\x1b\xf1\xff\x17\xe2\
*s\xd5UW]u\xd5UW\xfd\x7f#\xfe\xffB\
\x5ce\xae\xba\xea\xaa\xab\xae\xba\xea\xaa\xffo\xc4\xff_\
\x88\xab\xccUW]u\xd5UW]\xf5\xff\x8d\xf8\xff\
\x0bq\x95\xb9\xea\xaa\xab\xae\xba\xea\xaa\xab\xfe\xbf\x11\xff\
\x7f!\xae\xfam\xe0\xb5\xb8\xea\xaa\xab\xae\xba\xea\xaa\xab\
\xfe\xbf\xf8\x1d\xe0\xb5\xf9\xff\x0bq\xd5o\x03\xaf\xc5U\
W]u\xd5UW]\xf5\xff\xc5\xef\x00\xaf\xcd\xff_\
\x88\xab~\x1bx-\xae\xba\xea\xaa\xab\xae\xba\xea\xaa\xff\
/~\x07xm\xfe\xffB\x5c\xf5\xdb\xc0kq\xd5U\
W]u\xd5UW\xfd\x7f\xf1;\xc0k\xf3\xff\x17\xe2\
\xaa\xdf\x06^\x8b\xab\xae\xba\xea\xaa\xab\xae\xba\xea\xff\x8b\
\xdf\x01^\x9b\xff\xbf\x10W\xfd6\xf0Z\x5cu\xd5U\
W]u\xd5U\xff_\xfc\x0e\xf0\xda\xfc\xff\x85\xb8\xea\
\xbb\x81\xf7\xe2\xaa\xab\xae\xba\xea\xaa\xab\xae\xfa\xff\xe2{\
\x80\xf7\xe6\xff/\xc4U\x9f\x0d|\x16W]u\xd5U\
W]u\xd5\xff\x17\x9f\x03|6\xff\x7f!\xae\xfal\
\xe0\xb3\xb8\xea\xaa\xab\xae\xba\xea\xaa\xab\xfe\xbf\xf8\x1c\xe0\
\xb3\xf9\xff\x0bq\xd5[\x03?\xc5UW]u\xd5U\
W]\xf5\xff\xc5\xdb\x00?\xcd\xff_\x88\xab^\x1b\xf8\
-\xae\xba\xea\xaa\xab\xae\xba\xea\xaa\xff/^\x07\xf8m\
\xfe\xffB\x5c\xf5`\xe0\xe9\x5cu\xd5UW]u\xd5\
U\xff_<\x04\xb8\x95\xff\xbf\x10W\x01\x98\xab\xae\xba\
\xea\xaa\xab\xae\xba\xea\xff\x0b\xf1\xff\x1b\xe2*\x80]\xe0\
\x18W]u\xd5UW]u\xd5\xffu\x97\x80\xe3\xfc\
\xff\x86\xb8\x0a\xe0\xb7\x81\xd7\xe2\xaa\xab\xae\xba\xea\xaa\xab\
\xae\xfa\xbf\xeew\x80\xd7\xe6\xff7\xc4U\x00\xbf\x0d\xbc\
\x16W]u\xd5UW]u\xd5\xffu\xbf\x03\xbc6\
\xff\xbf!\xae\x02\xf8l\xe0\xb3\xb8\xea\xaa\xab\xae\xba\xea\
\xaa\xab\xfe\xaf\xfb\x1c\xe0\xb3\xf9\xff\x0dq\x15\xc0g\x03\
\x9f\xc5UW]u\xd5UW]\xf5\x7f\xdd\xe7\x00\x9f\
\xcd\xffo\x88\xab\x00\xde\x1a\xf8)\xae\xba\xea\xaa\xab\xae\
\xba\xea\xaa\xff\xeb^\x07\xf8m\xfe\x7fC\x5c\x05\xf0`\
\xe0\xe9\x5cu\xd5UW]u\xd5U\xff\xd7=\x04\xb8\
\x95\xff\xdf\x10W\xdd\xcf\x5cu\xd5UW]u\xd5U\
\xff\xd7\x89\xab\x10W\xdd\xef\xb7\x81\xd7\xe2\xaa\xab\xae\xba\
\xea\xaa\xab\xae\xfa\xbf\xeaw\x80\xd7\xe6*\xc4U\xf7\xfb\
j\xe0\xa3\xb8\xea\xaa\xab\xae\xba\xea\xaa\xab\xfe\xaf\xfa\x1a\
\xe0\xa3\xb9\x0aq\xd5\xfd>\x1a\xf8*\xae\xba\xea\xaa\xab\
\xae\xba\xea\xaa\xff\xab>\x06\xf8j\xaeB\x5cu\xbf\xd7\
\x06~\x8b\xab\xae\xba\xea\xaa\xab\xae\xba\xea\xff\xaa\xd7\x01\
~\x9b\xab\x10W=\x90\xb9\xea\xaa\xab\xae\xba\xea\xaa\xab\
\xfe\xaf\x12W\x01 \xaez\xa0[\x81\x07q\xd5UW\
]u\xd5UW\xfd_\xf3\x0c\xe0\xc1\x5c\x05\x80\xb8\xea\
\x81~\x1bx-\xae\xba\xea\xaa\xab\xae\xba\xea\xaa\xffk\
~\x06xk\xae\x02@\x5c\xf5@\x9f\x0d|\x16W]\
u\xd5UW]u\xd5\xff5\x9f\x03|6W\x01 \
\xaez\xa0\xd7\x06~\x8b\xab\xae\xba\xea\xaa\xab\xae\xba\xea\
\xff\x9a\xd7\x01~\x9b\xab\x00\x10W=\xd0q\xe0\x22W\
]u\xd5UW]u\xd5\xff5\xe2\xaa\xfb!\xaez\
n\x7f\x0d\xbc\x14W]u\xd5UW]u\xd5\xff\x15\
\x7f\x03\xbc4W\xdd\x0fq\xd5s\xfbj\xe0\xa3\xb8\xea\
\xaa\xab\xae\xba\xea\xaa\xab\xfe\xaf\xf8\x1a\xe0\xa3\xb9\xea~\
\x88\xab\x9e\xdb[\x03?\xc5UW]u\xd5UW]\
\xf5\x7f\xc5\xdb\x00?\xcdU\xf7C\x5c\xf5\xdc\x8e\x03\x17\
\xb9\xea\xaa\xab\xae\xba\xea\xaa\xab\xfe\xaf8\x01\xecr\xd5\
\xfd\x10W=?\x7f\x0d\xbc\x14W]u\xd5UW]\
u\xd5\xffv\x7f\x03\xbc4W=\x10\xe2\xaa\xe7\xe7\xab\
\x81\x8f\xe2\xaa\xab\xae\xba\xea\xaa\xab\xae\xfa\xdf\xeek\x80\
\x8f\xe6\xaa\x07B\x5c\xf5\xfc\xbc5\xf0S\x5cu\xd5U\
W]u\xd5U\xff\xdb\xbd\x0d\xf0\xd3\x5c\xf5@\x88\xab\
\x9e\x9f\xe3\xc0E\xae\xba\xea\xaa\xab\xae\xba\xea\xaa\xff\xed\
N\x00\xbb\x5c\xf5@\x88\xab^\x90\xbf\x06^\x8a\xab\xae\
\xba\xea\xaa\xab\xae\xba\xea\x7f\xab\xbf\x01^\x9a\xab\x9e\x1b\
\xe2\xaa\x17\xe4\xab\x81\x8f\xe2\xaa\xab\xae\xba\xea\xaa\xab\xae\
\xfa\xdf\xeak\x80\x8f\xe6\xaa\xe7\x86\xb8\xea\x05yi\xe0\
\xaf\xb8\xea\xaa\xab\xae\xba\xea\xaa\xab\xfe\xb7z\x19\xe0\xaf\
\xb9\xea\xb9!\xaezav\x81c\x5cu\xd5UW]\
u\xd5U\xff\xdb<\x03x0W=?\x88\xab^\x98\
\xef\x06\xde\x8b\xab\xae\xba\xea\xaa\xab\xae\xba\xea\x7f\x9b\xef\
\x01\xde\x9b\xab\x9e\x1f\xc4U/\xcc[\x03?\xc5UW\
]u\xd5UW]\xf5\xbf\xcd\xdb\x00?\xcdU\xcf\x0f\
\xe2\xaa\x7f\x89\xb9\xea\xaa\xab\xae\xba\xea\xaa\xab\xfe\xb7\x11\
W\xbd \x88\xab\xfe%?\x0d\xbc\x15W]u\xd5U\
W]u\xd5\xff\x16?\x03\xbc5W\xbd \x88\xab\xfe\
%\xef\x0d|\x17W]u\xd5UW]u\xd5\xff\x16\
\xef\x03|7W\xbd \x88\xab\xfe%\xc7\x81\x8b\x5cu\
\xd5UW]u\xd5U\xff[\x9c\x00v\xb9\xea\x05A\
\x5c\xf5\xa2\xf8k\xe0\xa5\xb8\xea\xaa\xab\xae\xba\xea\xaa\xab\
\xfe\xa7\xfb\x1b\xe0\xa5\xb9\xea\x85A\x5c\xf5\xa2\xf8h\xe0\
\xab\xb8\xea\xaa\xab\xae\xba\xea\xaa\xab\xfe\xa7\xfb\x18\xe0\xab\
\xb9\xea\x85A\x5c\xf5\xa2x0\xf0t\xae\xba\xea\xaa\xab\
\xae\xba\xea\xaa\xff\xe9\x1e\x02\xdc\xcaU/\x0c\xe2\xaa\x17\
\xd5O\x03o\xc5UW]u\xd5UW]\xf5?\xd5\
\xcf\x00o\xcdU\xff\x12\xc4U/\xaa\xf7\x06\xbe\x8b\xab\
\xae\xba\xea\xaa\xab\xae\xba\xea\x7f\xaa\xf7\x01\xbe\x9b\xab\xfe\
%\x88\xab^T\xc7\x81[\x81c\x5cu\xd5UW]\
u\xd5U\xff\xd3\x5c\x02\x1e\x0c\xecr\xd5\xbf\x04q\xd5\
\xbf\xc6w\x03\xef\xc5UW]u\xd5UW]\xf5?\
\xcd\xf7\x00\xef\xcdU/\x0a\xc4U\xff\x1ao\x0d\xfc\x14\
W]u\xd5UW]u\xd5\xff4o\x03\xfc4W\
\xbd(\x10W\xfdk\xdd\x0a<\x88\xab\xae\xba\xea\xaa\xab\
\xae\xba\xea\x7f\x8ag\x00\x0f\xe6\xaa\x17\x15\xe2\xaa\x7f\xad\
\xaf\x06>\x8a\xab\xae\xba\xea\xaa\xab\xae\xba\xea\x7f\x8a\xaf\
\x01>\x9a\xab^T\x88\xab\xfe\xb5^\x1a\xf8+\xae\xba\
\xea\xaa\xab\xae\xba\xea\xaa\xff)^\x06\xf8k\xaezQ\
!\xae\xfa\xb7\xb8\x15x\x10W]u\xd5UW]u\
\xd5\x7f\xb7\xbf\x01^\x9a\xab\xfe5\x10W\xfd[|4\
\xf0U\x5cu\xd5UW]u\xd5U\xff\xdd>\x06\xf8\
j\xae\xfa\xd7@\x5c\xf5oq\x1c\xb8\x158\xc6UW\
]u\xd5UW]\xf5\xdf\xe5\x12\xf0``\x97\xab\xfe\
5\x10W\xfd[}7\xf0^\x5cu\xd5UW]u\
\xd5U\xff]\xbe\x07xo\xae\xfa\xd7B\x5c\xf5o\xf5\
\xd2\xc0_q\xd5UW]u\xd5UW\xfdwy\x19\
\xe0\xaf\xb9\xea_\x0bq\xd5\xbf\xc7o\x03\xaf\xc5UW\
]u\xd5UW]\xf5_\xedw\x80\xd7\xe6\xaa\x7f\x0b\
\xc4U\xff\x1e\xef\x0d|\x17W]u\xd5UW]u\
\xd5\x7f\xb5\xf7\x01\xbe\x9b\xab\xfe-\x10W\xfd{\xed\x02\
\xc7\xb8\xea\xaa\xab\xae\xba\xea\xaa\xab\xfe\xab\x5c\x02\x8es\
\xd5\xbf\x15\xe2\xaa\x7f\xaf\xcf\x06>\x8b\xab\xae\xba\xea\xaa\
\xab\xae\xba\xea\xbf\xca\xe7\x00\x9f\xcdU\xffV\x88\xab\xfe\
\xbd\x1e\x0c<\x9d\xab\xae\xba\xea\xaa\xab\xae\xba\xea\xbf\xca\
C\x80[\xb9\xea\xdf\x0aq\xd5\x7f\x84\x9f\x06\xde\x8a\xab\
\xae\xba\xea\xaa\xab\xae\xba\xea?\xdb\xcf\x00o\xcdU\xff\
\x1e\x88\xab\xfe#\xbc6\xf0[\x5cu\xd5UW]u\
\xd5U\xff\xd9^\x07\xf8m\xae\xfa\xf7@\x5c\xf5\x1f\xe5\
V\xe0A\x5cu\xd5UW]u\xd5U\xffY\x9e\x01\
<\x98\xab\xfe\xbd\x10W\xfdGyo\xe0\xbb\xb8\xea\xaa\
\xab\xae\xba\xea\xaa\xab\xfe\xb3\xbc\x0f\xf0\xdd\x5c\xf5\xef\x85\
\xb8\xea?\xd2\xad\xc0\x83\xb8\xea\xaa\xab\xae\xba\xea\xaa\xab\
\xfe\xa3=\x03x0W\xfdG@\x5c\xf5\x1f\xe9\xbd\x81\
\xef\xe2\xaa\xab\xae\xba\xea\xaa\xab\xae\xfa\x8f\xf6>\xc0w\
s\xd5\x7f\x04\xc4U\xff\x91\x8e\x03\xb7\x02\xc7\xb8\xea\xaa\
\xab\xae\xba\xea\xaa\xab\xfe\xa3\x5c\x02\x8es\xd5\x7f\x14\xc4\
U\xff\xd1>\x1b\xf8,\xae\xba\xea\xaa\xab\xae\xba\xea\xaa\
\xff(\x9f\x03|6W\xfdGA\x5c\xf5\x1f\xed8p\
+p\x8c\xab\xae\xba\xea\xaa\xab\xae\xba\xea\xdf\xeb\x12\xf0\
``\x97\xab\xfe\xa3 \xae\xfa\xcf\xf0\xd9\xc0gq\xd5\
UW]u\xd5UW\xfd{}\x0e\xf0\xd9\x5c\xf5\x1f\
\x09q\xd5\x7f\x86\x07\x03O\xe7\xaa\xab\xae\xba\xea\xaa\xab\
\xae\xfa\xf7z\x08p+W\xfdGB\x5c\xf5\x9f\xe5\xbb\
\x81\xf7\xe2\xaa\xab\xae\xba\xea\xaa\xab\xae\xfa\xb7\xfa\x1e\xe0\
\xbd\xb9\xea?\x1a\xe2\xaa\xff,\x0f\x06\x9e\xceUW]\
u\xd5UW]\xf5o\xf5\x10\xe0V\xae\xfa\x8f\x86\xb8\
\xea?\xd3w\x03\xef\xc5UW]u\xd5UW]\xf5\
\xaf\xf5=\xc0{s\xd5\x7f\x06\xc4U\xff\x99\x1e\x0c<\
\x9d\xab\xae\xba\xea\xaa\xab\xae\xba\xea_\xeb!\xc0\xad\x5c\
\xf5\x9f\x01q\xd5\x7f\xb6\xef\x06\xde\x8b\xab\xae\xba\xea\xaa\
\xab\xae\xba\xeaE\xf5=\xc0{s\xd5\x7f\x16\xc4U\xff\
\xd9\x1e\x0c<\x9d\xab\xae\xba\xea\xaa\xab\xae\xba\xeaE\xf5\
\x10\xe0V\xae\xfa\xcf\x82\xb8\xea\xbf\xc2W\x03\x1f\xc5U\
W]u\xd5UW]\xf5/\xf9\x1c\xe0\xb3\xb9\xea?\
\x13\xe2\xaa\xff\x0a\xc7\x81[\x81c\x5cu\xd5UW]\
u\xd5U/\xc8%\xe0\xc1\xc0.W\xfdgB\x5c\xf5\
_\xe5\xb3\x81\xcf\xe2\xaa\xab\xae\xba\xea\xaa\xab\xaezA\
>\x07\xf8l\xae\xfa\xcf\x86\xb8\xea\xbf\xcaq\xe0V\xe0\
\x18W]u\xd5UW]u\xd5s\xbb\x04<\x18\xd8\
\xe5\xaa\xffl\x88\xab\xfe+}6\xf0Y\x5cu\xd5U\
W]u\xd5U\xcf\xeds\x80\xcf\xe6\xaa\xff\x0a\x88\xab\
\xfe+\x1d\x07n\x05\x8eq\xd5UW]u\xd5UW\
\xdd\xef\x12\xf0``\x97\xab\xfe+ \xae\xfa\xaf\xf6\xd9\
\xc0gq\xd5UW]u\xd5UW\xdd\xefs\x80\xcf\
\xe6\xaa\xff*\x88\xab\xfe;\xdc\x0a<\x88\xab\xae\xba\xea\
\xaa\xab\xae\xba\xea\x19\xc0\x83\xb9\xea\xbf\x12\xe2\xaa\xff\x0e\
o\x0d\xfc\x14W]u\xd5UW]u\xd5\xdb\x00?\
\xcdU\xff\x95\x10W\xfdw\xf9m\xe0\xb5\xb8\xea\xaa\xab\
\xae\xba\xea\xaa\xff\xbf~\x07xm\xae\xfa\xaf\x86\xb8\xea\
\xbf\xcbk\x03\xbf\xc5UW]u\xd5UW\xfd\xff\xf5\
2\xc0_s\xd5\x7f5\xc4U\xff\x9d\xbe\x1bx/\xae\
\xba\xea\xaa\xab\xae\xba\xea\xff\x9f\xef\x01\xde\x9b\xab\xfe;\
 \xae\xfa\xef\xf4`\xe0\xaf\x81c\x5cu\xd5UW]\
u\xd5\xff\x1f\x97\x80\x97\x06n\xe5\xaa\xff\x0e\x88\xab\xfe\
\xbb}6\xf0Y\x5cu\xd5UW]u\xd5\xff\x1f\x9f\
\x03|6W\xfdwA\x5c\xf5\xdf\xed8p+p\x8c\
\xab\xae\xba\xea\xaa\xab\xae\xfa\xbf\xef\x19\xc0K\x03\xbb\x5c\
\xf5\xdf\x05q\xd5\xff\x04\xef\x0d|\x17W]u\xd5U\
W]\xf5\x7f\xdf\xfb\x00\xdf\xcdU\xff\x9d\x10W\xfdO\
\xf1\xd7\xc0Kq\xd5UW]u\xd5U\xffw\xfd\x0d\
\xf0\xd2\x5c\xf5\xdf\x0dq\xd5\xff\x14\xaf\x0d\xfc\x16W]\
u\xd5UW]\xf5\x7f\xd7\xeb\x00\xbf\xcdU\xff\xdd\x10\
W\xfdO\xf2\xdd\xc0{q\xd5UW]u\xd5U\xff\
\xf7|\x0f\xf0\xde\x5c\xf5?\x01\xe2\xaa\xffI\x8e\x03\xb7\
\x02\xc7\xb8\xea\xaa\xab\xae\xba\xea\xaa\xff;.\x01\x0f\x06\
v\xb9\xea\x7f\x02\xc4U\xff\xd3|4\xf0U\x5cu\xd5\
UW]u\xd5\xff\x1d\x1f\x03|5W\xfdO\x81\xb8\
\xea\x7f\xa2\xbf\x06^\x8a\xab\xae\xba\xea\xaa\xab\xae\xfa\xdf\
\xefw\x80\xd7\xe6\xaa\xffI\x10W\xfdO\xf4\xd2\xc0_\
q\xd5UW]u\xd5U\xff\xfb\xbd\x0c\xf0\xd7\x5c\xf5\
?\x09\xe2\xaa\xff\xa9\xbe\x1a\xf8(\xae\xba\xea\xaa\xab\xae\
\xba\xea\x7f\xaf\xaf\x01>\x9a\xab\xfe\xa7A\x5c\xf5?\xd5\
q\xe0V\xe0\x18W]u\xd5UW]\xf5\xbf\xcf%\
\xe0\xc1\xc0.W\xfdO\x83\xb8\xea\x7f\xb2\xf7\x06\xbe\x8b\
\xab\xae\xba\xea\xaa\xab\xae\xfa\xdf\xe7}\x80\xef\xe6\xaa\xff\
\x89\x10W\xfdO\xf7\xdb\xc0kq\xd5UW]u\xd5\
U\xff{\xfc\x0e\xf0\xda\x5c\xf5?\x15\xe2\xaa\xff\xe9^\
\x1a\xf8+\xae\xba\xea\xaa\xab\xae\xba\xea\x7f\x8f\x87\x00\xb7\
r\xd5\xffT\x88\xab\xfe7\xf8l\xe0\xb3\xb8\xea\xaa\xab\
\xae\xba\xea\xaa\xff\xf9>\x07\xf8l\xae\xfa\x9f\x0cq\xd5\
\xff\x16\x7f\x0d\xbc\x14W]u\xd5UW]\xf5?\xd7\
\xdf\x00/\xcdU\xff\xd3!\xae\xfa\xdf\xe2\xb5\x81\xdf\xe2\
\xaa\xab\xae\xba\xea\xaa\xab\xfe\xe7z\x1d\xe0\xb7\xb9\xea\x7f\
:\xc4U\xff\x9b|5\xf0Q\x5cu\xd5UW]u\
\xd5\xff<_\x03|4W\xfdo\x80\xb8\xea\x7f\x93\xe3\
\xc0_\x03\x0f\xe2\xaa\xab\xae\xba\xea\xaa\xab\xfe\xe7x\x06\
\xf0\xd2\xc0.W\xfdo\x80\xb8\xea\x7f\x9b\xd7\x06~\x8b\
\xab\xae\xba\xea\xaa\xab\xae\xfa\x9f\xe3u\x80\xdf\xe6\xaa\xff\
-\x10W\xfdo\xf4\xd5\xc0Gq\xd5UW]u\xd5\
U\xff\xfd\xbe\x06\xf8h\xae\xfa\xdf\x04q\xd5\xffF\xc7\
\x81\xbf\x06\x1e\xc4UW]u\xd5UW\xfd\xf7y\x06\
\xf0\xd2\xc0.W\xfdo\x82\xb8\xea\x7f\xab\xb7\x06~\x8a\
\xab\xae\xba\xea\xaa\xab\xae\xfa\xef\xf36\xc0Os\xd5\xff\
6\x88\xab\xfe7\xfbi\xe0\xad\xb8\xea\xaa\xab\xae\xba\xea\
\xaa\xffz?\x03\xbc5W\xfdo\x84\xb8\xea\x7f\xb3\xe3\
\xc0\xad\xc01\xae\xba\xea\xaa\xab\xae\xba\xea\xbf\xce%\xe0\
\xc1\xc0.W\xfdo\x84\xb8\xea\x7f\xbb\xb7\x06~\x8a\xab\
\xae\xba\xea\xaa\xab\xae\xfa\xaf\xf36\xc0Os\xd5\xffV\
\x88\xab\xfe/\xf8n\xe0\xbd\xb8\xea\xaa\xab\xae\xba\xea\xaa\
\xff|_\x03|4W\xfdo\x86\xb8\xea\xff\x82\xe3\xc0\
_\x03\x0f\xe2\xaa\xab\xae\xba\xea\xaa\xab\xfe\xf3<\x03x\
i`\x97\xab\xfe7C\x5c\xf5\x7f\xc5k\x03\xbf\xc5U\
W]u\xd5UW\xfd\xe7y\x1d\xe0\xb7\xb9\xea\x7f;\
\xc4U\xff\x97|5\xf0Q\x5cu\xd5UW]u\xd5\
\x7f\xbc\xcf\x01>\x9b\xab\xfe/@\x5c\xf5\x7f\xcd_\x03\
/\xc5UW]u\xd5UW\xfd\xc7\xf9\x1b\xe0\xa5\xb9\
\xea\xff\x0a\xc4U\xff\xd7\xbc4\xf0W\x5cu\xd5UW\
]u\xd5\x7f\x9c\x97\x01\xfe\x9a\xab\xfe\xaf@\x5c\xf5\x7f\
\xd1g\x03\x9f\xc5UW]u\xd5UW\xfd\xfb}\x0c\
\xf0\xd5\x5c\xf5\x7f\x09\xe2\xaa\xff\xab~\x1bx-\xae\xba\
\xea\xaa\xab\xae\xba\xea\xdf\xeew\x80\xd7\xe6\xaa\xffk\x10\
W\xfd_\xf5`\xe0\xaf\x81c\x5cu\xd5UW]u\
\xd5\xbf\xde%\xe0\xa5\x81[\xb9\xea\xff\x1a\xc4U\xff\x97\
\xbd7\xf0]\x5cu\xd5UW]u\xd5\xbf\xde\xfb\x00\
\xdf\xcdU\xff\x17!\xae\xfa\xbf\xee\xbb\x81\xf7\xe2\xaa\xab\
\xae\xba\xea\xaa\xab^t\xdf\x03\xbc7W\xfd_\x85\xb8\
\xea\xff\xba\xe3\xc0_\x03\x0f\xe2\xaa\xab\xae\xba\xea\xaa\xab\
\xfee\x7f\x03\xbc6\xb0\xcbU\xffW!\xae\xfa\xff\xe0\
\xa5\x81\xbf\xe2\xaa\xab\xae\xba\xea\xaa\xab\xfee/\x03\xfc\
5W\xfd_\x86\xb8\xea\xff\x8b\x8f\x06\xbe\x8a\xab\xae\xba\
\xea\xaa\xab\xaez\xc1>\x06\xf8j\xae\xfa\xbf\x0eq\xd5\
\xff'?\x0d\xbc\x15W]u\xd5UW]\xf5\xbc~\
\x06xk\xae\xfa\xff\x00q\xd5\xff'\xc7\x81[\x81c\
\x5cu\xd5UW]u\xd5\xb3]\x02\x1e\x0c\xecr\xd5\
\xff\x07\x88\xab\xfe\xbfym\xe0\xb7\xb8\xea\xaa\xab\xae\xba\
\xea\xaag{\x1d\xe0\xb7\xb9\xea\xff\x0b\xc4U\xff\x1f}\
6\xf0Y\x5cu\xd5UW]u\x15|\x0e\xf0\xd9\x5c\
\xf5\xff\x09\xe2\xaa\xff\xaf\xfe\x1ax)\xae\xba\xea\xaa\xab\
\xae\xfa\xff\xecw\x80\xd7\xe6\xaa\xffo\x10W\xfd\x7f\xf5\
`\xe0\xaf\x81c\x5cu\xd5UW]\xf5\xff\xd1%\xe0\
\xa5\x81[\xb9\xea\xff\x1b\xc4U\xff\x9f\xbd5\xf0S\x5c\
u\xd5UW]\xf5\xff\xd1\xdb\x00?\xcdU\xff\x1f!\
\xae\xfa\xff\xee\xb3\x81\xcf\xe2\xaa\xab\xae\xba\xea\xaa\xffO\
>\x07\xf8l\xae\xfa\xff\x0aq\xd5U\xf0\xdb\xc0kq\
\xd5UW]u\xd5\xff\x07\xbf\x03\xbc6W\xfd\x7f\x86\
\xb8\xea*8\x0e\xdc\x0a\x1c\xe3\xaa\xab\xae\xba\xea\xaa\xff\
\xcb.\x01\x0f\x06v\xb9\xea\xff3\xc4UW]\xf1\xd2\
\xc0_q\xd5UW]u\xd5\xffe/\x03\xfc5W\
\xfd\x7f\x87\xb8\xea\xaag\xfbh\xe0\xab\xb8\xea\xaa\xab\xae\
\xba\xea\xff\xa2\x8f\x01\xbe\x9a\xab\xae\x02\xc4UW=\xa7\
\x9f\x06\xde\x8a\xab\xae\xba\xea\xaa\xab\xfe/\xf9\x19\xe0\xad\
\xb9\xea\xaa+\x10W]\xf5\x9c\x8e\x03\xbf\x0d\xbc\x14W\
]u\xd5UW\xfd_\xf07\xc0k\x03\xbb\x5cu\xd5\
\x15\x88\xab\xaez^/\x0d\xfc6p\x8c\xab\xae\xba\xea\
\xaa\xab\xfe7\xbb\x04\xbc6\xf0\xd7\x5cu\xd5\xb3!\xae\
\xba\xea\xf9{o\xe0\xbb\xb8\xea\xaa\xab\xae\xba\xea\x7f\xb3\
\xf7\x01\xbe\x9b\xab\xaezN\x88\xab\xaez\xc1\xbe\x1a\xf8\
(\xae\xba\xea\xaa\xab\xae\xfa\xdf\xe8k\x80\x8f\xe6\xaa\xab\
\x9e\x17\xe2\xaa\xab^\xb8\xdf\x06^\x8b\xab\xae\xba\xea\xaa\
\xab\xfe7\xf9\x1d\xe0\xb5\xb9\xea\xaa\xe7\x0fq\xd5U/\
\xdcq\xe0\xaf\x81\x07q\xd5UW]u\xd5\xff\x06\xcf\
\x00^\x1a\xd8\xe5\xaa\xab\x9e?\xc4UW\xfd\xcb^\x1a\
\xf8m\xe0\x18W]u\xd5UW\xfdOv\x09xm\
\xe0\xaf\xb9\xea\xaa\x17\x0cq\xd5U/\x9a\xf7\x06\xbe\x8b\
\xab\xae\xba\xea\xaa\xab\xfe'{\x1f\xe0\xbb\xb9\xea\xaa\x17\
\x0eq\xd5U/\xba\xaf\x06>\x8a\xab\xae\xba\xea\xaa\xab\
\xfe'\xfa\x1a\xe0\xa3\xb9\xea\xaa\x7f\x19\xe2\xaa\xab\xfeu\
~\x1bx-\xae\xba\xea\xaa\xab\xae\xfa\x9f\xe4w\x80\xd7\
\xe6\xaa\xab^4\x88\xab\xae\xfa\xd79\x0e\xfc5\xf0 \
\xae\xba\xea\xaa\xab\xae\xfa\x9f\xe0o\x80\xd7\x06v\xb9\xea\
\xaa\x17\x0d\xe2\xaa\xab\xfe\xf5^\x1a\xf8m\xe0\x18W]\
u\xd5UW\xfdw\xba\x04\xbc6\xf0\xd7\x5cu\xd5\x8b\
\x0eq\xd5U\xff6o\x0d\xfc\x14W]u\xd5UW\
\xfdwz\x1b\xe0\xa7\xb9\xea\xaa\x7f\x1d\xc4UW\xfd\xdb\
}6\xf0Y\x5cu\xd5UW]\xf5\xdf\xe1s\x80\xcf\
\xe6\xaa\xab\xfe\xf5\x10W]\xf5\xef\xf3\xdd\xc0{q\xd5\
UW]u\xd5\x7f\xa5\xef\x01\xde\x9b\xab\xae\xfa\xb7A\
\x5cu\xd5\xbf\xcfq\xe0\xb7\x81\x97\xe2\xaa\xab\xae\xba\xea\
\xaa\xff\x0a\x7f\x03\xbc4W]\xf5o\x87\xb8\xea\xaa\x7f\
\xbf\xe3\xc0_\x03\x0f\xe2\xaa\xab\xae\xba\xea\xaa\xffL\xcf\
\x00^\x1a\xd8\xe5\xaa\xab\xfe\xed\x10W]\xf5\x1f\xe3\xa5\
\x81\xdf\x06\x8eq\xd5UW]u\xd5\x7f\x86K\xc0k\
\x03\x7f\xcdUW\xfd\xfb \xae\xba\xea?\xce[\x03?\
\xc5UW]u\xd5U\xff\x19\xde\x06\xf8i\xae\xba\xea\
\xdf\x0fq\xd5U\xff\xb1>\x1a\xf8*\xae\xba\xea\xaa\xab\
\xae\xfa\x8f\xf41\xc0Ws\xd5U\xff1\x10W]\xf5\
\x1f\xef\xbb\x81\xf7\xe2\xaa\xab\xae\xba\xea\xaa\xff\x08\xdf\x03\
\xbc7W]\xf5\x1f\x07q\xd5U\xff9\xfe\x1ax)\
\xae\xba\xea\xaa\xab\xae\xfa\xf7\xf8\x1d\xe0\xb5\xb9\xea\xaa\xff\
X\x88\xab\xae\xfa\xcfq\x1c\xf8m\xe0\xa5\xb8\xea\xaa\xab\
\xae\xba\xea\xdf\xe2o\x80\xd7\x06v\xb9\xea\xaa\xffX\x88\
\xab\xae\xfa\xcf\xf3\xd2\xc0o\x03\xc7\xb8\xea\xaa\xab\xae\xba\
\xea_\xe3\x12\xf0\xda\xc0_s\xd5U\xff\xf1\x10W]\
\xf5\x9f\xeb\xa5\x81\xdf\x06\x8eq\xd5UW]u\xd5\x8b\
\xe2\x12\xf0\xda\xc0_s\xd5U\xff9\x10W]\xf5\x9f\
\xef\xbd\x81\xef\xe2\xaa\xab\xae\xba\xea\xaa\x17\xc5\xfb\x00\xdf\
\xcdUW\xfd\xe7A\x5cu\xd5\x7f\x8d\xf7\x06\xbe\x8b\xab\
\xae\xba\xea\xaa\xab^\x98\xf7\x01\xbe\x9b\xab\xae\xfa\xcf\x85\
\xb8\xea\xaa\xff:\xdf\x0d\xbc\x17W]u\xd5UW=\
?\xdf\x03\xbc7W]\xf5\x9f\x0fq\xd5U\xff\xb5\xbe\
\x1bx/\xae\xba\xea\xaa\xab\xaez\xa0\xef\x01\xde\x9b\xab\
\xae\xfa\xaf\x81\xb8\xea\xaa\xffZ\xc7\x81\xdf\x06^\x8a\xab\
\xae\xba\xea\xaa\xab\x00\xfe\x06xm`\x97\xab\xae\xfa\xaf\
\x81\xb8\xea\xaa\xffz\xc7\x81\xdf\x06^\x8a\xab\xae\xba\xea\
\xaa\xff\xdf\xfe\x06xm`\x97\xab\xae\xfa\xaf\x83\xb8\xea\
\xaa\xff\x1e/\x0d\xfc6p\x8c\xab\xae\xba\xea\xaa\xff\x9f\
.\x01\xaf\x0d\xfc5W]\xf5_\x0bq\xd5U\xff}\
^\x1a\xf8m\xe0\x18W]u\xd5U\xff\xbf\x5c\x02^\
\x1b\xf8k\xae\xba\xea\xbf\x1e\xe2\xaa\xab\xfe{\xbd7\xf0\
]\x5cu\xd5UW\xfd\xff\xf2>\xc0ws\xd5U\xff\
=\x10W]\xf5\xdf\xef\xbd\x81\xef\xe2\xaa\xab\xae\xba\xea\
\xff\x87\xf7\x01\xbe\x9b\xab\xae\xfa\xef\x83\xb8\xea\xaa\xff\x19\
>\x1a\xf8*\xae\xba\xea\xaa\xab\xfeo\xfb\x18\xe0\xab\xb9\
\xea\xaa\xff^\x88\xab\xae\xfa\x9f\xe3\xbb\x81\xf7\xe2\xaa\xab\
\xae\xba\xea\xff\xa6\xef\x01\xde\x9b\xab\xae\xfa\xef\x87\xb8\xea\
\xaa\xffY\xbe\x1bx/\xae\xba\xea\xaa\xab\xfeo\xf9\x1e\
\xe0\xbd\xb9\xea\xaa\xff\x19\x10W]\xf5?\xcf_\x03/\
\xc5UW]u\xd5\xff\x0d\xbf\x03\xbc6W]\xf5?\
\x07\xe2\xaa\xab\xfe\xe79\x0e\xfc6\xf0R\x5cu\xd5U\
W\xfd\xef\xf67\xc0k\x03\xbb\x5cu\xd5\xff\x1c\x88\xab\
\xae\xfa\x9f\xe98\xf0\xdb\xc0Kq\xd5UW]\xf5\xbf\
\xd3\xdf\x00\xaf\x0d\xecr\xd5U\xff\xb3 \xae\xba\xea\x7f\
\xae\x97\x06~\x1b8\xc6UW]u\xd5\xff.\x97\x80\
\xd7\x06\xfe\x9a\xab\xae\xfa\x9f\x07q\xd5U\xff\xb3\xbd4\
\xf0\xdb\xc01\xae\xba\xea\xaa\xab\xfew\xb8\x04\xbc6\xf0\
\xd7\x5cu\xd5\xffL\x88\xab\xae\xfa\x9f\xef\xa5\x81\xdf\x06\
\x8eq\xd5UW]\xf5?\xdb%\xe0\xb5\x81\xbf\xe6\xaa\
\xab\xfe\xe7B\x5cu\xd5\xff\x0eo\x0d\xfc\x14W]u\
\xd5U\xff\xb3\xbd\x0e\xf0\xdb\x5cu\xd5\xffl\x88\xab\xae\
\xfa\xdf\xe3\xbd\x81\xef\xe2\xaa\xab\xae\xba\xea\x7f\xa6\xf7\x01\
\xbe\x9b\xab\xae\xfa\x9f\x0fq\xd5U\xff\xbb\xbc7\xf0]\
\x5cu\xd5UW\xfd\xcf\xf2>\xc0ws\xd5U\xff;\
 \xae\xba\xea\x7f\x9f\xf7\x06\xbe\x8b\xab\xae\xba\xea\xaa\xff\
\x19\xde\x07\xf8n\xae\xba\xea\x7f\x0f\xc4UW\xfd\xef\xf4\
\xd9\xc0gq\xd5UW]\xf5\xdf\xebs\x80\xcf\xe6\xaa\
\xab\xfewA\x5cu\xd5\xff^\xdf\x0d\xbc\x17W]u\
\xd5U\xff=\xbe\x07xo\xae\xba\xea\x7f\x1f\xc4UW\
\xfd\xef\xf6\xdd\xc0{q\xd5UW]\xf5_\xeb{\x80\
\xf7\xe6\xaa\xab\xfewB\x5cu\xd5\xff~\xdf\x0d\xbc\x17\
W]u\xd5U\xff5\xbe\x07xo\xae\xba\xea\x7f/\
\xc4UW\xfd\xdf\xf0\xdd\xc0{q\xd5UW]\xf5\x9f\
\xeb{\x80\xf7\xe6\xaa\xab\xfewC\x5cu\xd5\xff\x1d\x7f\
\x0d\xbc\x14W]u\xd5U\xff9~\x06xk\xae\xba\
\xea\x7f?\xc4UW\xfd\xdfq\x1c\xf8m\xe0\xa5\xb8\xea\
\xaa\xab\xae\xfa\x8f\xf57\xc0k\x03\xbb\x5cu\xd5\xff~\
\x88\xab\xae\xfa\xbf\xe58\xf0\xdb\xc0Kq\xd5UW]\
\xf5\x1f\xe3o\x80\xd7\x06v\xb9\xea\xaa\xff\x1b\x10W]\
\xf5\x7f\xcfq\xe0\xb7\x81\x97\xe2\xaa\xab\xae\xba\xea\xdf\xe7\
o\x80\xd7\x06v\xb9\xea\xaa\xff;\x10W]\xf5\x7f\xd3\
q\xe0\xb7\x81\x97\xe2\xaa\xab\xae\xba\xea\xdf\xe6o\x80\xd7\
\x06v\xb9\xea\xaa\xff[\x10W]\xf5\x7f\xd7q\xe0\xb7\
\x81\x97\xe2\xaa\xab\xae\xba\xea_\xe7o\x80\xd7\x06v\xb9\
\xea\xaa\xff{\x10W]\xf5\x7f\xdbq\xe0\xb7\x81\x97\xe2\
\xaa\xab\xae\xba\xeaE\xf37\xc0k\x03\xbb\x5cu\xd5\xff\
M\x88\xab\xae\xfa\xbf\xef8\xf0\xdb\xc0Kq\xd5UW\
]\xf5\xc2\xfd\x0d\xf0\xda\xc0.W]\xf5\x7f\x17\xe2\xaa\
\xab\xfe\x7f8\x0e\xfc6\xf0R\x5cu\xd5UW=\x7f\
\x7f\x03\xbc6\xb0\xcbUW\xfd\xdf\x86\xb8\xea\xaa\xff?\
\x8e\x03\xbf\x0d\xbc\x14W]u\xd5U\xcf\xe9o\x80\xd7\
\x06v\xb9\xea\xaa\xff\xfb\x10W]\xf5\xff\xcbq\xe0\xb7\
\x81\x97\xe2\xaa\xab\xae\xba\xea\x8a\xbf\x01^\x1b\xd8\xe5\xaa\
\xab\xfe\x7f@\x5cu\xd5\xff?\xc7\x81\xdf\x06^\x8a\xab\
\xae\xba\xea\xff\xbb\xbf\x01^\x1b\xd8\xe5\xaa\xab\xfe\xff@\
\x5cu\xd5\xffO\xc7\x81\xdf\x06^\x8a\xab\xae\xba\xea\xff\
\xab\xbf\x01^\x1b\xd8\xe5\xaa\xab\xfe\x7fA\x5cu\xd5\xff\
_\xc7\x81\xdf\x06^\x8a\xab\xae\xba\xea\xff\x9b\xbf\x01^\
\x1b\xd8\xe5\xaa\xab\xfe\xffA\x5cu\xd5\xffo\xc7\x81\xdf\
\x06^\x8a\xab\xae\xba\xea\xff\x8b\xbf\x01^\x1b\xd8\xe5\xaa\
\xab\xfe\x7fB\x5cu\xd5U\xc7\x81\xdf\x06^\x8a\xab\xae\
\xba\xea\xff\xba\xbf\x01^\x1b\xd8\xe5\xaa\xab\xfe\xffB\x5c\
u\xd5U\x00\xc7\x81\xdf\x06^\x8a\xab\xae\xba\xea\xff\xaa\
\xbf\x01^\x1b\xd8\xe5\xaa\xab\xfe\x7fC\x5cu\xd5U\xf7\
;\x0e\xfc6\xf0R\x5cu\xd5U\xff\xd7\xfc\x0d\xf0\xda\
\xc0.W]u\x15\xe2\xaa\xab\xaez\xa0\xe3\xc0o\x03\
/\xc5UW]\xf5\x7f\xc5\xdf\x00\xaf\x0d\xecr\xd5U\
W\x01 \xae\xba\xea\xaa\xe7v\x1c\xf8m\xe0\xa5\xb8\xea\
\xaa\xab\xfe\xb7\xfb\x1b\xe0\xb5\x81]\xae\xba\xea\xaa\xfb!\
\xae\xba\xea\xaa\xe7\xe78\xf0\xdb\xc0Kq\xd5UW\xfd\
o\xf57\xc0k\x03\xbb\x5cu\xd5U\x0f\x84\xb8\xea\xaa\
\xab^\x90\xe3\xc0o\x03/\xc5UW]\xf5\xbf\xcd\xdf\
\x00\xaf\x0d\xecr\xd5UW=7\xc4UW]\xf5\xc2\
\x1c\x07~\x1bx)\xae\xba\xea\xaa\xff-\xfe\x06xm\
`\x97\xab\xae\xba\xea\xf9A\x5cu\xd5U\xff\x92\xe3\xc0\
o\x03/\xc5UW]\xf5?\xdd\xdf\x00\xaf\x0d\xecr\
\xd5UW\xbd \x88\xab\xae\xba\xeaEq\x1c\xf8i\xe0\
\xb5\xb8\xea\xaa\xab\xfe\xa7\xfa\x1e\xe0\xa3\x81]\xae\xba\xea\
\xaa\x17\x06q\xd5UW\xfdk|7\xf0^\x5cu\xd5\
U\xff\xd3|\x0f\xf0\xde\x5cu\xd5U/\x0a\xc4UW\
]\xf5\xaf\xf5\xdd\xc0{q\xd5UW\xfdO\xf1=\xc0\
{s\xd5UW\xbd\xa8\x10W]u\xd5\xbf\xc5w\x03\
\xef\xc5UW]\xf5\xdf\xed{\x80\xf7\xe6\xaa\xab\xae\xfa\
\xd7@\x5cu\xd5U\xffV\xdf\x0d\xbc\x17W]u\xd5\
\x7f\x97\xef\x01\xde\x9b\xab\xae\xba\xea_\x0bq\xd5UW\
\xfd{|4\xf0U\x5cu\xd5U\xff\xd5\xde\x07\xf8n\
\xae\xba\xea\xaa\x7f\x0b\xc4UW]\xf5\xef\xf5\xde\xc0w\
q\xd5UW\xfdWy\x1f\xe0\xbb\xb9\xea\xaa\xab\xfe\xad\
\x10W]u\xd5\x7f\x84\xf7\x06\xbe\x8b\xab\xae\xba\xea?\
\xdb\xfb\x00\xdf\xcdUW]\xf5\xef\x81\xb8\xea\xaa\xab\xfe\
\xa3\xbc7\xf0]\x5cu\xd5U\xffY\xde\x07\xf8n\xae\
\xba\xea\xaa\x7f/\xc4UW]\xf5\x1f\xe9\xad\x81\xef\x06\
\x8eq\xd5UW\xfdG\xb9\x04\xbc7\xf0\xd3\x5cu\xd5\
U\xff\x11\x10W]u\xd5\x7f\xb4\x97\x06~\x1b8\xc6\
UW]\xf5\xefu\x09xm\xe0\xaf\xb9\xea\xaa\xab\xfe\
\xa3 \xae\xba\xea\xaa\xff\x0c/\x0d\xfc6p\x8c\xab\xae\
\xba\xea\xdf\xea\x12\xf0\xda\xc0_s\xd5UW\xfdGB\
\x5cu\xd5U\xffY^\x1a\xf8n\xe0\xa5\xb8\xea\xaa\xab\
\xfe\xb5\xfe\x06xk\xe0V\xae\xba\xea\xaa\xffh\x88\xab\
\xae\xba\xea?\xd3q\xe0\xb7\x81\x97\xe2\xaa\xab\xaezQ\
\xfd\x0d\xf0\xda\xc0.W]u\xd5\x7f\x06\xc4UW]\
\xf5\x9f\xed8\xf0\xdb\xc0Kq\xd5UW\xfdK\xfe\x06\
xm`\x97\xab\xae\xba\xea?\x0b\xe2\xaa\xab\xae\xfa\xaf\
p\x1c\xf8n\xe0\xad\xb8\xea\xaa\xab^\x90\xef\x01>\x1a\
\xd8\xe5\xaa\xab\xae\xfa\xcf\x84\xb8\xea\xaa\xab\xfe+}7\
\xf0^\x5cu\xd5U\xcf\xed{\x80\xf7\xe6\xaa\xab\xae\xfa\
\xaf\x80\xb8\xea\xaa\xab\xfe\xab}7\xf0^\x5cu\xd5U\
\xf7\xfb\x1e\xe0\xbd\xb9\xea\xaa\xab\xfe\xab \xae\xba\xea\xaa\
\xff\x0e\xef\x0d|\x17W]u\xd5\xfb\x00\xdf\xcdUW\
]\xf5_\x09q\xd5UW\xfdwyo\xe0\xbb\xb8\xea\
\xaa\xff\xbf\xde\x07\xf8n\xae\xba\xea\xaa\xffj\x88\xab\xae\
\xba\xea\xbf\xd3k\x03?\x0d\x1c\xe3\xaa\xab\xfe\xff\xb8\x04\
\xbc5\xf0\xdb\x5cu\xd5U\xff\x1d\x10W]u\xd5\x7f\
\xb7\x97\x06~\x1b8\xc6UW\xfd\xdfw\x09xm\xe0\
\xaf\xb9\xea\xaa\xab\xfe\xbb \xae\xba\xea\xaa\xff\x09^\x1a\
\xf8n\xe0\xa5\xb8\xea\xaa\xff\xbb\xfe\x06xk\xe0V\xae\
\xba\xea\xaa\xffN\x88\xab\xae\xba\xea\x7f\x8a\xe3\xc0o\x03\
/\xc5UW\xfd\xdf\xf37\xc0k\x03\xbb\x5cu\xd5U\
\xff\xdd\x10W]u\xd5\xff$\xc7\x81\xef\x06\xde\x8a\xab\
\xae\xfa\xbf\xe3g\x80\xf7\x06v\xb9\xea\xaa\xab\xfe'@\
\x5cu\xd5U\xff\x13}7\xf0^\x5cu\xd5\xff~\xdf\
\x03\xbc7W]u\xd5\xff$\x88\xab\xae\xba\xea\x7f\xaa\
\xcf\x06>\x8b\xab\xae\xfa\xdf\xebs\x80\xcf\xe6\xaa\xab\xae\
\xfa\x9f\x06q\xd5UW\xfdO\xf6\xde\xc0wq\xd5U\
\xff\xfb\xbc\x0f\xf0\xdd\x5cu\xd5U\xff\x13!\xae\xba\xea\
\xaa\xff\xe9^\x1b\xf8i\xe0\x18W]\xf5?\xdf%\xe0\
\xad\x81\xdf\xe6\xaa\xab\xae\xfa\x9f\x0aq\xd5UW\xfdo\
\xf0\xd2\xc0o\x03\xc7\xb8\xea\xaa\xff\xb9.\x01\xaf\x0d\xfc\
5W]u\xd5\xffd\x88\xab\xae\xba\xea\x7f\x8b\xe3\xc0\
o\x03/\xc5UW\xfd\xcf\xf37\xc0k\x03\xbb\x5cu\
\xd5U\xff\xd3!\xae\xba\xea\xaa\xffM\x8e\x03?\x0d\xbc\
\x16W]\xf5?\xc7\xef\x00o\x0d\xecr\xd5UW\xfd\
o\x80\xb8\xea\xaa\xab\xfe7\xfan\xe0\xbd\xb8\xea\xaa\xff\
~\xdf\x03\xbc7W]u\xd5\xff&\x88\xab\xae\xba\xea\
\x7f\xab\x8f\x06\xbe\x8a\xab\xae\xfa\xef\xf31\xc0Ws\xd5\
UW\xfdo\x83\xb8\xea\xaa\xab\xfe7{o\xe0\xab\x81\
c\x5cu\xd5\x7f\x9dK\xc0G\x03\xdf\xcdUW]\xf5\
\xbf\x11\xe2\xaa\xab\xae\xfa\xdf\xee\xa5\x81\xdf\x06\x8eq\xd5\
U\xff\xf9.\x01\xaf\x0d\xfc5W]u\xd5\xffV\x88\
\xab\xae\xba\xea\xff\x82\x07\x03?\x0d\xbc\x14W]\xf5\x9f\
\xe7o\x80\xb7\x06n\xe5\xaa\xab\xae\xfa\xdf\x0cq\xd5U\
W\xfd_q\x1c\xf8i\xe0\xb5\xb8\xea\xaa\xffx?\x03\
\xbc7\xb0\xcbUW]\xf5\xbf\x1d\xe2\xaa\xab\xae\xfa\xbf\
\xe6\xbb\x81\xf7\xe2\xaa\xab\xfe\xe3|\x0f\xf0\xde\x5cu\xd5\
U\xffW \xae\xba\xea\xaa\xff\x8b>\x1a\xf8*\xae\xba\
\xea\xdf\xef}\x80\xef\xe6\xaa\xab\xae\xfa\xbf\x04q\xd5U\
W\xfd_\xf5\xd6\xc0w\x03\xc7\xb8\xea\xaa\x7f\xbdK\xc0\
{\x03?\xcdUW]\xf5\x7f\x0d\xe2\xaa\xab\xae\xfa\xbf\
\xec\xa5\x81\x9f\x06\x1e\xc4UW\xbd\xe8\x9e\x01\xbc5\xf0\
\xd7\x5cu\xd5U\xff\x17!\xae\xba\xea\xaa\xff\xeb\x8e\x03\
\xbf\x0d\xbc\x14W]\xf5/\xfb\x1b\xe0\xb5\x81]\xae\xba\
\xea\xaa\xff\xab\x10W]u\xd5\xff\x17\xdf\x0d\xbc\x17W\
]\xf5\x82}\x0f\xf0\xde\x5cu\xd5U\xff\xd7!\xae\xba\
\xea\xaa\xffO>\x1a\xf8*\xae\xba\xeay}\x0c\xf0\xd5\
\x5cu\xd5U\xff\x1f \xae\xba\xea\xaa\xffo\xde\x1a\xf8\
n\xe0\x18W]\x05\x97\x80\xf7\x06~\x9a\xab\xae\xba\xea\
\xff\x0b\xc4UW]\xf5\xff\xd1K\x03?\x0d<\x88\xab\
\xfe?\xfb\x1b\xe0\xbd\x81\xbf\xe6\xaa\xab\xae\xfa\xff\x04q\
\xd5UW\xfd\x7fu\x1c\xf8i\xe0\xb5\xb8\xea\xff\xa3\xdf\
\x01\xde\x1a\xd8\xe5\xaa\xab\xae\xfa\xff\x06q\xd5UW\xfd\
\x7f\xf7\xd5\xc0Gq\xd5\xff'_\x03|4W]u\
\xd5\xffW\x88\xab\xae\xba\xea*xo\xe0\xbb\xb8\xea\xff\
\xbaK\xc0G\x03\xdf\xcdUW]\xf5\xff\x19\xe2\xaa\xab\
\xae\xba\xea\x8a\x97\x06~\x1b8\xc6U\xff\x17]\x02^\
\x1b\xf8k\xae\xba\xea\xaa\xff\xef\x10W]u\xd5U\xcf\
v\x1c\xf8m\xe0\xa5\xb8\xea\xff\x92\xbf\x01^\x1b\xd8\xe5\
\xaa\xab\xae\xba\x0a\x10W]u\xd5U\xcf\xeb\xbb\x81\xf7\
\xe2\xaa\xff\x0b\xbe\x07xo\xae\xba\xea\xaa\xab\x9e\x0dq\
\xd5UW]\xf5\xfc\xbd7\xf0]\x5c\xf5\xbf\xd9\xfb\x00\
\xdf\xcdUW]u\xd5sB\x5cu\xd5UW\xbd`\
/\x0d\xfc6p\x8c\xab\xfe7\xb9\x04\xbc6\xf0\xd7\x5c\
u\xd5UW=/\xc4UW]u\xd5\x0bw\x1c\xf8\
m\xe0\xa5\xb8\xea\x7f\x83\xbf\x01^\x1b\xd8\xe5\xaa\xab\xae\
\xba\xea\xf9C\x5cu\xd5UW\xbdh\xbe\x1bx/\xae\
\xfa\x9f\xeck\x80\x8f\xe6\xaa\xab\xae\xba\xea\x85C\x5cu\
\xd5UW\xbd\xe8\xde\x1b\xf8j\xe0\x18W\xfdOr\x09\
\xf8h\xe0\xbb\xb9\xea\xaa\xab\xae\xfa\x97!\xae\xba\xea\xaa\
\xab\xfeu^\x1a\xf8i\xe0A\x5c\xf5?\xc13\x80\xb7\
\x06\xfe\x9a\xab\xae\xba\xea\xaa\x17\x0d\xe2\xaa\xab\xae\xba\xea\
_\xef8\xf0\xd3\xc0kq\xd5\x7f\xa7\x9f\x01\xde\x1b\xd8\
\xe5\xaa\xab\xae\xba\xeaE\x87\xb8\xea\xaa\xab\xae\xfa\xb7\xfb\
l\xe0\xb3\xb8\xea\xbf\xc3\xe7\x00\x9f\xcdUW]u\xd5\
\xbf\x1e\xe2\xaa\xab\xae\xba\xea\xdf\xe7\xb5\x81\x9f\x06\x8eq\
\xd5\x7f\x85K\xc0[\x03\xbf\xcdUW]u\xd5\xbf\x0d\
\xe2\xaa\xab\xae\xba\xea\xdf\xef\xc1\xc0O\x03/\xc5U\xff\
\x99\xfe\x06xk\xe0V\xae\xba\xea\xaa\xab\xfe\xed\x10W\
]u\xd5U\xffq\xbe\x1bx/\xae\xfa\xcf\xf0=\xc0\
{s\xd5UW]\xf5\xef\x87\xb8\xea\xaa\xab\xae\xfa\x8f\
\xf5\xd6\xc0w\x03\xc7\xb8\xea?\xc2%\xe0\xbd\x81\x9f\xe6\
\xaa\xab\xae\xba\xea?\x06\xe2\xaa\xab\xae\xba\xea?\xdeq\
\xe0\xa7\x81\xd7\xe2\xaa\x7f\x8f\x9f\x01\xde\x1b\xd8\xe5\xaa\xab\
\xae\xba\xea?\x0e\xe2\xaa\xab\xae\xba\xea?\xcfG\x03\x9f\
\x0d\x1c\xe3\xaa\x7f\x8dK\xc0G\x03\xdf\xcdUW]u\
\xd5\x7f<\xc4UW]u\xd5\x7f\xae\x07\x03\xdf\x0d\xbc\
\x16W\xbd(~\x06\xf8h\xe0V\xae\xba\xea\xaa\xab\xfe\
s \xae\xba\xea\xaa\xab\xfek\xbc6\xf0\xdd\xc0\x83\xb8\
\xea\xf9\xf9\x1b\xe0\xa3\x81\xdf\xe6\xaa\xab\xae\xba\xea?\x17\
\xe2\xaa\xab\xae\xba\xea\xbf\xd6g\x03\x1f\x0d\x1c\xe3*\x80\
K\xc0G\x03\xdf\xcdUW]u\xd5\x7f\x0d\xc4UW\
]u\xd5\x7f\xbd\xe3\xc0G\x03\x1f\x0d\x1c\xe3\xff\xa7g\
\x00_\x0d|7\xb0\xcbUW]u\xd5\x7f\x1d\xc4U\
W]u\xd5\x7f\x9f\xe3\xc0{\x03\x1f\x0d<\x88\xff\x1f\
\x9e\x01|6\xf0\xdd\x5cu\xd5UW\xfd\xf7@\x5cu\
\xd5UW\xfd\xcf\xf0\xde\xc0G\x03/\xc5\xffM?\x03\
|7\xf0\xd3\x5cu\xd5UW\xfd\xf7B\x5cu\xd5U\
W\xfd\xcf\xf2`\xe0\xbd\x81\xf7\x06\x1e\xc4\xffn\x7f\x03\
|7\xf0\xdd\xc0.W]u\xd5U\xff3 \xae\xba\
\xea\xaa\xab\xfe\xe7zm\xe0\xad\x81\xb7\x06\x1e\xc4\xff\x0e\
\x7f\x03\xfc6\xf0\xdd\xc0_s\xd5UW]\xf5?\x0f\
\xe2\xaa\xab\xae\xba\xea\x7f\x87\x07\x03o\x0d\xbc6\xf0\xda\
\xc01\xfeg\xb8\x04\xfc4\xf0\xdb\xc0O\x03\xbb\x5cu\
\xd5UW\xfd\xcf\x86\xb8\xea\xaa\xab\xae\xfa\xdf\xe9\xa5\x81\
\x97\x06^\x1axi\xe0\xa5\x81c\xfc\xe7\xba\x04\xfc5\
\xf0\xdb\xc0_\x03\x7f\x0d\xdc\xcaUW]u\xd5\xff.\
\x88\xab\xae\xba\xea\xaa\xff;\x1e\x0c<\x18x0\xf0`\
\xe08\xf0\xd2<\xdbq\xe0\xa5x\xfe\xfe\x06\xd8\xe5\xd9\
~\x9b+\xfe\x1a\xd8\x05n\x05n\xe5\xaa\xab\xae\xba\xea\
\x7f?\xc4UW]u\xd5UW]u\xd5U\xff\x9f\
 \xae\xba\xea\xaa\xab\xae\xba\xea\xaa\xab\xae\xfa\xff\x04q\
\xd5UW]u\xd5UW]u\xd5\xff'\x88\xab\xae\
\xba\xea\xaa\xab\xae\xba\xea\xaa\xab\xfe?A\x5cu\xd5U\
W]u\xd5UW]\xf5\xff\x09\xe2\xaa\xab\xae\xba\xea\
\xaa\xab\xae\xba\xea\xaa\xffO\x10W]u\xd5UW]\
u\xd5UW\xfd\x7f\x82\xb8\xea\xaa\xab\xae\xba\xea\xaa\xab\
\xae\xba\xea\xff\x13\xc4UW]u\xd5UW]u\xd5\
U\xff\x9f \xae\xba\xea\xaa\xab\xae\xba\xea\xaa\xab\xae\xfa\
\xff\x04q\xd5UW]u\xd5UW]u\xd5\xff'\
\x88\xab\xae\xba\xea\xaa\xab\xae\xba\xea\xaa\xab\xfe?A\x5c\
u\xd5UW]u\xd5UW]\xf5\xff\x09\xe2\xaa\xab\
\xae\xba\xea\xaa\xab\xae\xba\xea\xaa\xffO\x10W]u\xd5\
UW]u\xd5UW\xfd\x7f\x82\xb8\xea\xaa\xab\xae\xba\
\xea\xaa\xab\xae\xba\xea\xff\x13\xc4UW]u\xd5UW\
]u\xd5U\xff\x9f \xae\xba\xea\xaa\xab\xae\xba\xea\xaa\
\xab\xae\xfa\xff\x04q\xd5UW]u\xd5UW]u\
\xd5\xff'\x88\xab\xae\xba\xea\xaa\xab\xae\xba\xea\xaa\xab\xfe\
?A\x5cu\xd5UW]u\xd5UW]\xf5\xff\x09\
\xe2\xaa\xab\xae\xba\xea\xaa\xab\xae\xba\xea\xaa\xffO\x10W\
]u\xd5UW]u\xd5UW\xfd\x7f\x82\xb8\xea\xaa\
\xab\xae\xba\xea\xaa\xab\xae\xba\xea\xff\x13\xc4UW]u\
\xd5UW]u\xd5U\xff\x9f \xae\xba\xea\xaa\xab\xae\
\xba\xea\xaa\xab\xae\xfa\xff\x04q\xd5UW]u\xd5U\
W]u\xd5\xff'\x88\xab\xae\xba\xea\xaa\xab\xae\xba\xea\
\xaa\xab\xfe?A\x5cu\xd5UW]u\xd5UW]\
\xf5\xff\x09\xe2\xaa\xab\xae\xba\xea\xaa\xab\xae\xba\xea\xaa\xff\
O\x10W]u\xd5UW]u\xd5UW\xfd\x7f\x82\
\xb8\xea\xaa\xab\xae\xba\xea\xaa\xab\xae\xba\xea\xff\x13\xc4U\
W]u\xd5UW]u\xd5U\xff\x9f \xae\xba\xea\
\xaa\xab\xae\xba\xea\xaa\xab\xae\xfa\xff\x04q\xd5UW]\
u\xd5UW]u\xd5\xff'\x88\xab\xae\xba\xea\xaa\xab\
\xae\xba\xea\xaa\xab\xfe?A\x5cu\xd5UW]u\xd5\
UW]\xf5\xff\x09\xe2\xaa\xab\xae\xba\xea\xaa\xab\xae\xba\
\xea\xaa\xffO\x10W]u\xd5UW]u\xd5UW\
\xfd\x7f\x82\xb8\xea\xaa\xab\xae\xba\xea\xaa\xab\xae\xba\xea\xff\
\x13\xc4UW]u\xd5UW]u\xd5U\xff\x9f \
\xae\xba\xea\xaa\xab\xae\xba\xea\xaa\xab\xae\xfa\xff\x04q\xd5\
UW]u\xd5UW]u\xd5\xff'\x88\xab\xae\xba\
\xea\xaa\xab\xae\xba\xea\xaa\xab\xfe?A\x5cu\xd5UW\
]u\xd5UW]\xf5\xff\x09\xe2\xaa\xab\xae\xba\xea\xaa\
\xab\xae\xba\xea\xaa\xffO\x10W]u\xd5UW]u\
\xd5UW\xfd\x7f\x82\xb8\xea\xaa\xab\xae\xba\xea\xaa\xab\xae\
\xba\xea\xff\x13\xc4UW]u\xd5UW]u\xd5U\
\xff\x9f \xae\xba\xea\xaa\xab\xae\xba\xea\xaa\xab\xae\xfa\xff\
\x04q\xd5UW]u\xd5UW]u\xd5\xff'\x88\
\xab\xae\xba\xea\xaa\xab\xae\xba\xea\xaa\xab\xfe?A\x5cu\
\xd5UW]u\xd5UW]\xf5\xff\x09\xe2\xaa\xab\xae\
\xba\xea\xaa\xab\xae\xba\xea\xaa\xffO\x10W]u\xd5U\
W]u\xd5UW\xfd\x7f\x82\xb8\xea\xaa\xab\xae\xba\xea\
\xaa\xab\xae\xba\xea\xff\x13\xc4UW]u\xd5UW]\
u\xd5U\xff\x9f \xae\xba\xea\xaa\xab\xae\xba\xea\xaa\xab\
\xae\xfa\xff\x04q\xd5UW]u\xd5UW]u\xd5\
\xff'\x88\xab\xae\xba\xea\xaa\xab\xae\xba\xea\xaa\xab\xfe?\
A\x5cu\xd5UW]u\xd5UW]\xf5\xff\x09\xe2\
\xaa\xab\xae\xba\xea\xaa\xab\xae\xba\xea\xaa\xffO\x10W]\
u\xd5UW]u\xd5UW\xfd\x7f\x82\xb8\xea\xaa\xab\
\xae\xba\xea\xaa\xab\xae\xba\xea\xff\x13\xc4UW]u\xd5\
UW]u\xd5U\xff\x9f \xae\xba\xea\xaa\xab\xae\xba\
\xea\xaa\xab\xae\xfa\xff\x04q\xd5UW]u\xd5UW\
]u\xd5\xff'\x88\xab\xae\xba\xea\xaa\xab\xae\xba\xea\xaa\
\xab\xfe?A\x5cu\xd5UW]u\xd5UW]\xf5\
\xff\x09\xe2\xaa\xab\xae\xba\xea\xaa\xab\xae\xba\xea\xaa\xffO\
\x10W]u\xd5UW]u\xd5UW\xfd\x7f\x82\xb8\
\xea\xaa\xab\xae\xba\xea\xaa\xab\xae\xba\xea\xff\x13\xc4UW\
]u\xd5UW]u\xd5U\xff\x9f \xae\xba\xea\xaa\
\xab\xae\xba\xea\xaa\xab\xae\xfa\xff\x04q\xd5UW]u\
\xd5UW]u\xd5\xff'\x88\xab\xae\xba\xea\xaa\xab\xae\
\xba\xea\xaa\xab\xfe?A\x5cu\xd5UW]u\xd5U\
W]\xf5\xff\x09\xe2\xaa\xab\xae\xba\xea\xaa\xab\xae\xba\xea\
\xaa\xffO\x10W]u\xd5UW]u\xd5UW\xfd\
\x7f\x82\xb8\xea\xaa\xab\xae\xba\xea\xaa\xab\xae\xba\xea\xff\x13\
\xc4UW]u\xd5UW]u\xd5U\xff\x9f \xae\
\xba\xea\xaa\xab\xae\xba\xea\xaa\xab\xae\xfa\xff\x04q\xd5U\
W]u\xd5UW]u\xd5\xff'\x88\xab\xae\xba\xea\
\xaa\xab\xae\xba\xea\xaa\xab\xfe?A\x5cu\xd5UW]\
u\xd5UW]\xf5\xff\x09\xe2\xaa\xab\xae\xba\xea\xaa\xab\
\xae\xba\xea\xaa\xffO\x10W]u\xd5UW]u\xd5\
UW\xfd\x7f\x82\xb8\xea\xaa\xab\xae\xba\xea\xaa\xab\xae\xba\
\xea\xff\x13\xc4UW]u\xd5UW]u\xd5U\xff\
\x9f \xae\xba\xea\xaa\xab\xae\xba\xea\xaa\xab\xae\xfa\xff\x04\
q\xd5UW]u\xd5UW]u\xd5\xff'\x88\xab\
\xae\xba\xea\xaa\xab\xae\xba\xea\xaa\xab\xfe?A\x5cu\xd5\
UW]u\xd5UW]\xf5\xff\x09\xe2\xaa\xab\xae\xba\
\xea\xaa\xab\xae\xba\xea\xaa\xffO\x10W]u\xd5UW\
]u\xd5UW\xfd\x7f\x82\xb8\xea\xaa\xab\xae\xba\xea\xaa\
\xab\xae\xba\xea\xff\x13\xfe\x11\xb5\x1b\xfa\xbd\xba\xbf~\xc2\
\x00\x00\x00\x00IEND\xaeB`\x82\
\x00\x00E4\
\x89\
PNG\x0d\x0a\x1a\x0a\x00\x00\x00\x0dIHDR\x00\
\x00\x02\x80\x00\x00\x02\x80\x08\x06\x00\x00\x00\x0c\xcd\xc9#\
\x00\x00\x00\x01sRGB\x00\xae\xce\x1c\xe9\x00\x00\x00\
\x04gAMA\x00\x00\xb1\x8f\x0b\xfca\x05\x00\x00\x00\
\x09pHYs\x00\x00\x0e\xc3\x00\x00\x0e\xc3\x01\xc7o\
\xa8d\x00\x00D\xc9IDATx^\xed\xdd=\xba\
,\xd5\xb5&j\xedS\x0d\xe0\xc8.CG^y:\
8\xb8\x1cZ\x80\xf4T\x03\x00\xefz\xa0\x16\x00-\x00\
\xac2\x05\x0e\xf7z@\x0b$Z \xe1\x95\x87\xe4\x95\
'\xa9\x05\xba\xf1\xed\xcc(\x92\xb5\xd7\xda+\x7f\x223\
\xe7\x18\xf3}\x9fg>\x99\x9b\xbaWge\xfc~1\
\xc6\x8c\x88\x17_\xbf\xf5\x0b\x00\x00&\xf2o\xfbO\x00\
\x00&!\x00\x02\x00LF\x00\x04\x00\x98\x8c\x00\x08\x00\
0\x19\x01\x10\x00`2\x02 \x00\xc0d\x04@\x00\x80\
\xc9\x08\x80\x00\x00\x93\x11\x00\x01\x00&#\x00\x02\x00L\
F\x00\x04\x00\x98\x8c\x00\x08\x000\x19\x01\x10\x00`2\
\x02 \x00\xc0d\x04@\x00\x80\xc9\x08\x80\x00\x00\x93\x11\
\x00\x01\x00&#\x00\x02\x00LF\x00\x04\x00\x98\x8c\x00\
\x08\x000\x19\x01\x10\x00`2\x02 \x00\xc0d\x04@\
\x00\x80\xc9\x08\x80\x00\x00\x93\x11\x00\x01\x00&#\x00\x02\
\x00LF\x00\x04\x00\x98\x8c\x00\x08\x000\x19\x01\x10\x00\
`2\x02 \x00\xc0d\x04@\x00\x80\xc9\xbc\xf8\xfa\xad\
\xfd7\x80\x9e\xfe}\x19\xef.\xe3?\x96\xf1_\xfb\xcf\
\x8cC\x7f:\xf8\xfc\xcb2\xbe_\xc6?\xf2\x1f\x00:\
\x12\x00\x81\x8e\x12\xfa\xde[\xc6\xfb\xcb\xf8\xcf\xfc\x873\
$\x0c~\xbb\x8c\xaf\x96!\x0c\x02\xad\x08\x80@'\xa9\
\xec}\xbc\x8c\x04\xbf\xad$\xfc}\xbe\x8c/\xf6\xdf\x01\
\xca3\x07\x10\xe8\x22\xc1\xef\xc7el\x19\xfe\x22\xd5\xc4\
O\x96\x91\xff\xed\x0f\xf3\x1f\x00\xaa\x13\x00\x81\xea\xd2\xe2\
\xfd\xf32\x12\xd2\xae)A0\x95\xc0?.\xe3\xe1\x1c\
B\x80R\x04@\xa0\xb2T\xfb\x12\xc8\xce\x9d\xe7w\x8e\
\xdcH\x92\xc0\x99O\x80\x92\x04@\xa0\xaa\x84\xbf?,\
#\x95\xb9[\xcb\xff\xcd\x04\xcf\xad\xdb\xcd\x007!\x00\
\x02\x15\xad\xe1\xef\xde\xf27\x08\x81@9\x02 P\xcd\
(\xe1o\x95\xbfE;\x18(E\x00\x04*\xc9\x5c\xbf\
\xcfv_\x87\xf2\xcd2\xdc\x18\x02\x94!\x00\x02Ud\
\xde\xdd\xbd\xe6\xfc='\x7fSB @\x09\x02 P\
E\x1e\xf3r\xcb\xbb}O\x95\xbf\xed\xda\x8f\xa2\x01\xd8\
\x84\x00\x08T\x909v\x15\x1e\xc2\x9c\x87Q\x8f\x1cR\
\x01^\x12\x00\x81\xd1\xad\xad\xdf**\xfd\xad\xc0\xa4\x04\
@`ti\xabV\xba\xc1B+\x18\x18\x9e\x00\x08\x8c\
\xacJ\xeb\xf7!\xad``h\x02 0\xaaj\xad\xdf\
\x87\xb4\x82\x81a\x09\x80\xc0\xa8\xaa\xb5~\x1f\xd2\x0a\x06\
\x86%\x00\x02#\xaa\xda\xfa}(\xad`o\x09\x01\x86\
#\x00\x02\xa3\xe9\xf6P\xe5Q\x1f^\x0dLL\x00\x04\
F\xd3-0\xa5\x8d\xad\x15\x0c\x0cE\x00\x04F\xf2\xdb\
\xfd\xe8&\xedl\xad``\x18\x02 0\x8a\xeaw\xfd\
>G+\x18\x18\x86\x00\x08\x8c\xa2{@\xd2\x0a\x06\x86\
!\x00\x02#\xe8\xda\xfa}H+\x18\x18\x82\x00\x08\xdc\
[\xf7\xd6\xefCZ\xc1\xc0\xdd\x09\x80\xc0\xbd\xcd\x16\x88\
\xb4\x82\x81\xbb\x13\x00\x81{\x9a\xa5\xf5\xfb\x90V0p\
W\x02 p/\xb3\xb5~\x1f\xd2\x0a\x06\xeeF\x00\x04\
\xeee\xf6\x00\xa4\x15\x0c\xdc\x8d\x00\x08\xdc\xc3\xac\xad\xdf\
\x87\xb4\x82\x81\xbb\x10\x00\x81[\x9b\xbd\xf5\xfb\x90V0\
ps\x02 pk\x02\xcf\xcf\xa5\x15,\x10\x037%\
\x00\x02\xb7\xf4\xd12\xb4~_\xa5%\x0e\xdc\x94\x00\x08\
\xdcJ*]\x1f\xef\xbe\xf2\x08\x95Q\xe0f\x04@\xe0\
V\x04\x9c\xd737\x12\xb8\x19\x01\x10\xb8\x85\xb4~\xdd\
\xed\xfa<\xad`\xe0&\x04@\xe0\xda\xb4~O\xa3R\
\x0a\x5c\x9d\x00\x08\x5c\x9b@s\x1a\xad`\xe0\xea\x04@\
\xe0\x9a\xb4~\xcf\xa3\x15\x0c\x5c\x95\x00\x08\x5c\x8b\xd6\xef\
eTN\x81\xab\x11\x00\x81k\x11`.\xa3\x15\x0c\x5c\
\x8d\x00\x08\x5c\x83\xd6\xef6\xb4\x82\x81\xab\x10\x00\x81\xad\
i\xfdnK%\x15\xd8\x9c\x00\x08lM`\xd9\x96V\
0\xb09\x01\x10\xd8\x92\xd6\xefu\xa4\x0d\xfc\xfe\xee+\
\xc0\xe5\x04@`+\xff\xb9\x0c\xad\xdf\xeb\xf9l\x19i\
\xaf\x03\x5cL\x00\x04\xb6\xa2\xf5{]Z\xc1\xc0f\x04\
@`\x0b\x9f,#\x15@\xae+\xed\xf5\xb4\xd9\x01.\
\x22\x00\x02\x97\xd2\xfa\xbd\xad,k\xad`\xe0\x22\x02 \
p)m\xc9\xdb\xd2\x0a\x06.&\x00\x02\x97\xd0\xfa\xbd\
\x0f\xad`\xe0\x22\x02 p.\xad\xdf\xfb\xd2\x0a\x06\xce\
&\x00\x02\xe7\xd2\x86\xbc/\xad`\xe0l\x02 p\x0e\
\xad\xdf1h\x05\x03g\x11\x00\x81Si\xfd\x8eE+\
\x188\x99\x00\x08\x9cJ\xdbq,Z\xc1\xc0\xc9\x04@\
\xe0\x14Z\xbfc\xd2\x0a\x06N\x22\x00\x02\xc7\xd2\xfa\x1d\
\x9bV0p4\x01\x108\x966\xe3\xd8\xd2\x0a\xfef\
\xf7\x15\xe0\xf5\x04@\xe0\x18\x9f/C\xebw|YG\
i\xd3\x03\xbc\x96\x00\x08<'\xf3\xcb>\xdc}\xa5\x80\
\xb4\x82\x85u\xe0\xb5\x04@\xe0u\xdcaZ\x93u\x06\
\xbc\x96\x00\x08\xbcN\xda\x89n,\xa8G+\x18x-\
\x01\x10x\x8a\xd6omZ\xc1\xc0\x93\x04@\xe01Z\
\xbf=X\x87\xc0\xa3\x04@\xe01Z\xbf=h\x05\x03\
\x8f\x12\x00\x81\x87fi\xfd~\xbf\x8c/v_[\xd3\
\x0a\x06^!\x00\x02\x87fi\xfd\xfes\x19\xef/#\
\xd5\xb1\xbf\xe5?4\xa7\x15\x0c\xfc\x8c\x00\x08\x1c\x9a\xa5\
\xf5\x9b\xdf\xf9\xd7e\xfcc\x19\x09\x82\xddi\x05\x03?\
#\x00\x02\xab\x99Z\xbfy\xb3\xc9\xeaO\xcb\xd0\x0a\x06\
\xa6\x22\x00\x021[\xeb\xf7\xa1T\xc7~\xd8}mM\
+\x18xI\x00\x04b\xb6\xd6\xefCZ\xc1\xc0T\xfe\
\xdb\xff\xfc\xef\xfbo\xc0\xac\xd2\xfa\xfd_\xbb\xaf\xad\xa5\
\xf5\xfb\xff\xec\xbe>\xea\xff,\xe3\xc52\xb2<:\xcb\
\xef\xcb\xb2x,\x08\x03\x93x\xf1\xf5[\xfbo\xc0\x8c\
\xd2\xfa\xfdq\xff\xd9YZ\xbf\xa9~\x1d\x13z\xfe\xb2\
\x8c\xdf\xec\xbe\xb6\x95\xe5\xf0\xe62R\xf9\x04&\xa4\x05\
\x0cs\xcb\x9c\xb0\xee\xe1/>Z\xc6\xb1\x15\xaf\x19Z\
\xc1i\xf7k\x05\xc3\xc4\x04@\x98\xd7o\xf7\xa3\xbb\xef\
\x96\xf1\xe5\xee\xebQR\x01\xfct\xf7\xb5\xb5\xdc\xf1\xdd\
\xbd\xdd\x0d<A\x0b\x98\xb7\x97\x91\xd6X\xaa@\x0fO\
\x06i\x0f\xe5d\x98\xcaIF\xe6\x0d\xd1\xc3L\xad\xdf\
T\xbb\xceiuj\x05SQ\xf6\xe9l\xb7\xebq=\
\xf2=\xdb\xf3*\x8f>\xca\x03\xd0\x8f\xad\x8a\xd3\x90\x00\
8\x9f\x1c\x10\xde]\xc6\xb9\xd5\x9f\x1cD\x0e\x87PX\
\xd37\xcb\x98\xa1\xfa\xf7\xbbe|\xbb\xfbz\xb2\x9c4\
\xff\xbc\xfb\xdaZ\x9e\x81\x98\x169\xf5\xe4\xe2f\x0d{\
\xeb8\xe5n\xfe\x04\xc0\x84\xc1\xec#\xa9\x943\x11\x01\
p\x1e9(\xe4A\xb0\xd7\x98\xdf\xf40\x14\xe6yj\
*\x0a\xe3J\xf0K\x00\xec.'\xb4KCn\xe6\xc9\
e\xbf\xe9\xee\x9de$\x080\xae\xc3\xb0\x97nM>\
\xb7\xac\xe0\xe7\x98\x9d\x07\xa4\xe7\x82\xc0\xf1{\x02\x02`\
\x7f9@\xe4\x04v\xeb+\xfc\x5cY\xae\x810'\x16\
\xa1p\x0c\xd9\x1e\xb4~O\x93mX+\x98[J\xb8\
\xcb6\x97m\xf8\x1aa\xef9\xb9\xf0\x11\x04\x9b\x13\x00\
{K\xf5c\xa4\xbb<\x85\xc2\xfb\xd3\xfa=]N\xbe\
Z\xc1\x5c\xcb\x1a\xf6\xf2\x991\xca\x8d99^\x7f\xb0\
\x0c\x95\xe1\xa6\x04\xc0\xbe>[F\x85\x83y\x02\xe0\x1a\
\x08\xf3\x99P\x98\x03\x0f\xdb\xd3\xfa=\x9fV0[\xc8\
Mw\xa9\xea\x8d\x16\xf6^'\xdb\xfe\x0cw\xc5OG\
\x00\xec'\xd5\xbe\x84\xbf\xca\xcf2\x13\x0a\xb7\xa7\xf5{\
\xb9l\x8bZ\xc1\x1ck}\xc2\xc2\xe1\xa8*\x8fQJ\
5\x90F\x04\xc0~\xd2\xaa\xaa|\xa0y\xca\x1a\x0a\xd7\
\x91P\x98O\x8e\xa3\xf5{\xb9\xecW\xb9(y\xe3\xe5\
\xbf\xfa\xd2\x0a>M.\xaa\x0e[\xb8\xeb\xe8&\xc7\xdb\
\x5c\x1c\xd0\x84\x00\xd8K\xe6\xfb\xcd\xf0\x16\x83Ck\x95\
P(|\x9a\xd6\xefv\x12\x8cRa\xefN+\xf8q\
k\xd8[o\xcc\xc8H\xc5y\x16*\x81\x8d\x08\x80}\
\xe4\xf6\xfd<\xd9\x9f\x9fB\xe1z\xd3\xc9\xcc\xcf*\xd4\
\xfa\xdd^\xb6\xaf\xb4\xf7:\xd3\x0a\x16\xf6\x9e\xa2B\xdc\
\x84\x00\xd8C\x0eP\x7f\xdc}\xe5\x09k\x95p\x1d\xb3\
\x84B\xad\xdf\xed%\x04d\x1b\xea\xde\x0a\xce\xf2\xccr\
\x9dA\xd6\xe9\xda\xc6]\x03_\xf7\x8b\xa6K\xa8\x107\
 \x00\xd6\x97\x83T\xe6\xfd\xb92=\xdd\xc3P\xd8\xed\
\xb14\xb3\xb4+\xefQ\x91\x98e\xd9\xde2X\xdf\x8a\
\xb0w9\x15\xe2\x06\x04\xc0\xfafy<\xc5\xad\xacm\
\xe3\x8c\x5c\xe1V\x0d\x859\xc9\xe5\xc2\xa0\xfb\x89-\xef\
3\xcd\x09\xfc\x1e\xebh\x86Vp\x96\xeb\xaf\xf7\x9f\x15\
e\xdb8\xbcA#\x81\x8fm\xe4\xd109\xffP\x94\
\x00X[N\xee3\xcc\xef\xba\xb7\x87\xa1\xb0\xc2K\xd4\
3%`\x86\x93\xdd=[QZ\xc1c\x11\xf6n/\
\x17\x07\xa3\x1f\x0by\x82\x00X\x9b\xea\xdf\xfd\xa4\x22\xb2\
\x06\xc2|\x8e\xf4\xacB\xad\xdf\xdb\xd1\x0a\xbe\x8f\xc3g\
\xec%\x88\x0b{\xf7\xf1\xd52f{\xf2D\x1b\x02`\
m\x7f_\x86\xea\xdf8F\x08\x85Z\xbf\xb7\xa7\x15|\
]\x9d\x1e\xa8\xdcM\xb6\x87_\xee\xbeR\x8d\x00X\xd7\
,\xcfv\xeb`\x0d\x84k(\xcc\xe7\xb5h\xfd\xde\x9e\
V\xf06r\xd1r\xf8\xd8\x95,Wao|y.\
`\x9e\x0fH1\x02`]\xd9\xe1\xde\xdb}\xa5\xa0k\
\x84B\xad\xdf\xfb\xd1\x0a>\xcd\xc3\xb0\xb7\x06>\xea\xb9\
\xc5\x03\xd8\xb9\x02\x01\xb0\xae\xdc\xfc\xe1\x80\xd9KB\xe1\
\xe1\x0d'\xa7<\xabP\xeb\xf7\xfe\xb4\x82\x1f\x97m\xf3\
\xf0\xe6\x0ca\xaf\x17m\xe0\xa2\x04\xc0\x9ar\xf0L\x00\
\xa4\xbf5\x0c>\x17\x0a\xb5~\xef/\xfbe\xd6\xd1\xcc\
\xad\xe0\xc3\xb0\xb7V\xf7\xccS\xee/\xcf\x04\xcc\xb6O\
!\x02`M9\xb0z\xf3\xc7\xbc\xd60\x98ja\xc2\
PB\xd1\x0cw\x83Wx\x05\xd5,ss\x13\x00\xb3\
\xfd%\xec%\xf4\x09{s\xfb\xfd2\xf2:R\x0a\x11\
\x00k\xf2\xf8\x17f3r\xeb\xf7\xa1T\xc8\xde\xdd}\
\x85)x(tA\xff\xb6\xff\x04\x18Y\x9e5V!\
\xfcE\xfe\xd6\x7f\xee\xbe\xc2\x14\xcc\xe9,H\x00\x04F\
\x97\xd6\xef\xa8\xf3\xfe\x1e\x93\xa0\xea\xe1\xb8\xccD\x00,\
H\x00\x04F\x96G\xe4\x8c>\xef\xef1i\x03\xe7\xf1\
\x18\x00C\x12\x00\x81\x91U\xae\xa4i\x05\x03\xc3\x12\x00\
\x81Qeby\xe5GKh\x053\x8bQ\xde\x83\xce\
\x09\x04\xc0\x9a\xeclt\x97\xd6o\x87\xbb\x0a\xb5\x82\x99\
\x81sRA\x02`Mv6\xba\xebT9\xd3\x0a\xa6\
;\x0f\x81.H\x00\xac\xc9\xceFg\xd5[\xbf\x0fi\
\x05\xd3\x9d\xa2DA\x02`M9\xa1\xe4\xc1\xb8\xd0M\
\x97\xd6\xefCZ\xc1t\xa6(Q\x90\x00X\x97\x1d\x8e\
\x8e:W\xca\xb4\x82\xe9(\x17m\x14$\x00\xd6%\x00\
\xd2M\xb7\xd6\xefCZ\xc1t\xe4\x5cT\x94\x00X\x97\
\x9d\x8eN\xba\xb6~\x1fJ+8o6\x81.\x9c\x8b\
\x8a\x12\x00\xeb\xb2\xd3\xd1\xc9L\x95\xb1\x04]sx\xe9\
\xc2\xb9\xa8(\x01\xb0\xae\xdcue>\x11\x1dto\xfd\
>\xa4\x15L'\x95\xde\xd3\xcd\x01\x01\xb06W^T\
\xf7\xfd2fh\xfd>\x94\x93\xa6V0\xd5\xb9\x01\xa4\
0\x01\xb06W^T\x96\x0a\xf6\xcc\x950\xad`\xaa\
S\x84(L\x00\xac\xcd\xceGe\x09@3?@V\
+\x98\xea\x9c\x83\x0a\x13\x00k\xb3\xf3QUZ\xbf\x9f\
\xef\xbeNM+\x98\xca\x9c\x83\x0a{\xf1\xf5[\xfbo\
T\x95*\xc2\x1b\xbb\xafPBZ\xbf\xff\xb9\x0c\xaf\x8f\
\xda\xf9\xf7e\xe4D\xfa\xab\x97\xff\x82:^\xec?)\
H\x05\xb0>W`T3{\xeb\xf7!\xad`*r\
\x03Hq\x02`}n\x04\xa1\x12\xad\xdf\xc7i\x05S\
\x8d\xe2Cq\x02`}*)T1\xfb]\xbf\xcfq\
W0\x95\x08\x80\xc5\x09\x80\xf5\xd9\x09\xa9B\xeb\xf7\xf5\
\xb4\x82\xa9\xc4\xb9\xa78\x01\xb0>;!\x15h\xfd\x1e\
'\xad\xe0\xbc\x19\x05F\xe7\xdcS\x9c\x00\xd8CN\xae\
0*\xad\xdf\xd3\xa4Rj\x82=#\xcbT\x85T\xac\
)L\x00\xec\xc1\x95\x18#\xd3\xfa=\x9d\xc0\xcc\xc8\x9c\
s\x1a\x10\x00{\xb032*\xad\xdf\xf3d\x9f\xd6\x0a\
fT\xce9\x0d\x08\x80=\xd8\x19\x19QZ\xbf\xbf\xdd\
}\xe5\x0cZ\xc1\x8c\xca\xe3\xc7\x1a\x10\x00{\x10\x00\x19\
Q\xda\x98\xe6\x09]F+\x98\x119\xe74 \x00\xf6\
\xe1F\x10F\xf2\xdd2\xbe\xdd}\xe5\x02Z\xc1\x8c\xc6\
\x0d M\x08\x80}\xb8\x22c\x14\xee\xfa\xdd\x96V0\
#q\xaeiB\x00\xec\xc3N\xc9(\xb4~\xb7'P\
3\x0a\xe7\x9a&\x04\xc0>:<f#\x95#j\xd3\
\xfa\xbd\x0e\xad\xe0\x1e:\xbc\xea\xcf\x0d M\xbc\xf8\xfa\
\xad\xfd7:\xf8\xd7\xfe\xb3\xaa\x9c\xe4\xde\x5c\xc6\x7f,\
\xe3?\xf7\xe3\xbf\xf6\x9fo,\x83\xb1%\xc0g\xdd\xa9\
\xfe]O\xf6\x91\xdf\xec\xbe2\xb0\xec\x0bYW\x0fG\
\xc2\xd3\xdb\xcb\xa8\xec\x97\xcb\xb0\x8f7 \x00\xf6\x92\x03\
L\xf5\x93\xc3\x8b\xfd\xe7CB\xe1\xf8~\xb7\x0c\xd5\xbf\
\xeb\xcav\xff\xe7\xddW\x06\xb1\x86\xbd\x84\xbb5\xe8=\
\xd5\x91\xf9\xfb2\xfe}\xf7\xb5\xa4T0s,\xa6\x01\
\x01\xb0\x97/\x97\xf1\xde\xeekY\xef,\xe3\xd8\x16C\
\x0eD\x19k \xcc\xf8\xd52\xb8\xbd\xb4~=\xf3\xef\
6rS\xc8\xc7\xbb\xaf\xdc\xd8)a\xef\xa1\x1c\xab~\
\xdc}-\xcb~\xde\x88\x00\xd8\xcbG\xcb\xf8l\xf7\xb5\
\xac\xdf/\xe3\x927G\xe4\xea\xfa\xb0J(\x14^\x9f\
\xd6\xef\xeduh%\x8e.\xd5\xae5\xe4\xad\x81\xef\x92\
m<\xc1\xe9\x9b\xdd\xd7\xb22\x0f5\x17 4 \x00\
\xf6\x92\xd0\xf3\xc7\xdd\xd7\xb2\xbeZ\xc6\xd6w<\xae\xa1\
\xf0p\x98G\xb5\x1d\xad\xdf\xdbK\xe0N 1\x0db\
\x1b[\x87\xbd\xc7t\xa8\xdc\x9e\xd2\xa1ap\x02`?\
]n\x04\xb9\x85\xc3*\xa1Px\x1e-\xa1\xfb\xe9P\
\xf1\xbf\x87<Sq\x0d{k\xe0\xbb\x85\x0eU\xdb_\
/\xa3\xc3\x13'X\x08\x80\xfd\xe4\x80\xd6\xf5F\x90[\
H(Lue\x0d\x85\xdalO\xcb\x894\xcb\x88\xfb\
I\xe5\xf5\xdd\xddW\x1eq\xaf\xb0\xf7\x98\xea7\x80d\
\xaaG\xe5\xbf\x9f\x07\x04\xc0~f\xbb\x11\xe4\x16\xd60\
(\x14\xfe$'\x83,\x0b\xd5\x80\xfb\xca\x099\xc1\xc6\
<\xd7\xdd\xeb0\x0f\xc3^\xc6(:\xdc\x00\x92\xe5\x9b\
\x0bd\x9a\xf0 \xe8~F:\xe8\x9d+\x07\xcb\x91d\
\x99&X\xa7\xe5\x96\x03`*\x94iSg\xee[&\
E\xe7\xc0\x98@4\x8b\xfc\xd6,\x07\xe1\xef\xfe2O\
--\xf8\x99\xb6\xbf\xc8>\xf7\xc52>XF\xf6\xc5\
\xec\x93\xd9&\xb3\x8ff_\x1d\xed88\xda1\xed\x1c\
\xe6\xfe5\xa3\x02\xd8O\x0e\x82\xd5o\x04\xc9\x81=\x07\
\xf2j\x0e[\xc7Y\x0f\xf9\xec8I?'\xdd\x9cd\
\x19G\xb6\xb5\x9c\xa0\xbbmo\x09\xb6\x09s\xf9m\xf9\
\xcc\xa8x\xe1\xd1\xe1\x06\x107{5#\x00\xf6\x93\x96\
P\xe6\x9aT\xd6\xa9\xd5p\x18\x0a\xd7Q\xb5]\x97\x93\
q\xee\xd0v\x12\x18S\xf5\x10\xd8%\xec=\xa6\xc3\x5c\
M7\x804#\x00\xf6\x94\x9d\xb4\xfa\x9c\xa0{\xde\x08\
rm\xebci\xd6*a\x85P\x98\xc9\xf4\x09\x7f9\
)3\xae\x5cp$l\x8c~#\xd8\xc3\xc7\xae\xe4\x98\
\xd59\x5cd\xfe_\xe56p\xc2\xb9\x1b@\x9a\x11\x00\
{\xeap\xb5\x99y=3\x85\x8d\xc3P\xb8V\x0dG\
9\x89\xa7%\x9f\x16\x96\x07=\xd71R\xcb\xf1\x16\xcf\
\xd8\x1b\x99\xae\x0cC\x12\x00{\xea0\xdf\xc4<\xb3\x9d\
\xc3*\xe1\xadCa\xaa~\x99\x8b\x99\x936\xf5d{\
\xc9[uny\xd7\xfa\xc3\xc7\xae\xcc\x16\xf6\x1e\x93}\
\xb8\xfa\xbclo\x00iH\x00\xec\xa9\xc3\x01\xa7\xea\x8d\
 \xb7\xb0\x86\xc2\xb5R\xb8\xf5\x09>W\xfb9\xd8\x0b\
~=d{\xc9\xbe\xb4uW`\xa4g\xec\x8d\xac\xc3\
\x05\xb9\x1b@\x1a\x12\x00{\xd2r\x98\xcfZ!\x5c\xc7\
\xa9\xa10'\xf3T\x5cs\x907\xd1\xbb\xa7\x5c0\xe4\
\x911\xd9\xafN\x0d\x83\xd9\x1f\xd7\xa0\x97\xedC\xd8;\
\x9e\x1b@\x18\x92\x00\xd8WvV7\x82\xcc-A0\
\x17\x03O\x05\xe9l#N\xe6\xf3Z/\x16\xd6\x9b\x13\
\xb2\xad\x1c\xb6k\xd7\xb0\x97O\xce\xe7\x06\x10\x86$\x00\
\xf6\xe5F\x10\x80\xfb\xd2\x8daX\xde\x04\xd2W\x87\xe0\
T\xf9\xaa\x19 \x15\xd6\xeat\x08\x9a\x12\x00\xfb\xea\xb0\
\xd3v8x\x02\xf3\xeap\x0c3\xf7\xaf)\x01\xb0\xaf\
\x0e\x15@m\x07\xa0\xb2\x0e\x01\xd04\x9c\xa6\x04\xc0\xbe\
2\x99;\x93w+\x1b\xfdm\x06\x00\xaf\xd3\xe1\x18&\
\x006%\x00\xf6V}\xc7\xcd\x04j\xf3\x00\x81\xaa\xaa\
W\x00s\x03\x08M\x09\x80\xbd\x99\x07\x08p\x1f\x1d\xa6\
\xb0\xa8\xfe5&\x00\xf6\xd6a\xe7\x15\x00\x81\x8a\xcc\xff\
ch\x02`o\x1dv^7\x82\x00\x15\x09\x80\x0cM\
\x00\xec-\xb7\xef\xbb\x11\x04\xe0\xf6\xdc\x00\xc2\xd0\x04\xc0\
\xfe\xaa\xef\xc0n\x04\x01*r\x03\x08C\x13\x00\xfb\xeb\
p#\x88\x00\x08T\xe2\x06\x10\x86'\x00\xf6g\x1e \
\xc0m\x99\xff\xc7\xf0\x04\xc0\xfe:\xec\xc4\xee\x04\x06*\
\xe9\xd0\xb5\x10\x00\x9b\x13\x00\xfb\xeb\xf0\x1eG7\x82\x00\
\x95\xa8\x002<\x01p\x0e\xd5'\xf3\xe6j:7\x83\
\x00T\xf0\xf6\xfe\xb3*7\x80L@\x00\x9c\x8360\
\xc0mt8Vu\xe8\x1c\xf1\x0c\x01p\x0e\x1d\x02\xa0\
\x1bA\x80\x0a\xb4\x7f)A\x00\x9c\x83\x0a \xc0m\x08\
\x80\x94\xf0\xe2\xeb\xb7\xf6\xdf\xe8\xee_\xfb\xcf\xaa\xd2\x92\
\xf8\xf5\xee+\xfcL\xe6\x87\xe6F\xa1|\x1e\x9e|\x1f\
V\x8d\x8f\xad\x22?|v\xe6\xe1\xbfsb\xfc\xc72\
~\xd8\x7f\xc2C\xd9^\xaa\xcf\x01|\xb1\xff\xa41\x01\
p\x1e\x1d\x0eJ\xbf\x5c\x86\x93\xee\xbc\xb2\xfd&\xe0\xe5\
\xa6\xa0|>\x0c|\xf7\xb0\x06\xc2|\xe6\x22%\x9f&\
\xd0\xcf\xad\xfa\xc5v.n:T1y\x86\x008\x8f\
\xcf\x97\xf1\xe1\xeekY\xef,\xa3\xc3\x9bMx^\xc2\
^*v9\x11\xad\xa1\xaf\x925\x0cfd\x9b\x15\x0a\
\xe7\x90m\xf5\xcf\xbb\xafe}\xb5\x8c\xf7w_\xe9\xcc\
\x1c\xc0y\xe4DT\x9d\xab\xd2\x9eR\xc9{w\x19\x9f\
-#'\xcfTP\x12\x9a>Y\xc6o\x97Q\xf1\xa1\
\xba\xf9\x9b\xf3\xb7\xe77\xe4\xb7\xe47\xe5\xb7\xe57\xe6\
\xb7z\xacQO\x1d\x8eQ\x1d\xce\x15\x1cA\x00\x9c\x87\
\x00\xc8HR\xe1\xfbx\x19\x09E\x7f_\xc6\xb7\xcb\xf8\
h\x19\x9d\xd7q~[~c~k~s~{\x96\
\x81\xed\xba\x8f\x8a\x17+\x0f\x09\x80\x93\xd0\x02\x9eK\xf5\
\xb9)90\xbd\xb9\xfbJ1k\x95/U\xb1\xb4v\
U\xc0~.\xf3\x08S)L8L\x0b\x8e\x9a\xb2\x0e\
\xdd\x00B\x09\x02\xe0\x5c\x1c\x9c\xb8\xb55\xf4e\x08}\
\xc7I\x18L\x10\xcc\xf8.\xff\x812R\xd9\xad\xbc\x9d\
\xbb\x01d\x22Z\xc0s\xe9\xf0tw\x0f\x84\x1e_\xd6\
\xd1\x1f\x96\xb1\xb6v3\xa1\x5c\xf8;^\x96U\x96\xd9\
\xda*\xce\xb2\xb4\xdd\x8f/\xed\xdf\xea\xdb\xb9\xf6\xefD\
\x04\xc0\xb9\x98\x07\xc8\xb5\xe4\xc4\x97\xbb\xcc\x7f\x5c\xc6\x1f\
\x97!\xf4mc\x0d\x83Y\xa6Y\xb6Y\xc6\x96\xeb\x98\
:\x1c\x9b\x04\xc0\x89\x08\x80s\x11\x00\xd9\xdaa\xb5/\
\x8f\x1a\xea0\x09~TY\xb6Y\xc6\xaa\x82c\x12\x00\
)E\x00\x9cK\xe6\x00V\x977>p\x7f\xef-#\
U\xa9\xb5\xda\xc7m\xadU\xc1\x8c\xcc\xb3\xe4\xfe:\x04\
\xf2\x0e\xe7\x08\x8e$\x00\xce'\x93|+S\x01\xbc\x9f\
\xb4\x1e\x13\xfc\xd2\x8a\xfcr\x19*P\xf7\x97u\x90\xb9\
\x82Y'Y7\xdcO\xf5\x8b\xd3\xbf\xed?\x99\x84\x00\
8\x9f\x0e%~\xc1\xe3\xf6\x12.\xf2\xdc\xba\x04?m\
\xde\xf1d\x9dd\xdd\x08\x82\xf7\xe1\x06\x10\xca\x11\x00\xe7\
\xd3a'\x17@n\xe7\xb0\xe2g\xb9\x8fO\x10\xbc\x0f\
\xf3\xff(G\x00\x9cO\x87\x9d\x5c\x1b\xf8\xfa\x04\xbf\xda\
\x04\xc1\xdb\xeapL2\xffo2\x02\xe0|:\xec\xe4\
\x02\xe0\xf5\xa4\xbd\x9e\x1b\x0b\x04\xbf\x1e\xd6 \x98uj\
\xea\xc4\xf5\xa8\x00R\x8e\x008\xa7\xea7\x82T\x7f\x9b\
\xc9\x88\x12\x14\xf2h\x11A\xa1\xa75\xd8g\x1d\x0b\xf6\
\xdb\xebp\x03H\xde@\xc3D\x04\xc09ux#\x88\
*\xe0v>^Fn\xf0\xf08\x97\xfe\xb2\x8e\xb3\xae\
\xb3\xce\xd9Fn\xfe\xa8\x1e\xaaU\xff&$\x00\xce\xc9\
<@\x22\xcb0a\xe0\x93ex\xbb\xc4<\xb2\xae\xb3\
\xce\xb3\xee\xedG\x97\xd3\xfe\xa5$\x01pN\xe6\x01\xce\
-\x01\xe0\xb3e\x08\x00s[/\x00R\x0dt\x01p\
\xbe\x0eS&\xdc\x002!\x01pN*\x80\xf3\xca\xc9\
*'\xfd\x8f^\xfe\x0b~\xaa\x06\x9a\xfby\x1e\x15@\
J\x12\x00\xe7\x94\xc9\xbe\xd5\x9f\xfa\xeeF\x90\xd3\xa5\xd2\
\x93\x1b\x01\xdc\x04\xc0C\xd9&\xb2m\x98\x1bx:7\
\x80P\x92\x008/U\xc0y\xe4\xe4\x9e\x0aO*=\
\xf0:k5\xd0E\xc2q\xdc\x00BY\x02\xe0\xbc:\
\xec\xf4NR\xcf[\xef\xfa\x14\x969\xd6:7\xd0]\
\xe1\xcf\xd3\xfe\xa5,\x01p^n\x04\xe9-\x95\x89<\
\xf3-\xc3\x04\x7fNe\xfb9\x8e\x1b@(K\x00\x9c\
W\x87\xab>\x93\xd6\x1f\xb7\xce\xe7R\xc1\xe1R\xd9\x86\
\xcc\x1b}Z\x87\xe5\xd2\xe1\xb9\xb0\x9cA\x00\x9cW\x87\
\x1bA\xaaO\xbe\xbe\x86\xf5._\xd5Q\xb6\xb2\xb6\x84\
]p\xbd\xaa\xfa1\xe8\x9f\xcb\x10\x00'%\x00\xce\xad\
z\x15\xb0\xc3\x04\xec-}\xb8\x8cTk\xb4\xec\xd8Z\
\xb6\xa9l[\xd9\xc6\xf8I\xf5\x0b-\xf3\xff&&\x00\
\xce\xad\xc3\xce\xaf\xd2\xb5\x93\xb9Z\x9f\xef\xbe\xc2\xd5d\
\x1b\xcb\xb6\x86\xf9\x7f\x14'\x00\xceM\x00\xaco\xad\xcc\
\x98\xef\xc7\xad\xac\xf3\x02g\xaf4w8\xf6\xa8\x00N\
L\x00\x9c[\x87\x9d\x7f\xe6yIk\xf837\x8b[\
\xcb67{\x08\x14\x00)M\x00\x9c[&\xfff\x12\
pe\xb3\xde\x08\x92\x93\xcf\x8f\xfbO\xb8\x87\xd9\xb7A\
7\x80P\x9a\x00H\xf5+\xc0T f\xbb\x11$'\
\x5c-8F\xb0V\xa1g\x0c\x81\xd5\x7f\xb3\xea\xdf\xe4\
\x04@<\x10\xba\x16\xe1\x8f\xd1\xcc\x18\x02\xdd\x00By\
\x02 \x1d\xae\x02g9\xf1\x08\x7f\x8cj\xb6\x10\xd8\xe1\
w\xaa\x00NN\x00D\x00\xacA\xf8ct3\x85\xc0\
\x0e\xd3N\x04\xc0\xc9\x09\x80\xb8\x11d|\xc2\x1fU\xcc\
\x12\x02\xab\xff>7\x80 \x00\xf2R\xf5+\xc1\x5c\x8d\
w\x0dG\xc2\x1f\xd5\xcc\x10\x02\xdf\xde\x7fV\xa5\xfa\x87\
\x00\xc8Kn\x04\x19\x93\xf0GU\x9dC`\x87\xdf\xe4\
\x06\x10\x04@^\xea\xd0\x0a\xe8\xf60\xe4\xf5\x04*\xfc\
QU\xd7m\xb8C\x00\xd4\xfeE\x00\xe4%7\x82\x8c\
E\xf8\xa3\x8b\x8e\xdbr\x87c\x8d\x160\x02 /u\
\xb8\xa3\xad\xd3\x8d \xdf,\xa3c\xeb\x8c9e[\xce\
6\xddE\x87}s\xb6\x87\xe7\xf3\x08\x01pn\xb9*\
\xcf\x81\xb9\xc3\xc1\xb9\xcb\x8d \x7fX\x86w\xfb\xd2M\
\xb6\xe9l\xdb\x1dT\xbf\x01$\xd6\xe3\xbe.\xc3\xc4\x04\
\xc0y\xfdv\x19y\x8fg>\xbb\xa8~e\xfe\xd12\
\xde\xdf}\x85v\xb2mg\x1b\xaf\xacSe\xbe\xe39\
\x80\x13\x08\x80\xf39\xac\xfau\xbb\xfa\xab\x5c9\xcb\xdf\
\xfe\xd9\xee+\xb4\x95m\xbc\xf2~\xdamjF\xe7\xf3\
\x01\xcf\x10\x00\xe7\xd2\xfd\x8a\xaf\xea\xbc\x96\xfc\xdd9\x00\
\xc3\x0c\xb2\xadW\xdeW;R\x0d\x9c\x90\x008\x87Y\
\xae\xf2*\xde\x08\xb2\xae\x1bW\xdf\xcc\xa2\xf26\xdfy\
~\xee\xba^\x1c\x8f&!\x00\xf67\xd3\x95]\xc5\xf6\
LZb\xdd\xdaJ\xf0\x9cl\xf3\x15\xa7<t\x7f\xed\
d\xa8\x06N\xe2\xc5\xd7o\xed\xbf\xd1M\xae\xe0r\xd7\
\xddl;\xf1;\xcb\xa8\xf2\x94\xfbL\x887\xefo{\
?,\xe3\x1f\xcb\xc8v\x90\x07\xde>|\xe8\xedc\xff\
-\xad\xbd\x87\xed\xbd\xf5\xbf\xa5\xea\x93\xfdi\x86\x93\xff\
\xad}\xb0\x8c/w_\x87\x97m\xe0\xef\xbb\xaf\xd3\xf8\
v\x19YG\xd9\x9fhF\x00\xec)\xa1/\xe1o\xc6\
2~\x95\x00\x98`\xf1\xe7eh\xb5\x9c//\xb4\xcf\
\xba\xceCm\xf3\x99\x93\xd4\xb5\x1fp\x9b\xcaU\xd6Y\
Ba\xbe\xe7\xf3\x8dep\x9e\xac\xb37\x97Q\xe1\xcd\
\x14Y\xd7y\xa8\xf5l\xb2\x8e\x12\x02\x13\x06iD\x00\
\xec%'\xa6\x8f\x97Q\xfdQ\x0b\x97\xf8\xfd2>\xdf\
}\x1dZ\xc2\x9f\xd6\xef\xe9\xbe_F\xc2\xde:F\x90\
`\xb0\x8e\x0e\xcf\x88\xbb\xb5\x84\xf6\x84\xc0\xd1\xcd\x1a\x00\
W9\xae~\xba\x0c\xd5\xc0&\xcc\x01\xec#\x07\xa7\x84\
\x8a\x99\xc3_T\xa8\xa8}\xb2\x0c\xe1\xef8\xa9\xf2}\
\xb5\x8c\xdf-\xe3\xc52\xb2\x9dg\xf9\x8d\x12\xfe\x22\x7f\
K\xfe\xa6\xfcm\xf9\x1b\xf3\xb7\xe6o\xce\xdf\xce\xf3\xb2\
/d\xf9\x8d.\xebwf9\xb7\xe4\x1c3\xfbrh\
C\x00\xac/\x81'\xf3\xc8re\xfap\x0e\x13\xe3\xc9\
\xc13UZ^\xef\xbbe\xa4\xed\x94m:\x0f\x10\xae\
\xd4~\xca\xdf\x9a\xbf9\x7f{~C~\x0b\xaf\x97}\
b\xf4`Q\xa1M}m\xd9\xa6s\xae\xc99\xc7\xf4\
\x95\xe2\x04\xc0\xdar\xc0T\xf5\xab#\x07\xcc.\xaf\xc3\
\xba\x86\xbf-#-\xfc_/#\xf3Xss@\xe5\
vS\xfe\xf6\xfc\x86\xfc\x96\xfc\xa6\xfc\xb6\xfcF\x1e7\
\xfa\xbce\x01\xf0'\xaa\x81\x0d\x08\x805\xa9\xfa\xd5\x94\
6\x97\xf5\xf5\xaa\x84\xa2\xb5\xda\x97yF\x1dO\xb4\xf9\
M\xf9mkUP\x10|U\x96\x8d\x8b\xd9:\xb2\xbe\
T\x03\x0b\x13\x00\xebQ\xf5{\xbd\x91\xe6\x86\x1d\xca<\
\xa7\x0fw_\xd9\xcb\x0d\x1d\x99/\x97\x13I\x95G\x81\
l!\xbfu\x0d\x82Y\x06\xfc$\xad\xe0Q\xe7\xc7\xba\
\xf9\xe1q\xaa\x81E\x09\x80u\xa8\xfa\x1d\xe7\xda\x8f\x01\
9\x97\xd6\xefO\x12z\xf2\xb8\x9e\x9c0f~\xb4D\
\x82`\x96A\x96\x85 \xf8\x93Q\xf7\x95Q\x8f-#\
P\x0d,H\x00\xacA\xd5\xef8\xb9\xebr\xc4\xabt\
w\xfd\xeed\xfd\xa4\xea\x95\xedy\xd4J\xed=dY\
d\x99d\xd9\xb8sx\xec\xbb\x82\xf3\x90q\x9e\xa6\x1a\
X\x88\x0086U\xbf\xd3\x8c\x18*\xb2\xde\xb4~\x7f\
\xf1\x8b/\x96\x91e1S\xab\xf7Tkk8\x8f\x90\
\x99]\xf6\x99\x11+I\xaa\x80\xcf;\xac\x0620\x01\
p\x5c\xb9\x0a\xceN\xa4\xeaw\xbc\x11\xdb\x89\xa9d\xcc\
\xdc\x12I\xc5$-\xcel\xc7\xe6P=/\xcb(\x8f\
\x90\xc92\x9b\xb9\xda\x94}f\xc4\x07\xba{\x1b\xc6\xf1\
\xd6j\xa0\xee\xc7\xa0\x04\xc01e\x22\xb4\x1d\xe7t\xa3\
\x1d\x9c\xd3\x06yo\xf7uJy\xecI\xb6a\xed\xde\
\xd3e\x99e\xd9e\x19\xce*\xfb\xceh\xad\xc4\x1cc\
\xb4\xe9\x8f\x97m8\xe72\xcf>\x1d\x90\x008\x96u\
g\xa9\xf0T\xfc\xd1\xe4a\xbb\xa3U\x98f=\xe8\xe5\
\x11'y\xb5W\x85W\xf2\x8d.\xcb0\xcbr\xd6\xc7\
\xc6\x8c\xb8\x0f\xa9\x02\x9e.\xe74E\x8d\xc1\x08\x80\xe3\
P\xf5\xbb\xccha#m\xbc\x19'B'\x88g\x1b\
6Wj;Y\x96Y\xa63\xbeQ$\xfbP\xf6\xa5\
\x91\xb8@?\xcfZ\xe0P\x0d\x1c\x84\x00x\x7f\xebN\
\xe1\xa0r\xbe<Bc\xb46\xe3\x8c\x07\xb9\xb4+\xf3\
\xd6\x0bs\xfd\xb6\x97e\x9ae;cKx\xb4})\
\x0f\xf5v\xa3\xce\xf9T\x03\x07!\x00\xde\x97\xaa\xdf6\
F\x0b\xcf\xeb{`g\x919QZ\xbe\xb7\xb1\xb6\x84\
g\x9a\x87\x96}I\x15\xb0\x17\xd5\xc0\x01\x08\x80\xf7\xa1\
\xea\xb7\x9dO\x97\xa1\xfaw?\xb9S5m:-\xdf\
\xdb\xc9\xb2\xce2\x9f\xe9.\xe1\x11\xab\x803\xdf\xa0\xb3\
\x15\xd5\xc0;\x12\x00oO\xd5o;9\x01\xaa\xfe\xdd\
\x8f\xf0w?\xb3\x85\xc0\x11\xab\x80\xa9\xc6z\x83\xcb\xe5\
T\x03\xef\xe4\xc5\xd7o\xed\xbfqm\xd9\xc8\xf3\x8a#\
\xc1o\x1bi\x81\x8d\x16>\xf2\xec\xb2\x1c\xc8f\x08\x80\
k\xf83\xdf\xef\xbe\xb2\xcd\xa5\x02\xfe\x9b\x97\xff\xea-\
U\xb7_\xef\xbe\x0e#\xfbz\x8eAo\xbc\xfc\x17\x97\
\xca\xb2\xcc\x1bq\x5cT\xde\x80\x0a\xe0m\xe4\xa9\xf6\xaa\
~\xdb\x191\xfcE&\xe9\xcf\x10\xfe2\x01>\xdb\xb2\
\xf0w\x7fY\x07Y\x173\xdc\x940b\x150\xa14\
\xc7\x22\xcf\x06\xdcF\xb6\xe5\xbc\x00\xc1\xdb\x93n@\x05\
\xf0\xbar\xc0J\xd5/\x07\x08\xb6\x93\xb7$\x8c\xf8p\
\xe1\x1f\x97\xd1=\x00&h\x8cv\x12f'\xaf\x92\xeb\
\xfe\xe0\xf1\x11\xab\x80\x91\xe0\x92c\x92J\xe0v\xb2<\
S\x0d\xcc:\xe7\x0aT\x00\xafg\xad\xfa\x09\x7f\xdb\xc9\
U\xf6\xa8\xe1o\x86\xb9\x7fi\xfb\x0a\x7f\xe3\xca\xab\xb7\
\xba\xcf\x09\xcc>\x96J\xfbh\xd2\x8d\xc8\xb1~\xd6\x07\
v_C\x96g\xce\xa1\xaa\x81W\x22\x00n/\x07\xa8\
\x94\xb03Ax\xe6w\xc0n-'\xb6\xf5*{D\
\xdd+/\xeb\x9c?\xc6\x95vp\xd6Q\xf7\x108j\
 H\x08\xcc1\xca\x8d!\xdbY\xdf\x09\x9dsj\xf7\
\x0b\xec\x9b\x13\x00\xb7\xa5\xeaw\x1d_,#\x07\xd6Q\
[\x01Y\xdf\x9d\xd7\xf9\x1a\xfe\xcc\xf9\x1b\xdf\x1a\x02;\
W\xa2F\xde\xdf\xd6\xe5\x9f\xc7S\xb1\x9d,S\xd5\xc0\
\x8d\x09\x80\xdbP\xf5\xbb\x8e\x9c\xc4\xd2\xf2Mkkd\
\x9d\xdb\xa2i\xbb\xe7\xf7\x09\x7fud]\xa5M\xda\xf9\
\xc6\x84\xd1\xf7\xb9<\x9e*\x0f\xec\xee^\x8d\xbd%\xd5\
\xc0\x8d\x09\x80\x97S\xf5\xbb\x8e\xb5\xea7j\xcbw\x95\
\x83R\xe7\xf6o\xb6k\x8fd\xa8g\x9d\x93\xd6U\xf6\
\xb9\xd1/\xb6\xd7\x96\xb0j\xe0\xb6T\x037\x22\x00\x9e\
O\xd5\xef:\x0e\xab~\x15\xaaN\x9d\xab\x7fy\xd3\x81\
\xf0WW\xd6]\xe7\xb7UT\xd9\xf7T\x03\xb7\xa7\x1a\
\xb8\x01\x01\xf0<\xaa~\xd7Q\xa5\xeaw\xa8\xebU\xe8\
w\xcb\xc8\x01\x96\xda\xb2\x0e\xb3.;\xaa\xb4\xef\xa9\x06\
^\x87j\xe0\x05<\x07\xf04\xb9\xea\xf8f\x19\x82\xdf\
\xb6R\xf5\xcb\xd5|\xa5\xe0\x17\xd9\x0er\x05\xdaM\xd6\
GNV\xe6\xfd\xf5\x90\xe3V\x02\xc8\xaf^\xfe\xab\x97\
Q\x1f\x0b\xf5:9n\xe4\x99\x8d\x1d\xd7\xc7=}\xbb\
\x8c<7\xd0q\xebH*\x80\xc7\xcb\xa4\xea<\xe8W\
\xf8\xdbV\xc5\xaa\xdf\xaak\xfb7\xdb\xba\x83h\x1f\xeb\
M!\x1dU\xdc\x07s\xac\xcb1/\xc7>\xb6\xb3\x9e\
\xa3\xbbn\xeb\x9b\x13\x00\x9f\xb7V\xfd2\xcc\xf5\xdbN\
\xeeP\xfc\xdd2\xaa\xcc\xf5{\xcc\xbb\xfb\xcfN\xcc\xfb\
\xeb\xa9\xeb|\xc0\xaa\xfb`\x8ey9\xf6\xa5\x82\xd9\xf9\
\x91=\xb7\xe6|}\x02\x01\xf0\xf5\x5cQ\x5cG\xe6$\
e\xe2nJ\xf6Ue\x9b\xe8v\x80\xc9$u\xf3\xfe\
\xfa\xca\xba\xedv#B\xf6\xc1\xca\xc7g\xd5\xc0\xebp\
\xee>\x82\x00\xf88W\x11\xd7\xb1V\xfd\xb2SVo\
1v<\xb0\x8c\xfe\xbcE.\xd7q\x1dW\xdf\x17U\
\x03\xaf\xc3y\xfc\x19\x02\xe0\xab\x5c9\x5cG\x87\xaa\xdf\
*\x07\x93n\xed\xdfT *\xce\xc3\xe44Y\xc7_\
\xed\xbe\xb6\xd1e_T\x0d\xbc\x0e\xe7\xf4'\x08\x80?\
q\xb5p\x1d\x9d\xaa~\xab\xfc\x96N\xdbH\xd6Q\x9e\
U\xc6\x1cRm\xea\xf4\x96\x90\xec\x8b]N\xee\xaa\x81\
\xd7\xe1\xfc\xfe\x08\x01p\xc7\x15\xc2ut\xaa\xfa\x1d\xea\
\xb6\x9d\xe4\x84\xd3%\x9c\xf3\xbc5dt\xd2\xed\x8e|\
\xd5\xc0\xebp\xae?0\xfbs\x00s%\xf0\x87e\xd8\
\x18\xb6\x95\xeaB\x0e\xc8\xdd\x82\xdf\xea\xef\xcb\xe8r\x15\
\xf9\xfd2<\xdahN\x09\x19o\xef\xbe\x96\x97P\xfb\
\xcb\xdd\xd7vr~\xcas\x03\xdfx\xf9/\xb62\xfd\
s\x03g\xae\x00\xba\x12\xb8\x8e\xaeU\xbfU\xc2R\xa7\
\x16\x82\xd6\xef\xbc:\xad\xfb\xec\x93\xa9\x98u\x94ci\
\x8e\xa9]\xdf\xe8r/k\x06\x98\xf6\x02x\xc6\x00\x98\
\x03\xc5g\xcb0\x17`[\x1d\xe7\xfa=\xa6\xd3\x05C\
\xaa\x7fn\xfc\x98W\xd6}\xb6\x81.:_\xcc\xe7\x98\
\x9a\xdf\x97cl\xa7\xf9\x9b\xf7\x96\x0c\x90\xb79%\x13\
L\x97\x07f\x0b\x80I\xfayo`\xb7\xf9/\xf7\x96\
\x93H\xe7\xaa\xdf\xa1.-\xb3H[\x89\xb9u\xda\x06\
:>\x98\xfd!\xd5\xc0\xebH&\x98\xee\xfd\xfe\xb3\x04\
\xc0\xb5\xea\x97\xa4\x9f\x9d\x87m\xe4J4o\x17\xc8N\
3\xc3<\x8alG]\xdaL\xb9\xc3P\x00$\xdb@\
\x97\xbbM\xb3o\xceP\xc5Q\x0d\xbc\x8ed\x83\xa9\xaa\
\x813\x04@U\xbf\xebH\xd5/\x07\xdc\x99\xde\x1c\xd1\
\xe9\xea\xd0\xdc?V\x9d\xb6\x85\x99*8\xaa\x81\xd71\
M5\xb0s\x00T\xf5\xbb\x8e\xc3\xaa\xdf_\xf3\x1f&\
\xd2\xe5\x80\xa0\xfa\xc7\xa1NU\xc0\x99\x02`\xa8\x06^\
\xc7\x14\xd5\xc0\xae\x010\x07\x01U\xbf\xed\xcdX\xf5;\
\xd4e\xfe\x9f\xf7\xfd\xf2P\x97m\xa2\xd3\x1c\xddS\xa8\
\x06^G\xebj`\xb7\x00\xa8\xeaw\x1d3W\xfd\x0e\
u\x99\xff7\xc3\xcd:\x9c\xa6\xcb6\xd1e\x1f=\x87\
j\xe0u\xb4\xad\x06v\x0a\x80\xaa~\xd71{\xd5o\
\xd5\xe5\x0a0\x15\x82\x99C<\x8f\xcb6\xd1\xa5z\xd4\
\xb2Zs\x82\x84\xf9\x1c\xb3;=\xe2g\x04\xed\xaa\x81\
\x1d\x02\xa0\xaa\xdfu\xa8\xfa\xfd\x5c\x97\x9d^\xf5\x8f\xa7\
t\xd96f\x0f\x80\x91cv\x96C\x8e\xe1\xaa\x81\xdb\
9\xac\x06\x96W=\x00\xe6*'+C\xd5o[\xaa\
~\xaf\xeapR\xc9\x89@\x00\xe4)\xd96:\x84\x85\
\x99\xdb\xc0\x0f\xe5\x18\xae\x1a\xb8\xbd\xb5\x1aXz[\xab\
\x1c\x00?^F\xf9\x150\xa0O\x97\xa1\xea\xf7\xaa_\
\xed?+\xcb\x09~\x86\xe75r\x9el\x1b\x1d.\x10\
~\xb3\xffdG5\xf0:\x92=\x92A\x92EJ\xaa\
\x18\x00\xd7\x85\xee9f\xdb\xfaa\x19o.\xc3r}\
\x5c\x87\xe9\x05\xaa\x7f<\xa7\xc36b*\xd0\xe3T\x03\
\xaf#\xe7\xcc\x92\xc5\xa8j\x01P\xd5\xef:R\xf5\xcb\
2\xfd\xcb\xcb\x7f\xf1P\x979E\x02 \xcf\xe9\xb2\x8d\
t\xd9g\xb7\xa6\x1ax\x1dka\xaaT5\xb0J\x00\
\xcc\x15\x9d\xaa\xdf\xf6T\xfd\x8e\xd3\xe1\x82\xc3U?\xc7\
\xea\xb0\xad(\x12\xbc\x9ej\xe0u\xac\xd5\xc0\x12U\xe8\
\x0a\x010\xcf5R\xf5\xdb\x9e\xaa\xdf\xf1:\xb4\x94\xfe\
\xb4\xff\x84\xe7t\xd8V\xb4\x81\x9f\xa7\x1ax\x1d9\xaf\
&\xb3$\xbb\x0cm\xf4\x00\xf8\xfe2\xbeYF\xdbW\
\xb1\xdc\x81\xaa\xdf\xe9:\x5c|\x08\x80\x1c\xab\xc3\xb6\xa2\
`p\xbcT\x03\x13\x04sn`\x1b\xc9,\xc9.\xc9\
0\xc3\x1a9\x00f\xc1\xfda\xf7\x95\x8d\xa8\xfa\x9d\xe7\
\x8d\xfdgU\xb9\xba\x17\x009V\x87m\xa5\xfa>{\
k9'\xe4\xdc\x90s\x04\xdbI\x86\x196\x04\x8e\x1a\
\x00s5\x22\xfcmG\xd5\xef2\xd5\xab\x09\xc2\x1f\xa7\
\xaa\xfeV\x10\x15\xc0\xf3\xe4\x1c\x91s\x85j\xe0v\x92\
e\x86l\x07\x8f\x18\x003w#\xa5S\xb6\xa1\xeaw\
\x99\x0e\xd3\x0f\xac{N\xd5a\x9b1u\xe8<\xaa\x81\
\xdbK\x08\x1c\xee\xa2d\xc4\x00h\xce\xdf6\xfe\xb6\x0c\
U\xbf\xcbu\xa8$\xa8\x00r*\xf3\x00Q\x0d\xdcN\
2\xcdp]\xcd\xd1\x02`^\xafb\xa7\xbd\xdc\x17\xcb\
\xc8rT\xf9\xb9\x5c\x87\x8b\x11o\xff\xe0T\x1d\xb6\x19\
\x85\x84\xcb\xa9\x06n'\xcbq\xa8\xd7\xd6\x8e\x14\x00\xb3\
\xb3\x96}\xa5\xca R\xf5{g\x19\xd9\xc8\x9c\xf4\xb7\
\xd1\xe1\x82\xc4\x85\x00\xa7\xea\xb0\xcd(&lG5p\
\x1b\xc98\xc3\x5c\x98\x8c\x14\x00\x13Z\x5c\xb1\x9do\xad\
\xfai\xf7q\xc8\x01\x9bs\xd9v8\xa4\x1ax\xb9d\
\x9ca\xaa\x80\xa3\x04\xc0,\x94\x0fw_9\x91\xaa\x1f\
\xafc\x9b\xe0\x5c\xb6\x1d\x1e\xa3\x1ax\x99d\x9d!\x8a\
]\xa3\x04\xc0<'G\xf5\xeft\xaa~\xd7W\xfd\x9d\
\xa2\xb6\x0d\xceU}\xdb\xa9\xbe\xef\x8e,\xd5\xc0,\xdf\
\x9c\x838M\xb2\xce\x10\xcf\x06\x1c%\x00\x0e\xff\xca\x94\
\xc1\xa8\xfaq\xac\xbc\xee\x09\xce\xe1\xd8\xc2\xebd\xfb\xc8\
9(\xe7\xa2\x9c\x938\xde\x10\x99g\x84\x00\x984\xfc\
\xf6\xee+GP\xf5\xe3\x14\x02 \xe7r\xf3\x10\xc7\xc8\
\xb9(\xe7$\xd5\xc0\xe3%\xf3\xdc\xbd\xeb9B\x00T\
\xa6?\x8e\xaa\xdf}x\xa5\x14\xc0\xeb\xa9\x06\x9e\xee\xee\
\xd9g\x84\x00\x98+\x07^\xef\xabe\xa8\xfa\xdd\x87\xed\
\x13j\xfa\xcd\xfe\x93\xdbQ\x0d<\xde\xdd\xcf-*\x80\
c\xcbK\xfc\x7f\xb7\x8cL\x18U\xf5\x038\x9e\x1b\x0b\
\xefC5\xf08*\x80<)/c\xcf{\x91\xbf}\
\xf9/8\x8f9\x80\x9c\xcb\xb6\xc3%T\x03\x07\xf7\xe2\
\xeb\xb7\xf6\xdf\xee\xe7_\xfbOvR\xf5K\xc5O\xf0\
\x1bC\xf5\xed\xf3\xc5\xfe\x13\xcea\xfbg\x0b\xa9v}\
\xb9\x8c_\xbd\xfc\x17\xab\xbbn\x9f*\x80cQ\xf5\x03\
\xa0\x9b\xb5\x1a\x98s\x1c\x83\x10\x00\xc7\xa2\x1a\x0a@G\
\x99\x1b\xf8\xc7\xfd'\x03\x10\x00\xc7\x92\x87C\xfe\xb8\xff\
\x04\x80\x0e\xd2\xd9J\xf8\xfb|\x19n\xce\x19\xc4\x08\x01\
\xf0\xfb\xfd';\xd99\xbe\xd9\x0f;\x0a\x97\xca\x81\x17\
\xcea\xdba\x0by\xf7\xed\x9f\x97\xe1\x89\x1f?w\xf7\
\xec\xa3\x028.\xd5@\xb6\xe0$\xce\xb9l;\x5cB\
\xd5op#\x04@\x0f7~\xdaZ\x0d\xfc\xc3\xfe;\
\x00\x8cN\xd5\xefyw\xcf>#\x04@\xef\x9b|^\
\x1e\x0bcg\xba\x8f\x1f\xf6\x9f@-\xa6\x17\xdd\x9e\xaa\
\xdf\xf1\xee\x9e}T\x00\xebXw\xac\xcf\x96a\xc7\xba\
\x1dw\xac\x01<O\xa1\xe24*\x80\x8b\x9c`]\xa9\
\x1d/\xaf\xd8\xb1\x93q,\xf3\xb88\x97\xf7`s\x0c\
S\x95N\x97\xe7!\xde\xbd\xb80\xcaM \x1e||\
\x1a\xd5@\x8e%\x00r.\xc7\x16\x9e\xe3f\xc5\xf3\x0c\
\xd1\xf9\x1c%\x00\xe6\x151y\x05\x1a\xa7Q\x0d\xbc\xbe\
\xeasTm\x1b\x9c\xab\xfa\xb6cz\xd1\xf5\xacU?\
\x8f+;]\xb2N2\xcf\xdd\x8d\x12\x00S\x0a\xcd\xa4\
QN\xa7\x1ax]\xd5\xe7\x00\xbe\xb1\xff\x84S\xd9v\
x\x8c\xaa\xdfe\x92u\x868\xaf\x8c\x12\x00#\x0bE\
\x15\xf0|\xaa\x81<\xc6<.\xcee\xdb\xe1\x90\xaa\xdf\
\xe5\x92q\x86)v\x8d\x14\x00\x93\x88?\xd9}\xe5L\
\x87\xd5@\xb6\xd1\xe11EN\xe4\x9c\xaa\xc36\xe3\x11\
c\xdbQ\xf5\xdbF2\xce0]\xa5\x91\x02`$\x19\
{\xee\xda\xe5\xd6j\xa0\x13\xff\xe5\xaa\xb7\x80\xc3\xd5:\
\xa7\xea\xb0\xcdt\xd8w\xefM\xd5o;y\xda\xc9P\
S\xddF\x0b\x80\x91+\x0c\xad\xe0\xcb%\xfc%\x04~\
\xfc\xf2_\x9c\xabC\x15\xc1\xb4\x00N\xd5a\x9bQ\x01\
\xbc\x8c\xaa\xdfv\x92i\xf2\x9c\xc4\xa1\x8c\x18\x00\xff\xba\
\x0c\x1b\xdcvRrV\x0d<_\x87*\x82u\xcf\xa9\
:l3*\x80\xe7I\xa5/\xd3\x88T\xfd\xb6\x93L\
\x93l3\x94\x11\x03`\xe4\xf6\xfd\x0fv_\xd9\x80j\
\xe0e\xaaOKx{\xff\x09\xc7zw\xffY\x95\xa9\
D\xe7I\xe57\xe7\x8aL#b\x1b\xc92C>\x92\
h\xd4\x00\x18yN\x8e\x10\xb8-\xd5\xc0\xf3T\xaf$\
\xe4*^\x1b\x98cu\xd8VT\xffN\xb3V\xfdr\
\x13\xa1\x87\xc7o'\x19f\x88g\xfe=f\xe4\x00\x18\
Yp\xef,\xc3\x9c\xc0\xed\xa8\x06\x9e\xce<@fb\
\xfe\xdf\x5cT\xfd\xb6\x97\xcc\x92\xec2l\xf8\x8b\xd1\x03\
`\xa4t\x9a\xd0\xa2\xa4\xbf-\xd5\xc0\xe3\x0d7w\xe3\
\x0c\x02 \xc7\x12\x00\xe7\xa0\xeaw\x1d\xc9*9\xaf\x0e\
\xff&\x9a\x0a\x010r\x02\xce\x02\xfd\xf4\xe5\xbf\xd8\x8a\
j\xe0q:\x9cL\xcc\x03\xe4X\x1d\xb6\x95\x0e\x17m\
\xd7\xa4\xeaw\x1d\xc9(9\xaf\x96\xd8\xfe\xaa\x04\xc0U\
\xaaVo.C5p[k5\xd0U\xe0\xe3\xba\xbc\
S\xd4\xdd\xf5<\xa7\xcb6\xd2e\x9f\xdd\x9a\xaa\xdfu\
$\x93$\x9b\xe4\x5cZF\xb5\x00\x18\xa9\xc6\xa8\x06n\
o\xad\x06~\xf8\xf2_<\xf4\xb7\xfdge\x02 \xcf\
\xe9\xb0\x8dt\xd8W\xafA\xd5\xef:\xd6\xaa_\xb9N\
Q\xc5\x00\xb8R\x0d\xdc^\xae\x0e\xf3\xa4rW\x87\xaf\
\xea\xd0\x06\xce\xa3=\xb2\x8e\xe11\xd96\xaa?\xfe%\
\xcc\xff{\x95\xaa\xdf\xf6JV\xfd\x0eU\x0e\x80\xb1V\
\x03\xbfx\xf9/\xb6\xb2^)\xaa\x06\xfe\xa4\xc3I%\
'xU@\x9e\x92m\xa3\xc3\x05\x82\x00\xf8\x93\xb5\xb3\
\xa3\xea\xb7\xad\xb2U\xbfC\xd5\x03\xe0*\x1bwn\xb9\
V\xfa\xdf\x8ej\xe0\xcf\x99\x07Hw]\xb6\x0d\xf3\xff\
vrs_\xc2_\x82\x0a\xdbH\xc6H\xd6([\xf5\
;\xf4\xe2\xeb\xb7\xf6\xdfzHh\xc9\x8aQ\xb9\xdaV\
\x1e\xaa\x9a\xe5:{\xa5\xf5_\xfb\xcf\xea~\xbd\x0cw\
Ir(\x17yy\xefk\x07/\xf6\x9f\xb3J\xe0\xfb\
\xc3\xfe\x93\xed\xe4\xfc\x97\xf3`\x9b\x87\x8cw\xa9\x00\xae\
\xb2bT\x03\xb7\xa7\x1a\xb8\xd3e\xbe\xa9* \x0fu\
\xd9&f\x9f\x13\xae\xea\xb7\xbd\xb5\xea\x97l\xd1\xea\x0d\
3\xdd\x02\xe0*-\x80\xec\x00\xe6\x06nk\xf6\xb9\x81\
]ZK*\xe4<\xd4e\x9b\x98\xb5\xfd\x9b\xf3]\x8e\
\xcd-Z\x93\x03I\x86\xc8\xb2m\xb9]u\x0d\x80\xa1\
\x1ax\x1d3W\x03\xbb\x1c\x04\xb2\xde\xde\xdf}\x85\x97\
\xdbB\x97}y\xc6\x00\xa8\xea\xb7\xbd\xb6U\xbfC\xdd\
\xe6\x00>\xc5\xdc\xc0\xeb\xc8\x8e\x91\x97]\x7f\xfb\xf2_\
\xfde;\xfa\xfb\xeeky\x99\x03\x98\xb9\x80\x90\xb9\x7f\
]\x02\xe0/\x97\xd1\xf6\x84\xfd@\x02\x9f\xb9~\xdbk\
7\xd7\xef)\x9d+\x80\x87T\x03\xaf#\x81\xe8\x9b\xfd\
\xc8\xf7\xee\xb2\x1du\x99c\xa4\x0aHt\xaa\xfee\xdf\
\x9c%\xfc\xa9\xfamo\x8a\xaa\xdf\xa1Y\x02\xe0*\xed\
\x81\xec0\xe6\x06n+\x13\xc8SE\x98\xe1\xe6\x82N\
\xd5\xce\xf7\xf6\x9f\xcc\xab\xd360C'\x22a=\xd3\
o\xcc\xf5\xdbV\xeb\xb9~O\x99-\x00\xc6a5\xf0\
\x9f\xf9\x0flb\x96j`\xa7\x03Dn\xea\xc9`N\
\xdd\xd6\x7f\xf7\x00\x98)L\xa9\xfa\xd9g\xb73]\xd5\
\xef\xd0\x8c\x01p\x95\x13y\xae\xa6\xbe{\xf9/\xb6\xd2\
\xbd\x1a\x98\xed\xa6\xd3\x85CZI\xcc\xa9\xd3\xba\xcf>\
\xd9\xf5\x0d k\xd5/7\xdf\xcd0\xd5\xe6Vr\xee\
\x9f\xae\xeawh\xe6\x00\x18I\xfc\x09*\xbf[\x86j\
\xe0v\xbaW\x03\xbbU\x01\xcd\x05\x9cO\xd6\xb9\xea\xdf\
\xf8T\xfd\xb6\x97s}\xce\xf99\xf7OW\xf5;4\
{\x00\x5c\xe5\xe0\xa1\x1a\xb8\xbd\xae\xd5\xc0n'\x9b\xbc\
(^ea\x1eY\xd7Y\xe7\x9dt\xdb'U\xfd\xae\
#\xe7\xf8,\xdb\xee\xd3\x05\x8e\x22\x00\xfeD5\xf0:\
:V\x03s\xf0\xe8\xb4\x8dd\xbd\x98T>\x8fn\xa1\
\x22\xfbb\xa7\x13\xba\xaa\xdf\xf6T\xfd\x1e!\x00\xbe*\
\x07\x12\xd5\xc0\xed\xad\xd5\xc0\x0e\x07\xb5\x1c@\xba]A\
\xe6\xa4\xe3\x84\xd3_\xd6q\xb7\xbb\xbf\xbb\xec\x8b\xaa~\
\xd7\xa1\xea\xf7\x04\x01\xf0q\xaa\x81\xd7\x91\x83Z\x0ep\
\x1dZ\x8e\x1d\x0f&\xdd\xda\x82\xbc\xaa\xe3:\xee\xb0/\
\xaa\xfamO\xd5\xef\x19\x02\xe0\xeb\xe5\xc0\xa2\x1a\xb8\xbd\
\xdcr_\xfd`\x97m\xa3\xdb\xc5A\xee\x88\xcb\xba\xa1\
\xa7\xac\xdbn\x0f\x0e\xae\xde\xfe]/\x8aU\xfd\xb6\xa5\
\xeaw\x04\x01\xf0y\xaa\x81\xd7\xb1\xb6;*W\x03;\
\x1e\x5c\xb2>\xba\x85\x04v\xebT\xf5o,\x9d\xa6\xc5\
\x8cB\xd5\xef\x04\x02\xe0\xf1r\xa0Q\x0d\xdc^\xe5j\
\xe0\x97\xfb\xcfn\xba?\xcc{6Y\x97Y\xa7\x1dU\
\xdc\x07\xd7\xf5a?\xdb\x96\xaa\xdf\x89\x04\xc0\xd3\xac\xd5\
\xc0\xdf/C5p;U\xab\x81y\x1e`\xc7wK\
g}\xe4%\xf3\xf4\x90u\x99u\xdaM\xf6\xbdj\xcf\
\xe4\x5c\xab~\xf9d\x1b9\x17\x7f\xb0\x0cU\xbf\x13\x09\
\x80\xe7\xc9|\x8d\xb4T\xbe\x7f\xf9/\xb6R\xb1\x1a\x98\
m\xa1\xa3\x1cL\xcd\x07\xac/\xeb\xb0k\xd8\xa8\xb4\xef\
\xa9\xfa]G\xce\xc19\x17w\xed\xc6\x5c\xd5\x8b\xaf\xdf\
\xda\x7f\xe3\x5c9\xc0\xe6\x19jo\xbc\xfc\x17[\xc9\xc1\
\xfd\xd3e\x8c~E\x97\x83\xf9\xdfw_[zs\x19\
]_\xb1\xd5]N\x8c\xb9\xa0\xea\xea\x97\xcb\xa8P\xf1\
I\x00O\x15V\xf0\xdbN\xaa~9\xefv\xbd\x00\xbf\
\x09\x15\xc0\xcb\xa9\x06^G\x95j`N@_\xed\xbe\
\xb6\x94\xd6|\xb6oj\xc9:\xcb\xba\xeb*\xfb\x5c\x85\
\x8bCU\xbf\xed\xadU?\xe1\xefB\x02\xe06\xfe\xba\
\x8c\x04\x15s\x03\xb7\xb5\xce\x0d\x1c\xfd\xa5\xf5\x9d\xdb\x0f\
9q\xa9^\xd4\xb2\x06\x8f\xce\xebl\xf4}.U?\
s\xfd\xb6\x95sk\xce\xb19\xd7\xe6\x9c\xcb\x85\x04\xc0\
m\xa9\x06^GJ\xfd\xa9\x06\x8ezB\xcbD\xf4\xce\
\xeb|\xad&\x09\x81\xe3\xcb:\xca\xba\xeax\xd3\xc7*\
\xfb\xda\xc87\x7f\xe4f6U\xbfm\xa9\xfa]\x81\x00\
\xb8=\xd5\xc0\xeb\xc8\xce?\xf23\xb3\xba\x1f\x98\xd6\x10\
\xc8\xb8\xd6\xf0\x97u\xd5\xd9\xa8\xfb\xda\xba\xfc\xdd<\xb5\
\x1dU\xbf+\x12\x00\xafG5p{\xeb\x01v\xc4\xb6\
J\x9e=\xd5\xf1\x910\x87\xb2={<\xcc\xb8fx\
\x88w\xf6\xb1\x11\x9f\xf3\x96cS\xd5\xe7\x99\x8eJ\xd5\
\xef\xca\x04\xc0\xebR\x0d\xbc\x8e\x84\x90\x11OtiU\
w\xf7\xfe2\x84\xc0\xb1$|d\x9dd\xddt7\xe2\
>\xb6^\x98vn\xbb\xdf\x92\xaa\xdf\x8dx\x0c\xcc\xed\
$\xb0d\xe2\xf2o^\xfe\x8bK\xe5\x0e\xc0w\x961\
\xda#Jr\xc0\xfa\xd5\xeekkY\xeeY\xfe\x15\x1e\
\xc3\xd1\xd9\x1a>\xbaW\xfe\x22\xd5\xbf\xd1B\xd6L\xcb\
\xff\x16~XF:<\x82\xdf\x0d\xa8\x00\xdeNN\x98\
9H\xe4\xd9v\x5cn\xadz\xe4s$3T\x01#\
\xdbrN|\xa3-\xff\x99\xcc\x16>F\xdc\xb7\xf27\
\x09\x7f\xdb\xc8\xb91\xcbR\xf8\xbb\x11\x01\xf0\xf6r\xc0\
\xc8\xc3us\xa5\xc3er\xb0\x18\xed\xa4\x90*o\xf7\
\xb9\x80\xab5\x04:\x01\xde^\x96y\xe6\x9c\xcd\xb2\xec\
\xb3O\x8d\xf6\xe8\x97T\xaa>\xdc}\xe5\x029\x17\xe6\
\x9c8\xcb\xc5\xf30\x04\xc0\xfbP\x0d\xdcN\x0e\xc0\xa3\
M\xbc\x9e\xe9@&\x04\xde\xde\xba\xccg\x9as6\xda\
>\xb5v \xb8\xccZ\xf5\xf3\xb6\xa1;\x10\x00\xefK\
5p\x1b\xa3=(z\xa6*`\xe4d\x98j\x94j\
\xc8\xf5e\x19\x8f\xfcL\xcck\x18\xb1\xfa\x97G\xbd\x98\
\xfep>U\xbf\x01\x08\x80\xf7\xa7\x1ax\xb9T\x00U\
\x01\xef/\x8fk\xf0\x00\xdc\xeb\xc82\xcd\xb2\x9d\xf1\x91\
\x18#V\xff\x5c\xec\x9cO\xd5o\x10\x02\xe08T\x03\
/3b\x15p\xc6g@f^\xd4Ls\xd3n!\
\xcb2\xcbt\xc6\xd7\x8ae\x1fR\xfd\xebA\xd5o0\
\x02\xe0XT\x03\xcf\x97\x0a\xe0hs\xa2f=\xd0e\
=h\x09ocm\xf9\xce\xfa\x8c\xb9\x11\xf7\xa1\xf7\xf6\
\x9f\x1cO\xd5o@\x02\xe0\x98T\x03\xcf3Z\x85$\
\xef+\xfdj\xf7uJiW&\xbc\x8c\xd6\x9e\xaf \
\xcb,\xcbn\xe6\xb7 d\xdf\x19\xed\x9d\xbf\x091\xb3\
\x86\xf1s\xa8\xfa\x0dL\x00\x1c\xd7Z\x0d\xfc\xe2\xe5\xbf\
8\xc6\x88W\xe69\xf0\xcd\xfc\x16\x98l\xc3\xb9cu\
\xc4g6\x8e(\xcb(\xcbj\xf6;\xab\xb3\xcf\x8c\xf8\
N\xdd\x19\xde\xb6\xb2\x95\x9c\xbbT\xfd\x06&\x00\x8e/\
\x07\xc1\xbcqa\xa6\xbbJ\xcf5\xe2\x093\x0f5\xf5\
.\xcb\xdd\x89\xf3\xc7eh\x9f=-\xcb&\xcbH\xc8\
\xd8\xed3#\xbeef\xe6P~\xac\x9c\xabr\xce\x1a\
1\xc0s@\x00\xac!m\x90\x1cxT\x03\x9f7\xe2\
\x01:U@\xed\xfc]u+\x13\xfaS\xdd\xd2\x16\xfe\
I\x96E\x96I\x96\x8d*\xe9n_\x19\xb5e\xf8\xf6\
\xfe\x93\xc7\xadU\xbf\xd1Z\xf7<B\x00\xac#W\xc3\
\xaa\x81\xcf\x1b\xf5\x0a]U\xe7'k\xe0\xc9\x98\xb9\x22\
\x98\xdf\xbe.\x07\x81\xf8'\xa3\xee+\xe6\xfe=\xed\xb0\
\xea\xe7\xfd\xe0E\x08\x80\xf5\xa8\x06\xbe\xde\xa8\x07\xe9\xcc\
\x83qw\xf7\xcf%\xf4\xa4\xea5[kxm\xf5\xe6\
\xb7\x0b~?\x97}d\xd49c\x02\xe0\xe3T\xfd\x8a\
\x12\x00kR\x0d\xac)\xf3\x9a\xac\xafW\xe5\xc4\xba\x06\
\xc1<\xf6\xa4\xe3\x896\xbf)\xbfm\x0d~\xc2\xc4\xab\
\xb2o\x98/[\x87\xaa_q\x02`m\xaa\x81\xb5\xe4\
 \xa9\x15\xfc\xb4\x84\xa2\x04\x80\x84\xa4\xbc\xf5\x22\x95\xb2\
\xcas\xe2\xf2\xb7\xe77\xe4\xb7\xe47\xe5\xb7\x09~O\
\xcb\xbe1r\x900?\xf3'\xaa~\x0d\x08\x80\xf5\xa9\
\x06\xd6\x92\x03\xa6V\xf0\xf3\xf2L\xc7\xb5*\x98\xc7\xa2\
\xbc\xbb\x8c*\xf2\xb7\xe6o^\xab}3\xbe\xc1\xe3T\
\xd9'F\x0f\x13\xa3\xce/\xbe%U\xbfF\x04\xc0>\
T\x03\xebpW\xf0\xf1RuIe\xe8\xdbe\xfck\
\x19\xb9a\x22\xaf\xfd\x1b\xe9n\xcc\xfc-\xf9\x9b\xf2\xb7\
\xe5o\xcc\xdf\x9a\xbfY\xc5\xe88#\xdf\xf5{h\xf6\
\xe7\xd9\xa9\xfa5\xf3\xe2\xeb\xb7\xf6\xdf\xe8$\x13\xcbs\
\x12z\xe3\xe5\xbf\xe6\xf2\xfbeT\x98G\x94V`N\
(3\xae\xa3-e;\xcfr\xccI)\x0f\x0f\xbe\xf6\
I:'\xc0\xac\xb3\xecc\xf9\xae\xbaw\x99\xac\xb3,\
\xc7</stY\xe7\x09\xf9\xb3\xc9:\xcav.\xf8\
5#\x00\xf6\x95\xeaC\xdaO\x95Zg[H{\xa2\
\xca\x81*U\xa2\xb4\x0a\xd9VB`\xdaS\xd9\x0e\xf2\
\xf90\x14\xa6\x8d\xf50p$\x90\xffj\xf7\xf5\xffJ\
0\xc9~\x94\x13\x7f>\xf3o\xb6\xf5\xc12r\x9c\xaa\
 \xdb\xc0\xdfw_\xa7\xf1\xdd2F\x9f\x9b\xc9\x99\x04\
\xc0\xfe\xd6\xb9T\xb3T\x9a\xf2\xde\xc9kW\x81\xb6\x94\
u3\xd3#P`\x95w\xfd&\x5cT\x92\x16\xff\x0c\
R\xf5[\xa7^\xd0\x949\x80\xfde\x07Nu#W\
r3\xa8\x14\xfe\x22\x93\xa9\xcd\x07d6\xd9\xe6\xab\x85\
\xbf\xf8~\xff\xd9Y\xce\x159g\x08\x7f\xcd\x09\x80s\
H\xf9>\x95\xc0\xdf-#Wv]U<8\xaf\xeb\
\xa6\xf3z\x81C\xeb\x9c\xb2\x8a\xaa]`\x9e\x22\xeb%\
\xe7\x88\xac\x1b-\xdf\x09\x08\x80s\xe9^\x0d\xaczp\
\xce|\xb4\xaa'D8U\xb6\xf5\x0a7}<\xa6k\
\x00T\xf5\x9b\x90\x008\x9f\xce\xd5\xc0\xca\x07\xe7\xdc\xb0\
\x90;\x98\xa1\xb3l\xe3\x95\xef&\xad\x1a\x5c\x9f\xa2\xea\
71\x01p^\x1d\xab\x81\xd5\xaf\xce\xf3\xf8\x9aL\x8c\
\x87\x8e\xb2mW\x7f\xd5[\xa7G\xa1\xa8\xfaMN\x00\
\x9c\xdba5\xb0\x83\x0e\xed\x99L\x8c\x9fa\xa29s\
I\xd8\xa8x\xd3\xc7c:\xdc\xb4\xa5\xea\x87\x00\xc8K\
\x1d\xda\x1a\x9dBS\x0e\xcc\xee\x0c\xa6\x8b\xaaw\xfc>\
\xa5\xc3\x85f\xb7V6g\x10\x00\x89\x0e\x0f\xb8\xed4\
9;W\xe5y\xf8\xb0;\x83\xa9.\xdbp\xb6\xe5N\
\x95\xa6\x0e\xc7\x9a\xb4~\x99\x9c\x00Ht8\x18t\xbb\
\xa2\x15\x02\xa9\xaec\xf8\x8b\x0e\x01\xd0[m\x10\x00y\
)\x07\xe9\xea:U\x00W\xf9MB \x15\xad\xe1\xaf\
\xe3~\xd9\xe1F\x90\x0e\xc7|.$\x00\x12\xbf\xd9\x7f\
V\xd6\xe9\xee\xbcCB \xd5t\x0e\x7f\xab\xeast\
;\x1c\xf3\xb9\x90\x00H\xda\xbfy\xc9ye\xddo\x98\
\x10\x02\xa9b\x86\xf0\x17\xd5\x7f_\x8e\xf9\xe6\x01NN\
\x00\xc4\x0d 5\x08\x81\x8cn\x96\xf0\x17\x1d~\xa3y\
\x80\x93\x13\x00\x11\x00\xeb\x10\x02\x19\xd5L\xe1/\x04@\
\xca\x13\x00\xc9A\xbb\xbaYN:!\x042\x9a\xd9\xc2\
_t\xf8\xad\x1d\x8e\xfd\x5c@\x00\xc4\x0d \xf5\x08\x81\
\x8cb\xc6\xf0\x17y\xb4\xcd\xdfv_\xcbr#\xc8\xe4\
\x04\xc0\xb9\xb9\x01\xa4\xae\x9cp\xb3\xfe\xbc1\x84{\xc9\
\xb6\x97mp\xb6\xf0\xb7\xaa\xfe\xbb\xdd\x0829\x01p\
n\xe6\xff\xd5\xb6>,\xda\xbb\x83\xb9\xb5\xbc\xdb7\xdb\
^\xb7\x87<\x9f\xa2\xc3\xb1\xc7<\xc0\x89\x09\x80s\xeb\
\xb0\xf3\xcf\xfeN\xcb5\x04~\xf5\xf2_p}\xd9\xd6\
\xf2\xbe\xea\x99\xc3_t\x98z\x22\x00NL\x00\x9c[\
\x82Cu\xb3\xcd\xff{J^\xb6\xff\xfb\xddW\xb8\x9a\
lc\xd9\xd6P\x01\xa48\x01pn\x1d&\x01\xcf\xdc\
\x02~\xe8\xf3e\xbc\xb3\x0c7\x87\xb0\xb5lS\xd9\xb6\
\xb2\x8d\xb1\xe3F\x10J\x13\x00\xe7\xd5\xe1\x06\x90\x1c|\
goC=\x94\x8ah\xae\xea\xdd\x1c\xc2V\xb2-e\
\x9bRm\x7fU\xf5\x0b\xd0\x0e\xe7\x01\xce$\x00\xce\xab\
C\xe9_\xf5\xefq\x99\x17i^ [\xc86\x94m\
i\xf6\xb9\xb6O\xd1\x06\xa6,\x01p^\x02`o\xa9\
\x8cf\xae\xd6\x07\xcb\xd0\x12\xe6T\xd9f\xb2\xedd\x1b\
Re\x7fZ\x87\xaah\x87\xb9\xe0\x9cA\x00\x9cW\x87\
\x00\xa8%\xf5\xbc/\x97\x91u\xad%\xcc\xb1\xd6\x96o\
\xb6\x1d^\xafCeT\x05pR\x02\xe0\xbc\xdc\x002\
\x8f\x9c\xa4r\x90\xff\xf4\xe5\xbf\xe0i\xd9F\xb2\xadh\
\xf9\x1e'\xcb\xa9z\x85\xdd\x8d \x93\x12\x00\xe7\xd4\xe1\
\x09\xf0n\x009\xdd'\xcb\xc8\x9d\x9c\xd5\xef\x5cd{\
\xd9&\xb2md\x1b\xe14n\x04\xa1$\x01pN\x1d\
J\xfe\xaa\x7f\xe7Y\xef\x12V\x0dd\xb5V\xfdL\xa9\
8O\x87\xe5\xd6\xe1\x9c\xc0\x89\x04\xc09u\x98\xf4+\
\x00\x9e/\x95\xd3Tz\xde\x5c\x86\xb9\x81\xf3\xca\xba\xcf\
6\x90mA5\xfd|\x1d\x8eEn\x04\x99\x90\x008\
\xa7\x0eW{\xaa\x15\x97\xcb\x89k\xad\x06\xbaSx\x1e\
Y\xd7y\xa3G\xd6\xbd\x0b\xa9\xcbuX\x86*\x80\x13\
\x12\x00\xe7\xd4a\xd2\xafI\xea\xdbI\x05('\x00\xcf\
\x0d\xec/\xeb8s\xbe\xbc\xd1c;\x1dn\x04\xf9\xd5\
\xfe\x93\x89\x08\x80\xf3\xe9p\x03H\x0e\xb6\x02\xe0\xb6\xb2\
<\xf3\xcc\xb7\xdc\x08\xf0}\xfe\x03\xadd\x9df\xddz\
\xae\xdfuT\xaf\x02\xaa\x00NH\x00\x9cO\x87\x1d]\
\xdb\xeaz\xd2Z\xcf|\xa0<\x04\xd8\xdd\xc2\xf5e\x1d\
f]f\x9d\x9a6q=\x1d\x96\xady\x80\x93\x11\x00\
\xe7\xd3a'w\x22\xbb\xbe<\x048\x95bA\xb0\xa6\
5\xf8e\x1dz\xa0\xf3\xf5\x99\x07H9\x02\xe0|T\
\x009\x85 X\x8b\xe0w\x1f\x02 \xe5\x08\x80\xf3\xf1\
\x06\x10\xce\x910\x91\x13\x84 8&\xc1\xef\xbe:\xcc\
I\xf6F\x90\xc9\x08\x80sq\x03\x08\x97\xc8\xcd\x03k\
E\xf0w\xcbp\xb3\xc8\xfde\x1dd]\x08~\xf7W\
}\x7fP\x01\x9c\x8c\x008\x17\xed_\xb6\xf2\xed22\
\x9f4w\x96z|\xcc\xede\x99g\xd9g\x1dd]\
p\x7f\x1d\x8eMn\x04\x99\x88\x008\x97\x0e\x01\xd0\x0d\
 c\xc9\xfa\xc8\xa3E~\xb9\x8c<\x5cX{\xf8z\
\xb2l\xb3\x8c\xb3\xac\xb3\xcc\xed\x0bc1\x0f\x90R\x04\
\xc0\xb9\xa8\x00r-i\x0f\xe7\xe1\xc2iE\xaeUA\
o\x17\xb9\x5c\x96\xe1Z\xed\xcb\xb2\xcd2\xf6\x1c\xbf1\
\x09\x80\x94\x22\x00\xce\xc5\x1b@\xb8\x85\xb5*\x989\xa7\
\x99\x9f&\x0c\x9ef\x0d}YvY\x86\xaa}5t\
\x08\x80\xd5\xe7\x88s\x82\x17_\xbf\xb5\xff\xc6\x0c\xfe\xb5\
\xff\xac\xec\xc5\xfe\x93z\x12d~\xbb\x8c\xcc3z#\
\xff\x81\xff+\xa1/s\xf9\xd6AM\x09\xeao\xef\xbe\
\x96\xe5\x18;\x09\x15\xc0yt\x98\xdc\xeb\xae\xd3\xdar\
\x97j\x02`\xaaZo.\xe3\xd3e\xfc\xb0\x8cY\xe5\
\xb7g\x19dY\xac\x95>\xe1\xaf6m`\xca\x10\x00\
\xe7a\xfe\x1f#\xc9\xba\xfcd\x19\xd9.sSC\xda\
\x9d_,\xa3s \xcco\xcbo\xcco\xcdo\xceo\
\xcf2\xb0]\xf7!\x00R\x86\x008\x0f\x01\x90Q\xe5\
\xa6\x86T\xbe>ZF\xb6\xd3\xb4\xa0r\xd3C\xaac\
\xdf-\xa3\xe2\x9d\xc5\xf9\x9b\xf3\xb7\xe77\xe4\xb7\xe47\
\xe5\xb7\xe57\xe6\xb7\xba\x91\xa3'\x01\x902\xcc\x01\x9c\
\xc7\x9f\x97Q}\xc7N\xabL\x08\x9cW\xa61d\x1b\
\xceD\xf5|\xa6mz\xef\x1b\x9bR\xd5K\x98\xcbv\
\x99\x1b\x94\xf2\xe9\x86\x8d\xb9U\x9fk\x9d\xa96\x9e\x07\
8\x01\x01p\x1en\x00\xa1\xab\x04\xc15\x10\x1e^\xe4\
<<\x89\xe5\xff\xed\xb9\x9bOr3\xc6\xc3\x8b\x8c\xc3\
@\x97\xff\xb75\xf0\xa9\xe2\xf1\x98l\x1b\xd5\x9f\xb8\xe0\
X;\x01\x01p\x0e9\x11\xfeq\xf7\xb5,W\xa5@\
\x05\xb9\xd9\xe9\xbd\xdd\xd7\xb2t[&`\x0e\xe0\x1c\x0e\
\xab\x22U9\x18\x01\x15t8Vu8g\xf0\x0c\x01\
p\x0e\x02 \xc0m\x08\x80\x94 \x00\xce\xc1\x1b@\x00\
n\xa3\xc3M@\x02\xe0\x04\x04\xc09t\xd8\x99\xddY\
\x09TQ\xfdy\x96\xd5\xdff\xc2\x11\x04\xc0\xfe:\x84\
\xbf\xce\x0f\x07\x06\xfa\xe9\xd0\x06\xf6^\xe0\xe6\x04\xc0\xfe\
\xcc\xff\x03\xb8-\xf3\x00\x19\x9e\x00\xd8\x9f\x00\x08p[\
\x02 \xc3\x13\x00\xfb\x13\x00\x01n\xab\xc3\x9ce\xcf]\
mN\x00\xec\xaf\xc3d^7\x80\x00\xd5T|\x87\xf5\
\xa1\x0eO\x8f\xe05\x04\xc0\xde:T\xff\xdc\x00\x02T\
T\xbds\x91W+\xba\x11\xa41\x01\xb07\xed_\x80\
\xfb0\x0f\x90\xa1\x09\x80\xbd\x09\x80\x00\xf7\xe1\x81\xd0\x0c\
M\x00\xecM\x00\x04\xb8\x8f\x0e\xc7.7\x824&\x00\
\xf6\xd6\xe1\x06\x10\x01\x10\xa8\xe8\x1f\xcbp#\x08\xc3\x12\
\x00\xfb\xeaP\xfd\xcb\xc13\x07Q\x80\x8a\xaa_\xc0\xba\
\x11\xa41\x01\xb0/\xed_\x80\xfb\xeap\x0c\x13\x00\x9b\
\x12\x00\xfb\x12\x00\x01\xee\xcb\x03\xa1\x19\x96\x00\xd8W\x87\
\x00\xe8\x01\xd0@e\x1d.b;\x9cKx\xc4\x8b\xaf\
\xdf\xda\x7f\xa3\x9b\x7f\xed?+\xfb\xe52\xcc\x01\xbc\xcc\
z#P\x0e\xe2\x99\xcfs(\x01;\xf3,\xff\xfa\xf2\
_\xcc&\xdbC&\xf9\xe7\xf3\xf0$\x9f}.\xc1\xc5\
\xb6\xb1\x8d,\xcf7v_K\xca6\xf0\xeb\xddW:\
\x11\x00{\xca\x9c\x8d\x1fw_\xcb\xca\xc9\xc7\xdc\x93\xe3\
\xad'\xf3\xb4kr2\xcf\xb2;\xe5\xca\xfd\xdb\xfd\xf8\
~\x19N\xfa=e\x1byw\x19\xd9F2\x8e\xdd\xbf\
r\xa1\x90@\x98\x91m#\xdb\x08\xc7\xcb\xf2\xab\xfeD\
\x06\x17\xe3\x0d\x09\x80=\xfdv\x19\xdf\xec\xbe\x96\xf5\xdd\
2\xf2;x\xd5\xc3\xb0\xb7\x06\xbe\xad$\x08~\xb1\x0c\
-\xf8\x1e\xb2m|\xbc\x8c\xecO\xd9v\xb6\xb0\x06\xc2\
u\x08\x85O\xfbd\x19Y\xfe\x95\xbd\xb3\x0c\xc7\x83f\
\xcc\x01\xec\xe9\x94\xca\xcf\xa8rRaw\xf2N\xd5&\
'\x90?.#\x95\xdd\xbf/#\x07\xe3\x9cXrR\
\xdf2\xfcE\xfe7\xf3\x7f+\xa3\xc3\xb64\xabl\x17\
\x7fXF\xb6\x99\xf7\x97\xb1U\xf8\x8bl\x17\xf9\xdf\xfc\
|\x19\xd9\x163\xe5\xe4\xcf\xcb\xc8\xff\xbd\x0f\x97\xd1\xe1\
\x19\xa4[\xe9p,s#HC*\x80=uh9\
\xccx\xc5\x99\x13v*{9\xb9\xae\xd5\xbd-O\xda\
\xe7\xcaI\xfe\xd3eh\x01\xd5\x91\x10\x96\x0b\x84{o\
?i\x19\xafU\xc2\xec\xcf?,c\xb6\xed(\xfbu\
\xf5)9:2\x0d\x09\x80=\xa5B4Bp\xb8D\
&\x1dw\x9e\x8b\x96p\xb7\x86\xbdu\x8c\xbc\xcer\x02\
\xff`\xff\xc9\xb8\xb2\x0de\xfa\xc7\xc8\x15\x9b\x19C\xa1\
\x1bA\x18\x8e\x00\xd8O\x87\xab\xcd\x7f.\xa3z\x80=\
\xf40\xecUm\xa7\xe4$\x96\x10\x989\x82\x8c'\xdb\
V\xc2\xdf\xd6S\x02n!\xdb\xd6\x1a\x08\xf3\x99P\xd8\
\xe9\x02\xb0CW\xc6\x8d \xcd\x08\x80\xfd\xa4L_\xfd\
\x06\x90L(\xaf\x1a\x92r\x90_\x83^N\xc4\x1d\xe7\
\xce$\x04~\xb9\xfb\xca \xb2\xbde\xcef\xa7\x0b\xa7\
N\xa1\xd0\x8d \x0c\xc7M \xfd\xe4DP]\x95\x83\
L\xc2^\xe6Ze\xe2{&\xc0g\x22|\xfe\xf6\xcc\
\x99\xcb\x04\xf9\x8e\xe1/\xf2{\xcd\x07\x1aG.4\xba\
\x85\xbf\xc8\xef\xc9>\x94\xf0\x94\xaas:\x1b\xd9\xc7\xf2\
[?[\xc6{\xcb\xa8r\xbcK\x80\xad\xae\xeb\xf1l\
Z*\x80\xfdth5\xfcn\x19#\xb5\x19s\x22\xba\
\xe4\x19{\x1d\xa5:\xf3\xe62:\xcf\xd3\xac \xdb\xa6\
\xbb\xb5\x7f\xaa\x12\xae\x95\xc2\xd1\x02W\x87\xa99_-\
#\x17\xb64!\x00\xf6\xe3\x06\x90\xcb<\x0c{k\xe0\
\xe3U9\xc9&\x04r?\xa9\xc6:)?n\x0d\x84\
\xeb\xb8\xf7\xb3\x0a\xab\xbf\x9d\xc9\xfe\xde\x8c\x00\xd8K\x87\
\xab\xcc[\xde\x00\x92\xe5\xf5\xf0N\x5ca\xef4y`\
\xf4G\xbb\xaf\xdcX\x82_\x02 \xc7\xbbg(\xec\xd0\
\x9dy\xb1\xff\xa4\x01\x01\xb0\x177\x80<\xed0\xec\xad\
\xd5\xbd\xea\x95\xd2Q\x98\x1c~{\xd9\x9e3\xef\xd46\
|\xb9t\x1b\xd6@\x98\xed\xf8Z\x8f\xa5\xc9\xdc\xe0\xcc\
\x19\xae\xcc\xbe\xde\x88\x9b@zI\xa8\xa9n\x8b\x83K\
\x96C&\x88\xafo\xcfH[<\x95\xd1\xcc+\xcc\x84\
\xf2\x04@'\xce\xed\xa4\x0aey\xde\x96e\xbe\x9d\x84\
\xe9\x5c<\xe7\xd8\x90\xe3\xcfz\xbc\xc8\xc5t\x8e!\xa9\
\xdam\xb1\xac\x130\xab\xebp\x8eaO\x05\xb0\x97\x1c\
\xbcf\xbb\x01$\x07\xa4\x0e\xcf\xd8\xabN+\xf8v\xb2\
\x9cs\x17,\xb7u\xe9cir|J\xd5\xb627\
\x824\x22\x00\xf6\x92\xab\xd6\xeas\xd8^w\x03H\xc2\
m\x0e\xa2\xf9\x8d\xc2\xdex\xb4\x87\xaeO\xebw,\xa7\
\x86B7\x820\x0c\x01\xb0\x8f\x9c\x10\xd2\xba\xa8n\x9d\
d\xbc\x86\xbd\xc3\xc1\xd8r\xe2\xcb\xc9\xe1\x1a\xf3\xa7\xd8\
\xc9\x94\x06\x17>c[C\xe1:\x0e\x1fK\xd3\xa1K\
\xe3F\x90&\x04\xc0>rR\xc8\xc9\xa1\xb2\x1c8\x13\
\x22\x84\xbd\xba\xb4\x82\xafG\xeb\xb7\xb6\x84\xbfTp\xab\
wiT\xfa\x9bp\x13H\x1f\x1d\xaa\x02\xa9b\x0a\x7f\
\xb5\xe5.G\x15\xaa\xed%4T\x7f\x95\xd8\xec\xb2_\
T\x0f\x7f\xe1\x18\xdd\x84\x00\xd8\x87\x9d\x92Q\xb8Cu\
{\x96)\xa3\xe8\x10bY\x08\x80}\xe4NX\x18A\
N\x10Z\x95\xdbI\xebWU\x95Q(64a\x0e\
`\x0f]n\x00\xa1\x97\xd1\xde\xe9\x5cQ\xc2\xb4\xbb~\
\x19\x8d\x1bA\x1aP\x01\xec\xc1\x15\x19#\xd2\xb6\xbc\x9c\
e\xc8\x88\x9cs\x1a\x10\x00{\xd0\x1ebD\x09.\x09\
0\x9cG\xeb\x97Q\x09\x80\x0d\x08\x80=\xd8\x19\x19U\
^\xb1\x95\xc1i\xb2O\xbb\xeb\x97Q9\xe74 \x00\
\xf6\xe0\x06\x10F\xa6\x8dy:\xcb\x8c\x91\x09\x80\x0d\x08\
\x80\xf5\xe5$\xe1\xb6|F\xa6\x15|\x9aO\x96\xe1\x04\
\xcb\xc8\xaa\xbf\xcd\x84\x85\x00X\x9f\x13\x05\x15h\x05\x1f\
G\xeb\x97*\x9c{\x8a\x13\x00\xeb3I\x9c*\xb45\
\x9f\xa7RJ\x15\x02`q\x02`}\xda\xbfT\xa1\x15\
\xfczZ\xbfTb[-N\x00\xac\xcf\x0d T\xa2\
\x15\xfc8\xad_\xaa\x11\x00\x8b\x13\x00\xeb\xb3\x13R\x8d\
V\xf0\xabTF\xa9F\xf1\xa18\x01\xb06\xf3\xff\xa8\
H+\xf8\xe7\xb4~\xa9(\xfb\xb1)H\x85\x09\x80\xb5\
9iPU\xda\xc0\xef\xef\xbeNM\xeb\x97\xca\x9c\x83\
\x0a\x13\x00k\xb3\xf3Q\xd9g\xcb\x98\xbd\x82\xa0\x12J\
e\xceA\x85\x09\x80\xb5\x99\x83Ae\xb3\xb7\x82\xb5~\
\xa9\xce4\xa4\xc2\x04\xc0\xda\x9c<\xa8.'\x90\x8fv\
_\xa7\x92}W\xeb\x97\xea\x14!\x0a\x13\x00\xebr\xe5\
E\x17\x09B3\xb5\x82S\xf9\xfcf\xf7\x15Js#\
Ha\x02`]\xaa\x7ft1[+8\xad_'M\
\xbap.*J\x00\xac\xcbNG'\xb3\xb4\x82\xf3;\
?\xdc}\x85\x16\x9c\x8b\x8a\x12\x00\xeb2\xf7\x82n\xba\
\xb7\x82g\xbf\xe9\x85\x9eLG*J\x00\xac\xcbU\x17\
\xddt\x0fHZ\xbft\xa4\x18Q\x94\x00X\x93+.\
\xba\xea\xda\x0a\xd6\xfa\xa5\xab\x5c\xb8eP\x8c\x00X\x93\
*\x02\x9duk\x05k\xfd\xd2\x9d\x8eTA\x02`M\
\x02 \x9du\x0bLZ\xbft'\x00\x16$\x00\xd6\xe4\
dBw]Z\xc1Z\xbf\xcc@\x0b\xb8 \x01\xb0&\
\x01\x90\x19\xe4]\xc1\x95+\x0bZ\xbf\xc0\xb0\x04@`\
d\x95\x03\x94\xd6/0,\x01\x10\x18Y*\x80\x09R\
\xd5h\xfd\x02C\x13\x00k\xfa\xeb\xfe\x13f\x90\xbb\x82\
+\xb5\x82\xb5~\x81\xe1\x09\x805\x09\x80\xcc\xa6R\xa0\
\xca\xdf\xaa\xf5\xcbL\xfe\xb1\xff\xa4\x10\x01\xb0&;\xdb\
\xbc\xfe\xb9\x8c\xef\x97\xf1\xe92>X\xc6\x9b\xcb\xf8\xdd\
2\xba\xab\xd2\x0a\xfe\xed~t\x97m.\xdb^\xb6\xc1\
l\x8b\xd9&\xb3m2\xa7\xbf\xec?)\xe4\xc5\xd7o\
\xed\xbfQIN\x86\x7f\xde}\xa5\xb1\x9cPs`\xfd\
\xd3\xfe3\xe3\xa9\xea\xef\xb7\xcbxw\xf7\xb5\xb5\x84\x8e\
QO6i\xfd\xfe\xb8\xff\xec\xec\xbbe<\x15rS\
\xf9\xcc\xf1)#\xf3 \xf3\xf9\xc62\xe8\xed\x97\xcbP\
\x98(F\x00\xac+;\x9b\x03k\x1f\x7f[\xc6\x1a\xf2\
\x9e\x0b{\x8fI\xe8\xc8\xff\xf7\xdd\xb7\x89,\x97\x84\xc0\
\x11}\xb3\x8c\xee\xd5\xbf\x5c\x94$\xe4\x9dr\xb2\x7f\x18\
\x0a\xf3\xef_-\x83\x1er\xec2\xe5\xa1 \x01\xb0\xae\
Y*>\x1d\x1d\x86\xbd\xb5\xba\xb7\xc5\xd5s\xc2GB\
Hwi9\x8e\xd6\x0e\x9ee\xd9\xa7\xf5\x9bc\xcf\xa5\
r\xc1rX%\xcc\x10\x0ak\xfaj\x19\xef\xef\xbeR\
\x89\x00XWv8w\x1a\x8e\xef\x87e\xac\xd5\xbc-\
\xc3\xdeS\xb4\x82oO\xebw\x1b\x0fCa\xaaJ\xbf\
Y\x06c{g\x199\xb6Q\x8c\x00X\xd7,-\xbf\
J\xd6\xb0\xb7\x8e{\x1c\x14g\xd9.\xb2|Gi\x05\
k\xfd^\xd7a\x950C(\x1c\x87\xf6oa\x02`\
m_.\xe3\xbd\xddWn,w=&h\xdd3\xec\
=E+\xf8v\xb4~\xefC(\x1c\xc3\x88\xd318\
\x92\x00X[\xae\xbc\xd2z\xe2\xba\x12\xf6\xd6\xa0\xb7\x8e\
\xd1i\x05_\x9f\xd6\xefX\x0e\x03a\xc6\xdb\xcb\xe0z\
\xeeY\x15f\x03\x02`}\x9f/\xc3+\xa7\xb6\xb1>\
v\xe5\xe1\xa8h\x96Vp~cB\xe0=NBZ\
\xbf\xe3\x13\x0a\xafG\xf5\xaf8\x01\xb0\xbe\x9c\xe8\x13R\
\xdcAw\x9a5\xec\xad7fd$Lt2K{\
\xf2\x8be|\xb4\xfbz3Z\xbfu%\x08&\xd4\xe6\
sm%\x9bK}\x9a\xccw\xcer\xa30\x01\xb0\x87\
\x1c\xc4\xfe\xb8\xfb\xca#f\x08{O\x99\xa5\x15|\xcb\
;\x11\xb5~\xfbY\x03\xa1Px\x9c\x91\xee\xc2\xe7L\
\x02`\x1fZ\xc1;\xd7z\xc6^UZ\xc1\xdb\xcb\xc5\
VBBg\xe6w\xfd<\x14\xaeC\xa7e\xf7\xfa\xbf\
\xdc\x80Hq\x02`/\xb3\xdd\x15,\xec\x1dG+x\
;\xf9\xdf\xffl\xf7\xb55\xcfv{\x5c.\xa8\x12\x04\
\x0f\xefB\x9e)\x14z\xe8s#\x02`?\x09A\x1d\
\x1f\x890\xc23\xf6*\x9b\xe5\xe2\xe0\x9a\xc1%\x15\xa1\
\xbc\x83\xbb{\xeb\xf7\x1es*+;\x0c\x85k\xd5\xb0\
\xe31X\xf8kF\x00\xec\xa9\xfa\xc9^\xd8\xdb^N\
RY\x96\xdd\xab\x15\xd7l\x05\xcf\xd0\xfaMU=\x01\
F%\xfdr\x87U\xc2\xea\xa1P\xf8kH\x00\xec+\
\xb7\xe7\x7f\xbc\xfb:\xb4\x8a\xcf\xd8\xab*'\xa4\x19n\
\x16\xbaF\x05K\xeb\x97-\x1c\x86\xc2T\x0b+<\x96\
\xe6\xf7\xcb\xc8\x1cs\x9a\x11\x00{\xcb\xc1&\xd5\xc0Q\
\xaa>\xc2\xde\xfd\xcdr\xb3\xd0\x96AF\xeb\x97k:\
\xac\x12f\x8c\x12\x0aS\x0d\xce\xfca\xc7\xe9\xa6\x04\xc0\
\xfer\xd2\xcaA\xfd\x96\xd5\xc0\x87\x8f]I[\xceA\
d\x0cZ\xc1\xa7\xd3\xfa\xe5\xd6\xee\x19\x0as\xfc\xce\x85\
\xa2\x87<7'\x00\xcec\x0d\x82\x19[>\x12d\xe6\
g\xecU\xa5\x15|\xbc\xfc\xff\xaf\xf5\xcb\x08\x0e\x1fK\
\xb3\xb6\x92\xb7<\x96\xe7\x22 \x1d\xa3\x84?\x17\x02\x13\
\x10\x00\xe7\x94\xb2~F\x0e\x22\xa7T\x82\x1e>v%\
AO\xd8\xabI+\xf8yZ\xbf\x8c\xee\xd2P\x98c\
z\xf6\x8f<0\xbe\xdb\x1b_x\x86\x00H\x0e \x19\
\x87-\xae\xfc{\x0dv\xb9\x12\x5cC\x9f\xab\xc2>f\
i\x05g\x9b\xfd\xf5\xfe\xf3TZ\xbfT\xb4\x1e\xd3\xb3\
^\xd7\x8b\x97\xc3cz\xb8\x80G\x00\x84\x89%\xdc\xcc\
\xd0\x0aNe#\xef\xb4=\x85\xd6/\xd0\xda\xbf\xed?\
\x81\xf9\xe4\xc4\x9f\xf6_w\xeb\x94\x87c\xa5ZR\xe1\
\x11J\x97\xca\xba\x17\xfe`R*\x8007\xad\xe0W\
i\xfd\x02\xed\xa9\x00\xc2\xdc\x12\x00fx\xc2\x7f\x82\xee\
\x1fv__+\x8f\xbe\xe8\x1e\xfe\x22\xeb\x5c\xf8\x83\x89\
\x09\x80\x80V\xf0N*bZ\xbf\xc0\x14\xb4\x80\x81H\
\x85,\xa1\xa0\xe3K\xec\x0f\xbd\xae\x15\x9cG\xbe$\x04\
v\x96\xf7lw\xff\x8d\xc0\x11T\x00\x81\x98\xbd\x15\x9c\
\xd6\xef\x0c\xc1\xc8\x0b\xfd\x81\x97\xfe\xdb\xff\xfc\xef\xfbo\
\xc0\xec\xfe\xcf2^,\xa3\xfb\x1c\xb8\xff\xb1\x8cT\xc2\
\xfe\xf7\xcb\x7f\xed\x82\xdf\xff\xbb\xfb\xda\xda\xa7\xcb\xf8\xff\
v_\x81\xd9i\x01\x03\x0f\xe5\xae\xe0\x99Z\xc1Z\xbf\
\xc0t\xb4\x80\x81\x87fj\x05k\xfd\x02S\xd2\x02\x06\
\x1e\x9a\xa9\x15<\xc3#_\xb4~\x81Wh\x01\x03O\
\x99\xa1\x15\xdc\x9d\xd6/\xf0(-`\xe0)\xda\x86\xf5\
Y\x87\xc0\xa3\x04@\xe0)\xa9\x00\xa6}HMYw\
Y\x87\x00\xaf\xd0\x02\x06\x9e\xa3\x15\x5c\x8f\xd6/\xf0Z\
*\x80\xc0s\xb4\x11\xeb\xb1\xce\x80\xd7\x12\x00\x81\xe7h\
\x05\xd7\xa2\xf5\x0b<K\x0b\x188\x96V\xf0\xf8\xb4~\
\x81\xa3\xa8\x00\x02\xc7\xd2V\x1c\xdb?\x97a\x1d\x01G\
\x11\x00\x81c\xa5\x02\xf8\xfb\xddW\x06\x94\xb7\x9ah\xfd\
\x02G\x11\x00\x81S|\xbe\x8c\xefw_\x19H\xd6I\
\xd6\x0d\xc0Q\x04@\xe0Ti3\xa6\xdd\xc8\x18\xb4~\
\x81\x93\x09\x80\xc0\xa9\xfe\xba\x8c\xb4\x1b\x19C\xd6E\xd6\
\x09\xc0\xd1\x04@\xe0\x1cZ\xc1c\xd0\xfa\x05\xce\x22\x00\
\x02\xe7\xd2\x0a\xbe/\xad_\xe0l\x02 p.\xad\xe0\
\xfb\xd2\xfa\x05\xce&\x00\x02\x97\xd0\x0a\xbe\x0f\xad_\xe0\
\x22\x02 p)\xad\xe0\xdb\xd2\xfa\x05.&\x00\x02\x97\
\xd2\x0a\xbe-\xad_\xe0b\x02 \xb0\x05\xad\xe0\xdb\xd0\
\xfa\x056!\x00\x02[\xd1\x0a\xbe.\xad_`3\x02\
 \xb0\x15\xad\xe0\xeb\xfah\x19Z\xbf\xc0&\x04@`\
KZ\xc1\xd7\xf1\xdd2\xbe\xdc}\x05\xb8\x9c\x00\x08l\
\xed\xb7\xcb\xd0\x0a\xde\x8e\xd6/\xb09\x01\x10\xd8\xda?\
\x96!\xb0l'\xcb2\xcb\x14`3\x02 p\x0d\xdf\
.#mK.\x93e\x98e\x09\xb0)\x01\x10\xb8\x16\
w\x05_F\xeb\x17\xb8\x1a\x01\x10\xb8\x16\xad\xe0\xcbh\
\xfd\x02W#\x00\x02\xd7\xa4\x15|\x1e\xad_\xe0\xaa\x04\
@\xe0\xda\xb4\x82O\xa3\xf5\x0b\x5c\x9d\x00\x08\x5c\x9bV\
\xf0i\xb4~\x81\xab\x13\x00\x81[\xd0\x0a>\x8e\xd6/\
p\x13\x02 p+Z\xc1\xaf\xa7\xf5\x0b\xdc\x8c\x00\x08\
\xdc\x8aV\xf0\xebi\xfd\x027#\x00\x02\xb7\xa4\x15\xfc\
8\xad_\xe0\xa6\x04@\xe0\xd6\xb4\x82\x7f\xeeo\xcbP\
\x19\x05nJ\x00\x04nM+\xf8\xe7\xb4~\x81\x9b\x13\
\x00\x81{H\xbb\xf3\x8b\xdd\xd7\xa9e\x19\xfci\xf7\x15\
\xe0v\x04@\xe0^>YF\xda\x9f\xb3\xcao\xcf2\
\x00\xb89\x01\x10\xb8\x97\xd9[\xc1Z\xbf\xc0\xdd\x08\x80\
\xc0=\xa5\xfd9c+X\xeb\x17\xb8+\x01\x10\xb8\xb7\
\xd9Z\xc1Z\xbf\xc0\xdd\x09\x80\xc0\xbd\xcd\xd6\x0a\xd6\xfa\
\x05\xeeN\x00\x04F0K+X\xeb\x17\x18\x82\x00\x08\
\x8c\xa2{+X\xeb\x17\x18\x86\x00\x08\x8c\xa2{+X\
\xeb\x17\x18\x86\x00\x08\x8c\xa4k+X\xeb\x17\x18\x8a\x00\
\x08\x8c\xa6[+X\xeb\x17\x18\x8e\x00\x08\x8c\xa6[+\
X\xeb\x17\x18\x8e\x00\x08\x8c\xa8K+\xf8\xd3eh\xfd\
\x02\xc3\x11\x00\x81Q\xa5m\xfa\xc3\xeekI\xf9\xdb\xb5\
~\x81!\x09\x80\xc0\xa8\xaa\xb7\x82;\xdf\xd1\x0c\x14'\
\x00\x02#\xfb\xcb2\xd2F\xad&\x7fs\xfev\x80!\
\xbd\xf8\xfa\xad\xfd7\x80q%L\xfdf\xf7uxi\
\xfd\xfe\xe7\xee+\xc0\x98T\x00\x81\x0a*\xb5S\xb5~\
\x81\xe1\x09\x80@\x05UZ\xc1Z\xbf@\x09Z\xc0@\
%#\xb7\x82\xb5~\x812T\x00\x81J~\xbb\x8c\x7f\
\xee\xbe\x0e%\x7fS\xfe6\x80\x12\x04@\xa0\x92\xbf.\
c\xc49v\x09\x7f\xf9\xdb\x00J\x10\x00\x81j\xbe]\
\xc6\x07\xbb\xafC\xc8\xdf\xe2m\x1f@)\x02 P\xd1\
\x97\xcb\x18!\x04\xe6o\xc8\xdf\x02P\x8a\x00\x08T\x95\
\xe0\xf5\xce2\xee1'0\xff7\xf3\x7f[\xf8\x03J\
\x12\x00\x81\xca\xd2z\xcd\x9d\xb7\xb7|g\xf0\xf7\xcb\xc8\
\xffMm_\xa0,\x01\x10\xa8.7_$\x90\xfd~\
\x19\xd7\xac\x06\xe6\x7f;\xff7\xfek\x19n\xf8\x00J\
\x13\x00\x81.>_\xc6\x7f,#\x0fc\xde2\x08\xe6\
\x7f+\xff\x9b\xf9\xdf\xce\xff\x0d\x80\xf2<\x08\x1a\xe8\xe8\
\xdf\x97\x91\xc7\xc5\xa4Z\xf7n\xfe\xc3\x19\xbe[F\xda\
\xbc\x99\xe7\xf7\x8f\xfc\x07\x80.\x04@\xa0\xbb\x84\xc1\x04\
\xc1\xb4\x89\xf3\x19o\xef?W\x99\xd7\x17\x09|y\xdb\
H>\x85>\xa0-\x01\x10\x00`2\xe6\x00\x02\x00L\
F\x00\x04\x00\x98\x8c\x00\x08\x000\x19\x01\x10\x00`2\
\x02 \x00\xc0d\x04@\x00\x80\xc9\x08\x80\x00\x00\x93\x11\
\x00\x01\x00&#\x00\x02\x00LF\x00\x04\x00\x98\x8c\x00\
\x08\x000\x19\x01\x10\x00`2\x02 \x00\xc0d\x04@\
\x00\x80\xc9\x08\x80\x00\x00\x93\x11\x00\x01\x00&#\x00\x02\
\x00LF\x00\x04\x00\x98\x8c\x00\x08\x000\x19\x01\x10\x00\
`2\x02 \x00\xc0d\x04@\x00\x80\xc9\x08\x80\x00\x00\
\x93\x11\x00\x01\x00&#\x00\x02\x00LF\x00\x04\x00\x98\
\x8c\x00\x08\x000\x19\x01\x10\x00`2\x02 \x00\xc0d\
\x04@\x00\x80\xc9\x08\x80\x00\x00S\xf9\xc5/\xfe\x7f\x95\
\xd5\x0d*&t\x1d\x0c\x00\x00\x00\x00IEND\xae\
B`\x82\
\x00\x00X\xcf\
\x89\
PNG\x0d\x0a\x1a\x0a\x00\x00\x00\x0dIHDR\x00\
\x00\x02\x80\x00\x00\x02\x80\x08\x06\x00\x00\x00\x0c\xcd\xc9#\
\x00\x00X\x96IDATx\x01\xed\xc0\x03\xa0$Y\
\x96\xc6\xf1\xffw\xee\x8d\xc8\xcc\xa7rKc\xaem\xdb\
\xb6m\xdb\xb6m\xdb\xb6mi\x8c\x9e\x96J\xaf\x9e2\
3\x22\xee\xf9v\xb7jz\xa6\x87;k\xd5O\x5cu\
\xd5UW]u\xd5UW]\xf5\xff\x09\xe2\xaa\xab\xae\
\xba\xea\xaa\xab\xae\xba\xea\xaa\xffO\x10W]u\xd5U\
W]u\xd5UW\xfd\x7f\x82\xb8\xea\xaa\xab\xae\xba\xea\
\xaa\xab\xae\xba\xea\xff\x13\xc4UW]u\xd5UW]\
u\xd5U\xff\x9f \xae\xba\xea\xaa\xab\xae\xba\xea\xaa\xab\
\xae\xfa\xff\x04q\xd5UW]u\xd5UW]u\xd5\
\xff'\x88\xab\xae\xba\xea\xaa\xab\xae\xba\xea\xaa\xab\xfe?\
A\x5cu\xd5UW]u\xd5UW]\xf5\xff\x09\xe2\
\xaa\xab\xae\xba\xea\xaa\xab\xae\xba\xea\xaa\xffO\x10W]\
u\xd5UW]u\xd5UW\xfd\x7f\x82\xb8\xea\xaa\xab\
\xae\xba\xea\xaa\xab\xae\xba\xea\xff\x13\xc4UW]u\xd5\
UW]u\xd5U\xff\x9f \xae\xba\xea\xaa\xab\xae\xba\
\xea\xaa\xab\xae\xfa\xff\x04q\xd5UW]u\xd5UW\
]u\xd5\xff'\x88\xab\xae\xba\xea\xaa\xab\xae\xba\xea\xaa\
\xab\xfe?A\x5cu\xd5UW]u\xd5UW]\xf5\
\xff\x09\xe2\xaa\xab\xae\xba\xea\xaa\xab\xae\xba\xea\xaa\xffO\
\x10W]u\xd5UW]u\xd5UW\xfd\x7f\x82\xb8\
\xea\xaa\xab\xae\xba\xea\xaa\xab\xae\xba\xea\xff\x13\xc4UW\
]u\xd5UW]u\xd5U\xff\x9f \xae\xba\xea\xaa\
\xab\xae\xba\xea\xaa\xab\xae\xfa\xff\x04q\xd5UW]u\
\xd5UW]u\xd5\xff'\x88\xab\xae\xba\xea\xaa\xab\xae\
\xba\xea\xaa\xab\xfe?A\x5cu\xd5UW]u\xd5U\
W]\xf5\xff\x09\xe2\xaa\xab\xae\xba\xea\xaa\xab\xae\xba\xea\
\xaa\xffO\x10W]u\xd5UW]u\xd5UW\xfd\
\x7f\x82\xb8\xea\xaa\xab\xae\xba\xea\xaa\xab\xae\xba\xea\xff\x13\
\xc4UW]u\xd5UW]u\xd5U\xff\x9f \xae\
\xba\xea\xaa\xab\xae\xba\xea\xaa\xab\xae\xfa\xff\x04q\xd5U\
W]u\xd5UW]u\xd5\xff'\x88\xab\xae\xba\xea\
\xaa\xab\xae\xba\xea\xaa\xab\xfe?A\x5cu\xd5UW\xfd\
\xdfv\x1cx)\xe0\xb5\x81\x97\x06\x8e\x03\x0f\x06\x1e\xcc\
\x15\xbb\xc0_s\xc5o\x03\x7f\x0d\xfc\x0dp+W]\
u\xd5U\xff7!\xae\xba\xea\xaa\xab\xfeoz+\xe0\
\xbd\x81\xb7\xe6\xdf\xe6\xaf\x81\xaf\x06~\x06\xd8\xe5\xaa\xab\
\xae\xba\xea\xff\x0e\xc4UW]u\xd5\xff-\xef\x05|\
5p\x9c\xff8_\x0d|\x0e\xb0\xcbUW]u\xd5\
\xff~\x88\xab\xae\xba\xea\xaa\xff\x1b\xde\x1a\xf8*\xe0\xc1\
\xfc\xe7\xd8\x05\xbe\x1a\xf8\x1c\xae\xba\xea\xaa\xab\xfewC\
\x5cu\xd5UW\xfd\xefv\x1c\xf8*\xe0\xbd\xf9\xaf\xf1\
\xd7\xc0\xfb\x00\x7f\xcdUW]u\xd5\xffN\x88\xab\xae\
\xba\xea\xaa\xff\xbd^\x1a\xf8)\xe0\xc1\xfc\xd7\xda\x05>\
\x06\xf8n\xae\xba\xea\xaa\xab\xfe\xf7A\x5cu\xd5UW\
\xfd\xef\xf4\xd2\xc0o\x01\xc7\xf9\xef\xf3>\xc0ws\xd5\
UW]\xf5\xbf\x0b\xe2\xaa\xab\xae\xba\xea\x7f\x9f\x97\x06\
~\x0b8\xce\x7f\xbf\x8f\x01\xbe\x9a\xab\xae\xba\xea\xaa\xff\
=\x10W]u\xd5U\xff\xbb<\x18\xf8+\xe08\xff\
s\xbc\x0f\xf0\xdd\x5cu\xd5UW\xfd\xef\x80\xb8\xea\xaa\
\xab\xae\xfa\xdf\xe38\xf0[\xc0K\xf3?\xcb.\xf0:\
\xc0_s\xd5UW]\xf5?\x1f\xe2\xaa\xab\xae\xba\xea\
\x7f\x8f\xef\x06\xde\x8b\xff\x99n\x05^\x06\xd8\xe5\xaa\xab\
\xae\xba\xea\x7f6\xc4UW]u\xd5\xff\x0e\xaf\x0d\xfc\
\x16\xff\xb3}\x0e\xf0\xd9\x5cu\xd5UW\xfd\xcf\x86\xb8\
\xea\xaa\xab\xae\xfa\xdf\xe1\xaf\x80\x97\xe6\x7f\xbe\x87\x00\xb7\
r\xd5UW]\xf5?\x17\xe2\xaa\xab\xae\xba\xea\x7f\xbe\
\xf7\x06\xbe\x8b\xff\x1d~\x1bx\x1d\xae\xba\xea\xaa\xab\xfe\
\xe7B\x5cu\xd5UW\xfd\xcf\xf7t\xe0\xc1\xfc\xef\xf1\
:\xc0os\xd5UW]\xf5?\x13\xe2\xaa\xab\xae\xba\
\xea\x7f\xb6\xf7\x06\xbe\x8b\xff]~\x1bx\x1d\xae\xba\xea\
\xaa\xab\xfegB\x5cu\xd5UW\xfd\xcfu\x1cx:\
p\x9c\xff}^\x07\xf8m\xae\xba\xea\xaa\xab\xfe\xe7A\
\x5cu\xd5UW\xfd\xcf\xf5\xd9\xc0g\xf1\xbf\xd3o\x03\
\xaf\xc3UW]u\xd5\xff<\x88\xab\xae\xba\xea\xaa\xff\
\x99\x8e\x03O\x07\x8e\xf3\xbf\xd7\xeb\x00\xbf\xcdUW]\
u\xd5\xff,\x88\xab\xae\xba\xea\xaa\xff\x99>\x1b\xf8,\
\xfew\xfbm\xe0u\xb8\xea\xaa\xab\xae\xfa\x9f\x05q\xd5\
UW]\xf5?\xcfq\xe0\xe9\xc0q\xfe\xf7{\x1d\xe0\
\xb7\xb9\xea\xaa\xab\xae\xfa\x9f\x03q\xd5UW]\xf5?\
\xcfg\x03\x9f\xc5\xff\x0d\xbf\x0d\xbc\x0eW]u\xd5U\
\xffs \xae\xba\xea\xaa\xab\xfeg9\x0e<\x1d8\xce\
\xff\x1d\xaf\x03\xfc6W]u\xd5U\xff3 \xae\xba\
\xea\xaa\xab\xfeg\xf9l\xe0\xb3\xf8\xbf\xe5\xb7\x81\xd7\xe1\
\xaa\xab\xae\xba\xea\x7f\x06\xc4UW]u\xd5\xff\x1c\xc7\
\x81\xa7\x03\xc7\xf9\xbf\xe7u\x80\xdf\xe6\xaa\xab\xae\xba\xea\
\xbf\x1f\xe2\xaa\xab\xae\xba\xea\x7f\x8e\xcf\x06>\x8b\xff\x9b\
n\x05\x1e\xc2UW]u\xd5\x7f?\xc4UW]u\
\xd5\xff\x0c\xc7\x81\xa7\x03\xc7\xf9\xbf\xeb}\x80\xef\xe6\xaa\
\xab\xae\xba\xea\xbf\x17\xe2\xaa\xab\xae\xba\xea\x7f\x86\xcf\x06\
>\x8b\xff\xdbn\x05\x1e\xc2UW]u\xd5\x7f/\xc4\
UW]u\xd5\x7f\xbf\x07\x03\x7f\x05\x1c\xe7\xff\xbe\xf7\
\x01\xbe\x9b\xab\xae\xba\xea\xaa\xff>\x88\xab\xae\xba\xea\xaa\
\xff~\xdf\x0d\xbc\x17\xff?\xdc\x0a<\x84\xab\xae\xba\xea\
\xaa\xff>\x88\xab\xae\xba\xea\xaa\xff^\x0f\x06\x9e\xce\xff\
/\xef\x03|7W]u\xd5U\xff=\x10W]u\
\xd5U\xff\xbd\xbe\x1bx/\xfe\x7f\xb9\x15x\x08W]\
u\xd5U\xff=\x10W]u\xd5U\xff}\x1e\x0c<\
\x9d\xff\x9f\xde\x07\xf8n\xae\xba\xea\xaa\xab\xfe\xeb!\xae\
\xba\xea\xaa\xab\xfe\xfb|7\xf0^\xfc\xfft+\xf0\x10\
\xae\xba\xea\xaa\xab\xfe\xeb!\xae\xba\xea\xaa\xab\xfe{<\
\x18x:\xff\xbf\xbd\x0f\xf0\xdd\x5cu\xd5UW\xfd\xd7\
B\x5cu\xd5UW\xfd\xf7\xf8n\xe0\xbd\xf8\xff\xedV\
\xe0!\x5cu\xd5UW\xfd\xd7B\x5cu\xd5UW\xfd\
\xd7{0\xf0t\xae\x02x\x1f\xe0\xbb\xb9\xea\xaa\xab\xae\
\xfa\xaf\x83\xb8\xea\xaa\xab\xae\xfa\xaf\xf7\xdd\xc0{q\x15\
\xc0\xad\xc0\xcb\x00\xbb\x5cu\xd5UW\xfd\xd7@\x5cu\
\xd5UW\xfd\xd7z0\xf0t\xaez\xa0\xcf\x01>\x9b\
\xab\xae\xba\xea\xaa\xff\x1a\x88\xab\xae\xba\xea\xaa\xffZ\xdf\
\x0d\xbc\x17W=\xd0.\xf0\x10`\x97\xab\xae\xba\xea\xaa\
\xff|\x88\xab\xae\xba\xea\xaa\xff:\xaf\x0d\xfc\x16W=\
?\x9f\x03|6W]u\xd5U\xff\xf9\x10W]u\
\xd5U\xffu~\x0bxm\xaez~v\x81\x87\x00\xbb\
\x5cu\xd5UW\xfd\xe7B\x5cu\xd5UW\xfd\xd7x\
m\xe0\xb7\xb8\xea\x85\xf9\x1c\xe0\xb3\xb9\xea\xaa\xab\xae\xfa\
\xcf\x85\xb8\xea\xaa\xab\xae\xfa\xaf\xf1[\xc0ks\xd5\x0b\
\xb3\x0b<\x04\xd8\xe5\xaa\xab\xae\xba\xea?\x0f\xe2\xaa\xab\
\xae\xba\xea?\xdfk\x03\xbf\xc5U/\x8a\xcf\x01>\x9b\
\xab\xae\xba\xea\xaa\xff<\x88\xab\xae\xba\xea\xaa\xff|\xbf\
\x05\xbc6W\xbd(v\x81\x87\x00\xbb\x5cu\xd5UW\
\xfd\xe7@\x5cu\xd5UW\xfd\xe7zm\xe0\xb7\xb8\xea\
_\xe3s\x80\xcf\xe6\xaa\xab\xae\xba\xea?\x07\xe2\xaa\xab\
\xae\xba\xea?\xd7o\x01\xaf\xcdU\xff\x1a\xbb\xc0C\x80\
]\xae\xba\xea\xaa\xab\xfe\xe3!\xae\xba\xea\xaa\xab\xfe\xf3\
\xbc6\xf0[\x5c\xf5o\xf19\xc0gs\xd5UW]\
\xf5\x1f\x0fq\xd5UW]\xf5\x9f\xe7\xb7\x80\xd7\xe6\xaa\
\x7f\x8b]\xe0!\xc0.W]u\xd5U\xff\xb1\x10W\
]u\xd5U\xff9^\x1b\xf8-\xae\xfa\xf7\xf8\x1a\xe0\
\xa3\xb9\xea\xaa\xab\xae\xfa\x8f\x85\xb8\xea\xaa\xab\xae\xfa\xcf\
\xf1[\xc0ks\xd5\xbf\xd7C\x80[\xb9\xea\xaa\xab\xae\
\xfa\x8f\x83\xb8\xea\xaa\xab\xae\xfa\x8f\xf7\xd6\xc0Oq\xd5\
\x7f\x84\xef\x01\xde\x9b\xab\xae\xba\xea\xaa\xff8\x88\xab\xae\
\xba\xea\xaa\xffxO\x07\x1e\xccU\xffQ\x1e\x02\xdc\xca\
UW]u\xd5\x7f\x0c\xc4UW]u\xd5\x7f\xac\xf7\
\x06\xbe\x8b\xab\xfe#}\x0f\xf0\xde\x5cu\xd5UW\xfd\
\xc7@\x5cu\xd5UW\xfd\xc7z:\xf0`\xae\xfa\x8f\
\xf6\x10\xe0V\xae\xba\xea\xaa\xab\xfe\xfd\x10W]u\xd5\
U\xffq\xde\x1b\xf8.\xae\xfa\xcf\xf0=\xc0{s\xd5\
UW]\xf5\xef\x87\xb8\xea\xaa\xab\xae\xfa\x8f\xf3t\xe0\
\xc1\x5c\xf5\x9f\xe5!\xc0\xad\x5cu\xd5UW\xfd\xfb \
\xae\xba\xea\xaa\xab\xfec\xbc7\xf0]\x5c\xf5\x9f\xe9{\
\x80\xf7\xe6\xaa\xab\xae\xba\xea\xdf\x07q\xd5UW]\xf5\
\x1f\xe3\xe9\xc0\x83\xb9\xea?\xdbC\x80[\xb9\xea\xaa\xab\
\xae\xfa\xb7C\x5cu\xd5UW\xfd\xfb\xbd7\xf0]\x5c\
\xf5_\xe1{\x80\xf7\xe6\xaa\xab\xae\xba\xea\xdf\x0eq\xd5\
UW]\xf5\xef\xf7t\xe0\xc1\x5c\xf5_\xe5!\xc0\xad\
\x5cu\xd5UW\xfd\xdb \xae\xba\xea\xaa\xab\xfe}\xde\
\x1b\xf8.\xae\xfa\xaf\xf4=\xc0{s\xd5UW]\xf5\
o\x83\xb8\xea\xaa\xab\xae\xfa\xf7y:\xf0`\xae\xfa\xaf\
\xf62\xc0_s\xd5UW]\xf5\xaf\x87\xb8\xea\xaa\xab\
\xae\xfa\xb7\xfbl\xe0\xb3\xb8\xea\xbf\xc3o\x03\xaf\xc3U\
W]u\xd5\xbf\x1e\xe2\xaa\xab\xae\xba\xea\xdf\xe68\xf0\
t\xe08W\xfdwy\x1d\xe0\xb7\xb9\xea\xaa\xab\xae\xfa\
\xd7A\x5cu\xd5UW\xfd\xdb|6\xf0Y\x5c\xf5\xdf\
\xe9\xb7\x81\xd7\xe1\xaa\xab\xae\xba\xea_\x07q\xd5UW\
]\xf5\xafw\x1cx:p\x9c\xab\xfe\xbb\xbd\x0e\xf0\xdb\
\x5cu\xd5UW\xbd\xe8\x10W]u\xd5U\xffz\x9f\
\x0d|\x16W\xfdO\xf0\xdb\xc0\xebp\xd5UW]\xf5\
\xa2C\x5cu\xd5UW\xfd\xeb\x1c\x07\x9e\x0e\x1c\xe7\xaa\
\xff)^\x07\xf8m\xae\xba\xea\xaa\xab^4\x88\xab\xae\
\xba\xea\xaa\x7f\x9d\xcf\x06>\x8b\xab\xfe'\xf9m\xe0u\
\xb8\xea\xaa\xab\xaez\xd1 \xae\xba\xea\xaa\xab^t\xc7\
\x81\xa7\x03\xc7\xb9\xea\x7f\x9a\xd7\x01~\x9b\xab\xae\xba\xea\
\xaa\x7f\x19\xe2\xaa\xab\xae\xba\xeaE\xf7\xd9\xc0gq\xd5\
\xffD\xbf\x0d\xbc\x0eW]u\xd5U\xff2\xc4UW\
]u\xd5\x8b\xe68\xf0t\xe08W\xfdO\xf5:\xc0\
os\xd5UW]\xf5\xc2!\xae\xba\xea\xaa\xab^4\
\x9f\x0d|\x16W\xfdO\xf6\xdb\xc0\xebp\xd5UW]\
\xf5\xc2!\xae\xba\xea\xaa\xab\xfee\xc7\x81\xa7\x03\xc7\xb9\
\xea\x7f\xba\xd7\x01~\x9b\xab\xae\xba\xea\xaa\x17\x0cq\xd5\
UW]\xf5/\xfbj\xe0\xa3\xf8\xbf\xe7\x12p\x8c\xff\
[\xfe\x1ax\x19\xae\xba\xea\xaa\xab^0\xc4UW]\
u\xd5\x0b\xf7`\xe0\xe9\xfc\xdf\xf3;\xc0o\x03\x9f\xc5\
\xff=\xef\x03|7W]u\xd5U\xcf\x1f\xe2\xaa\xab\
\xae\xba\xea\x85\xfbn\xe0\xbd\xf8\xbf\xe7u\x80\xbf\x06n\
\x05\x8e\xf1\x7f\xcb\xad\xc0C\xb8\xea\xaa\xab\xaez\xfe\x10\
W]u\xd5U/\xd8\x83\x81\xa7\xf3\x7f\xcf\xef\x00\xaf\
\xcd\x15\x9f\x0d|\x16\xff\xf7\xbc\x0f\xf0\xdd\x5cu\xd5U\
W=/\xc4UW]u\xd5\x0b\xf6\xdd\xc0{\xf1\x7f\
\xcf\xeb\x00\xbf\xcd\x15\xc7\x81[\x81c\xfc\xdfr+\xf0\
\x10\xae\xba\xea\xaa\xab\x9e\x17\xe2\xaa\xab\xae\xba\xea\xf9{\
0\xf0t\xfe\xef\xf9\x1d\xe0\xb5yN\x9f\x0d|\x16\xff\
\xf7\xbc\x0f\xf0\xdd\x5cu\xd5UW='\xc4UW]\
u\xd5\xf3\xf7\xdd\xc0{\xf1\x7f\xcfC\x80[yN\xc7\
\x81[\x81c\xfc\xdfr+\xf0\x10\xae\xba\xea\xaa\xab\x9e\
\x13\xe2\xaa\xab\xae\xba\xeay=\x18x:\xff\xf7|\x0f\
\xf0\xde<\x7f\x9f\x0d|\x16\xff\xf7\xbc\x0f\xf0\xdd\x5cu\
\xd5UW=\x1b\xe2\xaa\xab\xae\xba\xeay}7\xf0^\
\xfc\xdf\xf3\x10\xe0V\x9e\xbf\xe3\xc0\xad\xc01\xfeo\xb9\
\x15x\x08W]u\xd5U\xcf\x86\xb8\xea\xaa\xab\xaez\
N\x0f\x06\x9e\xce\xff=\xdf\x03\xbc7/\xdcg\x03\x9f\
\xc5\xff=\xef\x03|7W]u\xd5UW \xae\xba\
\xea\xaa\xab\x9e\xd3w\x03\xef\xc5\xff=\x0f\x01n\xe5\x85\
;\x0e\xdc\x0a\x1c\xe3\xff\x96[\x81\x87p\xd5UW]\
u\x05\xe2\xaa\xab\xae\xba\xea\xd9\x1e\x0c<\x9d\xff{\xbe\
\x07xo^4\x1f\x0d|\x15\xff\xf7\xbc\x0f\xf0\xdd\x5c\
u\xd5UW\x01\xe2\xaa\xab\xae\xba\xea\xd9~\x0axk\
\xfe\xefy\x08p+/\xba[\x81\x07\xf1\x7f\xcb\xad\xc0\
C\xb8\xea\xaa\xab\xae\x02\xc4UW]u\xd5\x15\xaf\x0d\
\xfc\x16\xff\xf7|\x0f\xf0\xde\xfc\xeb\xbc7\xf0]\xfc\xdf\
\xf39\xc0gs\xd5UW\xfd\x7f\x87\xb8\xea\xaa\xab\xae\
\xba\xe2\xb7\x80\xd7\xe6\xff\x9e\x87\x00\xb7\xf2\xafw+\xf0\
 \xfeo\xd9\x05\x1e\x02\xecr\xd5UW\xfd\x7f\x86\xb8\
\xea\xaa\xab\xae\x82\xd7\x06~\x8b\xff{\xbe\x07xo\xfe\
m\xde\x1b\xf8.\xfe\xef\xf9\x1c\xe0\xb3\xb9\xea\xaa\xab\xfe\
?C\x5cu\xd5UW\xc1o\x01\xaf\xcd\xff=\x0f\x01\
n\xe5\xdf\xeeV\xe0A\xfc\xdf\xb2\x0b<\x04\xd8\xe5\xaa\
\xab\xae\xfa\xff\x0aq\xd5UW\xfd\x7f\xf7\xda\xc0o\xf1\
\x7f\xcf\xd7\x00\x1f\xcd\xbf\xcf{\x03\xdf\xc5\xff=\x9f\x03\
|6W]u\xd5\xffW\x88\xab\xae\xba\xea\xff\xbb\xdf\
\x02^\x9b\xff[.\x01\x0f\x06v\xf9\xf7\xbb\x15x\x10\
\xff\xb7\xec\x02\x0f\x01v\xb9\xea\xaa\xab\xfe?B\x5cu\
\xd5U\xff\x9f\xbd6\xf0[\xfc\xdf\xf39\xc0g\xf3\x1f\
\xe3\xbd\x81\xef\xe2\xff\x9e\xcf\x01>\x9b\xab\xae\xba\xea\xff\
#\xc4UW]\xf5\xff\xd9o\x01\xaf\xcd\xff-\x97\x80\
\x07\x03\xbb\xfc\xc7\xb9\x15x\x10\xff\xb7\xec\x02\x0f\x01v\
\xb9\xea\xaa\xab\xfe\xbfA\x5cu\xd5U\xff_\xbd6\xf0\
[\xfc\xdf\xf39\xc0g\xf3\x1f\xeb\xbd\x81\xef\xe2\xff\x9e\
\xcf\x01>\x9b\xab\xae\xba\xea\xff\x1b\xc4UW]\xf5\xff\
\xd5o\x01\xaf\xcd\xff-\x97\x80\x07\x03\xbb\xfc\xc7\xbb\x15\
x\x10\xff\xb7\xec\x02\x0f\x01v\xb9\xea\xaa\xab\xfe?A\
\x5cu\xd5U\xff\x1f\xbd6\xf0[\xfc\xdf\xf39\xc0g\
\xf3\x9f\xe3\xad\x81\x9f\xe2\xff\x9e\xcf\x01>\x9b\xab\xae\xba\
\xea\xff\x13\xc4UW]\xf5\xff\xd1_\x01/\xcd\xff-\
\x97\x80\x07\x03\xbb\xfc\xe7\xf9m\xe0\xb5\xf8\xbfe\x17x\
\x08\xb0\xcbUW]\xf5\xff\x05\xe2\xaa\xab\xae\xfa\xff\xe6\
\xbd\x81\xef\xe2\xff\x9e\xcf\x01>\x9b\xff\x5c\xaf\x0d\xfc\x16\
\xff\xf7|\x0e\xf0\xd9\x5cu\xd5U\xff_ \xae\xba\xea\
\xaa\xffo\x9e\x0e<\x98\xff[.\x01\x0f\x06v\xf9\xcf\
\xf7\xdb\xc0k\xf1\x7f\xcfC\x80[\xb9\xea\xaa\xab\xfe?\
@\x5cu\xd5U\xff\x9f\xbc7\xf0]\xfc\xdf\xf39\xc0\
g\xf3_\xe3\xb5\x81\xdf\xe2\xff\x9e\xef\x01\xde\x9b\xab\xae\
\xba\xea\xff\x03\xc4UW]\xf5\xff\xc9\xd3\x81\x07\xf3\x7f\
\xcb%\xe0\xc1\xc0.\xffu~\x1bx-\xfe\xefy\x08\
p+W]u\xd5\xffu\x88\xab\xae\xba\xea\xff\x8b\xf7\
\x06\xbe\x8b\xff{>\x07\xf8l\xfek\xbd6\xf0[\xfc\
\xdf\xf3=\xc0{s\xd5UW\xfd_\x87\xb8\xea\xaa\xab\
\xfe\xbfx:\xf0`\xfeoy\x06\xf0`\xfe{\xfc6\
\xf0Z\xfc\xdf\xf3\x10\xe0V\xae\xba\xea\xaa\xff\xcb\x10W\
]u\xd5\xff\x07\xef\x0d|\x17\xff\xf7\xbc\x0f\xf0\xdd\xfc\
\xf7xm\xe0\xb7\xf8\xbf\xe7{\x80\xf7\xe6\xaa\xab\xae\xfa\
\xbf\x0cq\xd5UW\xfd\x7f\xf0t\xe0\xc1\xfc\xdf\xf2\x0c\
\xe0\xc1\xfc\xf7\xfam\xe0\xb5\xf8\xbf\xe7!\xc0\xad\x5cu\
\xd5U\xffW!\xae\xba\xea\xaa\xff\xeb\xde\x1b\xf8.\xfe\
\xefy\x1f\xe0\xbb\xf9\xef\xf5\xda\xc0o\xf1\x7f\xcf\xf7\x00\
\xef\xcdUW]\xf5\x7f\x15\xe2\xaa\xab\xae\xfa\xbf\xee\xe9\
\xc0\x83\xf9\xbf\xe5\x19\xc0\x83\xf9\x9f\xe1\xb7\x81\xd7\xe2\xff\
\x9e\x87\x00\xb7r\xd5UW\xfd_\x84\xb8\xea\xaa\xab\xfe\
/{o\xe0\xbb\xf8\xbf\xe7}\x80\xef\xe6\x7f\x86\x97\x06\
\xfe\x8a\xff{\xbe\x07xo\xae\xba\xea\xaa\xff\x8b\x10W\
]u\xd5\xffU\xc7\x81\xbf\x02\x1e\xcc\xff-\xcf\x00\x1e\
\xcc\xff,\xdf\x0d\xbc\x17\xff\xf7<\x04\xb8\x95\xab\xae\xba\
\xea\xff\x1a\xc4UW]\xf5\x7f\xd5g\x03\x9f\xc5\xff=\
\xef\x03|7\xff\xb3<\x18x:\xff\xf7|\x0f\xf0\xde\
\x5cu\xd5U\xff\xd7 \xae\xba\xea\xaa\xff\x8b\x8e\x03O\
\x07\x8e\xf3\x7f\xcb3\x80\x07\xf3?\xd3w\x03\xef\xc5\xff\
=\x0f\x01n\xe5\xaa\xab\xae\xfa\xbf\x04q\xd5UW\xfd\
_\xf4\xd9\xc0g\xf1\x7f\xcf\xfb\x00\xdf\xcd\xffL\x0f\x06\
\x9e\xce\xff=\xbf\x0d\xbc\x0eW]u\xd5\xff%\x88\xab\
\xae\xba\xea\xff\x9a\xe3\xc0\xd3\x81\xe3\xfc\xdf\xf2\x0c\xe0\xc1\
\xfc\xcf\xf6\xdd\xc0{\xf1\x7f\xcf\xeb\x00\xbf\xcdUW]\
\xf5\x7f\x05\xe2\xaa\xab\xae\xfa\xbf\xe6\xb3\x81\xcf\xe2\xff\x9e\
\xb7\x01~\x9a\xff\xd9\x1e\x0c<\x9d\xff{~\x1bx\x1d\
\xae\xba\xea\xaa\xff+\x10W]u\xd5\xff%\xc7\x81\xa7\
\x03\xc7\xf9\xbf\xe5w\x80\xd7\xe6\x7f\x87\xef\x06\xde\x8b\xff\
{^\x07\xf8m\xae\xba\xea\xaa\xff\x0b\x10W]u\xd5\
\xff%\x9f\x0d|\x16\xff\xf7\xbc\x0e\xf0\xdb\xfc\xef\xf0`\
\xe0\xe9\xfc\xdf\xf3\xdb\xc0\xebp\xd5UW\xfd_\x80\xb8\
\xea\xaa\xab\xfe\xaf8\x0e<\x1d8\xce\xff-\xbf\x03\xbc\
6\xff\xbb|7\xf0^\xfc\xdf\xf3:\xc0os\xd5U\
W\xfdo\x87\xb8\xea\xaa\xab\xfe\xaf\xf8l\xe0\xb3\xf8\xbf\
\xe7u\x80\xdf\xe6\x7f\x97\x07\x03O\xe7\xff\x9e\xdf\x06^\
\x87\xab\xae\xba\xea\x7f;\xc4UW]\xf5\x7f\xc1q\xe0\
\xe9\xc0q\xfeo\xf9\x1d\xe0\xb5\xf9\xdf\xe9\xbb\x81\xf7\xe2\
\xff\x9e\xd7\x01~\x9b\xab\xae\xba\xea\x7f3\xc4UW]\
\xf5\x7f\xc1g\x03\x9f\xc5\xff=\xaf\x03\xfc6\xff;\x1d\
\x07n\x05\x8e\xf1\x7f\xcbo\x03\xaf\xc3UW]\xf5\xbf\
\x19\xe2\xaa\xab\xae\xfa\xdf\xee\xc1\xc0_\x01\xc7\xf9\xbf\xe5\
w\x80\xd7\xe6\x7f\xb7\xcf\x06>\x8b\xff{^\x07\xf8m\
\xae\xba\xea\xaa\xff\xad\x10W]u\xd5\xffv\xdf\x0d\xbc\
\x17\xff\xf7\xbc\x0e\xf0\xdb\xfc\xefv\x1c\xb8\x158\xc6\xff\
-\xbf\x0d\xbc\x0eW]u\xd5\xffV\x88\xab\xae\xba\xea\
\x7f\xb3\x07\x03O\xe7\xff\x9e\xdf\x01^\x9b\xff\x1b>\x1b\
\xf8,\xfe\xefy\x1d\xe0\xb7\xb9\xea\xaa\xab\xfe7B\x5c\
u\xd5U\xff\x9b}7\xf0^\xfc\xdf\xf3:\xc0o\xf3\
\x7f\xc3q\xe0V\xe0\x18\xff\xb7\xfc6\xf0:\x5cu\xd5\
U\xff\x1b!\xae\xba\xea\xaa\xff\xad\x1e\x0c<\x9d\xff{\
~\x07xm\xfeo\xf9l\xe0\xb3\xf8\xbf\xe7}\x80\xef\
\xe6\xaa\xab\xae\xfa\xdf\x06q\xd5UW\xfdo\xf5\xdd\xc0\
{\xf1\x7f\xcf\xcb\x00\x7f\xcd\xff-\xc7\x81[\x81c\xfc\
\xdfr+\xf0\x10\xae\xba\xea\xaa\xffm\x10W]u\xd5\
\xffF\x0f\x06\x9e\xce\xff=\xdf\x03\xbc7\xff7}6\
\xf0Y\xfc\xdf\xf3>\xc0ws\xd5UW\xfdo\x82\xb8\
\xea\xaa\xab\xfe7\xfan\xe0\xbd\xf8\xbf\xe7!\xc0\xad\xfc\
\xdft\x1c\xb8\x158\xc6\xff-\xb7\x02\x0f\xe1\xaa\xab\xae\
\xfa\xdf\x04q\xd5UW\xfdo\xf3`\xe0\xe9\xfc\xdf\xf3\
=\xc0{\xf3\x7f\xdbg\x03\x9f\xc5\xff=\xef\x03|7\
W]u\xd5\xff\x16\x88\xab\xae\xba\xea\x7f\x9b\xef\x06\xde\
\x8b\xff{\x1e\x02\xdc\xca\xffm\xc7\x81[\x81c\xfc\xdf\
r+\xf0\x10\xae\xba\xea\xaa\xff-\x10W]u\xd5\xff\
&\x0f\x06\x9e\xce\xff=\xdf\x03\xbc7\xff?|6\xf0\
Y\xfc\xdf\xf3>\xc0ws\xd5UW\xfdo\x80\xb8\xea\
\xaa\xab\xfe7\xf9n\xe0\xbd\xf8\xbf\xe7!\xc0\xad\xfc\xff\
q+\xf0 \xfeo\xb9\x15x\x08W]u\xd5\xff\x06\
\x88\xab\xae\xba\xea\x7f\x8b\x97\x06\xfe\x8a\xff{\xbe\x07x\
o\xfe\x7fyo\xe0\xbb\xf8\xbf\xe7}\x80\xef\xe6\xaa\xab\
\xae\xfa\x9f\x0eq\xd5UW\xfdo\xf1[\xc0k\xf3\x7f\
\xcfC\x80[\xf9\xff\xe7V\xe0A\xfc\xdfr+\xf0\x10\
\xae\xba\xea\xaa\xff\xe9\x10W]u\xd5\xff\x06\xaf\x0d\xfc\
\x16\xff\xf7|\x0f\xf0\xde\xfc\xff\xf4\xde\xc0w\xf1\x7f\xcf\
\xfb\x00\xdf\xcdUW]\xf5?\x19\xe2\xaa\xab\xae\xfa\xdf\
\xe0\xb7\x80\xd7\xe6\xff\x9e\x87\x00\xb7\xf2\xff\xd7\xad\xc0\x83\
\xf8\xbf\xe5V\xe0!\x5cu\xd5U\xff\x93!\xae\xba\xea\
\xaa\xff\xe9^\x1b\xf8-\xfe\xef\xf9\x1e\xe0\xbd\xf9\xff\xed\
\xbd\x81\xef\xe2\xff\x9e\x8f\x01\xbe\x9a\xab\xae\xba\xea\x7f*\
\xc4UW]\xf5?\xddo\x01\xaf\xcd\xff-\x97\x80\x07\
\x03\xbb\x5cu+\xf0 \xfeo\xd9\x05\x1e\x02\xecr\xd5\
UW\xfdO\x84\xb8\xea\xaa\xab\xfe'{m\xe0\xb7\xf8\
\xbf\xe7s\x80\xcf\xe6*\x80\xf7\x06\xbe\x8b\xff{>\x07\
\xf8l\xae\xba\xea\xaa\xff\x89\x10W]u\xd5\xffd\xbf\
\x05\xbc6\xff\xb7\x5c\x02\x1e\x0c\xecr\xd5\xfdn\x05\x1e\
\xc4\xff-\xbb\xc0C\x80]\xae\xba\xea\xaa\xffi\x10W\
]u\xd5\xffT\xaf\x0d\xfc\x16\xff\xf7|\x0e\xf0\xd9\x5c\
\xf5@\xef\x0d|\x17\xff\xf7|\x0e\xf0\xd9\x5cu\xd5U\
\xff\xd3 \xae\xba\xea\xaa\xff\xa9~\x0bxm\xfeo\xb9\
\x04<\x18\xd8\xe5\xaa\xe7v+\xf0 \xfeo\xd9\x05\x1e\
\x02\xecr\xd5UW\xfdO\x82\xb8\xea\xaa\xab\xfe'z\
m\xe0\xb7\xf8\xbf\xe7s\x80\xcf\xe6\xaa\xe7\xe7\xad\x81\x9f\
\xe2\xff\x9e\xcf\x01>\x9b\xab\xae\xba\xea\x7f\x12\xc4UW\
]\xf5?\xd1o\x01\xaf\xcd\xff-\x97\x80\x07\x03\xbb\x5c\
\xf5\x82\xfc6\xf0Z\xfc\xdf\xb2\x0b<\x04\xd8\xe5\xaa\xab\
\xae\xfa\x9f\x02q\xd5UW\xfdO\xf3\xda\xc0o\xf1\x7f\
\xcf\xe7\x00\x9f\xcdU/\xcck\x03\xbf\xc5\xff=\x9f\x03\
|6W]u\xd5\xff\x14\x88\xab\xae\xba\xea\x7f\x9a\xa7\
\x03\x0f\xe6\xff\x96K\xc0\x83\x81]\xae\xfa\x97\xfc6\xf0\
Z\xfc\xdf\xb2\x0b<\x04\xd8\xe5\xaa\xab\xae\xfa\x9f\x00q\
\xd5UW\xfdO\xf2\xde\xc0w\xf1\x7f\xcf\xe7\x00\x9f\xcd\
U/\x8a\xd7\x06~\x8b\xff{>\x07\xf8l\xae\xba\xea\
\xaa\xff\x09\x10W]u\xd5\xff$O\x07\x1e\xcc\xff-\
\x97\x80\x07\x03\xbb\x5c\xf5\xa2\xfam\xe0\xb5\xf8\xbfe\x17\
x\x08\xb0\xcbUW]\xf5\xdf\x0dq\xd5UW\xfdO\
\xf1\xde\xc0w\xf1\x7f\xcf\xe7\x00\x9f\xcdU\xff\x1a\xaf\x0d\
\xfc\x16\xff\xf7|\x0e\xf0\xd9\x5cu\xd5U\xff\xdd\x10W\
]u\xd5\xff\x14O\x07\x1e\xcc\xff-\xcf\x00\x1e\xccU\
\xff\x16\xbf\x0d\xbc\x16\xff\xb7\xec\x02/\x03\xdc\xcaUW\
]\xf5\xdf\x09q\xd5UW\xfdO\xf0\xde\xc0w\xf1\x7f\
\xcf\xfb\x00\xdf\xcdU\xff\x16\xaf\x0d\xfc\x16\xff\xf7|\x0f\
\xf0\xde\x5cu\xd5U\xff\x9d\x10W]u\xd5\xff\x04O\
\x07\x1e\xcc\xff-\xcf\x00\x1e\xccU\xff\x1e\xbf\x0d\xbc\x16\
\xff\xf7<\x04\xb8\x95\xab\xae\xba\xea\xbf\x0b\xe2\xaa\xab\xae\
\xfa\xef\xf6\xde\xc0w\xf1\x7f\xcf\xfb\x00\xdf\xcdU\xff\x1e\
\xaf\x0d\xfc\x16\xff\xf7|\x0f\xf0\xde\x5cu\xd5U\xff]\
\x10W]u\xd5\x7f\xb5\x07\x03\x0f\x02^\x1ax0\xf0\
\xde\xc0q\xfeoy\x06\xf0`\xae\xfa\x8f\xf0\xdb\xc0k\
\xf1\x7f\xcfw\x03\xb7\x02\xbf\x0d\x5c\x02\xfe\x9a\xab\xae\xba\
\xea\xbf\x0a\xe2\xaa\xab\xae\xfa\xcf\xf2\xd2\xc0\x83\x80\x97\x06\
\x1e\x0c<\x18xm\xfe\x7fx\x1f\xe0\xbb\xb9\xea?\xc2\
K\x03\x7f\xc5\xff\x0f\x7f\x0d\xdc\x0a\xfc5\xf0\xd7\xc0.\
\xf0;\x5cu\xd5U\xff\xd1\x10W]u\xd5\xbf\xd7k\
\x01\x0f\x06\x1e\x0c\xbc6p\x1cxi\xfe\xffz\x06\xf0\
`\xae\xfa\x8f\xf4\xdd\xc0{\xf1\xff\xd7\xad\xc0\xad\xc0o\
\x03\xbb\xc0_\x03\x7f\x03\xecr\xd5UW\xfd[ \xae\
\xba\xea\xaa\x17\xc5q\xe0\xa5\x80\x97\x06\x1e\x0c\xbc4\xf0\
`\xe0\xc1\x5c\xf5\xdc\xde\x07\xf8n\xae\xfa\x8f\xf4`\xe0\
\xe9\x5c\xf5\xdcv\x81\xbf\x06\xfe\x1a\xd8\x05~\x1bx\x06\
p+W]u\xd5\x0b\x83\xb8\xea\xaa\xab\x1e\xe8\xc1\xc0\
\x83\x80\xd7\x06\x1e\x0c<\x18xm\xaezQ=\x03x\
0W\xfdg\xf8n\xe0\xbd\xb8\xeaE\xf5\xdb\xc0.\xf0\
\xd7\xc0_\x03\xcf\x00\xfe\x9a\xab\xae\xba\x0a\x00q\xd5U\
\xff?\xbd\x16p\x1cxi\xe0\xa5\x81\x07\x03/\xcdU\
\xff^\xef\x03|7W\xfdgx0\xf0t\xae\xfa\xf7\
\xba\x15\xb8\x15\xf8m\xe0V\xe0V\xe0w\xb8\xea\xaa\xff\
_\x10W]\xf5\x7f\xd7q\xe0\xa5\x80\x97\x06\x8e\x03\xaf\
\x0d<\x18x0W\xfdgx\x06\xf0`\xae\xfa\xcf\xf4\
\xdd\xc0{q\xd5\x7f\x86]\xe0\xaf\x81\xbf\x06n\x05\xfe\
\x1ax\x06p+W]\xf5\x7f\x0f\xe2\xaa\xab\xfe\xf7{\
0\xf0 \xe0\xb5\x81\xe3\xc0K\x03/\x0d\x1c\xe7\xaa\xff\
Jo\x03\xfc4W\xfdgz0\xf0t\xae\xfa\xaf\xf6\
\xdb\xc0\xad\xc0\xad\xc0o\x03\x97\x80\xbf\xe6\xaa\xab\xfe\xf7\
B\x5cu\xd5\xff\x1e/\x0d<\x08xi\xe0\xa5\x81\xe3\
\xc0ks\xd5\xff\x04\xbf\x03\xbc6W\xfdW\xf8n\xe0\
\xbd\xb8\xea\x7f\x82\xbf\x06n\x05\xfe\x1a\xb8\x15\xb8\x15\xf8\
\x1d\xae\xba\xea\x7f>\xc4UW\xfd\xcf\xf3Z\xc0\x83\x81\
\x07\x03\xaf\x0d\x1c\x07^\x9a\xab\xfe'{\x1d\xe0\xb7\xb9\
\xea\xbf\xc2\x83\x81\xa7s\xd5\xffd\xb7\x02\xb7\x02\x7f\x0d\
\xdc\x0a\xfc5\xf07\xc0.W]\xf5?\x03\xe2\xaa\xab\
\xfe{<\x18x\x10\xf0\xd2\xc0\x83\x81\x97\x06^\x1a8\
\xceU\xff\xdb\xfc\x0e\xf0\xda\x5c\xf5_\xe9\xbb\x81\xf7\xe2\
\xaa\xffmv\x81\xbf\x06n\x05n\x05~\x1bx\x06p\
+W]\xf5_\x0bq\xd5U\xff\xb9^\x1a8\x06\xbc\
6\xf0`\xe0\xc1\xc0ks\xd5\xff%\xaf\x03\xfc6W\
\xfdWz0\xf0t\xae\xfa\xbf\xe4\xaf\x81[\x81\xbf\x06\
\xfe\x1a\xd8\x05~\x87\xab\xae\xfa\xcf\x81\xb8\xea\xaa\xff\x18\
\xaf\x05<\x18x0\xf0\xd2\xc0\x83\x81\x97\xe6\xaa\xff\xeb\
~\x07xm\xae\xfa\xef\xf0\xdd\xc0{q\xd5\xffu\xb7\
\x02\xb7\x02\xbf\x0d\xdc\x0a\xdc\x0a\xfc\x0d\xb0\xcbUW\xfd\
\xdb!\xae\xba\xeaEw\x1cx)\xe0\xa5\x81\x07\x03/\
\x0d<\x18x0W\xfd\x7f\xf5:\xc0os\xd5\x7f\x87\
\xe3\xc0\xad\xc01\xae\xfa\xffh\x17\xf8k\xe0\xaf\x81]\
\xe0\xb7\x81g\x00\xb7r\xd5U\xff2\xc4UW=\xaf\
\x07\x03\x0f\x02^\x1bx0\xf0`\xe0\xa5\x81\xe3\x5cu\
\xd5\xb3\xfd\x0e\xf0\xda\x5c\xf5\xdf\xe9\xb3\x81\xcf\xe2\xaa\xab\
\x9e\xd3o\x03\xb7\x02\xb7\x02\x7f\x0d<\x03\xf8k\xae\xba\
\xea\xd9\x10W\xfd\x7f\xf6\xd2\xc0\x83\x80\x97\x06^\x1ax\
0\xf0\xd2\x5cu\xd5\x8b\xe6u\x80\xdf\xe6\xaa\xffN\xc7\
\x81[\x81c\x5cu\xd5\xbf\xec\xaf\x81]\xe0\xb7\x81[\
\x81[\x81\xdf\xe1\xaa\xff\x8f\x10W\xfd_w\x1cx)\
\xe0\xc1\xc0\x83\x81\xd7\x06\x1e\x0c<\x98\xab\xae\xfa\xb7\xfb\
\x1d\xe0\xb5\xb9\xea\x7f\x82\xcf\x06>\x8b\xab\xae\xfa\xb7\xdb\
\x05\xfe\x1a\xf8k\xe0V\xe0\xaf\x81\xbf\x01v\xb9\xea\xff\
*\xc4U\xffW<\x18x\x10\xf0\xda\xc0q\xe0\xa5\x81\
\x97\x06\x8es\xd5U\xff\xf1^\x07\xf8m\xae\xfa\x9f\xe0\
8p+p\x8c\xab\xae\xfa\x8f\xf7\xdb\xc0\xad\xc0\xad\xc0\
o\x03\x97\x80\xbf\xe6\xaa\xff\xed\x10W\xfdo\xf3\xd2\xc0\
\x83\x80\x97\x06\x1e\x0c<\x18xm\xae\xba\xea\xbf\xce\xef\
\x00\xaf\xcdU\xff\x93|6\xf0Y\x5cu\xd5\x7f\x9d\xbf\
\x06n\x05\xfe\x1a\xf8k`\x17\xf8\x1d\xae\xfa\xdf\x02q\
\xd5\xffT\xaf\x05<\x18x0\xf0\xda\xc0q\xe0\xa5\xb9\
\xea\xaa\xff~/\x03\xfc5W\xfdOr\x1c\xb8\x158\
\xc6UW\xfd\xf7\xba\x15\xb8\x15\xf8m`\x17\xf8k\xe0\
o\x80]\xae\xfa\x9f\x04q\xd5\x7f\xa7\xe3\xc0K\x01/\
\x0d<\x18xi\xe0\xc1\xc0\x83\xb9\xea\xaa\xff\x99\xbe\x07\
xo\xae\xfa\x9f\xe8\xb3\x81\xcf\xe2\xaa\xab\xfeg\xda\x05\
\xfe\x1a\xb8\x15\xb8\x15\xf8m\xe0\x19\xc0\xad\x5c\xf5\xdf\x01\
q\xd5\x7f\x85\x97\x06\x8e\x01\xaf\x0d<\x18x0\xf0\xda\
\x5cu\xd5\xff>\x0f\x01n\xe5\xaa\xff\x89\x8e\x03\xb7\x02\
\xc7\xb8\xea\xaa\xff]~\x1b\xd8\x05\xfe\x1a\xf8k\xe0\x19\
\xc0_s\xd5\x7f&\xc4U\xff\x91^\x0b8\x0e\xbc4\
\xf0\xd2\xc0\x83\x81\x97\xe6\xaa\xab\xfeo\xf8\x1e\xe0\xbd\xb9\
\xea\x7f\xb2\xcf\x06>\x8b\xab\xae\xfa\xbf\xe1V\xe0V\xe0\
\xb7\x81[\x81[\x81\xdf\xe1\xaa\xff\x08\x88\xab\xfe\xb5\x8e\
\x03/\x05\xbc4p\x1cxm\xe0\xc1\xc0\x83\xb9\xea\xaa\
\xff\xdb\x1e\x02\xdc\xcaU\xff\x93\x1d\x07n\x05\x8eq\xd5\
U\xffw\xed\x02\x7f\x0d\xfc5p+\xf0\xd7\xc03\x80\
[\xb9\xeaE\x85\xb8\xea\x05y0\xf0 \xe0\xb5\x81\xe3\
\xc0K\x03/\x0d\x1c\xe7\xaa\xab\xfe\xff\xf9\x1e\xe0\xbd\xb9\
\xea\x7f\x83\xcf\x06>\x8b\xab\xae\xfa\xff\xe9\xb7\x81[\x81\
[\x81\xbf\x06\x9e\x01\xfc5W=7\xc4U\x0f\x06^\
\x0axi\xe0\xa5\x81\xe3\xc0ks\xd5UW=\xd0C\
\x80[\xb9\xea\x7f\x8b[\x81\x07q\xd5UW\xdd\xef\xaf\
\x81[\x81\xbf\x06n\x05\xfe\x06\xf8k\xfe\xffB\xfc\xff\
s\x1cx+\xe0\xad\x81\x97\x06\x1e\xccUW]\xf5\xc2\
|\x0f\xf0\xde\x5c\xf5\xbf\xc9{\x03\xdf\xc5UW]\xf5\
\xc2\xec\x02\xbf\x0d\xfc6\xf0=\xc0.\xff\x7f \xfe\xff\
x0\xf0Y\xc0[\x03\xc7\xb9\xea\xaa\xab^T\x0f\x01\
n\xe5\xaa\xffmn\x05\x1e\xc4UW]\xf5\xa2\xfan\
\xe0{\x80\xdf\xe6\xff>\xc4\xff}\xc7\x81\xaf\x02\xde\x9b\
\xab\xae\xba\xea_\xeb{\x80\xf7\xe6\xaa\xff\x8d\xde\x1b\xf8\
.\xae\xba\xea\xaa\x7f\xad\x9f\x06>\x06\xb8\x95\xff\xbb\x10\
\xff\xb7\xbd7\xf0U\xc0q\xae\xba\xea\xaa\x7f\x8b\x87\x00\
\xb7r\xd5\xffV\xb7\x02\x0f\xe2\xaa\xab\xae\xfa\xb7\xf8l\
\xe0s\xf8\xbf\x09\xf1\x7f\xd3q\xe0\xbb\x80\xb7\xe6\xaa\xab\
\xae\xfa\xb7\xfa\x1e\xe0\xbd\xb9\xea\x7f\xb3\xf7\x06\xbe\x8b\xab\
\xae\xba\xea\xdf\xea\xb7\x81\xb7\x01v\xf9\xbf\x05\xf1\x7f\xcf\
q\xe0\xb7\x80\x97\xe6\xaa\xab\xae\xfa\xb7\xba\x04<\x18\xd8\
\xe5\xaa\xff\xedn\x05\x1e\xc4UW]\xf5o\xb5\x0b\xbc\
\x0e\xf0\xd7\xfc\xdf\x81\xf8\xbf\xe58\xf0[\xc0Ks\xd5\
UW\xfd{|\x0e\xf0\xd9\x5c\xf5\x7f\xc1{\x03\xdf\xc5\
UW]\xf5\xef\xb1\x0b\xbc\x0e\xf0\xd7\xfc\xdf\x80\xf8\xbf\
\xe38\xf0[\xc0Ks\xd5UW\xfd{\x5c\x02\x1e\x0c\
\xecr\xd5\xff\x15\x7f\x0d\xbc\x14W]u\xd5\xbf\xc7.\
\xf0:\xc0_\xf3\xbf\x1f\xe2\xff\x8e\xdf\x02^\x9b\xab\xae\
\xba\xea\xdf\xebc\x80\xaf\xe6\xaa\xffK^\x1b\xf8-\xae\
\xba\xea\xaa\x7f\xaf\xbf\x06^\x07\xd8\xe5\x7f7\xc4\xff\x0d\
\x9f\x0d|\x16W]u\xd5\xbf\xd7\xdf\x00/\xcdU\xff\
\x17}5\xf0Q\x5cu\xd5U\xff^?\x0d\xbc\x0d\xff\
\xbb!\xfe\xf7{i\xe0\xaf\xb8\xea\xaa\xab\xfe\xbd.\x01\
/\x0d\xdc\xcaU\xff\x17\x1d\x07~\x1bx)\xae\xba\xea\
\xaa\x7f\xaf\xf7\x01\xbe\x9b\xff\xbd\x10\xff\xfb\xfd\x16\xf0\xda\
\x5cu\xd5U\xff^o\x03\xfc4W\xfd_\xf6\xd2\xc0\
o\x03\xc7\xb8\xea\xaa\xab\xfe=n\x05^\x06\xd8\xe5\x7f\
'\xc4\xffno\x0d\xfc\x14W]u\xd5\xbf\xd7\xfb\x00\
\xdf\xcdU\xff\x1f\xbc4\xf0\xdb\xc01\xae\xba\xea\xaa\x7f\
\x8f\xcf\x01>\x9b\xff\x9d\x10\xff\xbb\xfd\x15\xf0\xd2\x5cu\
\xd5U\xff\x1e\xef\x03|7W\xfd\x7f\xf2\xd2\xc0o\x03\
\xc7\xb8\xea\xaa\xab\xfe\xadv\x81\x87\x00\xbb\xfc\xef\x83\xf8\
\xdf\xeb\xa5\x81\xbf\xe2\xaa\xab\xae\xfa\xb7\xba\x04\xbc7\xf0\
\xd3\x5c\xf5\xff\xd1K\x03?\x0d<\x88\xab\xae\xba\xea\xdf\
\xea}\x80\xef\xe6\x7f\x1f\xc4\xff^\xdf\x0d\xbc\x17W]\
u\xd5\xbf\xc5\xdf\x00\xef\x0d\xfc5W\xfd\x7fv\x1c\xf8\
i\xe0\xb5\xb8\xea\xaa\xab\xfe-\xfe\x1ax\x19\xfe\xf7A\
\xfc\xefu\x118\xceUW]\xf5\xaf\xf59\xc0gs\
\xd5U\xcf\xf6\xd6\xc0w\x03\xc7\xb8\xea\xaa\xab\xfe\xb5\x1e\
\x02\xdc\xca\xff.\x88\xff\x9d^\x1a\xf8+\xae\xba\xea\xaa\
\x7f\x8d\xef\x01>\x1b\xb8\x95\xab\xaez^\xc7\x81\x8f\x06\
>\x1a8\xc6UW]\xf5\xa2z\x1f\xe0\xbb\xf9\xdf\x05\
\xf1\xbf\xd3G\x03_\xc5UW]\xf5/\xf9\x1b\xe0\xbb\
\x81\x9f\x06n\xe5\xaa\xab\xfee\xc7\x81\xb7\x06>\x1ax\
)\xae\xba\xea\xaa\x7f\xc9\xf7\x00\xef\xcd\xff.\x88\xff\x9d\
~\x1ax+\xae\xba\xea\xaa\xe7\xf67\xc0_\x03\xbf\x0d\
\xfc5\xf0\xd7\x5cu\xd5\xbf\xdd\x83\x81\xd7\x06^\x1ax\
i\xe0\xb5\xb8\xea\xaa\xab\x9e\xdb\xef\x00\xaf\xcd\xff.\x88\
\xff\x9d~\x1bx-\xae\xba\xea\xff\xaf\xdf\x01n\x05n\
\x05~\x1b\xd8\x05\xfe\x9a\xab\xae\xfa\xcf\xf7`\xe0\xc1\xc0\
K\x03\x0f\x06^\x1axi\xe0\x18W]\xf5\xff\x97\xf8\
\xdf\x05\xf1\xbf\xd3\xd3\x81\x07s\xd5U\xff\xb7]\x02\xfe\
\x1a\xf8k\xe0V\xe0\xaf\x81\xbf\x06v\xb9\xea\xaa\xffy\
\x8e\x03/\x0d<\x18x0\xf0\xda\xc0\x83\x81\x07q\xd5\
U\xff\xf7\x89\xff]\x10\xff;\x99\xab\xae\xfa\xbf\xe3\x19\
\xc0\xad\xc0o\x03\xb7\x02\xb7\x02\xbf\xcdUW\xfd\xdf\xf1\
\xda\xc0q\xe0\xa5\x81\x97\x06\x1e\x0c\xbc\x14W]\xf5\x7f\
\xc7\xcb\x00\x7f\xcd\xff\x1e\x88\xff\x9d\xccUW\xfd\xef\xf3\
;\xc0.\xf0\xd7\xc0_\x03\xb7\x02\x7f\xcdUW\xfd\xff\
\xf5`\xe0\xc1\xc0k\x03\x0f\x06\x1e\x0c\xbc\x16W]\xf5\
\xbf\xcfC\x80[\xf9\xdf\x03\xf1\xbf\x93\xb9\xea\xaa\xff\x99\
.\x01\x7f\x0d\xdc\x0a\xdc\x0a\xfc6p+p+W]\
u\xd5\x8b\xea8\xf0\xd2\xc0K\x03\x0f\x06^\x1axi\
\xe0\x18W]\xf5?\x93\xf8\xdf\x05\xf1\xbf\x93\xb9\xea\xaa\
\xff^\xcf\x00n\x05\xfe\x1a\xb8\x15\xf8k\xe0\xaf\x81]\
\xae\xba\xea\xaa\xffL\xaf\x0d<\x18x0\xf0\xda\xc0q\
\xe0\xa5\xb8\xea\xaa\xff^\xe2\x7f\x17\xc4\xffN\xbf\x0d\xbc\
\x16W]\xf5\x9f\xefo\x80[\x81\xbf\x06n\x05n\x05\
~\x9b\xab\xae\xba\xea\x7f\x9a\x97\x06\x1e\x0c\xbc4\xf0\xd2\
\xc0q\xe0\xb5\xb8\xea\xaa\xff|\x97\x80\xe3\xfc\xef\x82\xf8\
\xdf\xe9\xbb\x81\xf7\xe2\xaa\xab\xfe\xe3\xfc\x0ep+p+\
\xf0\xd7\xc0\xad\xc0_s\xd5UW\xfdo\xf7`\xe0\xc1\
\xc0k\x03\x0f\x06\x1e\x0c\xbc4p\x8c\xab\xae\xfa\x8f\xf1\
;\xc0k\xf3\xbf\x0b\xe2\x7f\xa7\xcf\x06>\x8b\xab\xae\xfa\
\xd7\xb9\x04\xfc5\xf0\xd7\xc0\xad\xc0_\x03\xb7\x02\xb7r\
\xd5UW\xfd\x7fs\x1cxi\xe0\xa5\x81\xe3\xc0k\x03\
\x0f\x06\x1e\xc4UW\xfd\xeb|\x0d\xf0\xd1\xfc\xef\x82\xf8\
\xdf\xe9\xa5\x81\xbf\xe2\xaa\xab\x9e\xbfg\x00\xb7\x02\xbf\x0d\
\xdc\x0a\xdc\x0a\xfc5\xb0\xcbUW]u\xd5\xbf\xec\xb5\
\x81\x07\x03\x0f\x06^\x1ax0\xf0R\x5cu\xd5\xf3\xf7\
>\xc0w\xf3\xbf\x0b\xe2\x7f\xaf[\x81\x07q\xd5\xffg\
\x7f\x03\xdc\x0a\xfc5\xf0\xd7\xc0.\xf0\xdb\x5cu\xd5U\
W\xfd\xe7xi\xe08\xf0\xda\xc0\x83\x81\x07\x03\xaf\xc5\
U\xff\xdf\x9d\x00v\xf9\xdf\x05\xf1\xbf\xd7W\x03\x1f\xc5\
U\xff\x1f\xfc\x0ep+p+\xf0\xdb\xc0\xad\xc0\xad\x5c\
u\xd5UW\xfd\xcf\xf0`\xe0\xc1\xc0K\x03\x0f\x06^\
\x1axi\xe0\x18W\xfd_\xf73\xc0[\xf3\xbf\x0f\xe2\
\x7f\xaf\xd7\x06~\x8b\xab\xfe\xaf\xb8\x04\xfc5\xf0\xd7\xc0\
\xad\xc0_\x03\x7f\x0d\xecr\xd5UW]\xf5\xbf\xd3q\
\xe0\xa5\x81\x07\x03\x0f\x06^\x1bx0\xf0 \xae\xfa\xbf\
\xe2}\x80\xef\xe6\x7f\x1f\xc4\xffn\xbf\x0d\xbc\x16W\xfd\
o\xf27\xc0.\xf0\xdb\xc0\xad\xc0\xad\xc0os\xd5U\
W]\xf5\xff\xcbK\x03\x0f\x06^\x1axi\xe0\xc1\xc0\
Kq\xd5\xff&\xcf\x00\x1e\xcc\xffN\x88\xff\xdd^\x1b\
\xf8-\xae\xfa\x9f\xe8w\x80]\xe0\xaf\x81\xbf\x06n\x05\
\xfe\x9a\xab\xae\xba\xea\xaa\xab^\x98\x07\x03\x0f\x06^\x1b\
x0\xf0`\xe0\xb5\xb8\xea\x7f\xa2\x8f\x01\xbe\x9a\xff\x9d\
\x10\xff\xfb\xfd6\xf0Z\x5c\xf5\xdf\xe1\x12\xf0\xd7\xc0\xad\
\xc0\xad\xc0o\x03\xb7\x02\xb7r\xd5UW]u\xd5\x7f\
\xa4\xe3\xc0K\x03/\x0d<\x18xi\xe0\xc1\xc0\x83\xb8\
\xea\xbf\xc33\x80\x97\x06v\xf9\xdf\x09\xf1\xbf\xdf\x83\x81\
\xbf\x06\x8eq\xd5\x7f\x96g\x00\xb7\x02\xbf\x0d\xec\x02\x7f\
\x0d\xfc5\xb0\xcbUW]u\xd5U\xff\xdd^\x1bx\
0\xf0`\xe0\xb5\x81\xe3\xc0Kq\xd5\x7f\xa6\xd7\x01~\
\x9b\xff\xbd\x10\xff7|4\xf0U\x5c\xf5\xef\xf57\xc0\
\xad\xc0_\x03\xb7\x02\xb7\x02\xbf\xcdUW]u\xd5U\
\xff\x1b\xbd4\xf0`\xe0\xa5\x81\x97\x06\x8e\x03\xaf\xc5U\
\xff^_\x03|4\xff\xbb!\xfe\xef\xf8n\xe0\xbd\xb8\
\xeaE\xf1;\xc0\xad\xc0\xad\xc0o\x03\xbb\xc0_s\xd5\
UW]u\xd5\xff\x07\x0f\x06\x1e\x0c\xbc6p\x1cx\
i\xe0\xa5\x81c\x5c\xf5/\xf9\x1b\xe0\xb5\x81]\xfew\
C\xfc\xdf\xf2\xd7\xc0Kq\xd5\xfd\xfe\x06\xf8m\xe0V\
\xe0\xaf\x81[\x81[\xb9\xea\xaa\xab\xae\xba\xea\xaa\xe7u\
\x1cxi\xe0\xa5\x81\xe3\xc0k\x03\xaf\xc5U\xf7{\x06\
\xf0\xd2\xc0.\xff\xfb!\xfeo9\x0e\xfc6\xf0R\x5c\
\x05\xf0\xd7\xc0\xeb\x00\xbb\x5cu\xd5UW]u\xd5\xbf\
\xcew\x01\xef\xcdU\x00\x97\x80\xd7\x06\xfe\x9a\xff\x1b\x10\
\xff\xf7\x1c\x07~\x1bx)\xae\x02\xf8k\xe0u\x80]\
\xae\xba\xea\xaa\xab\xae\xba\xeaE\xf3]\xc0{s\x15\xc0\
%\xe0\xb5\x81\xbf\xe6\xff\x0e\xc4\xffM\xc7\x81\xdf\x06^\
\x8a\xab\x00\xfe\x1ax\x1d`\x97\xab\xae\xba\xea\xaa\xab\xae\
z\xe1\xbe\x0bxo\xae\x02\xb8\x04\xbc6\xf0\xd7\xfc\xdf\
\x82\xf8\xbf\xeb8\xf0\xdb\xc0Kq\x15\xc0_\x03\xaf\x03\
\xecr\xd5UW]u\xd5U\xcf\xdfw\x01\xef\xcdU\
\x00\x97\x80\xd7\x06\xfe\x9a\xff{\x10\xff\xb7\x1d\x07~\x1b\
x)\xae\x02\xf8k\xe0u\x80]\xae\xba\xea\xaa\xab\xae\
\xba\xea9}\x17\xf0\xde\x5c\x05p\x09xm\xe0\xaf\xf9\
\xbf\x09\xf1\x7f\xdfq\xe0\xb7\x81\x97\xe2*\x80\xbf\x06^\
\x07\xd8\xe5\xaa\xab\xae\xba\xea\xaa\xab\xae\xf8.\xe0\xbd\xb9\
\x0a\xe0\x12\xf0\xda\xc0_\xf3\x7f\x17\xe2\xff\x87\xe3\xc0o\
\x03/\xc5U\x00\x7f\x0d\xbc\x0e\xb0\xcbUW]u\xd5\
U\xff\xdf}\x17\xf0\xde\x5c\x05p\x09xm\xe0\xaf\xf9\
\xbf\x0d\xf1\xff\xc7q\xe0\xb7\x81\x97\xe2*\x80\xbf\x06^\
\x07\xd8\xe5\xaa\xab\xae\xba\xea\xaa\xff\xaf\xbe\x0bxo\xae\
\x02\xb8\x04\xbc6\xf0\xd7\xfc\xdf\x87\xf8\xff\xe58\xf0\xdb\
\xc0Kq\x15\xc0_\x03\xaf\x03\xecr\xd5UW]u\
\xd5\xff7\xdf\x05\xbc7W\x01\x5c\x02^\x1b\xf8k\xfe\
\x7f@\xfc\xffs\x1c\xf8m\xe0\xa5\xb8\x0a\xe0\xaf\x81\xd7\
\x01v\xb9\xea\xaa\xab\xae\xba\xea\xff\x8b\xef\x02\xde\x9b\xab\
\x00.\x01\xaf\x0d\xfc5\xff\x7f \xfe\x7f:\x0e\xfc6\
\xf0R\x5c\x05\xf0\xd7\xc0\xeb\x00\xbb\x5cu\xd5UW]\
\xf5\x7f\xddw\x01\xef\xcdU\x00\x97\x80\xd7\x06\xfe\x9a\xff\
_\x10\xff\x7f\x1d\x07~\x1bx)\xae\x02\xf8k\xe0u\
\x80]\xae\xba\xea\xaa\xab\xae\xfa\xbf\xea\xbb\x80\xf7\xe6*\
\x80K\xc0k\x03\x7f\xcd\xff?\x88\xff\xdf\x8e\x03\xbf\x0d\
\xbc\x14W\x01\xfc5\xf0:\xc0.W]u\xd5UW\
\xfd_\xf3]\xc0{s\x15\xc0%\xe0\xb5\x81\xbf\xe6\xff\
'\xc4U\xc7\x81\xdf\x06^\x8a\xab\x00\xfe\x1ax\x1d`\
\x97\xab\xae\xba\xea\xaa\xab\xfe\xaf\xf8.\xe0\xbd\xb9\x0a\xe0\
\x12\xf0\xda\xc0_\xf3\xff\x17\xe2*\x80\xe3\xc0o\x03/\
\xc5U\x00\x7f\x0d\xbc\x0e\xb0\xcbUW]u\xd5U\xff\
\xdb}\x17\xf0\xde\x5c\x05p\x09xm\xe0\xaf\xf9\xff\x0d\
q\xd5\xfd\x8e\x03\xbf\x0d\xbc\x14W\x01\xfc5\xf0:\xc0\
.W]u\xd5UW\xfdo\xf5]\xc0{s\x15\xc0\
%\xe0\xb5\x81\xbf\xe6*\xc4U\x0ft\x1c\xf8m\xe0\xa5\
\xb8\x0a\xe0\xaf\x81\xd7\x01v\xb9\xea\xaa\xab\xae\xba\xea\x7f\
\x9b\xef\x02\xde\x9b\xab\x00.\x01\xaf\x0d\xfc5W\x01 \
\xaezn\xc7\x81\xdf\x06^\x8a\xab\x00\xfe\x1ax\x1d`\
\x97\xab\xae\xba\xea\xaa\xab\xfe\xb7\xf8.\xe0\xbd\xb9\x0a\xe0\
\x12\xf0\xda\xc0_s\xd5\xfd\x10W=?\xc7\x81\xdf\x06\
^\x8a\xab\x00\xfe\x1ax\x1d`\x97\xab\xae\xba\xea\xaa\xab\
\xfe\xa7\xfb.\xe0\xbd\xb9\x0a\xe0\x12\xf0\xda\xc0_s\xd5\
\x03!\xaezA\x8e\x03\xbf\x0d\xbc\x14W\x01\xfc5\xf0\
:\xc0.W]u\xd5UW\xfdO\xf5]\xc0{s\
\x15\xc0%\xe0\xb5\x81\xbf\xe6\xaa\xe7\x86\xb8\xea\x859\x0e\
\xfc6\xf0R\x5c\x05\xf0\xd7\xc0\xeb\x00\xbb\x5cu\xd5U\
W]\xf5?\xcdw\x01\xef\xcdU\x00\x97\x80\xd7\x06\xfe\
\x9a\xab\x9e\x1f\xc4U\xff\x92\xe3\xc0o\x03/\xc5U\x00\
\x7f\x0d\xbc\x0e\xb0\xcbUW]u\xd5U\xffS|\x17\
\xf0\xde\x5c\x05p\x09xm\xe0\xaf\xb9\xea\x05A\x5c\xf5\
\xa28\x0e\xfc6\xf0R\x5c\x05\xf0\xd7\xc0\xeb\x00\xbb\x5c\
u\xd5UW]\xf5\xdf\xed\xbb\x80\xf7\xe6*\x80K\xc0\
k\x03\x7f\xcdU/\x0c\xe2\xaa\x17\xd5q\xe0\xb7\x81\x97\
\xe2*\x80\xbf\x06^\x07\xd8\xe5\xaa\xab\xae\xba\xea\xaa\xff\
.\xdf\x05\xbc7W\x01\x5c\x02^\x1b\xf8k\xae\xfa\x97\
 \xae\xfa\xd78\x0e\xfc6\xf0R\x5c\x05\xf0\xd7\xc0\xeb\
\x00\xbb\x5cu\xd5UW]\xf5_\xed\xbb\x80\xf7\xe6*\
\x80K\xc0k\x03\x7f\xcdU/\x0a\xc4U\xffZ\xc7\x81\
\xdf\x06^\x8a\xab\x00\xfe\x1ax\x1d`\x97\xab\xae\xba\xea\
\xaa\xab\xfe\xab|\x17\xf0\xde\x5c\x05p\x09xm\xe0\xaf\
\xb9\xeaE\x85\xb8\xea\xdf\xe28\xf0\xdb\xc0Kq\x15\xc0\
_\x03\xaf\x03\xecr\xd5UW]u\xd5\x7f\xb6\xef\x02\
\xde\x9b\xab\x00.\x01\xaf\x0d\xfc5W\xfdk \xae\xfa\
\xb7:\x0e\xfc6\xf0R\x5c\x05\xf0\xd7\xc0\xeb\x00\xbb\x5c\
u\xd5UW]\xf5\x9f\xe5\xbb\x80\xf7\xe6*\x80K\xc0\
k\x03\x7f\xcdU\xffZ\x88\xab\xfe=\x8e\x03\xbf\x0d\xbc\
\x14W\x01\xfc5\xf0:\xc0.W]u\xd5UW\xfd\
G\xfb.\xe0\xbd\xb9\x0a\xe0\x12\xf0\xda\xc0_s\xd5\xbf\
\x05\xe2\xaa\x7f\xaf\xe3\xc0o\x03/\xc5U\x00\x7f\x0d\xbc\
\x0e\xb0\xcbUW]u\xd5U\xffQ\xbe\x0bxo\xae\
\x02\xb8\x04\xbc6\xf0\xd7\x5c\xf5o\x85\xb8\xea?\xc2q\
\xe0\xb7\x81\x97\xe2*\x80\xbf\x06^\x07\xd8\xe5\xaa\xab\xae\
\xba\xea\xaa\x7f\xaf\xef\x02\xde\x9b\xab\x00.\x01\xaf\x0d\xfc\
5W\xfd{ \xae\xfa\x8fr\x1c\xf8m\xe0\xa5\xb8\x0a\
\xe0\xaf\x81\xd7\x01v\xb9\xea\xaa\xab\xae\xba\xea\xdf\xea\xbb\
\x80\xf7\xe6*\x80K\xc0k\x03\x7f\xcdU\xff^\x88\xab\
\xfe#\x1d\x07~\x1bx)\xae\x02\xf8k\xe0u\x80]\
\xae\xba\xea\xaa\xab\xae\xfa\xd7\xfa.\xe0\xbd\xb9\x0a\xe0\x12\
\xf0\xda\xc0_s\xd5\x7f\x04\xc4U\xff\xd1\x8e\x03\xbf\x0d\
\xbc\x14W\x01\xfc5\xf0:\xc0.W]u\xd5UW\
\xbd\xa8\xbe\x0bxo\xae\x02\xb8\x04\xbc6\xf0\xd7\x5c\xf5\
\x1f\x05q\xd5\x7f\x86\xe3\xc0o\x03/\xc5U\x00\x7f\x0d\
\xbc\x0e\xb0\xcbUW]u\xd5U\xff\x92\xef\x02\xde\x9b\
\xab\x00.\x01\xaf\x0d\xfc5W\xfdGB\x5c\xf5\x9f\xe5\
8\xf0\xdb\xc0Kq\x15\xc0_\x03\xaf\x03\xecr\xd5U\
W]u\xd5\x0b\xf2]\xc0{s\x15\xc0%\xe0\xb5\x81\
\xbf\xe6\xaa\xffh\x88\xab\xfe3\x1d\x07~\x1bx)\xae\
\x02\xf8k\xe0u\x80]\xae\xba\xea\xaa\xab\xaezn\xdf\
\x05\xbc7W\x01\x5c\x02^\x1b\xf8k\xae\xfa\xcf\x80\xb8\
\xea?\xdbq\xe0\xb7\x81\x97\xe2*\x80\xbf\x06^\x07\xd8\
\xe5\xaa\xab\xae\xba\xea\xaa\xfb}\x17\xf0\xde\x5c\x05p\x09\
xm\xe0\xaf\xb9\xea?\x0b\xe2\xaa\xff\x0a\xc7\x81\xdf\x06\
^\x8a\xab\x00\xfe\x1ax\x1d`\x97\xab\xae\xba\xea\xaa\xab\
\xbe\x0bxo\xae\x02\xb8\x04\xbc6\xf0\xd7\x5c\xf5\x9f\x09\
q\xd5\x7f\x95\xe3\xc0o\x03/\xc5U\x00\x7f\x0d\xbc\x0e\
\xb0\xcbUW]u\xd5\xff_\xdf\x05\xbc7W\x01\x5c\
\x02^\x1b\xf8k\xae\xfa\xcf\x86\xb8\xea\xbf\xd2q\xe0\xb7\
\x81\x97\xe2*\x80\xbf\x06^\x07\xd8\xe5\xaa\xab\xae\xba\xea\
\xff\x9f\xef\x02\xde\x9b\xab\x00.\x01\xaf\x0d\xfc5W\xfd\
W@\x5c\xf5_\xed8\xf0\xdb\xc0Kq\x15\xc0_\x03\
\xaf\x03\xecr\xd5UW]\xf5\xff\xc7w\x01\xef\xcdU\
\x00\x97\x80\xd7\x06\xfe\x9a\xab\xfe\xab \xae\xfa\xefp\x1c\
\xf8m\xe0\xa5\xb8\x0a\xe0\xaf\x81\xd7\x01v\xb9\xea\xaa\xab\
\xae\xfa\xbf\xef\xbb\x80\xf7\xe6*\x80K\xc0k\x03\x7f\xcd\
U\xff\x95\x10W\xfdw9\x0e\xfc6\xf0R\x5c\x05\xf0\
\xd7\xc0\xeb\x00\xbb\x5cu\xd5UW\xfd\xdf\xf5]\xc0{\
s\x15\xc0%\xe0\xb5\x81\xbf\xe6\xaa\xffj\x88\xab\xfe;\
\x1d\x07~\x1bx)\xae\x02\xf8k\xe0u\x80]\xae\xba\
\xea\xaa\xab\xfe\xef\xf9.\xe0\xbd\xb9\x0a\xe0\x12\xf0\xda\xc0\
_s\xd5\x7f\x07\xc4U\xff\xdd\x8e\x03\xbf\x0d\xbc\x14W\
\x01\xfc5\xf0:\xc0.W]u\xd5U\xffw|\x17\
\xf0\xde\x5c\x05p\x09xm\xe0\xaf\xb9\xea\xbf\x0b\xe2\xaa\
\xff\x09\x8e\x03\xbf\x0d\xbc\x14W\x01\xfc5\xf0:\xc0.\
W]u\xd5U\xff\xfb}\x17\xf0\xde\x5c\x05p\x09x\
m\xe0\xaf\xb9\xea\xbf\x13\xe2\xaa\xff)\x8e\x03\xbf\x0d\xbc\
\x14W\x01\xfc5\xf0:\xc0.W]u\xd5U\xff{\
}\x17\xf0\xde\x5c\x05p\x09xm\xe0\xaf\xb9\xea\xbf\x1b\
\xe2\xaa\xffI\x8e\x03\xbf\x0d\xbc\x14W\x01\xfc5\xf0:\
\xc0.W]u\xd5U\xff\xfb|\x17\xf0\xde\x5c\x05p\
\x09xm\xe0\xaf\xb9\xea\x7f\x02\xc4U\xff\xd3\x1c\x07~\
\x1bx)\xae\x02\xf8k\xe0u\x80]\xae\xba\xea\xaa\xab\
\xfe\xf7\xf8.\xe0\xbd\xb9\x0a\xe0\x12\xf0\xda\xc0_s\xd5\
\xff\x14\x88\xab\xfe':\x0e\xfc6\xf0R\x5c\x05\xf0\xd7\
\xc0\xeb\x00\xbb\x5cu\xd5UW\xfd\xcf\xf7]\xc0{s\
\x15\xc0%\xe0\xb5\x81\xbf\xe6\xaa\xffI\x10W\xfdOu\
\x1c\xf8m\xe0\xa5\xb8\x0a\xe0\xaf\x81\xd7\x01v\xb9\xea\xaa\
\xab\xae\xfa\x9f\xeb\xbb\x80\xf7\xe6*\x80K\xc0k\x03\x7f\
\xcdU\xff\xd3 \xae\xfa\x9f\xec8\xf0\xdb\xc0Kq\x15\
\xc0_\x03\xaf\x03\xecr\xd5UW]\xf5?\xcfw\x01\
\xef\xcdU\x00\x97\x80\xd7\x06\xfe\x9a\xab\xfe'B\x5c\xf5\
?\xddq\xe0\xb7\x81\x97\xe2*\x80\xbf\x06^\x07\xd8\xe5\
\xaa\xab\xae\xba\xea\x7f\x8e\xef\x02\xde\x9b\xab\x00.\x01\xaf\
\x0d\xfc5W\xfdO\x85\xb8\xea\x7f\x83\xe3\xc0o\x03/\
\xc5U\x00\x7f\x0d\xbc\x0e\xb0\xcbUW]u\xd5\x7f\xbf\
\xef\x02\xde\x9b\xab\x00.\x01\xaf\x0d\xfc5W\xfdO\x86\
\xb8\xea\x7f\x8b\xe3\xc0o\x03/\xc5U\x00\x7f\x0d\xbc\x0e\
\xb0\xcbUW]u\xd5\x7f\x9f\xef\x02\xde\x9b\xab\x00.\
\x01\xaf\x0d\xfc5W\xfdO\x87\xb8\xea\x7f\x93\xe3\xc0o\
\x03/\xc5U\x00\x7f\x0d\xbc\x0e\xb0\xcbUW]u\xd5\
\x7f\xbd\xef\x02\xde\x9b\xab\x00.\x01\xaf\x0d\xfc5W\xfd\
o\x80\xb8\xea\x7f\x9b\xe3\xc0o\x03/\xc5U\x00\x7f\x0d\
\xbc\x0e\xb0\xcbUW]u\xd5\x7f\x9d\xef\x02\xde\x9b\xab\
\x00.\x01\xaf\x0d\xfc5W\xfdo\x81\xb8\xea\x7f\xa3\xe3\
\xc0o\x03/\xc5U\x00\x7f\x0d\xbc\x0e\xb0\xcbUW]\
u\xd5\x7f\xbe\xef\x02\xde\x9b\xab\x00.\x01\xaf\x0d\xfc5\
W\xfdo\x82\xb8\xea\x7f\xab\xe3\xc0o\x03/\xc5U\x00\
\x7f\x0d\xbc\x0e\xb0\xcbUW]u\xd5\x7f\x9e\xef\x02\xde\
\x9b\xab\x00.\x01\xaf\x0d\xfc5W\xfdo\x83\xb8\xea\x7f\
\xb3\xe3\xc0o\x03/\xc5U\x00\x7f\x0d\xbc\x0e\xb0\xcbU\
W]u\xd5\x7f\xbc\xef\x02\xde\x9b\xab\x00.\x01\xaf\x0d\
\xfc5W\xfdo\x84\xb8\xea\x7f\xbb\xe3\xc0o\x03/\xc5\
U\x00\x7f\x0d\xbc\x0e\xb0\xcbUW]u\xd5\x7f\x9c\xef\
\x02\xde\x9b\xab\x00.\x01\xaf\x0d\xfc5W\xfdo\x85\xb8\
\xea\xff\x82\xe3\xc0o\x03/\xc5U\x00\x7f\x0d\xbc\x0e\xb0\
\xcbUW]u\xd5\xbf\xdfw\x01\xef\xcdU\x00\x97\x80\
\xd7\x06\xfe\x9a\xab\xfe7C\x5c\xf5\x7f\xc5q\xe0\xb7\x81\
\x97\xe2*\x80\xbf\x06^\x07\xd8\xe5\xaa\xab\xae\xba\xea\xdf\
\xee\xbb\x80\xf7\xe6*\x80K\xc0k\x03\x7f\xcdU\xff\xdb\
!\xae\xfa\xbf\xe48\xf0\xdb\xc0Kq\x15\xc0_\x03\xaf\
\x03\xecr\xd5UW]\xf5\xaf\xf7]\xc0{s\x15\xc0\
%\xe0\xb5\x81\xbf\xe6\xaa\xff\x0b\x10W\xfd_s\x1c\xf8\
m\xe0\xa5\xb8\x0a\xe0\xaf\x81\xd7\x01v\xb9\xea\xaa\xab\xae\
z\xd1}\x17\xf0\xde\x5c\x05p\x09xm\xe0\xaf\xb9\xea\
\xff\x0a\xc4U\xff\x17\x1d\x07~\x1bx)\xae\x02\xf8k\
\xe0u\x80]\xae\xba\xea\xaa\xab\xfee\xdf\x05\xbc7W\
\x01\x5c\x02^\x1b\xf8k\xae\xfa\xbf\x04q\xd5\xffU\xc7\
\x81\xdf\x06^\x8a\xab\x00\xfe\x1ax\x1d`\x97\xab\xae\xba\
\xea\xaa\x17\xec\xbb\x80\xf7\xe6*\x80K\xc0k\x03\x7f\xcd\
U\xff\xd7 \xae\xfa\xbf\xec8\xf0\xdb\xc0Kq\x15\xc0\
_\x03\xaf\x03\xecr\xd5UW]\xf5\xbc\xbe\x0bxo\
\xae\x02\xb8\x04\xbc6\xf0\xd7\x5c\xf5\x7f\x11\xe2\xaa\xff\xeb\
\x8e\x03\xbf\x0d\xbc\x14W\x01\xfc5\xf0:\xc0.W]\
u\xd5U\xcf\xf6]\xc0{s\x15\xc0%\xe0\xb5\x81\xbf\
\xe6\xaa\xff\xab\x10W\xfd\x7fp\x1c\xf8m\xe0\xa5\xb8\x0a\
\xe0\xaf\x81\xd7\x01v\xb9\xea\xaa\xab\xae\x82\xef\x02\xde\x9b\
\xab\x00.\x01\xaf\x0d\xfc5W\xfd_\x86\xb8\xea\xff\x8b\
\xe3\xc0o\x03/\xc5U\x00\x7f\x0d\xbc\x0e\xb0\xcbUW\
]\xf5\xff\xd9w\x01\xef\xcdU\x00\x97\x80\xd7\x06\xfe\x9a\
\xab\xfe\xafC\x5c\xf5\xff\xc9q\xe0\xb7\x81\x97\xe2*\x80\
\xbf\x06^\x07\xd8\xe5\xaa\xab\xae\xfa\xff\xe8\xbb\x80\xf7\xe6\
*\x80K\xc0k\x03\x7f\xcdU\xff\x1f \xae\xfa\xff\xe6\
8\xf0\xdb\xc0Kq\x15\xc0_\x03\xaf\x03\xecr\xd5U\
W\xfd\x7f\xf2]\xc0{s\x15\xc0%\xe0\xb5\x81\xbf\xe6\
\xaa\xff/\x10W\xfd\x7ft\x1c\xf8m\xe0\xa5\xb8\x0a\xe0\
\xaf\x81\xd7\x01v\xb9\xea\xaa\xab\xfe?\xf8.\xe0\xbd\xb9\
\x0a\xe0\x12\xf0\xda\xc0_s\xd5\xff'\x88\xab\xfe\xbf:\
\x0e\xfc6\xf0R\x5c\x05\xf0\xd7\xc0\xeb\x00\xbb\x5cu\xd5\
U\xff\x97}\x17\xf0\xde\x5c\x05p\x09xm\xe0\xaf\xb9\
\xea\xff\x1b\xc4U\xff\x9f\x1d\x07~\x1bx)\xae\x02\xf8\
k\xe0u\x80]\xae\xba\xea\xaa\xff\x8b\xbe\x0bxo\xae\
\x02\xb8\x04\xbc6\xf0\xd7\x5c\xf5\xff\x11\xe2\xaa\xff\xef\x8e\
\x03\xbf\x0d\xbc\x14W\x01\xfc5\xf0:\xc0.W]u\
\xd5\xff%\xdf\x05\xbc7W\x01\x5c\x02^\x1b\xf8k\xae\
\xfa\xff\x0aq\xd5Up\x1c\xf8m\xe0\xa5\xb8\x0a\xe0\xaf\
\x81\xd7\x01v\xb9\xea\xaa\xab\xfe/\xf8.\xe0\xbd\xb9\x0a\
\xe0\x12\xf0\xda\xc0_s\xd5\xffg\x88\xab\xae\xba\xe28\
\xf0\xdb\xc0Kq\x15\xc0_\x03\xaf\x03\xecr\xd5UW\
\xfdo\xf6]\xc0{s\x15\xc0%\xe0\xb5\x81\xbf\xe6\xaa\
\xff\xef\x10W]\xf5l\xc7\x81\xdf\x06^\x8a\xab\x00\xfe\
\x1ax\x1d`\x97\xab\xae\xba\xea\x7f\xa3\xef\x02\xde\x9b\xab\
\x00.\x01\xaf\x0d\xfc5W]\x05\x88\xab\xaezN\xc7\
\x81\xdf\x06^\x8a\xab\x00\xfe\x1ax\x1d`\x97\xab\xae\xba\
\xea\x7f\x93\xef\x02\xde\x9b\xab\x00.\x01\xaf\x0d\xfc5W\
]u\x05\xe2\xaa\xab\x9e\xd7q\xe0\xb7\x81\x97\xe2*\x80\
\xbf\x06^\x07\xd8\xe5\xaa\xab\xae\xfa\xdf\xe0\xbb\x80\xf7\xe6\
*\x80K\xc0k\x03\x7f\xcdUW=\x1b\xe2\xaa\xab\x9e\
\xbf\xe3\xc0o\x03/\xc5U\x00\x7f\x0d\xbc\x0e\xb0\xcbU\
W]\xf5?\xd9w\x01\xef\xcdU\x00\x97\x80\xd7\x06\xfe\
\x9a\xab\xaezN\x88\xab\xaez\xc1\x8e\x03\xbf\x0d\xbc\x14\
W\x01\xfc5\xf0:\xc0.W]u\xd5\xffD\xdf\x05\
\xbc7W\x01\x5c\x02^\x1b\xf8k\xae\xba\xeay!\xae\
\xba\xea\x85;\x0e\xfc6\xf0R\x5c\x05\xf0\xd7\xc0\xeb\x00\
\xbb\x5cu\xd5U\xff\x93|\x17\xf0\xde\x5c\x05p\x09x\
m\xe0\xaf\xb9\xea\xaa\xe7\x0fq\xd5U\xff\xb2\xe3\xc0o\
\x03/\xc5U\x00\x7f\x0d\xbc\x0e\xb0\xcbUW]\xf5?\
\xc1w\x01\xef\xcdU\x00\x97\x80\xd7\x06\xfe\x9a\xab\xaez\
\xc1\x10W]\xf5\xa29\x0e\xfc6\xf0R\x5c\x05\xf0\xd7\
\xc0\xeb\x00\xbb\x5cu\xd5U\xff\x9d\xbe\x0bxo\xae\x02\
\xb8\x04\xbc6\xf0\xd7\x5cu\xd5\x0b\x87\xb8\xea\xaa\x17\xdd\
q\xe0\xb7\x81\x97\xe2*\x80\xbf\x06^\x07\xd8\xe5\xaa\xab\
\xae\xfa\xef\xf0]\xc0{s\x15\xc0%\xe0\xb5\x81\xbf\xe6\
\xaa\xab\xfee\x88\xab\xae\xfa\xd79\x0e\xfc6\xf0R\x5c\
\x05\xf0\xd7\xc0\xeb\x00\xbb\x5cu\xd5U\xff\x95\xbe\x0bx\
o\xae\x02\xb8\x04\xbc6\xf0\xd7\x5cu\xd5\x8b\x06q\xd5\
U\xffz\xc7\x81\xdf\x06^\x8a\xab\x00\xbe\x1bx\x1f\xae\
\xba\xea\xaa\xff*_\x0d|\x14W\x01\x5c\x02^\x1b\xf8\
k\xae\xba\xeaE\x87\xb8\xea\xaa\x7f\x9b\xe3\xc0o\x03/\
\xc5U\x00\xdf\x0d\xbc\x0fW]u\xd5\x7f\xb6\xf7\x06\xbe\
\x8b\xab\x00.\x01\xaf\x0d\xfc5W]\xf5\xaf\x83\xb8\xea\
\xaa\x7f\xbb\xe3\xc0o\x03/\xc5U\x00o\x03\xfc4W\
]u\xd5\x7f\x96\x97\x06\xfe\x8a\xab\x00.\x01\xaf\x0d\xfc\
5W]\xf5\xaf\x87\xb8\xea\xaa\x7f\x9f\xe3\xc0o\x03/\
\xc5U\xbb\xc0\xcb\x00\xb7r\xd5UW\xfdg\xf8+\xe0\
\xa5\xb9\xea\x12\xf0\xda\xc0_s\xd5U\xff6\x88\xab\xae\
\xfa\xf7;\x0e\xfc6\xf0R\x5c\xf5\xd3\xc0\xdbp\xd5U\
W\xfdG\xfbl\xe0\xb3\xb8\xea\x12\xf0\xda\xc0_s\xd5\
U\xffv\x88\xab\xae\xfa\x8fq\x1c\xf8m\xe0\xa5\xb8\xea\
u\x80\xdf\xe6\xaa\xab\xae\xfa\x8fr\x1cx:p\x9c\xff\
\xdf.\x01\xaf\x0d\xfc5W]\xf5\xef\x83\xb8\xea\xaa\xff\
8\xc7\x81\xdf\x06^\x8a\xff\xdf~\x1bx\x1d\xae\xba\xea\
\xaa\xff(\x9f\x0d|\x16\xff\xbf]\x02^\x1b\xf8k\xae\
\xba\xea\xdf\x0fq\xd5U\xff\xb1\x8e\x03\xbf\x0d\xbc\x14\xff\
\xbf=\x04\xb8\x95\xab\xae\xba\xea?\xc2E\xe08\xff\x7f\
]\x02^\x1b\xf8k\xae\xba\xea?\x06\xe2\xaa\xab\xfe\xe3\
\x1d\x07~\x1bx)\xfe\xff\xfa\x1a\xe0\xa3\xb9\xea\xaa\xab\
\xfe\xbd\xde\x1b\xf8.\xfe\xff\xba\x04\xbc6\xf0\xd7\x5cu\
\xd5\x7f\x1c\xc4UW\xfd\xe78\x0e\xfc6\xf0R\xfc\xff\
t+\xf0\x10\xae\xba\xea\xaa\x7f\xaf\x9f\x06\xde\x8a\xff\x9f\
.\x01\xaf\x0d\xfc5W]\xf5\x1f\x0bq\xd5U\xffy\
\x8e\x03\xbf\x0d\xbc\x14\xff?=\x04\xb8\x95\xab\xae\xba\xea\
\xdf\xe3\x22p\x9c\xff\x7f.\x01\xaf\x0d\xfc5W]\xf5\
\x1f\x0fq\xd5U\xff\xb9\x8e\x03\xbf\x0d\xbc\x14\xff\xff|\
\x0c\xf0\xd5\x5cu\xd5U\xffV\xaf\x0d\xfc\x16\xff\xff\x5c\
\x02^\x1b\xf8k\xae\xba\xea?\x07\xe2\xaa\xab\xfe\xf3\x1d\
\x07~\x1bx)\xfe\x7f\xf9\x1a\xe0\xa3\xb9\xea\xaa\xab\xfe\
\xad>\x1a\xf8*\xfe\x7f\xb9\x04\xbc6\xf0\xd7\x5cu\xd5\
\x7f\x1e\xc4UW\xfd\xd78\x0e\xfc6\xf0R\xfc\xff\xf1\
;\xc0ks\xd5UW\xfd[}6\xf0Y\xfc\xffq\
\x09xm\xe0\xaf\xb9\xea\xaa\xff\x5c\x88\xab\xae\xfa\xafs\
\x1c\xf8m\xe0\xa5\xf8\xff\xe1V\xe0!\x5cu\xd5U\xff\
V\xbf\x0d\xbc\x16\xff?\x5c\x02^\x1b\xf8k\xae\xba\xea\
?\x1f\xe2\xaa\xab\xfek\x1d\x07~\x1bx)\xfe\x7f\x10\
W]u\xd5\xbf\xd5o\x03\xaf\xc5\xff}\x97\x80\xd7\x06\
\xfe\x9a\xab\xae\xfa\xaf\x81\xb8\xea\xaa\xffz\xc7\x81\xdf\x06\
^\x8a\xff\xfb\xc4UW]\xf5o\xf5\xdb\xc0k\xf1\x7f\
\xdb%\xe0\xb5\x81\xbf\xe6\xaa\xab\xfe\xeb \xae\xba\xea\xbf\
\xc7q\xe0\xb7\x81\x97\xe2\xff6q\xd5UW\xfd[\xfd\
6\xf0Z\xfc\xdfu\x09xm\xe0\xaf\xb9\xea\xaa\xffZ\
\x88\xab\xae\xfa\xefs\x1c\xf8m\xe0\xa5\xf8\xbf\xe9\x19\xc0\
\x83\xb9\xea\xaa\xab\xfe\xad~\x1bx-\xfeo\xba\x04\xbc\
6\xf0\xd7\x5cu\xd5\x7f=\xc4UW\xfd\xf7zi\xe0\
\xb7\x81c\xfc\xdf\xf3;\xc0ks\xd5UW\xfd[}\
5\xf0Q\xfc\xdfs\x09xm\xe0\xaf\xb9\xea\xaa\xff\x1e\
\x88\xab\xae\xfa\xef\xf7\xd2\xc0o\x03\xc7\xf8\xbf\xe5g\x80\
\xb7\xe6\xaa\xab\xae\xfa\xb7\xfal\xe0\xb3\xf8\xbf\xe5\x12\xf0\
\xda\xc0_s\xd5U\xff}\x10W]\xf5?\xc3K\x03\
\xbf\x0d\x1c\xe3\xff\x8e\xcf\x01>\x9b\xab\xae\xba\xea\xdf\xea\
\xad\x81\x9f\xe2\xff\x8eK\xc0k\x03\x7f\xcdUW\xfd\xf7\
B\x5cu\xd5\xff\x1c/\x0d\xfc6p\x8c\xff\x1b\xde\x07\
\xf8n\xae\xba\xea\xaa\x7f\xab\x97\x06\xfe\x8a\xff\x1b.\x01\
\xaf\x0d\xfc5W]\xf5\xdf\x0fq\xd5U\xff\xb3\xbc4\
\xf0\xdb\xc01\xfe\xf7{\x1d\xe0\xb7\xb9\xea\xaa\xab\xfe=\
\xcc\xff~\x97\x80\xd7\x06\xfe\x9a\xab\xae\xfa\x9f\x01q\xd5\
U\xff\xf3\xbc4\xf0\xdb\xc01\xfew\x13W]u\xd5\
\xbf\xd7_\x03/\xc5\xff^\x97\x80\xd7\x06\xfe\x9a\xab\xae\
\xfa\x9f\x03q\xd5U\xff3\xfd6\xf0Z\xfc\xef\xf5\x0c\
\xe0\xc1\x5cu\xd5U\xff^\xbf\x0d\xbc\x16\xff{\xfd\x0e\
\xf0\xda\x5cu\xd5\xff,\x88\xab\xae\xfa\x9f\xe9\xe9\xc0\x83\
\xf9\xdf\xebw\x80\xd7\xe6\xaa\xab\xae\xfa\xf7\xfal\xe0\xb3\
\xf8\xdfM\x5cu\xd5\xff,\x88\xab\xae\xfa\x9f\xc9\xfc\xef\
\xf65\xc0Gs\xd5UW\xfd{\xbd7\xf0]\xfc\xef\
\xf6\x10\xe0V\xae\xba\xea\x7f\x0e\xc4UW\xfd\xcf\xf3\xd2\
\xc0_\xf1\xbf\xdb\xc7\x00_\xcdUW]\xf5\xef\xf5\xda\
\xc0o\xf1\xbf\xdb\xeb\x00\xbf\xcdUW\xfd\xcf\x81\xb8\xea\
\xaa\xffy\xde\x1a\xf8)\xfew{\x1d\xe0\xb7\xb9\xea\xaa\
\xab\xfe#\x98\xff\xdd>\x06\xf8j\xae\xba\xea\x7f\x0e\xc4\
UW\xfd\xcf\xf3\xd9\xc0g\xf1\xbf\xdb\x09`\x97\xab\xae\
\xba\xea?\xc2.p\x8c\xff\xbd\xbe\x06\xf8h\xae\xba\xea\
\x7f\x0e\xc4UW\xfd\xcf\xf3\xd3\xc0[\xf1\xbf\x9b\xb8\xea\
\xaa\xab\xfe\xa3\xfc6\xf0Z\xfc\xef\xf5;\xc0ks\xd5\
U\xffs \xae\xba\xea\x7f\x9e\xdf\x06^\x8b\xff\xbd~\
\x07xm\xae\xba\xea\xaa\xff(_\x0d|\x14\xff{\xed\
\x02'\xb8\xea\xaa\xff9\x10W]\xf5?\x8f\xf9\xdf\xed\
{\x80\xf7\xe6\xaa\xab\xae\xfa\x8f\xf2\xd1\xc0W\xf1\xbf\x9b\
\xb8\xea\xaa\xff9\x10W]\xf5?\xcb\x83\x81\xa7\xf3\xbf\
\xdb\xe7\x00\x9f\xcdUW]\xf5\x1f\xe5\xb5\x81\xdf\xe2\x7f\
\xb7\xd7\x01~\x9b\xab\xae\xfa\x9f\x01q\xd5U\xff\xb3\xbc\
6\xf0[\xfc\xef\xf6:\xc0os\xd5UW\xfdGy\
0\xf0t\xfew{\x1f\xe0\xbb\xb9\xea\xaa\xff\x19\x10W\
]\xf5?\xcbG\x03_\xc5\xffn/\x03\xfc5W]\
u\xd5\x7f$\xf3\xbf\xdb\xe7\x00\x9f\xcdUW\xfd\xcf\x80\
\xb8\xea\xaa\xffY\xbe\x1a\xf8(\xfew\x13W]u\xd5\
\x7f\xb4\xdf\x06^\x8b\xff\xbd~\x07xm\xae\xba\xea\x7f\
\x06\xc4UW\xfd\xcf\xf2\xdb\xc0k\xf1\xbf\xd7\xdf\x00/\
\xcdUW]\xf5\x1f\xed\xa7\x81\xb7\xe2\x7f\xaf\xbf\x06^\
\x86\xab\xae\xfa\x9f\x01q\xd5U\xff\xb3\x5c\x04\x8e\xf3\xbf\
\xd7\xcf\x00o\xcdUW]\xf5\x1f\xed\xb3\x81\xcf\xe2\x7f\
7q\xd5U\xff3 \xae\xba\xea\x7f\x16\xf3\xbf\xdb\xe7\
\x00\x9f\xcdUW]\xf5\x1f\xed\xad\x81\x9f\xe2\x7f\xb7\x97\
\x01\xfe\x9a\xab\xae\xfa\xef\x87\xb8\xea\xaa\xff9^\x1b\xf8\
-\xfew{\x1f\xe0\xbb\xb9\xea\xaa\xab\xfe\xa3\xbd4\xf0\
W\xfc\xef\xf66\xc0Os\xd5U\xff\xfd\x10W]\xf5\
?\xc7{\x03\xdf\xc5\xffn\xaf\x03\xfc6W]u\xd5\
\x7f\x06\xf3\xbf\xdb\xe7\x00\x9f\xcdUW\xfd\xf7C\x5cu\
\xd5\xff\x1c\x9f\x0d|\x16\xff\xbb\x89\xab\xae\xba\xea?\xcb\
\xad\xc0\x83\xf8\xdf\xeb{\x80\xf7\xe6\xaa\xab\xfe\xfb!\xae\
\xba\xea\x7f\x8e\xdf\x06^\x8b\xff\xbd\x9e\x01<\x98\xab\xae\
\xba\xea?\xcbo\x03\xaf\xc5\xff^\xbf\x03\xbc6W]\
\xf5\xdf\x0fq\xd5U\xffs\xfc\x15\xf0\xd2\xfc\xef\xf5;\
\xc0ks\xd5UW\xfdg\xf9l\xe0\xb3\xf8\xdfM\x5c\
u\xd5\x7f?\xc4UW\xfd\xcfa\xfew\xfb\x1a\xe0\xa3\
\xb9\xea\xaa\xab\xfe\xb3\xbc7\xf0]\xfc\xef\xf6\x10\xe0V\
\xae\xba\xea\xbf\x17\xe2\xaa\xab\xfegxi\xe0\xaf\xf8\xdf\
\xedc\x80\xaf\xe6\xaa\xab\xae\xfa\xcf\xf2\xda\xc0o\xf1\xbf\
\xdb\xeb\x00\xbf\xcdUW\xfd\xf7B\x5cu\xd5\xff\x0co\
\x0d\xfc\x14\xff\xbb\xbd\x0e\xf0\xdb\x5cu\xd5U\xffY\x8e\
\x03\x17\xf9\xdf\xedc\x80\xaf\xe6\xaa\xab\xfe{!\xae\xba\
\xea\x7f\x86\xcf\x06>\x8b\xff\xddN\x00\xbb\x5cu\xd5U\
\xff\x99v\x81c\xfc\xef\xf55\xc0Gs\xd5U\xff\xbd\
\x10W]\xf5?\xc3w\x03\xef\xc5\xffn\xe2\xaa\xab\xae\
\xfa\xcf\xf6\xdb\xc0k\xf1\xbf\xd7\xef\x00\xaf\xcdUW\xfd\
\xf7B\x5cu\xd5\xff\x0c\xbf\x0d\xbc\x16\xff{\xfd\x0e\xf0\
\xda\x5cu\xd5U\xff\xd9\xbe\x1a\xf8(\xfe\xf7\xda\x05N\
p\xd5U\xff\xbd\x10W]\xf5?\x83\xf9\xdf\xed{\x80\
\xf7\xe6\xaa\xab\xae\xfa\xcf\xf6\xd9\xc0g\xf1\xbf\x9b\xb8\xea\
\xaa\xff^\x88\xab\xae\xfa\xef\xf7`\xe0\xe9\xfc\xef\xf69\
\xc0gs\xd5UW\xfdg{m\xe0\xb7\xf8\xdf\xedu\
\x80\xdf\xe6\xaa\xab\xfe\xfb \xae\xba\xea\xbf\xdfk\x03\xbf\
\xc5\xffno\x03\xfc4W]u\xd5\x7f\xb6\x07\x03O\
\xe7\x7f\xb7\xf7\x01\xbe\x9b\xab\xae\xfa\xef\x83\xb8\xea\xaa\xff\
~\x1f\x0d|\x15\xff\xbb\xbd\x0c\xf0\xd7\x5cu\xd5U\xff\
\x15\xcc\xffn\x9f\x03|6W]\xf5\xdf\x07q\xd5U\
\xff\xfd\xbe\x1a\xf8(\xfew\x13W]u\xd5\x7f\x95\xdf\
\x06^\x8b\xff\xbd~\x07xm\xae\xba\xea\xbf\x0f\xe2\xaa\
\xab\xfe\xfb\xfd6\xf0Z\xfc\xef\xf57\xc0Ks\xd5U\
W\xfdW\xf9i\xe0\xad\xf8\xdf\xebV\xe0!\x5cu\xd5\
\x7f\x1f\xc4UW\xfd\xf7\xbb\x08\x1c\xe7\x7f\xaf\xdf\x01^\
\x9b\xab\xae\xba\xea\xbf\xcag\x03\x9f\xc5\xffn\xe2\xaa\xab\
\xfe\xfb \xae\xba\xea\xbf\x9f\xf9\xdf\xeds\x80\xcf\xe6\xaa\
\xab\xae\xfa\xaf\xf2\xd6\xc0O\xf1\xbf\xdb\xcb\x00\x7f\xcdU\
W\xfd\xf7@\x5cu\xd5\x7f\xaf\xd7\x06~\x8b\xff\xdd\xde\
\x07\xf8n\xae\xba\xea\xaa\xff*/\x0d\xfc\x15\xff\xbb\xbd\
\x0d\xf0\xd3\x5cu\xd5\x7f\x0f\xc4UW\xfd\xf7zo\xe0\
\xbb\xf8\xdf\xedu\x80\xdf\xe6\xaa\xab\xae\xfa\xafd\xfew\
\xfb\x1c\xe0\xb3\xb9\xea\xaa\xff\x1e\x88\xab\xae\xfa\xef\xf5\xd9\
\xc0g\xf1\xbf\x9b\xb8\xea\xaa\xab\xfe\xab\xdd\x0a<\x88\xff\
\xbd~\x06xk\xae\xba\xea\xbf\x07\xe2\xaa\xab\xfe{\xfd\
6\xf0Z\xfc\xefu\x098\xceUW]\xf5_\xed\xb7\
\x81\xd7\xe2\x7f\xaf\xdf\x01^\x9b\xab\xae\xfa\xef\x81\xb8\xea\
\xaa\xff^\x7f\x05\xbc4\xff{\xfd\x0e\xf0\xda\x5cu\xd5\
U\xff\xd5>\x1b\xf8,\xfew\x13W]\xf5\xdf\x03q\
\xd5U\xff\xbd\xcc\xffn_\x03|4W]u\xd5\x7f\
\xb5\xf7\x06\xbe\x8b\xff\xdd\x1e\x02\xdc\xcaUW\xfd\xd7C\
\x5cu\xd5\x7f\x9f\x97\x06\xfe\x8a\xff\xdd>\x06\xf8j\xae\
\xba\xea\xaa\xffj\xaf\x0d\xfc\x16\xff\xbb\xbd\x0e\xf0\xdb\x5c\
u\xd5\x7f=\xc4UW\xfd\xf7yk\xe0\xa7\xf8\xdf\xed\
u\x80\xdf\xe6\xaa\xab\xae\xfa\xafv\x1c\xb8\xc8\xffn\x9f\
\x03|6W]\xf5_\x0fq\xd5U\xff}>\x1b\xf8\
,\xfew{\x08p+W]u\xd5\x7f\x87]\xe0\x18\
\xff{}\x0d\xf0\xd1\x5cu\xd5\x7f=\xc4UW\xfd\xf7\
\xf9n\xe0\xbd\xf8\xdfM\x5cu\xd5U\xff]~\x1bx\
-\xfe\xf7\xfa\x1d\xe0\xb5\xb9\xea\xaa\xffz\x88\xab\xae\xfa\
\xef\xf3\xdb\xc0k\xf1\xbf\xd7\xef\x00\xaf\xcdUW]\xf5\
\xdf\xe5\xab\x81\x8f\xe2\x7f\xaf]\xe0\x04W]\xf5_\x0f\
q\xd5U\xff}\xcc\xffn\xdf\x03\xbc7W]u\xd5\
\x7f\x97\xcf\x06>\x8b\xff\xddN\x00\xbb\x5cu\xd5\x7f-\
\xc4UW\xfd\xf7x0\xf0t\xfew\xfb\x1c\xe0\xb3\xb9\
\xea\xaa\xab\xfe\xbb\xbc6\xf0[\xfc\xef\xf6:\xc0os\
\xd5U\xff\xb5\x10W]\xf5\xdf\xe3\xb5\x81\xdf\xe2\x7f\xb7\
\xb7\x01~\x9a\xab\xae\xba\xea\xbf\xcb\x83\x81\xa7\xf3\xbf\xdb\
\xfb\x00\xdf\xcdUW\xfd\xd7B\x5cu\xd5\x7f\x8f\x8f\x06\
\xbe\x8a\xff\xdd^\x06\xf8k\xae\xba\xea\xaa\xffN\xe6\x7f\
\xb7\xcf\x01>\x9b\xab\xae\xfa\xaf\x85\xb8\xea\xaa\xff\x1e_\
\x0d|\x14\xff\xbb\x89\xab\xae\xba\xea\xbf\xdbo\x03\xaf\xc5\
\xff^\xbf\x03\xbc6W]\xf5_\x0bq\xd5U\xff=\
~\x1bx-\xfe\xf7\xfa\x1b\xe0\xa5\xb9\xea\xaa\xab\xfe\xbb\
\xfd4\xf0V\xfc\xefu+\xf0\x10\xae\xba\xea\xbf\x16\xe2\
\xaa\xab\xfe{<\x1dx0\xff{\xfd\x0e\xf0\xda\x5cu\
\xd5U\xff\xdd>\x1b\xf8,\xfew\x13W]\xf5_\x0b\
q\xd5U\xff=\xcc\xffn\x9f\x03|6W]u\xd5\
\x7f\xb7\xb7\x06~\x8a\xff\xdd^\x06\xf8k\xae\xba\xea\xbf\
\x0e\xe2\xaa\xab\xfe\xeb\xbd6\xf0[\xfc\xef\xf6>\xc0w\
s\xd5UW\xfdw{i\xe0\xaf\xf8\xdf\xedm\x80\x9f\
\xe6\xaa\xab\xfe\xeb \xae\xba\xea\xbf\xde{\x03\xdf\xc5\xff\
n\xaf\x03\xfc6W]u\xd5\xff\x04\xe6\x7f\xb7\xcf\x01\
>\x9b\xab\xae\xfa\xaf\x83\xb8\xea\xaa\xffz\x9f\x0d|\x16\
\xff\xbb\x89\xab\xae\xba\xea\x7f\x8a[\x81\x07\xf1\xbf\xd7\xcf\
\x00o\xcdUW\xfd\xd7A\x5cu\xd5\x7f\xbd\x9f\x06\xde\
\x8a\xff\xbd.\x01\xc7\xb9\xea\xaa\xab\xfe\xa7\xf8m\xe0\xb5\
\xf8\xdf\xebw\x80\xd7\xe6\xaa\xab\xfe\xeb \xae\xba\xea\xbf\
\xde_\x01/\xcd\xff^\xbf\x03\xbc6W]u\xd5\xff\
\x14\x9f\x0d|\x16\xff\xbb\x89\xab\xae\xfa\xaf\x83\xb8\xea\xaa\
\xffz\xe6\x7f\xb7\xaf\x01>\x9a\xab\xae\xba\xea\x7f\x8a\xf7\
\x06\xbe\x8b\xff\xdd\x1e\x02\xdc\xcaUW\xfd\xd7@\x5cu\
\xd5\x7f\xad\x97\x06\xfe\x8a\xff\xdd>\x06\xf8j\xae\xfa\xdf\
\xea\xb5x\xfe~\x87\xab\xfe\xb7zm\xe0\xb7\xf8\xdf\xed\
u\x80\xdf\xe6\xaa\xab\xfek \xae\xba\xea\xbf\xd6k\x03\
\xbf\xc5\xffn\xaf\x03\xfc6W\xfdop\x1cx+\xe0\
\xad\x81\x07\x03/\xcd\x0bw+\xf0\xd7\xc0O\x03\xbf\x03\
\xdc\xcaU\xff\x1b\x1c\x07.\xf2\xbf\xdb\xe7\x00\x9f\xcdU\
W\xfd\xd7@\x5cu\xd5\x7f\xad\xcf\x06>\x8b\xff\xdd\x1e\
\x02\xdc\xcaU\xff\x93\xbd6\xf0Q\xc0[\xf3\xef\xf3\xd7\
\xc0W\x03\xdf\xc3U\xff\xd3\xed\x02\xc7\xf8\xdf\xebk\x80\
\x8f\xe6\xaa\xab\xfek \xae\xba\xea\xbf\xd6w\x03\xef\xc5\
\xffn\xe2\xaa\xff\xa9\xde\x0b\xf8l\xe0\xc1\xfc\xc7\xba\x15\
\xf8n\xe0k\x80]\xae\xfa\x9f\xe8\xb7\x81\xd7\xe2\x7f\xaf\
\xdf\x01^\x9b\xab\xae\xfa\xaf\x81\xb8\xea\xaa\xffZ\xbf\x0d\
\xbc\x16\xff{\xfd\x0e\xf0\xda\x5c\xf5?\xcd{\x01\x9f\x0d\
<\x98\xff\x5c\xbb\xc0G\x03\xdf\xc3U\xff\xd3|5\xf0\
Q\xfc\xef\xb5\x0b\x9c\xe0\xaa\xab\xfek \xae\xba\xea\xbf\
\x96\xf9\xdf\xed{\x80\xf7\xe6\xaa\xff)\xde\x1a\xf8*\xe0\
\xc1\xfc\xd7\xba\x15\xf8l\xe0{\xb8\xea\x7f\x8a\xcf\x06>\
\x8b\xff\xddN\x00\xbb\x5cu\xd5\x7f>\xc4UW\xfd\xd7\
9\x0e\x5c\xe4\x7f\xb7\xcf\x01>\x9b\xab\xfe\xbb\xbd6\xf0\
Y\xc0k\xf3\xdf\xebV\xe0\xb3\x81\xef\xe1\xaa\xffn\xaf\
\x0d\xfc\x16\xff\xbb\xbd\x0e\xf0\xdb\x5cu\xd5\x7f>\xc4U\
W\xfd\xd7ym\xe0\xb7\xf8\xdf\xedm\x80\x9f\xe6\xaa\xff\
.\xaf\x0d|\x16\xf0\xda\xfc\xcfr+\xf0\xd9\xc0\xf7p\
\xd5\x7f\x97\x07\x03O\xe7\x7f\xb7\xf7\x01\xbe\x9b\xab\xae\xfa\
\xcf\x87\xb8\xea\xaa\xff:\x1f\x0d|\x15\xff\xbb\xbd\x0c\xf0\
\xd7\x5c\xf5_\xed\xb5\x81\xcf\x02^\x9b\xff\xd9n\x05>\
\x1b\xf8\x1e\xae\xfa\xef`\xfew\xfb\x1c\xe0\xb3\xb9\xea\xaa\
\xff|\x88\xab\xae\xfa\xaf\xf3\xd5\xc0G\xf1\xbf\x9b\xb8\xea\
\xbf\xd2k\x03\x9f\x05\xbc6\xff\xbb\xdc\x0a|6\xf0=\
\x5c\xf5_\xe9\xb7\x81\xd7\xe2\x7f\xaf\xdf\x01^\x9b\xab\xae\
\xfa\xcf\x87\xb8\xea\xaa\xff:\xbf\x0d\xbc\x16\xff{\xfd\x0d\
\xf0\xd2\x5c\xf5_\xe1\xb5\x81\xcf\x02^\x9b\xff\xddn\x05\
>\x1b\xf8\x1e\xae\xfa\xaf\xf0\xd3\xc0[\xf1\xbf\xd7\xad\xc0\
C\xb8\xea\xaa\xff|\x88\xab\xae\xfa\xaf\xf3t\xe0\xc1\xfc\
\xef\xf5;\xc0ks\xd5\x7f\xa6\xd7\x06>\x0bxm\xfe\
o\xb9\x15\xf8\x18\xe0\xa7\xb9\xea?\xd3g\x03\x9f\xc5\xff\
n\xe2\xaa\xab\xfe\xf3!\xae\xba\xea\xbf\x8e\xf9\xdf\xeds\
\x80\xcf\xe6\xaa\xff\x0c\xaf\x0d|\x16\xf0\xda\xfc\xdf\xf6\xdb\
\xc0\xe7\x00\xbf\xcdU\xff\x19\xde\x1a\xf8)\xfew{\x1d\
\xe0\xb7\xb9\xea\xaa\xff\x5c\x88\xab\xae\xfa\xaf\xf1\xda\xc0o\
\xf1\xbf\xdb\xfb\x00\xdf\xcdU\xff\x91\x1e\x0c|\x17\xf0\xda\
\xfc\xff\xf2\xdb\xc0\xe7\x00\xbf\xcdU\xff\x91^\x1a\xf8+\
\xfew{\x1b\xe0\xa7\xb9\xea\xaa\xff\x5c\x88\xab\xae\xfa\xaf\
\xf1\xde\xc0w\xf1\xbf\xdb\xeb\x00\xbf\xcdU\xff\x11\x1e\x0c\
|\x16\xf0\xde\xfc\xff\xf6\xdb\xc0\xe7\x00\xbf\xcdU\xffQ\
\xcc\xffn\x9f\x03|6W]\xf5\x9f\x0bq\xd5U\xff\
5>\x1b\xf8,\xfew\x13W\xfd{=\x18\xf8,\xe0\
\xbd\xb9\xea\x81~\x1b\xf8\x1c\xe0\xb7\xb9\xea\xdf\xebV\xe0\
A\xfc\xef\xf53\xc0[s\xd5U\xff\xb9\x10W]\xf5\
_\xe3\xa7\x81\xb7\xe2\x7f\xafK\xc0q\xae\xfa\xb7z0\
\xf0Y\xc0{s\xd5\x0b\xf3\xdb\xc0\xe7\x00\xbf\xcdU\xff\
V\xbf\x0d\xbc\x16\xff{\xfd5\xf02\x5cu\xd5\x7f.\
\xc4UW\xfd\xd7\xf8+\xe0\xa5\xf9\xdf\xebw\x80\xd7\xe6\
\xaa\x7f\xad\x07\x03\x9f\x05\xbc7W\xfdk\xfc6\xf09\
\xc0os\xd5\xbf\xd6g\x03\x9f\xc5\xffn\xe2\xaa\xab\xfe\
s!\xae\xba\xea\xbf\x86\xf9\xdf\xedk\x80\x8f\xe6\xaa\x17\
\xd5\x83\x81\xcf\x02\xde\x9b\xab\xfe=~\x1b\xf8\x1c\xe0\xb7\
\xb9\xeaE\xf5\xde\xc0w\xf1\xbf\xdbC\x80[\xb9\xea\xaa\
\xff<\x88\xab\xae\xfa\xcf\xf7\xd2\xc0_\xf1\xbf\xdb\xc7\x00\
_\xcdU\xff\x92\x07\x03\x9f\x05\xbc7W\xfdG\xfai\
\xe0c\x80[\xb9\xea_\xf2\xda\xc0o\xf1\xbf\xdb\xeb\x00\
\xbf\xcdUW\xfd\xe7A\x5cu\xd5\x7f\xbe\xd7\x06~\x8b\
\xff\xdd^\x07\xf8m\xaezA\x1e\x0c|\x16\xf0\xde\x5c\
\xf5\x9f\xe9\xbb\x81\xcf\x01n\xe5\xaa\x17\xe48p\x91\xff\
\xdd>\x07\xf8l\xae\xba\xea?\x0f\xe2\xaa\xab\xfe\xf3}\
6\xf0Y\xfc\xef\xf6\x10\xe0V\xaezn\xc7\x81\x8f\x02\
>\x1a8\xceU\xffU\xbe\x1b\xf8\x1c\xe0V\xaez~\
v\x81c\xfc\xef\xf5=\xc0{s\xd5U\xffy\x10W\
]\xf5\x9f\xef\xbb\x81\xf7\xe2\x7f7q\xd5\x03\x1d\x07>\
\x0a\xf8h\xe08W\xfdw\xf9n\xe0s\x80[\xb9\xea\
\x81~\x1bx-\xfe\xf7\xfa\x1d\xe0\xb5\xb9\xea\xaa\xff<\
\x88\xab\xae\xfa\xcf\xf7\xdb\xc0k\xf1\xbf\xd7\xef\x00\xaf\xcd\
U\x00\xc7\x81\x8f\x02>\x1a8\xceU\xffS|7\xf0\
9\xc0\xad\x5c\x05\xf0\xd5\xc0G\xf1\xbf\xd7.p\x82\xab\
\xae\xfa\xcf\x83\xb8\xea\xaa\xff|\xe6\x7f\xb7\xef\x01\xde\x9b\
\xff\xdf\x8e\x03\x1f\x05|4p\x9c\xab\xfe\xa7\xfan\xe0\
s\x80[\xf9\xff\xed\xb3\x81\xcf\xe2\x7f\xb7\x13\xc0.W\
]\xf5\x9f\x03q\xd5U\xff\xb9\x8e\x03\x17\xf9\xdf\xeds\
\x80\xcf\xe6\xff\xa7\xe3\xc0G\x01\x1f\x0d\x1c\xe7\xaa\xff-\
\xbe\x1b\xf8\x1c\xe0V\xfe\x7fzm\xe0\xb7\xf8\xdf\xedu\
\x80\xdf\xe6\xaa\xab\xfes \xae\xba\xea?\xd7k\x03\xbf\
\xc5\xffno\x03\xfc4\xff\xbf\x1c\x07>\x0a\xf8h\xe0\
8W\xfdo\xf5\xdd\xc0\xc7\x00\xbb\xfc\xff\xf2`\xe0\xe9\
\xfc\xef\xf61\xc0Ws\xd5U\xff9\x10W]\xf5\x9f\
\xeb\xa3\x81\xaf\xe2\x7f\xb7\x97\x01\xfe\x9a\xff\x1f\x8e\x03\x1f\
\x05|4p\x9c\xab\xfe/\xd8\x05\xbe\x1a\xf8\x1a`\x97\
\xff?\xcc\xffn\x9f\x03|6W]\xf5\x9f\x03q\xd5\
U\xff\xb9\xbe\x1a\xf8(\xfew\x13\xff?|\x14\xf0\xd9\
\xc0q\xae\xfa\xbfh\x17\xf8j\xe0k\x80]\xfe\xef\xfb\
m\xe0\xb5\xf8\xdf\xebw\x80\xd7\xe6\xaa\xab\xfes \xae\
\xba\xea?\xd7o\x03\xaf\xc5\xff^\x7f\x03\xbc4\xff\xb7\
\xbd\x17\xf0\xd9\xc0\x83\xb9\xea\xff\x83]\xe0\xab\x81\xaf\x01\
v\xf9\xbf\xeb\xa7\x81\xb7\xe2\x7f\xaf[\x81\x87p\xd5U\
\xff9\x10W]\xf5\x9f\xeb\xe9\xc0\x83\xf9\xdf\xebw\x80\
\xd7\xe6\xff\xa6\xf7\x02>\x1bx0W\xfd\x7f\xb4\x0b|\
5\xf05\xc0.\xff\xf7|6\xf0Y\xfc\xef&\xae\xba\
\xea?\x07\xe2\xaa\xab\xfes\x99\xff\xdd>\x07\xf8l\xfe\
oy/\xe0\xb3\x81\x07s\xd5U\xb0\x0b|5\xf05\
\xc0.\xffw\xbc5\xf0S\xfc\xef\xf6:\xc0os\xd5\
U\xff\xf1\x10W]\xf5\x9f\xe7\xb5\x81\xdf\xe2\x7f\xb7\xf7\
\x01\xbe\x9b\xff\x1b\xde\x0b\xf8l\xe0\xc1\x5cu\xd5\xf3\xda\
\x05\xbe\x1a\xf8\x1a`\x97\xff\xfd^\x1b\xf8-\xfew{\
\x1b\xe0\xa7\xb9\xea\xaa\xffx\x88\xab\xae\xfa\xcf\xf3\xde\xc0\
w\xf1\xbf\xdb\xeb\x00\xbf\xcd\xffn\xef\x05|6\xf0`\
\xae\xba\xea_\xb6\x0b|5\xf05\xc0.\xff\xbb\x99\xff\
\xdd>\x07\xf8l\xae\xba\xea?\x1e\xe2\xaa\xab\xfe\xf3|\
6\xf0Y\xfc\xef&\xfe\xf7z/\xe0\xb3\x81\x07s\xd5\
U\xffz\xbb\xc0g\x03_\xc3\xff^\xb7\x02\x0f\xe2\x7f\
\xaf\x9f\x01\xde\x9a\xab\xae\xfa\x8f\x87\xb8\xea\xaa\xff<?\
\x0d\xbc\x15\xff{]\x02\x8e\xf3\xbf\xcf{\x01\x9f\x0d<\
\x98\xab\xae\xfa\xf7\xbb\x15\xf8l\xe0{\xf8\xdf\xe7\xb7\x81\
\xd7\xe2\x7f\xaf\xbf\x06^\x86\xab\xae\xfa\x8f\x87\xb8\xea\xaa\
\xff<\x7f\x05\xbc4\xff{\xfd\x0e\xf0\xda\xfc\xef\xf1\xda\
\xc0W\x01/\xcdUW\xfd\xc7\xbb\x15\xf8l\xe0{\xf8\
\xdf\xe3\xb3\x81\xcf\xe2\x7f7q\xd5U\xff\xf1\x10W]\
\xf5\x9f\xc7\xfc\xef\xf65\xc0G\xf3?\xdfk\x03\x9f\x05\
\xbc6W]\xf5\x9f\xefV\xe0\xb3\x81\xef\xe1\x7f\xbe\x8f\
\x06\xbe\x8a\xff\xdd\x1e\x02\xdc\xcaUW\xfd\xc7B\x5cu\
\xd5\x7f\x8e\x07\x03O\xe7\x7f\xb7\x8f\x01\xbe\x9a\xff\xb9^\
\x1b\xf8,\xe0\xb5\xb9\xea\xaa\xffz\xb7\x02\x9f\x0d|\x0f\
\xffs\xbd6\xf0[\xfc\xef\xf6:\xc0os\xd5U\xff\
\xb1\x10W]\xf5\x9f\xe3\xb5\x81\xdf\xe2\x7f\xb7\xd7\x01~\
\x9b\xffy^\x1b\xf8,\xe0\xb5\xb9\xea\xaa\xff~\xb7\x02\
\x9f\x0d|\x0f\xff\xf3\x1c\x07.\xf2\xbf\xdb\xe7\x00\x9f\xcd\
UW\xfd\xc7B\x5cu\xd5\x7f\x8e\xcf\x06>\x8b\xff\xdd\
\x1e\x02\xdc\xca\xff\x1c\xaf\x0d|\x16\xf0\xda\x5cu\xd5\xff\
<\xb7\x02\x9f\x0d|\x0f\xff\xb3\xec\x02\xc7\xf8\xdf\xeb{\
\x80\xf7\xe6\xaa\xab\xfec!\xae\xba\xea?\xc7w\x03\xef\
\xc5\xffn\xe2\x7f\x86\xd7\x06>\x0bxm\xae\xba\xea\x7f\
\xbe[\x81\xcf\x06\xbe\x87\xff\x19~\x1bx-\xfe\xf7\xfa\
\x1d\xe0\xb5\xb9\xea\xaa\xffX\x88\xab\xae\xfa\xcf\xf1\xdb\xc0\
k\xf1\xbf\xd7\xef\x00\xaf\xcd\x7f\xaf\xd7\x06>\x0bxm\
\xae\xba\xea\x7f\x9f\xdf\x06>\x07\xf8m\xfe{}7\xf0\
^\xfc\xef\xb5\x0b\x9c\xe0\xaa\xab\xfec!\xae\xba\xea?\
\xc7E\xe08\xff{}\x0f\xf0\xde\xfc\xf7xi\xe0\xab\
\x80\xd7\xe6\xaa\xab\xfe\xf7\xfbm\xe0s\x80\xdf\xe6\xbf\xc7\
g\x03\x9f\xc5\xffn'\x80]\xae\xba\xea?\x0e\xe2\xaa\
\xab\xfe\xe3\x1d\x07.\xf2\xbf\xdb\xe7\x00\x9f\xcd\x7f\xad\x07\
\x03\x9f\x05\xbc7W]\xf5\x7f\xcfo\x03\x9f\x03\xfc6\
\xff\xb5^\x1b\xf8-\xfew{\x1d\xe0\xb7\xb9\xea\xaa\xff\
8\x88\xab\xae\xfa\x8f\xf7\xda\xc0o\xf1\xbf\xdb\xdb\x00?\
\xcd\x7f\x8d\x07\x03\x9f\x05\xbc7W]\xf5\x7f\xdfo\x03\
\x9f\x03\xfc6\xff5\x1e\x0c<\x9d\xff\xdd>\x06\xf8j\
\xae\xba\xea?\x0e\xe2\xaa\xab\xfe\xe3}4\xf0U\xfc\xef\
\xf62\xc0_\xf3\x9f\xeb\xc1\xc0g\x01\xef\xcdUW\xfd\
\xff\xf3\xdb\xc0\xe7\x00\xbf\xcd\x7f>\xf3\xbf\xdb\xe7\x00\x9f\
\xcdUW\xfd\xc7A\x5cu\xd5\x7f\xbc\xcf\x06>\x8b\xff\
\xdd\xc4\x7f\x9e\x07\x03\x9f\x05\xbc7W]u\xd5o\x03\
\x9f\x03\xfc6\xffy\xfe\x1ax)\xfe\xf7\xfa\x1d\xe0\xb5\
\xb9\xea\xaa\xff8\x88\xab\xae\xfa\x8f\xf7\xdb\xc0k\xf1\xbf\
\xd7\xdf\x00/\xcd\x7f\xbc\x07\x03\x9f\x05\xbc7W]u\
\xd5s\xfbm\xe0s\x80\xdf\xe6?\xdeO\x03o\xc5\xff\
^\xb7\x02\x0f\xe1\xaa\xab\xfe\xe3 \xae\xba\xea?\xde\xd3\
\x81\x07\xf3\xbf\xd7\xef\x00\xaf\xcd\x7f\x9c\x07\x03\x9f\x05\xbc\
7W]u\xd5\xbf\xe4\xb7\x81\xf7\x01n\xe5?\xceg\
\x03\x9f\xc5\xffn\xe2\xaa\xab\xfe\xe3 \xae\xba\xea?\x9e\
\xf9\xdf\xeds\x80\xcf\xe6\xdf\xef\xc1\xc0g\x01\xef\xcdU\
W]\xf5\xaf\xf5\xdd\xc0\xe7\x00\xb7\xf2\xef\xf7\xd6\xc0O\
\xf1\xbf\xdb\xeb\x00\xbf\xcdUW\xfd\xc7@\x5cu\xd5\x7f\
\xac\xd7\x06~\x8b\xff\xdd\xde\x07\xf8n\xfe\xed\x8e\x03\x1f\
\x05|6W\xfdO\xf6\x0c\xe0V\xe0\xb5\xb8\xea\x7f\xb2\
\xef\x06>\x07\xb8\x95\x7f\xbb\xd7\x06~\x8b\xff\xdd\xde\x07\
\xf8n\xae\xba\xea?\x06\xe2\xaa\xab\xfec\xbd5\xf0S\
\xfc\xef\xf6:\xc0o\xf3\xafw\x1c\xf8(\xe0\xa3\x81\xe3\
\x5c\xf5?\xd53\x80\xcf\x06\xbe\x9b+\xde\x1a\xf8j\xe0\
A\x5c\xf5?\xd9w\x03\x9f\x03\xdc\xca\xbf\x8d\xf9\xdf\xed\
s\x80\xcf\xe6\xaa\xab\xfec \xae\xba\xea?\xd6g\x03\
\x9f\xc5\xffn\xe2_\xe78\xf0Q\xc0G\x03\xc7\xb9\xea\
\x7f\xaag\x00\x9f\x0d|7\xcf\xdf{\x03\x9f\x0d<\x88\
\xab\xfe'\xfbn\xe0s\x80[\xf9\xd7\xb9\x15x\x10\xff\
{\xfd\x0c\xf0\xd6\x5cu\xd5\x7f\x0c\xc4UW\xfd\xc7\xfa\
i\xe0\xad\xf8\xdf\xeb\x12p\x9c\x17\xcdq\xe0\xa3\x80\x8f\
\x06\x8es\xd5\xffT\x97\x80\xaf\x06\xbe\x1a\xd8\xe5_\xf6\
\xde\xc0g\x03\x0f\xe2\xaa\xff\xc9\xbe\x1b\xf8\x1c\xe0V^\
4\xbf\x0d\xbc\x16\xff{\xfd5\xf02\x5cu\xd5\x7f\x0c\
\xc4UW\xfd\xc7\xfa+\xe0\xa5\xf9\xdf\xebw\x80\xd7\xe6\
\x85;\x0e|\x14\xf0\xd1\xc0q\xae\xfa\x9f\xea\x12\xf0\xd5\
\xc0W\x03\xbb\xfc\xeb\xbd7\xf0\xd9\xc0\x83\xb8\xea\x7f\xb2\
\xef\x06>\x07\xb8\x95\x17\xee\xb3\x81\xcf\xe2\x7f7q\xd5\
U\xff1\x10W]\xf5\x1f\xcb\xfc\xef\xf65\xc0G\xf3\
\xfc\x1d\x07>\x0a\xf8h\xe08W\xfdOu\x09\xf8j\
\xe0\xab\x81]\xfe\xfd\xde\x1b\xf8l\xe0A\x5c\xf5?\xd9\
w\x03\x9f\x03\xdc\xca\xf3\xf7\xd1\xc0W\xf1\xbf\xdb\xcb\x00\
\x7f\xcdUW\xfd\xfb!\xae\xba\xea?\xce\x83\x81\xa7\xf3\
\xbf\xdb\xc7\x00_\xcds:\x0e|\x14\xf0\xd1\xc0q\xae\
\xfa\x9f\xea\x12\xf0\xd5\xc0W\x03\xbb\xfc\xc7{o\xe0\xb3\
\x81\x07q\xd5\xffT\xbb\xc0W\x03_\x03\xec\xf2\x9c^\
\x1b\xf8-\xfew{\x1d\xe0\xb7\xb9\xea\xaa\x7f?\xc4U\
W\xfd\xc7ym\xe0\xb7\xf8\xdf\xedu\x80\xdf\xe6\xd9>\
\x0b\xf8h\xe08W\xfdOu\x09\xf8j\xe0\xab\x81]\
\xfe\xf3\xbd7\xf0\xd9\xc0\x83\xb8\xea\x7f\xaa]\xe0\xab\x81\
\xaf\x01v\xb9\xe28p\x91\xff\xdd>\x07\xf8l\xae\xba\
\xea\xdf\x0fq\xd5U\xffq>\x1b\xf8,\xfew{\x08\
p+\xf0^\xc0g\x03\x0f\xe6\xaa\xff\xa9.\x01_\x0d\
|5\xb0\xcb\x7f\xbd\xf7\x06\xbe\x1a8\xc6U\xffS\xed\
\x02_\x0d|\x0d\xb0\x0b\xec\x02\xc7\xf8\xdf\xeb{\x80\xf7\
\xe6\xaa\xab\xfe\xfd\x10W]\xf5\x1f\xe7\xbb\x81\xf7\xe2\x7f\
\xb7\xf7\x06>\x1bx0W\xfdOu\x09\xf8j\xe0\xab\
\x81]\xfe{\x1d\x07>\x1a\xf8h\xe0\x18W\xfdO\xb5\
\x0b|5\xf06\xc0K\xf1\xbf\xd7\xef\x00\xaf\xcdUW\
\xfd\xfb!\xae\xba\xea?\xceo\x03\xaf\xc5UW\xfd\xe7\
\xf9\x1e\xe0\xa3\x81]\xfeg9\x0e|4\xf0\xd1\xc01\
\xae\xba\xea?\x8f\xb8\xea\xaa\x7f?\xc4UW\xfd\xc7\xb9\
\x08\x1c\xe7\xaa\xab\xfe\xe3}\x0f\xf0\xd9\xc0\xad\xfc\xcfv\
\x1c\xf8h\xe0\xa3\x81c\x5cu\xd5\x7f\xbc\x13\xc0.W\
]\xf5\xef\x83\xb8\xea\xaa\xff\x18\xc7\x81\x8b\x5cu\xd5\x7f\
\xac\xef\x01>\x1b\xb8\x95\xff]\x8e\x03\x1f\x0d|4p\
\x8c\xab\xae\xfa\x8f\xf3:\xc0os\xd5U\xff>\x88\xab\
\xae\xfa\x8f\xf1\xda\xc0oq\xd5U\xff1\xbe\x07\xf8l\
\xe0V\xfew;\x0e|4\xf0\xd1\xc01\xae\xba\xea\xdf\
\xefc\x80\xaf\xe6\xaa\xab\xfe}\x10W]\xf5\x1f\xe3\xa3\
\x81\xaf\xe2\xaa\xab\xfe}\xbe\x07\xf8l\xe0V\xfeo9\
\x0e|4\xf0\xd1\xc01\xae\xba\xea\xdf\xeek\x80\x8f\xe6\
\xaa\xab\xfe}\x10W]\xf5\x1f\xe3\xb3\x81\xcf\xe2\xaa\xab\
\xfem\xbe\x07\xf8l\xe0V\xfeo;\x0e|4\xf0\xd1\
\xc01\xae\xba\xea_\xefw\x80\xd7\xe6\xaa\xab\xfe}\x10\
W]\xf5\x1f\xe3\xb7\x81\xd7\xe2\xaa\xab\xfeu\xbe\x07\xf8\
l\xe0V\xfe\x7fy0\xf0\xd9\xc0{q\xd5U\xff:\
\xb7\x02\x0f\xe1\xaa\xab\xfe}\x10W]\xf5\x1f\xe3\xe9\xc0\
\x83\xb9\xea\xaa\x17\xcd\xcf\x00\x1f\x0d\xdc\xca\xffo\x0f\x06\
>\x1bx/\xae\xba\xeaE'\xae\xba\xea\xdf\x07q\xd5\
U\xff1\xccUW\xfd\xcb~\x07\xf8l\xe0\xb7\xb9\xea\
\x81\x1e\x0c|6\xf0^\x5cu\xd5\xbf\xecu\x80\xdf\xe6\
\xaa\xab\xfe\xed\x10W]\xf5\xef\xf7\xda\xc0oq\xd5U\
/\xd8\xef\x00\x9f\x0d\xfc6W\xbd0\x0f\x06>\x1bx\
/\xae\xba\xea\x05{\x1f\xe0\xbb\xb9\xea\xaa\x7f;\xc4U\
W\xfd\xfb\xbd5\xf0S\x5cu\xd5\xf3\xfa\x1d\xe0\xb3\x81\
\xdf\xe6\xaa\x7f\x8d\x07\x03\x9f\x0d\xbc\x17W]\xf5\xbc>\
\x07\xf8l\xae\xba\xea\xdf\x0eq\xd5U\xff~\x9f\x0d|\
\x16W]\xf5l\xbf\x03|6\xf0\xdb\x5c\xf5\xef\xf1`\
\xe0\xb3\x81\xf7\xe2\xaa\xab\x9e\xedg\x80\xb7\xe6\xaa\xab\xfe\
\xed\x10W]\xf5\xef\xf7\xd3\xc0[q\xd5U\xf0;\xc0\
g\x03\xbf\xcdU\xff\x91\x1e\x0c|6\xf0^\x5cu\x15\
\xfc5\xf02\x5cu\xd5\xbf\x1d\xe2\xaa\xab\xfe\xfd\xfe\x0a\
xi\xae\xfa\xff\xecw\x80\xcf\x06~\x9b\xab\xfe3\xbd\
4\xf0\xd5\xc0kq\xd5\xffw\xe2\xaa\xab\xfe\xed\x10W\
]\xf5\xefg\xae\xfa\xff\xeaw\x80\xcf\x06~\x9b\xab\xfe\
+\xbd6\xf0\xd9\xc0kq\xd5\xffW/\x03\xfc5W\
]\xf5o\x83\xb8\xea\xaa\x7f\x9f\x07\x03O\xe7\xaa\xffo\
\x9e\x01|6\xf0\xdd\x5c\xf5\xdf\xe9\xb5\x81\xcf\x06^\x8b\
\xab\xfe\xbfy\x1d\xe0\xb7\xb9\xea\xaa\x7f\x1b\xc4UW\xfd\
\xfb\xbc6\xf0[\x5c\xf5\xff\xc53\x80\xcf\x06\xbe\x9b\xab\
\xfe'ym\xe0\xb3\x81\xd7\xe2\xaa\xff/>\x07\xf8l\
\xae\xba\xea\xdf\x06q\xd5U\xff>\x9f\x0d|\x16W\xfd\
_\xf7\x0c\xe0\xb3\x81\xef\xe6\xaa\xff\xc9^\x1b\xf8l\xe0\
\xb5\xb8\xea\xff\xba\xef\x01\xde\x9b\xab\xae\xfa\xb7A\x5cu\
\xd5\xbf\xcfW\x03\x1f\xc5U\xffW=\x03\xf8l\xe0\xbb\
\xb9\xea\x7f\x93\xd7\x06>\x1bx-\xae\xfa\xbf\xeaw\x80\
\xd7\xe6\xaa\xab\xfem\x10W]\xf5\xef\xf3\xdb\xc0kq\
\xd5\xff5\xcf\x00>\x1b\xf8n\xae\xfa\xdf\xec\xb5\x81\xcf\
\x06^\x8b\xab\xfe/\x12W]\xf5o\x83\xb8\xea\xaa\x7f\
\x9f\x8b\xc0q\xae\xfa\xbf\xe2\x19\xc0g\x03\xdf\xcdU\xff\
\x97\xbc6\xf0\xdd\xc0\x83\xb8\xea\xff\x92\x13\xc0.W]\
\xf5\xaf\x87\xb8\xea\xaa\x7f\xbb\xe3\xc0E\xae\xfa\xbf\xe0\x19\
\xc0g\x03\xdf\xcdU\xff\x97\xbd7\xf0\xd9\xc0\x83\xb8\xea\
\xff\x82\xd7\x01~\x9b\xab\xae\xfa\xd7C\x5cu\xd5\xbf\xdd\
k\x03\xbf\xc5U\xff\x9b]\x02\xbe\x1a\xf8l\xae\xfa\xff\
\xe4\xbd\x81\xcf\x06\x1e\xc4U\xff\x9b}\x0c\xf0\xd5\x5cu\
\xd5\xbf\x1e\xe2\xaa\xab\xfe\xed\xde\x1b\xf8.\xae\xfa\xdf\xe8\
\x12\xf0\xd5\xc0W\x03\xbb\x5c\xf5\xff\xd5{\x03\x9f\x0d<\
\x88\xab\xfe7\xfa\x1a\xe0\xa3\xb9\xea\xaa\x7f=\xc4UW\
\xfd\xdb}6\xf0Y\x5c\xf5\xbf\xc9%\xe0\xab\x81\xaf\x06\
v\xb9\xea\xaa+\xde\x1b\xf8l\xe0A\x5c\xf5\xbf\xc9\xef\
\x00\xaf\xcdUW\xfd\xeb!\xae\xba\xea\xdf\xee\xb7\x81\xd7\
\xe2\xaa\xff\x0d.\x01_\x0d|5\xb0\xcbUW=\x7f\
\xef\x0d|6\xf0 \xae\xfa\xdf\xe0V\xe0!\x5cu\xd5\
\xbf\x1e\xe2\xaa\xab\xfe\xed\x9e\x0e<\x98\xab\xfe'\xbb\x04\
|5\xf0\xd5\xc0.W]\xf5\xa2yo\xe0\xb3\x81\x07\
q\xd5\xfft\xe2\xaa\xab\xfe\xf5\x10W]\xf5og\xae\
\xfa\x9f\xea\x12\xf0\xd5\xc0W\x03\xbb\x5cu\xd5\xbf\xcd{\
\x03\x9f\x0d<\x88\xab\xfe\xa7z\x1d\xe0\xb7\xb9\xea\xaa\x7f\
\x1d\xc4UW\xfd\xdb\xbc4\xf0W\x5c\xf5?\xcd%\xe0\
\xab\x81\xaf\x06v\xb9\xea\xaa\x7f\xbf\xe3\xc0G\x03\x1f\x0d\
\x1c\xe3\xaa\xffi\xde\x07\xf8n\xae\xba\xea_\x07q\xd5\
U\xff6o\x0d\xfc\x14W\xfdO\xf29\xc0W\x03\xbb\
\x5cu\xd5\x7f\xbc\xe3\xc0G\x03\x1f\x0d\x1c\xe3\xaa\xff)\
>\x07\xf8l\xae\xba\xea_\x07q\xd5U\xff6\x9f\x0d\
|\x16W\xfdO\xf0=\xc0g\x03\xb7r\xd5U\xff\xf9\
\x8e\x03\x1f\x0d|4p\x8c\xab\xfe\xbb\xfd\x0e\xf0\xda\x5c\
u\xd5\xbf\x0e\xe2\xaa\xab\xfem~\x1ax+\xae\xfa\xef\
\xf4=\xc0g\x03\xb7r\xd5U\xff\xf5\x8e\x03\x1f\x0d|\
4p\x8c\xab\xfe\xbb\xfc5\xf02\x5cu\xd5\xbf\x0e\xe2\
\xaa\xab\xfem~\x1bx-\xae\xfa\xef\xf0=\xc0g\x03\
\xb7r\xd5U\xff\xfd\x8e\x03\x1f\x0d|4p\x8c\xab\xfe\
;\x88\xab\xae\xfa\xd7A\x5cu\xd5\xbf\x8d\xb9\xea\xbf\xda\
\xf7\x00\x9f\x0d\xdc\xcaUW\xfd\xcfs\x1c\xf8h\xe0\xa3\
\x81c\x5c\xf5_\xe9e\x80\xbf\xe6\xaa\xab^t\x88\xab\
\xae\xfa\xd7{0\xf0t\xae\xfa\xaf\xf2=\xc0g\x03\xb7\
r\xd5U\xff\xf3\x1d\x07>\x1a\xf8h\xe0\x18W\xfdW\
x\x1b\xe0\xa7\xb9\xea\xaa\x17\x1d\xe2\xaa\xab\xfe\xf5^\x1b\
\xf8-\xae\xfa\xcf\xf6=\xc0g\x03\xb7r\xd5U\xff\xfb\
\x1c\x07\xbe\x1ax/\xae\xfa\xcf\xf69\xc0gs\xd5U\
/:\xc4UW\xfd\xeb}6\xf0Y\x5c\xf5\x9f\xe5{\
\x80\xcf\x06n\xe5\xaa\xab\xfe\xf7{0\xf0\xd9\xc0{q\
\xd5\x7f\x96\xef\x01\xde\x9b\xab\xaez\xd1!\xae\xba\xea_\
\xef\xab\x81\x8f\xe2\xaa\xffh\xbf\x03|6\xf0\xdb\x5cu\
\xd5\xff=\x0f\x06>\x1bx/\xae\xfa\x8f\xf6;\xc0k\
s\xd5U/:\xc4UW\xfd\xeb\xfd6\xf0Z\x5c\xf5\
\x1f\xe5w\x80\xcf\x06~\x9b\xab\xae\xfa\xbf\xef\xc1\xc0g\
\x03\xef\xc5U\xff\x91\xc4UW\xbd\xe8\x10W]\xf5\xaf\
\xf7W\xc0Ks\xd5\xbf\xd7\xef\x00\x9f\x0d\xfc6W]\
\xf5\xff\xcf\x83\x81\xcf\x06\xde\x8b\xab\xfe#\x88\xab\xaez\
\xd1!\xae\xba\xea_\xcf\x5c\xf5\xef\xf1;\xc0g\x03\xbf\
\xcdUW]\xf5`\xe0\xb3\x81\xf7\xe2\xaa\x7f\x8f\x97\x01\
\xfe\x9a\xab\xaez\xd1 \xae\xba\xea_\xcf\x5c\xf5o\xf1\
;\xc0g\x03\xbf\xcdUW]\xf5\xdc\x1e\x0c|6\xf0\
^\x5c\xf5o\xf1:\xc0os\xd5U/\x1a\xc4UW\
\xfd\xeb\x99\xab\xfe5~\x07\xf8l\xe0\xb7\xb9\xea\xaa\xab\
\xfe%\x0f\x06\xbe\x1bx-\xae\xfa\xd7x\x1d\xe0\xb7\xb9\
\xea\xaa\x17\x0d\xe2\xaa\xab\xfe\xf5\xccU/\x8a\xdf\x01>\
\x1b\xf8m\xae\xba\xea\xaa\x7f\xad\xd7\x06>\x1bx-\xae\
zQ\xbc\x0e\xf0\xdb\x5cu\xd5\x8b\x06q\xd5U\xffz\
\xe6\xaa\x17\xe6\x19\xc0G\x03?\xcdUW]\xf5\xef\xf5\
\xda\xc0g\x03\xaf\xc5U/\xcc\xeb\x00\xbf\xcdUW\xbd\
h\x10W]\xf5\xaf\xb7\x0b\x1c\xe3\xaa\xe7\xf6\x0c\xe0\xb3\
\x81\xef\xe6\xaa\xab\xae\xfa\x8f\xf6\xda\xc0g\x03\xaf\xc5U\
\xcf\xcf\x09`\x97\xab\xaez\xd1 \xae\xba\xea_\xef\xb7\
\x81\xd7\xe2\xaa\xfb=\x03\xf8l\xe0\xbb\xb9\xea\xaa\xab\xfe\
\xb3\xbd6\xf0\xd9\xc0kq\xd5\xfd.\x01\xc7\xb9\xea\xaa\
\x17\x1d\xe2\xaa\xab\xfe\xf5>\x1b\xf8,\xaez\x06\xf0\xd9\
\xc0ws\xd5UW\xfdW{m\xe0\xb3\x81\xd7\xe2\xaa\
\xdf\x01^\x9b\xab\xaez\xd1!\xae\xba\xea_\xef\xad\x81\
\x9f\xe2\xff\xafg\x00\x9f\x0d|7W]u\xd5\x7f\xb7\
\xd7\x06>\x1bx-\xfe\xff\xfa\x1c\xe0\xb3\xb9\xea\xaa\x17\
\x1d\xe2\xaa\xab\xfe\xf5\x8e\x03\x17\xf9\xff\xe7\x19\xc0g\x03\
\xdf\xcdUW]\xf5?\xcdk\x03\x9f\x0d\xbc\x16\xff\xff\
\xbc\x0c\xf0\xd7\x5cu\xd5\x8b\x0eq\xd5U\xff6?\x0d\
\xbc\x15\xff?<\x03\xf8l\xe0\xbb\xb9\xea\xaa\xab\xfe\xa7\
{o\xe0\xb3\x81\x07\xf1\xff\xc33\x80\x07s\xd5U\xff\
:\x88\xab\xae\xfa\xb7yo\xe0\xbb\xf8\xbf\xed\x12\xf0\xd1\
\xc0ws\xd5UW\xfdo\xf3\xde\xc0g\x03\x0f\xe2\xff\
\xb6\xaf\x01>\x9a\xab\xae\xfa\xd7A\x5cu\xd5\xbf\xdd\xad\
\xc0\x83\xf8\xbf\xe7\x12\xf0\xd5\xc0W\x03\xbb\x5cu\xd5U\
\xff\x9b\xbd7\xf0\xd9\xc0\x83\xf8\xbf\xe9!\xc0\xad\x5cu\
\xd5\xbf\x0e\xe2\xaa\xab\xfe\xed\xde\x1b\xf8.\xfe\xef\xb8\x04\
|5\xf0\xd5\xc0.W]u\xd5\xff%\xef\x0d|6\
\xf0 \xfe\xef\xf8\x1e\xe0\xbd\xb9\xea\xaa\x7f=\xc4UW\
\xfd\xfb\xdc\x0a<\x88\xff\xdd.\x01_\x0d|5\xb0\xcb\
UW]\xf5\x7f\xd9{\x03\x9f\x0d<\x88\xff\xfd\x1e\x02\
\xdc\xcaUW\xfd\xeb!\xae\xba\xea\xdf\xe7\xb5\x81\xdf\xe2\
\x7f\xa7K\xc0W\x03_\x0d\xecr\xd5UW\xfd\x7f\xf2\
\xde\xc0g\x03\x0f\xe2\x7f\xa7\x8f\x01\xbe\x9a\xab\xae\xfa\xb7\
A\x5cu\xd5\xbf\xdfW\x03\x1f\xc5\xff\x1e\x97\x80\xaf\x06\
\xbe\x1a\xd8\xe5\xaa\xab\xae\xfa\xff\xec\xbd\x81\xcf\x06\x1e\xc4\
\xff\x1e\xbf\x03\xbc6W]\xf5o\x87\xb8\xea\xaa\x7f\xbf\
\xe3\xc0o\x03/\xc5\xffl\x97\x80\xaf\x06\xbe\x1a\xd8\xe5\
\xaa\xab\xae\xba\xea\xd9>\x1b\xf8h\xe0\x18\xff\xb3]\x02\
^\x1a\xb8\x95\xab\xae\xfa\xb7C\x5cu\xd5\x7f\x8c\xe3\xc0\
\xad\xc01\xfe\xe7\xb9\x04|5\xf0\xd5\xc0.W]u\
\xd5U\xcf\xdfq\xe0\xa3\x81\x8f\x06\x8e\xf1?\xcf%\xe0\
\xb5\x81\xbf\xe6\xaa\xab\xfe}\x10W]\xf5\x1f\xe7\xa5\x81\
\xdf\x06\x8e\xf1?\xc7\xf7\x00\x9f\x0d\xdc\xcaUW]u\
\xd5\x8b\xe68\xf0\xd1\xc0G\x03\xc7\xf8\x9f\xe3m\x80\x9f\
\xe6\xaa\xab\xfe\xfd\x10W]\xf5\x1f\xeb\xa5\x81\xef\x06^\
\x8a\xff^\xdf\x03|6p+W]u\xd5U\xff6\
\xc7\x81\x8f\x06>\x1a8\xc6\x7f\x9fK\xc0k\x03\x7f\xcd\
UW\xfd\xc7@\x5cu\xd5\x7f\xbc\xe3\xc0O\x03\xaf\xc5\
\x7f\xbd\xef\x01>\x1b\xb8\x95\xab\xae\xba\xea\xaa\xff\x18\xc7\
\x81\x8f\x06>\x1a8\xc6\x7f\xad\xbf\x01\xde\x1b\xf8k\xae\
\xba\xea?\x0e\xe2\xaa\xab\xfe\xf3|4\xf0\xd9\xc01\xfe\
\xf3}\x0f\xf0\xd9\xc0\xad\x5cu\xd5UW\xfd\xe78\x0e\
|4\xf0\xd1\xc01\xfe\xf3}\x0e\xf0\xd5\xc0.W]\
\xf5\x1f\x0bq\xd5U\xff\xb9\x8e\x03\xdf\x0d\xbc\x15\xff9\
\xbe\x07\xf8l\xe0V\xae\xba\xea\xaa\xab\xfek\x1c\x07>\
\x1a\xf8h\xe0\x18\xff\xf1~\x07\xf8h\xe0\xaf\xb9\xea\xaa\
\xff\x1c\x88\xab\xae\xfa\xaf\xf1`\xe0\xb3\x81\xb7\x06\x8e\xf1\
\xefs\x09\xf8n\xe0\xab\x81[\xb9\xea\xaa\xab\xae\xfa\xef\
q\x1c\xf8h\xe0\xbd\x81\x07\xf1\xef\xf7=\xc0w\x03\xbf\
\xcdUW\xfd\xe7B\x5cu\xd5\x7f\xad\xe3\xc0[\x03o\
\x0d\xbc4\xf0 ^4\x97\x80\x9f\x06~\x1b\xf8i`\
\x97\xab\xae\xba\xea\xaa\xff9\xde\x1axk\xe0\xb5\x81\x07\
\xf1\xa2\xb9\x04\xfc6\xf0\xdb\xc0O\x03\xb7r\xd5U\xff\
5\x10W]\xf5\xdf\xeb\xc1\xc0\x83\x81\xd7\xe6\xf9\xfbm\
\xe0V\xe0V\xae\xba\xea\xaa\xab\xfew8\x0e\xbc4\xf0\
\xda<\x7f\xbf\x0d\xec\x02\x7f\xcdUW\xfd\xf7@\x5cu\
\xd5UW]u\xd5UW]\xf5\xff\x09\xe2\xaa\xab\xae\
\xba\xea\xaa\xab\xae\xba\xea\xaa\xffO\x10W]u\xd5U\
W]u\xd5UW\xfd\x7f\x82\xb8\xea\xaa\xab\xae\xba\xea\
\xaa\xab\xae\xba\xea\xff\x13\xc4UW]u\xd5UW]\
u\xd5U\xff\x9f \xae\xba\xea\xaa\xab\xae\xba\xea\xaa\xab\
\xae\xfa\xff\x04q\xd5UW]u\xd5UW]u\xd5\
\xff'\x88\xab\xae\xba\xea\xaa\xab\xae\xba\xea\xaa\xab\xfe?\
A\x5cu\xd5UW]u\xd5UW]\xf5\xff\x09\xe2\
\xaa\xab\xae\xba\xea\xaa\xab\xae\xba\xea\xaa\xffO\x10W]\
u\xd5UW]u\xd5UW\xfd\x7f\x82\xb8\xea\xaa\xab\
\xae\xba\xea\xaa\xab\xae\xba\xea\xff\x13\xc4UW]u\xd5\
UW]u\xd5U\xff\x9f \xae\xba\xea\xaa\xab\xae\xba\
\xea\xaa\xab\xae\xfa\xff\x04q\xd5UW]u\xd5UW\
]u\xd5\xff'\x88\xab\xae\xba\xea\xaa\xab\xae\xba\xea\xaa\
\xab\xfe?A\x5cu\xd5UW]u\xd5UW]\xf5\
\xff\x09\xe2\xaa\xab\xae\xba\xea\xaa\xab\xae\xba\xea\xaa\xffO\
\x10W]u\xd5UW]u\xd5UW\xfd\x7f\x82\xb8\
\xea\xaa\xab\xae\xba\xea\xaa\xab\xae\xba\xea\xff\x13\xc4UW\
]u\xd5UW]u\xd5U\xff\x9f \xae\xba\xea\xaa\
\xab\xae\xba\xea\xaa\xab\xae\xfa\xff\x04q\xd5UW]u\
\xd5UW]u\xd5\xff'\x88\xab\xae\xba\xea\xaa\xab\xae\
\xba\xea\xaa\xab\xfe?A\x5cu\xd5UW]u\xd5U\
W]\xf5\xff\x09\xe2\xaa\xab\xae\xba\xea\xaa\xab\xae\xba\xea\
\xaa\xffO\x10W]u\xd5UW]u\xd5UW\xfd\
\x7f\x82\xb8\xea\xaa\xab\xae\xba\xea\xaa\xab\xae\xba\xea\xff\x13\
\xc4UW]u\xd5UW]u\xd5U\xff\x9f \xae\
\xba\xea\xaa\xab\xae\xba\xea\xaa\xab\xae\xfa\xff\x04q\xd5U\
W]u\xd5UW]u\xd5\xff'\x88\xab\xae\xba\xea\
\xaa\xab\xae\xba\xea\xaa\xab\xfe?A\x5cu\xd5UW]\
u\xd5UW]\xf5\xff\x09\xe2\xaa\xab\xae\xba\xea\xaa\xab\
\xae\xba\xea\xaa\xffO\x10W]u\xd5UW]u\xd5\
UW\xfd\x7f\x82\xb8\xea\xaa\xab\xae\xba\xea\xaa\xab\xae\xba\
\xea\xff\x13\xc4UW]u\xd5UW]u\xd5U\xff\
\x9f \xae\xba\xea\xaa\xab\xae\xba\xea\xaa\xab\xae\xfa\xff\x04\
q\xd5UW]u\xd5UW]u\xd5\xff'\x88\xab\
\xae\xba\xea\xaa\xab\xae\xba\xea\xaa\xab\xfe?A\x5cu\xd5\
UW]u\xd5UW]\xf5\xff\x09\xe2\xaa\xab\xae\xba\
\xea\xaa\xab\xae\xba\xea\xaa\xffO\x10W]u\xd5UW\
]u\xd5UW\xfd\x7f\x82\xb8\xea\xaa\xab\xae\xba\xea\xaa\
\xab\xae\xba\xea\xff\x13\xc4UW]u\xd5UW]u\
\xd5U\xff\x9f \xae\xba\xea\xaa\xab\xae\xba\xea\xaa\xab\xae\
\xfa\xff\x04q\xd5UW]u\xd5UW]u\xd5\xff\
'\x88\xab\xae\xba\xea\xaa\xab\xae\xba\xea\xaa\xab\xfe?A\
\x5cu\xd5UW]u\xd5UW]\xf5\xff\x09\xe2\xaa\
\xab\xae\xba\xea\xaa\xab\xae\xba\xea\xaa\xffO\x10W]u\
\xd5UW]u\xd5UW\xfd\x7f\x82\xb8\xea\xaa\xab\xae\
\xba\xea\xaa\xab\xae\xba\xea\xff\x13\xc4UW]u\xd5U\
W]u\xd5U\xff\x9f \xae\xba\xea\xaa\xab\xae\xba\xea\
\xaa\xab\xae\xfa\xff\x04q\xd5UW]u\xd5UW]\
u\xd5\xff'\x88\xab\xae\xba\xea\xaa\xab\xae\xba\xea\xaa\xab\
\xfe?A\x5cu\xd5UW]u\xd5UW]\xf5\xff\
\x09\xe2\xaa\xab\xae\xba\xea\xaa\xab\xae\xba\xea\xaa\xffO\x10\
W]u\xd5UW]u\xd5UW\xfd\x7f\x82\xb8\xea\
\xaa\xab\xae\xba\xea\xaa\xab\xae\xba\xea\xff\x13\xc4UW]\
u\xd5UW]u\xd5U\xff\x9f \xae\xba\xea\xaa\xab\
\xae\xba\xea\xaa\xab\xae\xfa\xff\x04q\xd5UW]u\xd5\
UW]u\xd5\xff'\x88\xab\xae\xba\xea\xaa\xab\xae\xba\
\xea\xaa\xab\xfe?A\x5cu\xd5UW]u\xd5UW\
]\xf5\xff\x09\xe2\xaa\xab\xae\xba\xea\xaa\xab\xae\xba\xea\xaa\
\xffO\x10W]u\xd5UW]u\xd5UW\xfd\x7f\
\x82\xb8\xea\xaa\xab\xae\xba\xea\xaa\xab\xae\xba\xea\xff\x13\xc4\
UW]u\xd5UW]u\xd5U\xff\x9f \xae\xba\
\xea\xaa\xab\xae\xba\xea\xaa\xab\xae\xfa\xff\x04q\xd5UW\
]u\xd5UW]u\xd5\xff'\x88\xab\xae\xba\xea\xaa\
\xab\xae\xba\xea\xaa\xab\xfe?A\x5cu\xd5UW]u\
\xd5UW]\xf5\xff\x09\xe2\xaa\xab\xae\xba\xea\xaa\xab\xae\
\xba\xea\xaa\xffO\x10W]u\xd5UW]u\xd5U\
W\xfd\x7f\x82\xb8\xea\xaa\xab\xae\xba\xea\xaa\xab\xae\xba\xea\
\xff\x13\xc4UW]u\xd5UW]u\xd5U\xff\x9f\
 \xae\xba\xea\xaa\xab\xae\xba\xea\xaa\xab\xae\xfa\xff\x04q\
\xd5UW]u\xd5UW]u\xd5\xff'\x88\xab\xae\
\xba\xea\xaa\xab\xae\xba\xea\xaa\xab\xfe?A\x5cu\xd5U\
W]u\xd5UW]\xf5\xff\x09\xe2\xaa\xab\xae\xba\xea\
\xaa\xab\xae\xba\xea\xaa\xffO\xf8G\xdb\x93\x91\x17\xe8=\
1\x00\x00\x00\x00\x00IEND\xaeB`\x82\
\x00\x00:3\
\x89\
PNG\x0d\x0a\x1a\x0a\x00\x00\x00\x0dIHDR\x00\
\x00\x02\x80\x00\x00\x02\x80\x08\x06\x00\x00\x00\x0c\xcd\xc9#\
\x00\x009\xfaIDATx\x01\xed\xc0\x03\xa0$Y\
\x96\xc6\xf1\xffw\xee\x8d\xc8\xcc\xa7rKc\xaem\xdb\
\xb6m\xdb\xb6m\xdb\xb6mi\x8c\x9e\x96J\xaf\x9e2\
3\x22\xee\xf9v\xb7jz\xa6\x87;k\xd5O\x5cu\
\xd5UW]u\xd5UW]\xf5\xff\x09\xe2\xaa\xab\xae\
\xba\xea\xaa\xab\xae\xba\xea\xaa\xffO\x10W]u\xd5U\
W]u\xd5UW\xfd\x7f\x82\xb8\xea\xaa\xab\xae\xba\xea\
\xaa\xab\xae\xba\xea\xff\x13\xc4UW]u\xd5UW]\
u\xd5U\xff\x9f \xae\xba\xea\xaa\xab\xae\xba\xea\xaa\xab\
\xae\xfa\xff\x04q\xd5UW]u\xd5UW]u\xd5\
\xff'\x88\xab\xae\xba\xea\xaa\xab\xae\xba\xea\xaa\xab\xfe?\
A\x5cu\xd5UW]u\xd5UW]\xf5\xff\x09\xe2\
\xaa\xab\xae\xba\xea\xaa\xab\xae\xba\xea\xaa\xffO\x10W]\
u\xd5UW]u\xd5UW\xfd\x7f\x82\xb8\xea\xaa\xab\
\xae\xba\xea\xaa\xab\xae\xba\xea\xff\x13\xc4UW]u\xd5\
UW]u\xd5U\xff\x9f \xae\xba\xea\xaa\xab\xae\xba\
\xea\xaa\xab\xae\xfa\xff\x04q\xd5UW]u\xd5UW\
]u\xd5\xff'\x88\xab\xae\xba\xea\xaa\xab\xae\xba\xea\xaa\
\xab\xfe?A\x5cu\xd5UW]u\xd5UW]\xf5\
\xff\x09\xe2\xaa\xab\xae\xba\xea\xaa\xab\xae\xba\xea\xaa\xffO\
\x10W]u\xd5UW]u\xd5UW\xfd\x7f\x82\xb8\
\xea\xaa\xab\xae\xba\xea\xaa\xab\xae\xba\xea\xff\x13\xc4UW\
]u\xd5UW]u\xd5U\xff\x9f \xae\xba\xea\xaa\
\xab\xae\xba\xea\xaa\xab\xae\xfa\xff\x04q\xd5UW]u\
\xd5UW]u\xd5\xff'\x88\xab\xae\xba\xea\xaa\xab\xae\
\xba\xea\xaa\xab\xfe?A\x5cu\xd5UW]u\xd5U\
W]\xf5\xff\x09\xe2\xaa\xab\xae\xba\xea\xaa\xab\xae\xba\xea\
\xaa\xffO\x10W]u\xd5UW]u\xd5UW\xfd\
\x7f\x82\xb8\xea\xaa\xab\xae\xba\xea\xaa\xab\xae\xba\xea\xff\x13\
\xc4UW]u\xd5UW]u\xd5U\xff\x9f \xae\
\xba\xea\xaa\xab\xae\xba\xea\xaa\xab\xae\xfa\xff\x04q\xd5U\
W]u\xd5UW]u\xd5\xff'\x88\xab\xae\xba\xea\
\xaa\xab\xae\xba\xea\xaa\xab\xfe?A\x5cu\xd5UW]\
u\xd5UW]\xf5\xff\x09\xe2\xaa\xab\xae\xba\xea\xaa\xab\
\xae\xba\xea\xaa\xffO\x10W]u\xd5UW]u\xd5\
UW\xfd\x7f\x82\xb8\xea\xaa\xab\xae\xba\xea\xaa\xab\xae\xba\
\xea\xff\x13\xc4UW]u\xd5UW]u\xd5U\xff\
\x9f \xae\xba\xea\xaa\xab\xae\xba\xea\xaa\xab\xae\xfa\xff\x04\
q\xd5UW]u\xd5UW]u\xd5\xff'\x88\xab\
\xae\xba\xea\xaa\xab\xae\xba\xea\xaa\xab\xfe?A\x5cu\xd5\
UW]u\xd5UW]\xf5\xff\x09\xe2\xaa\xab\xae\xba\
\xea\xaa\xab\xae\xba\xea\xaa\xffO\x10W]u\xd5UW\
]u\xd5UW\xfd\x7f\x82\xb8\xea\xaa\xab\xae\xba\xea\xaa\
\xab\xae\xba\xea\xff\x13\xc4UW]u\xd5UW]u\
\xd5U\xff\x9f \xae\xba\xea\xaa\xab\xae\xba\xea\xaa\xab\xae\
\xfa\xff\x04q\xd5UW]u\xd5UW]u\xd5\xff\
'\x88\xab\xae\xba\xea\xaa\xab\xae\xba\xea\xaa\xab\xfe?A\
\x5cu\xd5UW]u\xd5UW]\xf5\xff\x09\xe2\xaa\
\xab\xae\xba\xea\xaa\xab\xae\xba\xea\xaa\xffO\x10W]u\
\xd5UW]u\xd5UW\xfd\x7f\x82\xb8\xea\xaa\xab\xae\
\xba\xea\xaa\xab\xae\xba\xea\xff\x13\xc4UW]u\xd5U\
W]u\xd5U\xff\x9f \xae\xba\xea\xaa\xab\xae\xba\xea\
\xaa\xab\xae\xfa\xff\x04q\xd5UW]u\xd5UW]\
u\xd5\xff'\x88\xab\xae\xba\xea\xaa\xab\xae\xba\xea\xaa\xab\
\xfe?A\x5cu\xd5UW]u\xd5UW]\xf5\xff\
\x09\xe2\xaa\xab\xae\xba\xea\xaa\xab\xae\xba\xea\xaa\xffO\x10\
W]u\xd5UW]u\xd5UW\xfd\x7f\x82\xb8\xea\
\xaa\xab\xae\xba\xea\xaa\xab\xae\xba\xea\xff\x13\xc4UW]\
u\xd5UW]u\xd5U\xff\x9f \xae\xba\xea\xaa\xab\
\xae\xba\xea\xaa\xab\xae\xfa\xff\x04q\xd5UW]u\xd5\
UW]u\xd5\xff'\x88\xab\xae\xba\xea\xaa\xab\xae\xba\
\xea\xaa\xab\xfe?A\x5cu\xd5UW]u\xd5UW\
]\xf5\xff\x09\xe2\xaa\xab\xae\xba\xea\xaa\xab\xae\xba\xea\xaa\
\xffO\x10W]u\xd5UW]u\xd5UW\xfd\x7f\
\x82\xb8\xea\xaa\xab\xae\xba\xea\xaa\xab\xae\xba\xea\xff\x13\xc4\
UW]u\xd5UW]u\xd5U\xff\x9f \xae\xba\
\xea\xaa\xab\xae\xba\xea\xaa\xab\xae\xfa\xff\x04q\xd5UW\
]u\xd5UW]u\xd5\xff'\x88\xab\xae\xba\xea\xaa\
\xab\xae\xba\xea\xaa\xab\xfe?A\x5cu\xd5UW]u\
\xd5UW]\xf5\xff\x09\xe2\xaa\xab\xae\xba\xea\xaa\xab\xae\
\xba\xea\xaa\xffO\x10W]u\xd5UW]u\xd5U\
W\xfd\x7f\x82\xb8\xea\xaa\xab\xae\xba\xea\xaa\xab\xae\xba\xea\
\xff\x13\xc4UW]u\xd5UW]u\xd5U\xff\x9f\
 \xae\xba\xea\xaa\xab\xae\xba\xea\xaa\xab\xae\xfa\xff\x04q\
\xd5UW]u\xd5UW]u\xd5\xff'\x88\xab\xae\
\xba\xea\xaa\xab\xae\xba\xea\xaa\xab\xfe?A\x5cu\xd5U\
W]u\xd5UW]\xf5\xff\x09\xe2\xaa\xab\xae\xba\xea\
\xaa\xab\xae\xba\xea\xaa\xffO\x10W]u\xd5UW]\
u\xd5UW\xfd\x7f\x82\xb8\xea\xaa\xab\xae\xba\xea\xaa\xab\
\xae\xba\xea\xff\x13\xc4UW]u\xd5UW]u\xd5\
U\xff\x9f \xae\xba\xea\xaa\xab\xae\xba\xea\xaa\xab\xae\xfa\
\xff\x04q\xd5UW]u\xd5UW]u\xd5\xff'\
\x88\xab\xae\xba\xea\xaa\xab\xae\xba\xea\xaa\xab\xfe?A\x5c\
u\xd5UW]u\xd5UW]\xf5\xff\x09\xe2\xaa\xab\
\xae\xba\xea\xaa\xab\xae\xba\xea\xaa\xffO\x10W]u\xd5\
UW]u\xd5UW\xfd\x7f\x82\xb8\xea\xaa\xab\xae\xba\
\xea\xaa\xab\xae\xba\xea\xff\x13\xc4UW]u\xd5UW\
]u\xd5U\xff\x9f \xae\xba\xea\xaa\xab\xae\xba\xea\xaa\
\xab\xae\xfa\xff\x04q\xd5UW]u\xd5UW]u\
\xd5\xff'\x88\xab\xae\xba\xea\xaa\xab\xae\xba\xea\xaa\xab\xfe\
?A\x5c\xf5?\xd9k\x01\x0f\x06\x1e\x0c\xbc4p\x9c\
+\x1e\x0c<\x98\xff\x1d\xfe\x1a\xd8\xe5_v+p+\
\xcf\xeb\xaf\x81]\xae\xb8\x04\xfc5W]u\xd5U\xff\
3\xbd4p\x8c+\x8e\x03/\xcd\xf3z0\xf0`\xfe\
e\xc7\x81\x97\xe6\x7f\x87[\x81[\xb9b\x17\xf8k\xe0\
V\xe0V\xe0w\xb8\xea\x7f\x22\xc4U\xffS\x1c\x07^\
\x0bxm\xe0\xb5\x81\x97\xe6\xaa\x7f\xc9o\xf3l\xb7\x02\
\xb7r\xc5.\xf0\xd7<\xdb\xdf\x00\xbb\x5cu\xd5UW\
\xbdh\x8e\x03/\xc5\xb3\xbd4p\x9c+\x1e\x0c<\x98\
g{m\xae\xfa\x97\xfc5\xf0\xdb\xc0o\x03\xbf\x03\xec\
r\xd5\x7f7\xc4U\xff\x9d\x8e\x03o\x05\xbc7\xf0\xda\
\x5c\xf5\x9f\xed\xaf\x81]\xe0\xaf\x81]\xe0\xaf\x81]\xe0\
o\x80]\xae\xba\xea\xaa\xff/\x8e\x03/\x05\x1c\x07^\
\x1a8\x0e\xbc4p\x1cxi\xae\xfa\xcf\xf6\xdb\xc0w\
\x03?\x03\xecr\xd5\x7f\x07\xc4U\xff\x1d\xde\x0axk\
\xe0\xbd\xb9\xea\x7f\x92\xbf\x06v\x81\xbf\x06v\x81\xbf\x06\
v\x81\xbf\x01v\xb9\xea\xaa\xab\xfe\xb78\x0e\xbc\x14p\
\x1cxi\xe08\xf0\xd2\xc0q\xe0\xa5\xb9\xea\x7f\x92\xef\
\x06~\x1a\xf8\x19\xae\xfa\xaf\x84\xb8\xea\xbf\xd2{\x01\x9f\
\x0d<\x98\xab\xfe7\xfak`\x17\xf8m\xe0\xaf\x81g\
\x00\x7f\xcdUW]\xf5\xdf\xe5\xa5\x81\x07\x01/\x0d\xbc\
6p\x1cxi\xae\xfa\xdf\xe8V\xe0\xb3\x81\xef\xe1\xaa\
\xff\x0a\x88\xab\xfe+\xbc\x17\xf0\xd9\xc0\x83\xb9\xea\xff\xa2\
\xbf\x06n\x05\xfe\x1a\xf8m\xe0\x19\xc0\xad\x5cu\xd5U\
\xffQ\x1e\x0c<\x08xm\xe0\xa5\x81\x07\x03/\xcdU\
\xff\x17\xdd\x0a|6\xf0=\x5c\xf5\x9f\x09q\xd5\x7f\xa6\
\xd7\x06\xbe\x0axi\xae\xfa\xff\xe8\xb7\x81[\x81\xbf\x06\
\xfe\x1a\xf8\x1b`\x97\xab\xae\xba\xea\x059\x0e\xbc\x14\xf0\
\xd2\xc0K\x03\x0f\x06^\x9b\xab\xfe?\xfak\xe0c\x80\
\xdf\xe6\xaa\xff\x0c\x88\xab\xfe3\x1c\x07\xbe\x0axo\xae\
\xba\xea9\xed\x02\x7f\x0d\xfc5\xf0\xdb\xc0\xdf\x00\xb7r\
\xd5U\xff\xff<\x18x)\xe0\xb5\x81\x97\x06^\x1a8\
\xceUW=\xa7\xef\x06>\x06\xd8\xe5\xaa\xffH\x88\xab\
\xfe\xa3\xbd5\xf0]\xc0q\xae\xba\xeaEs+\xf0\xd7\
\xc0o\x03\x7f\x0d\xfc\x0eW]\xf5\x7f\xcfk\x01/\x0d\
\xbc6\xf0\xd2\xc0\x83\xb9\xea\xaa\x17\xcd.\xf0>\xc0O\
s\xd5\x7f\x14\xc4U\xff\x91\xbe\x0a\xf8h\xae\xba\xea\xdf\
\xef\xb7\x81\xdf\x06\xfe\x1a\xf8\x1d`\x97\xab\xae\xfa\xdf\xe3\
8\xf0Z\xc0K\x03\xaf\x0d\xbc6W]\xf5\xef\xf7\xd5\
\xc0\xc7p\xd5\x7f\x04\xc4U\xff\x11\x1e\x0c\xfc\x14\xf0\xd2\
\x5cu\xd5\x7f\x8e[\x81\xdf\x06\xfe\x1a\xf8\x1d\xe0\xaf\xb9\
\xea\xaa\xff9^\x1ax-\xe0\xa5\x81\xd7\x06\x1e\xccU\
W\xfd\xe7\xf8k\xe0m\x80[\xb9\xea\xdf\x03q\xd5\xbf\
\xd7K\x03\xbf\x05\x1c\xe7\xaa\xab\xfek\xfd6\xf0\xdb\xc0\
o\x03\xbf\xc3UW\xfd\xd7y-\xe0\xb5\x81\xd7\x06^\
\x9b\xab\xae\xfa\xaf\xb5\x0b\xbc\x0e\xf0\xd7\x5c\xf5o\x85\xb8\
\xea\xdf\xe3\xb5\x81\x9f\x02\x8es\xd5U\xff\xbdv\x81\xdf\
\x06~\x1b\xf8\x19\xe0V\xae\xba\xea?\xce\x83\x81\xb7\x02\
^\x1bxk\xae\xba\xea\xbf\xdf.\xf06\xc0os\xd5\
\xbf\x05\xe2\xaa\x7f\xab\xf7\x06\xbe\x8b\xab\xae\xfa\x9f\xe9V\
\xe0\xa7\x81\xdf\x06~\x07\xd8\xe5\xaa\xab^t\xc7\x81\xd7\
\x02\xde\x1axm\xe0\xc1\x5cu\xd5\xffL\xef\x03|7\
W\xfdk!\xae\xfa\xb7xo\xe0\xbb\xb8\xea\xaa\xff=\
~\x1b\xf8i\xe0w\x80\xbf\xe6\xaa\xab\x9e\xd7K\x03o\
\x05\xbc6\xf0\xda\x5cu\xd5\xff\x1e\xef\x03|7W\xfd\
k \xae\xfa\xd7zm\xe0\xb7\xb8\xea\xaa\xff\xbdv\x81\
\x9f\x06~\x1b\xf8\x19`\x97\xab\xfe?:\x0e\xbc\x15\xf0\
\xda\xc0[\x03\xc7\xb9\xea\xaa\xff\xbd^\x07\xf8m\xaez\
Q!\xae\xfa\xd7xi\xe0\xb7\x80\xe3\x5cu\xd5\xff\x1d\
\x7f\x0d\xfc6\xf0=\xc0_s\xd5\xffe/\x0d\xbc\x17\
\xf0\xda\xc0Ks\xd5U\xffw\xec\x02\xaf\x03\xfc5W\
\xbd(\x10W\xbd\xa8\x1e\x0c\xfc\x15p\x9c\xab\xae\xfa\xbf\
\xebV\xe0\xa7\x81\xef\x01\xfe\x9a\xab\xfe/xi\xe0\xbd\
\x80\xb7\x06\x1e\xccUW\xfd\xdf\xb5\x0b\xbc\x0cp+W\
\xfdK\x10W\xbd\xa8\xfe\x0axi\xae\xba\xea\xff\x8f[\
\x81\x9f\x06\xbe\x07\xf8k\xae\xfa\xdf\xe4\xb5\x80\xb7\x06\xde\
\x1ax0W]\xf5\xff\xc7_\x03/\xc3U\xff\x12\xc4\
U/\x8a\xaf\x06>\x8a\xab\xae\xfa\xff\xebV\xe0\xa7\x81\
\x9f\x06~\x87\xab\xfe'z+\xe0\xad\x81\xb7\x06\x8es\
\xd5U\xff\x7f}\x0d\xf0\xd1\x5c\xf5\xc2 \xae\xfa\x97\xbc\
5\xf0S\x5cu\xd5U\xf7\xdb\x05~\x1a\xf8i\xe0g\
\xb8\xea\xbf\xd3[\x01o\x0d\xbc5p\x9c\xab\xae\xba\xea\
~o\x03\xfc4W\xbd \x88\xab^\x98\xe3\xc0\xd3\x81\
\xe3\x5cu\xd5U\xcf\xcf.\xf0\xd3\xc0O\x03?\xc3U\
\xff\x15\xde\x0axk\xe0\xad\x81\xe3\x5cu\xd5U\xcf\xcf\
.\xf0\x10`\x97\xab\x9e\x1f\xc4U/\xccw\x03\xef\xc5\
UW]\xf5\xa2\xd8\x05~\x1a\xf8\x1e\xe0\xb7\xb9\xea?\
\xd2k\x03\xef\x05\xbc5p\x9c\xab\xae\xba\xeaE\xf1=\
\xc0{s\xd5\xf3\x83\xb8\xea\x05ym\xe0\xb7\xb8\xea\xaa\
\xab\xfe-n\x05\xbe\x1a\xf8\x19\xe0V\xae\xfa\xb7x0\
\xf0V\xc0G\x03\x0f\xe6\xaa\xab\xae\xfa\xb7x\x1d\xe0\xb7\
\xb9\xea\xb9!\xaezA\xfe\x0axi\xae\xba\xea\xaa\x7f\
\xaf\x9f\x06\xbe\x1b\xf8\x19\xaezQ\xbc\x15\xf0\xde\xc0[\
s\xd5UW\xfd{\xfd5\xf02\x5c\xf5\xdc\x10W=\
?\xef\x0d|\x17W]u\xd5\x7f\xa4[\x81\x9f\x06\xbe\
\x06\xb8\x95\xab\x1e\xe8\xc1\xc0G\x01o\x0d<\x98\xab\xae\
\xba\xea?\xd2\xfb\x00\xdf\xcdU\x0f\x84\xb8\xea\xf9y:\
\xf0`\xae\xba\xea\xaa\xff,\xbf\x0d|7\xf03\xc0.\
\xff?\x1d\x07\xde\x0axo\xe0\xb5\xb9\xea\xaa\xab\xfe\xb3\
\xdc\x0a<\x84\xab\x1e\x08q\xd5s{o\xe0\xbb\xb8\xea\
\xaa\xab\xfe+\xec\x02?\x0d|\x0d\xf0\xd7\xfc\xff\xf0\xd2\
\xc0G\x01o\x0d\x1c\xe7\xaa\xab\xae\xfa\xaf\xf0>\xc0w\
s\xd5\xfd\x10W=\xb7\xa7\x03\x0f\xe6\xaa\xab\xae\xfa\xaf\
\xf6\xd7\xc0w\x03\xdf\x03\xec\xf2\x7f\xcbq\xe0\xbd\x80\xf7\
\x06^\x9a\xab\xae\xba\xea\xbf\xda\xad\xc0C\xb8\xea~\x88\
\xab\x1e\xe8\xad\x81\x9f\xe2\xaa\xab\xae\xfa\xef\xf6\xdd\xc0\xf7\
\x00\xbf\xcd\xffn\xaf\x0d\xbc\x17\xf0\xde\x5cu\xd5U\xff\
\xdd\xde\x06\xf8i\xae\x02@\x5c\xf5@\xdf\x0d\xbc\x17W\
]u\xd5\xff\x14\xb7\x02\x9f\x0d\xfc\x0c\xb0\xcb\xff\x0e\xc7\
\x81\xb7\x02>\x1bx0W]u\xd5\xff\x14\xdf\x03\xbc\
7W\x01 \xae\xba\xdfq\xe0\x22W]u\xd5\xffD\
\xbb\xc0O\x03\x9f\x03\xdc\xca\xffL\x0f\x06>\x0bxk\
\xe08W]u\xd5\xffD'\x80]\xaeB\x5cu\xbf\
\xf7\x06\xbe\x8b\xab\xae\xba\xea\x7f\xba\xdf\x06\xbe\x1a\xf8\x19\
\xfegx+\xe0\xa3\x81\xd7\xe6\xaa\xab\xae\xfa\x9f\xee}\
\x80\xef\xe6*\xc4U\xf7\xfb+\xe0\xa5\xb9\xea\xaa\xab\xfe\
\xb7\xb8\x15\xf8n\xe0k\x80]\xfek\x1d\x07>\x0ax\
o\xe0\xc1\x5cu\xd5U\xff[\xfc6\xf0:\x5c\x85\xb8\
\x0a\xe08p\x91\xab\xae\xba\xea\x7f\xab\xef\x06\xbe\x07\xf8\
m\xfes\xbd6\xf0^\xc0{s\xd5UW\xfdou\
\x02\xd8\xe5\xff7\xc4U\x00o\x0d\xfc\x14W]u\xd5\
\xffv\x7f\x0d|5\xf03\xc0.\xff1\x8e\x03o\x05\
|4\xf0\xd2\x5cu\xd5U\xff\xdb\xbd\x0d\xf0\xd3\xfc\xff\
\x86\xb8\x0a\xe0\xab\x81\x8f\xe2\xaa\xab\xae\xfa\xbfb\x17\xf8\
n\xe0k\x80[\xf9\xb7y0\xf0Q\xc0{\x03\xc7\xb9\
\xea\xaa\xab\xfe\xaf\xf8\x1a\xe0\xa3\xf9\xff\x0dq\x15\xc0_\
\x01/\xcdUW]\xf5\x7f\xd1o\x03_\x0d\xfc\x0c/\
\x9a\xb7\x02>\x1axm\xae\xba\xea\xaa\xff\x8b\xfe\x1ax\
\x19\xfe\x7fC\x5c\x05`\xae\xba\xea\xaa\xff\xebn\x05\xbe\
\x1a\xf8\x1e`\x97\xe7t\x1cx/\xe0\xa3\x81\x07s\xd5\
UW\xfd_'\xfe\x7fC\x5c\xf5\xda\xc0oq\xd5U\
W\xfd\x7f\xf2\xdd\xc0\xd7p\xc5G\x01\xef\xcdUW]\
\xf5\xff\xc9\xeb\x00\xbf\xcd\xff_\x88\xab\xde\x1b\xf8.\xae\
\xba\xea\xaa\xab\xae\xba\xea\xaa\xff/\xde\x06\xf8i\xfe\xff\
B\x5c\xf5\xd9\xc0gq\xd5UW]u\xd5UW\xfd\
\x7f\xf19\xc0g\xf3\xff\x17\xe2\xaa\x9f\x06\xde\x8a\xab\xae\
\xba\xea\xaa\xab\xae\xba\xea\xff\x8b\x9f\x01\xde\x9a\xff\xbf\x10\
W\xfd6\xf0Z\x5cu\xd5UW]u\xd5U\xff_\
\xfc\x0e\xf0\xda\xfc\xff\x85\xb8\xea\xb7\x81\xd7\xe2\xaa\xab\xae\
\xba\xea\xaa\xab\xae\xfa\xff\xe2w\x80\xd7\xe6\xff/\xc4U\
O\x07\x1e\xccUW]u\xd5UW]\xf5\xff\xc5\xad\
\xc0C\xf8\xff\x0bq\x95\xb9\xea\xaa\xab\xae\xba\xea\xaa\xab\
\xfe\xbf\x11\xff\x7f!\xae2W]u\xd5UW]u\
\xd5\xff7\xe2\xff/\xc4U\xe6\xaa\xab\xae\xba\xea\xaa\xab\
\xae\xfa\xffF\xfc\xff\x85\xb8\xca\x5cu\xd5UW]u\
\xd5U\xff\xdf\x88\xff\xbf\x10W\x99\xab\xae\xba\xea\xaa\xab\
\xae\xba\xea\xff\x1b\xf1\xff\x17\xe2*s\xd5UW]u\
\xd5UW\xfd\x7f#\xfe\xffB\x5ce\xae\xba\xea\xaa\xab\
\xae\xba\xea\xaa\xffo\xc4\xff_\x88\xab\xccUW]u\
\xd5UW]\xf5\xff\x8d\xf8\xff\x0bq\x95\xb9\xea\xaa\xab\
\xae\xba\xea\xaa\xab\xfe\xbf\x11\xff\x7f!\xae2W]u\
\xd5UW]u\xd5\xff7\xe2\xff/\xc4U\xe6\xaa\xab\
\xae\xba\xea\xaa\xab\xae\xfa\xffF\xfc\xff\x85\xb8\xca\x5cu\
\xd5UW]u\xd5U\xff\xdf\x88\xff\xbf\x10W\x99\xab\
\xae\xba\xea\xaa\xab\xae\xba\xea\xff\x1b\xf1\xff\x17\xe2*s\
\xd5UW]u\xd5UW\xfd\x7f#\xfe\xffB\x5ce\
\xae\xba\xea\xaa\xab\xae\xba\xea\xaa\xffo\xc4\xff_\x88\xab\
\xccUW]u\xd5UW]\xf5\xff\x8d\xf8\xff\x0bq\
\x95\xb9\xea\xaa\xab\xae\xba\xea\xaa\xab\xfe\xbf\x11\xff\x7f!\
\xae2W]u\xd5UW]u\xd5\xff7\xe2\xff/\
\xc4U\xe6\xaa\xab\xae\xba\xea\xaa\xab\xfe\xe3<\x03\xb8\x95\
+v\x81\xbf\xe6\xd9n\x05n\xe5_\xb6\x0b\xfc5\xff\
\xb9\xcc\xffo\xe2\xff/\xc4U\xe6\xaa\xab\xae\xba\xea\xaa\
\xab^\xb0K\xc0_\x03\xbb\xc0_s\xc5.\xf0\xd7<\
\xdbo\xf3\xbf\x8f\xf9\xffM\xfc\xff\x85\xb8\xca\x5cu\xd5\
UW]\xf5\xff\xd9%\xe0\xaf\x81]\xe0\xaf\x81]\xe0\
\xaf\x81]\xe0\xaf\xf9\xbf\xcb\xfc\xff&\xfe\xffB\x5ce\
\xae\xba\xea\xaa\xab\xae\xfa\xbf\xee\x19\xc0\xad\xc0o\x03\xbb\
\xc0_\x03\xbb\xc0_\xf3\xff\x97\xf9\xffM\xfc\xff\x85\xb8\
\xca\x5cu\xd5UW]\xf5\x7f\xc5%\xe0\xaf\x81\xbf\x06\
\xfe\x1a\xb8\x15\xf8m\xaez~\xcc\xffo\xe2\xff/\xc4\
U\xe6\xaa\xab\xae\xba\xea\xaa\xff\x8d~\x07\xb8\x15\xb8\x15\
\xf8m\xe0\xaf\x81]\xaezQ\x99\xff\xdf\xc4\xff_\x88\
\xab\xccUW]u\xd5U\xff\xd3\xfd\x0d\xf0\xdb\xc0o\
\x03\x7f\x0d\xdc\xcaU\xff^\xe6\xff7\xf1\xff\x17\xe2*\
s\xd5UW]u\xd5\xff$\x97\x80\xdf\x06\xfe\x1a\xf8\
m\xe0\xb7\xb9\xea?\x83\xf9\xffM\xfc\xff\x85\xb8\xca\x5c\
u\xd5UW]\xf5\xdf\xe9o\x80\xbf\x06~\x1b\xf8m\
\xe0V\xae\xfa\xaf`\xfe\x7f\x13\xff\x7f!\xae2W]\
u\xd5UW\xfdW\xfa\x1d\xe0\xb7\x81\xdf\x06\xfe\x1a\xd8\
\xe5\xaa\xff\x0e\xe6\xff7\xf1\xff\x17\xe2*s\xd5UW\
]u\xd5\x7f\xa6g\x00?\x0d\xfc6\xf0\xd3\x5c\xf5?\
\x85\xf9\xffM\xfc\xff\x85\xb8\xca\x5cu\xd5UW]\xf5\
\x1f\xe9\x12\xf0\xdb\xc0O\x03\xbf\x0d\xdc\xcaU\xff\x13\x99\
\xff\xdf\xc4\xff_\x88\xab\xccUW]u\xd5U\xff^\
\x7f\x03\xfc4\xf0\xdb\xc0os\xd5\xff\x06\xe6\xff7\xf1\
\xff\x17\xe2*s\xd5UW]u\xd5\xbf\xd63\x80\xdf\
\x06~\x1b\xf8i`\x97\xab\xfe\xb71\xff\xbf\x89\xff\xbf\
\x10W\x99\xab\xae\xba\xea\xaa\xab^\x14\xcf\x00~\x1a\xf8\
n\xe0\xaf\xb9\xea\x7f;\xf3\xff\x9b\xf8\xff\x0bq\x95\xb9\
\xea\xaa\xab\xae\xba\xea\x05y\x06\xf0\xd3\xc0w\x03\x7f\xcd\
U\xff\x97\x98\xff\xdf\xc4\xff_\x88\xab\xccUW]u\
\xd5U\x0f\xf4\x0c\xe0\xa7\x81\xef\x06\xfe\x9a\xab\xfe\xaf2\
\xff\xbf\x89\xff\xbf\x10W\x99\xab\xae\xba\xea\xaa\xab\x9e\x01\
\xfc4\xf0\xdd\xc0_s\xd5\xff\x07\xe6\xff7\xf1\xff\x17\
\xe2*s\xd5UW]\xf5\xff\xd33\x80\x9f\x06\xbe\x1b\
\xf8k\xae\xfa\xff\xc6\xfc\xff&\xfe\xffB\x5ce\xae\xba\
\xea\xaa\xab\xfe\x7f\xf9\x1e\xe0\xbb\x81\xdf\xe6\xaa\xff\xcf\xcc\
\xffo\xe2\xff/\xc4U\xe6\xaa\xab\xae\xba\xea\xff\xbe\xbf\
\x01\xbe\x1a\xf8i`\x97\xab\xae\x02\xf3\xff\x9b\xf8\xff\x0b\
q\x95\xb9\xea\xaa\xab\xae\xfa\xbf\xe9\x12\xf0\xd3\xc0W\x03\
\x7f\xcdUW='\xf3\xff\x9b\xf8\xff\x0bq\x95\xb9\xea\
\xaa\xab\xae\xfa\xbf\xe5w\x80\xef\x06\xbe\x9b\xab\xaez\xc1\
\xcc\xffo\xe2\xff/\xc4U\xe6\xaa\xab\xae\xba\xea\x7f\xbf\
g\x00\xdf\x0d|7p+W]\xf5/3\xff\xbf\x89\
\xff\xbf\x10W\x99\xab\xae\xba\xea\xaa\xff\xbd~\x06\xf8n\
\xe0\xa7\xb9\xea\xaa\x7f\x1d\xf3\xff\x9b\xf8\xff\x0bq\x95\xb9\
\xea\xaa\xab\xae\xfa\xdf\xe5\x12\xf0\xd5\xc0w\x03\xb7r\xd5\
U\xff6\xe6\xff7\xf1\xff\x17\xe2*s\xd5UW]\
\xf5\xbf\xc3\xef\x00\xdf\x0d|7W]\xf5\xefg\xfe\x7f\
\x13\xff\x7f!\xae2W]u\xd5U\xffs]\x02~\
\x1a\xf8j\xe0\xaf\xb9\xea\xaa\xff8\xe6\xff7\xf1\xff\x17\
\xe2*s\xd5UW]\xf5?\xcf3\x80\xaf\x06\xbe\x1b\
\xd8\xe5\xaa\xab\xfe\xe3\x99\xff\xdf\xc4\xff_\x88\xab\xccU\
W]u\xd5\xff\x1c\xdf\x03|7\xf0\xdb\x5cu\xd5\x7f\
.\xf3\xff\x9b\xf8\xff\x0bq\x95\xb9\xea\xaa\xab\xae\xfa\xef\
\xf5\x0c\xe0\xbb\x81\xef\x06n\xe5\xaa\xab\xfek\x98\xff\xdf\
\xc4\xff_\x88\xab\xccUW]u\xd5\x7f\x8f\xdf\x01\xbe\
\x1b\xf8n\xae\xba\xea\xbf\x9e\xf9\xffM\xfc\xff\x85\xb8\xca\
\x5cu\xd5UW\xfd\xd7\xb9\x04\xfc4\xf0\xd9\xc0\xad\x5c\
u\xd5\x7f\x1f\xf3\xff\x9b\xf8\xff\x0bq\x95\xb9\xea\xaa\xab\
\xae\xfa\xcf\xf7\x0c\xe0\xb3\x81\x9f\x06v\xb9\xea\xaa\xff~\
\xe6\xff7\xf1\xff\x17\xe2*s\xd5UW]\xf5\x9f\xe7\
{\x80\xef\x06~\x9b\xab\xae\xfa\x9f\xc5\xfc\xff&\xfe\xff\
B\x5ce\xae\xba\xea\xaa\xab\xfec=\x03\xf8n\xe0\xbb\
\x81[\xb9\xea\xaa\xff\x99\xcc\xffo\xe2\xff/\xc4U\xe6\
\xaa\xab\xae\xba\xea?\xc6\xef\x00\xdf\x0d|7W]\xf5\
?\x9f\xf9\xffM\xfc\xff\x85\xb8\xca\x5cu\xd5UW\xfd\
\xdb]\x02~\x1a\xf8l\xe0V\xae\xba\xea\x7f\x0f\xf3\xff\
\x9b\xf8\xff\x0bq\x95\xb9\xea\xaa\xab\xae\xfa\xd7{\x06\xf0\
\xd9\xc0O\x03\xbb\x5cu\xd5\xff>\xe6\xff7\xf1\xff\x17\
\xe2*s\xd5UW]\xf5\xa2\xfb\x1e\xe0\xbb\x81\xdf\xe6\
\xaa\xab\xfew3\xff\xbf\x89\xff\xbf\x10W\x99\xab\xae\xba\
\xea\xaa\x17\xee\x19\xc0w\x03\xdf\x0d\xdc\xcaUW\xfd\xdf\
`\xfe\x7f\x13\xff\x7f!\xae2W]u\xd5U\xcf\xdf\
\xef\x00\xdf\x0d|7W]\xf5\x7f\x8f\xf9\xffM\xfc\xff\
\x85\xb8\xca\x5cu\xd5UW=\xdb%\xe0\xa7\x81\xcf\x06\
n\xe5\xaa\xab\xfe\xef2\xff\xbf\x89\xff\xbf\x10W\x99\xab\
\xae\xba\xea*x\x06\xf0\xd9\xc0O\x03\xbb\x5cu\xd5\xff\
}\xe6\xff7\xf1\xff\x17\xe2*s\xd5UW\xfd\x7f\xf6\
=\xc0w\x03\xbf\xcdUW\xfd\xffb\xfe\x7f\x13\xff\x7f\
!\xae2W]u\xd5\xffW\x0f\x01n\xe5\xaa\xab\xfe\
\x7f2\xff\xbf\x89\xff\xbf\x10W\x99\xab\xae\xba\xea\xff+\
q\xd5U\xff\x7f\x99\xff\xdf\xc4\xff_\x88\xab\xccUW\
]\xf5\xff\x95\xb8\xea\xaa\xff\xbf\xcc\xffo\xe2\xff/\xc4\
U\xe6\xaa\xab\xae\xfa\xffJ\x5cu\xd5\xff_\xe6\xff7\
\xf1\xff\x17\xe2*s\xd5UW\xfd\x7f%\xae\xba\xea\xff\
/\xf3\xff\x9b\xf8\xff\x0bq\x95\xb9\xea\xaa\xab\xfe\xbf\x12\
W]\xf5\xff\x97\xf9\xffM\xfc\xff\x85\xb8\xca\x5cu\xd5\
U\xff_\x89\xab\xae\xfa\xff\xcb\xfc\xff&\xfe\xffB\x5c\
e\xae\xba\xea\xaa\xff\xaf\xc4UW\xfd\xffe\xfe\x7f\x13\
\xff\x7f!\xae2W]u\xd5\xffW\xe2\xaa\xab\xfe\xff\
2\xff\xbf\x89\xff\xbf\x10W\x99\xab\xae\xba\xea\xff+q\
\xd5U\xff\x7f\x99\xff\xdf\xc4\xff_\x88\xab\xccUW]\
\xf5\xff\x95\xb8\xea\xaa\xff\xbf\xcc\xffo\xe2\xff/\xc4U\
\xe6\xaa\xab\xae\xfa\xffJ\x5cu\xd5\xff_\xe6\xff7\xf1\
\xff\x17\xe2*s\xd5UW\xfd\x7f%\xae\xba\xea\xff/\
\xf3\xff\x9b\xf8\xff\x0bq\x95\xb9\xea\xaa\xab\xfe\xbf\x12W\
]\xf5\xff\x97\xf9\xffM\xfc\xff\x85\xb8\xca\x5cu\xd5U\
\xff_\x89\xab\xae\xfa\xff\xcb\xfc\xff&\xfe\xffB\x5ce\
\xae\xba\xea\xaa\xff\xaf\xc4UW\xfd\xffe\xfe\x7f\x13\xff\
\x7f!\xae2W]u\xd5\xffW\xe2\xaa\xab\xfe\xff2\
\xff\xbf\x89\xff\xbf\x10W\x99\xab\xae\xba\xea\xff+q\xd5\
U\xff\x7f\x99\xff\xdf\xc4\xff_\x88\xab\xccUW]\xf5\
\xff\x95\xb8\xea\xaa\xff\xbf\xcc\xffo\xe2\xff/\xc4U\xe6\
\xaa\xab\xae\xfa\xffJ\x5cu\xd5\xff_\xe6\xff7\xf1\xff\
\x17\xe2*s\xd5UW\xfd\x7f%\xae\xba\xea\xff/\xf3\
\xff\x9b\xf8\xff\x0bq\x95\xb9\xea\xaa\xab\xfe\xbf\x12W]\
\xf5\xff\x97\xf9\xffM\xfc\xff\x85\xb8\xca\x5cu\xd5U\xff\
_\x89\xab\xae\xfa\xff\xcb\xfc\xff&\xfe\xffB\x5ce\xae\
\xba\xea\xaa\xff\xaf\xc4UW\xfd\xffe\xfe\x7f\x13\xff\x7f\
!\xae2W]u\xd5\xffW\xe2\xaa\xab\xfe\xff2\xff\
\xbf\x89\xff\xbf\x10W\x99\xab\xae\xba\xea\xff+q\xd5U\
\xff\x7f\x99\xff\xdf\xc4\xff_\x88\xab\xccUW]\xf5\xff\
\x95\xb8\xea\xaa\xff\xbf\xcc\xffo\xe2\xff/\xc4U\xe6\xaa\
\xab\xae\xfa\xffJ\x5cu\xd5\xff_\xe6\xff7\xf1\xff\x17\
\xe2*s\xd5UW\xfd\x7f%\xae\xba\xea\xff/\xf3\xff\
\x9b\xf8\xff\x0bq\x95\xb9\xea\xaa\xab\xfe\xbf\x12W]\xf5\
\xff\x97\xf9\xffM\xfc\xff\x85\xb8\xca\x5cu\xd5U\xff_\
\x89\xab\xae\xfa\xff\xcb\xfc\xff&\xfe\xffB\x5ce\xae\xba\
\xea\xaa\xff\xaf\xc4UW\xfd\xffe\xfe\x7f\x13\xff\x7f!\
\xae2W]u\xd5\xffW\xe2\xaa\xab\xfe\xff2\xff\xbf\
\x89\xff\xbf\x10W\x99\xab\xae\xba\xea\xff+q\xd5U\xff\
\x7f\x99\xff\xdf\xc4\xff_\x88\xab\xccUW]\xf5\xff\x95\
\xb8\xea\xaa\xff\xbf\xcc\xffo\xe2\xff/\xc4U\xe6\xaa\xab\
\xae\xfa\xffJ\x5cu\xd5\xff_\xe6\xff7\xf1\xff\x17\xe2\
*s\xd5UW\xfd\x7f%\xae\xba\xea\xff/\xf3\xff\x9b\
\xf8\xff\x0bq\x95\xb9\xea\xaa\xab\xfe\xbf\x12W]\xf5\xff\
\x97\xf9\xffM\xfc\xff\x85\xb8\xca\x5cu\xd5U\xff_\x89\
\xab\xae\xfa\xff\xcb\xfc\xff&\xfe\xffB\x5ce\xae\xba\xea\
\xaa\xff\xaf\xc4UW\xfd\xffe\xfe\x7f\x13\xff\x7f!\xae\
2W]u\xd5\xffW\xe2\xaa\xab\xfe\xff2\xff\xbf\x89\
\xff\xbf\x10W\x99\xab\xae\xba\xea\xff+q\xd5U\xff\x7f\
\x99\xff\xdf\xc4\xff_\x88\xab\xccUW]\xf5\xff\x95\xb8\
\xea\xaa\xff\xbf\xcc\xffo\xe2\xff/\xc4U\xe6\xaa\xab\xae\
\xfa\xffJ\x5cu\xd5\xff_\xe6\xff7\xf1\xff\x17\xe2*\
s\xd5UW\xfd\x7f%\xae\xba\xea\xff/\xf3\xff\x9b\xf8\
\xff\x0bq\x95\xb9\xea\xaa\xab\xfe\xbf\x12W]\xf5\xff\x97\
\xf9\xffM\xfc\xff\x85\xb8\xca\x5cu\xd5U\xff_\x89\xab\
\xae\xfa\xff\xcb\xfc\xff&\xfe\xffB\x5ce\xae\xba\xea\xaa\
\xff\xaf\xc4UW\xfd\xffe\xfe\x7f\x13\xff\x7f!\xae2\
W]u\xd5\xffW\xe2\xaa\xab\xfe\xff2\xff\xbf\x89\xff\
\xbf\x10W\x99\xab\xae\xba\xea\xff+q\xd5U\xff\x7f\x99\
\xff\xdf\xc4\xff_\x88\xab\xccUW]\xf5\xff\x95\xb8\xea\
\xaa\xff\xbf\xcc\xffo\xe2\xff/\xc4U\xe6\xaa\xab\xae\xfa\
\xffJ\x5cu\xd5\xff_\xe6\xff7\xf1\xff\x17\xe2*s\
\xd5UW\xfd\x7f%\xae\xba\xea\xff/\xf3\xff\x9b\xf8\xff\
\x0bq\x95\xb9\xea\xaa\xab\xfe\xbf\x12W]\xf5\xff\x97\xf9\
\xffM\xfc\xff\x85\xb8\xca\x5cu\xd5U\xff_\x89\xab\xae\
\xfa\xff\xcb\xfc\xff&\xfe\xffB\x5ce\xae\xba\xea\xaa\xff\
\xaf\xc4UW\xfd\xffe\xfe\x7f\x13\xff\x7f!\xae2W\
]u\xd5\xffW\xe2\xaa\xab\xfe\xff2\xff\xbf\x89\xff\xbf\
\x10W\x99\xab\xae\xba\xea\xff+q\xd5U\xff\x7f\x99\xff\
\xdf\xc4\xff_\x88\xab\xccUW]\xf5\xff\x95\xb8\xea\xaa\
\xff\xbf\xcc\xffo\xe2\xff/\xc4U\xe6\xaa\xab\xae\xfa\xff\
J\x5cu\xd5\xff_\xe6\xff7\xf1\xff\x17\xe2*s\xd5\
UW\xfd\x7f%\xae\xba\xea\xff/\xf3\xff\x9b\xf8\xff\x0b\
q\x95\xb9\xea\xaa\xab\xfe\xbf\x12W]\xf5\xff\x97\xf9\xff\
M\xfc\xff\x85\xb8\xca\x5cu\xd5U\xff_\x89\xab\xae\xfa\
\xff\xcb\xfc\xff&\xfe\xffB\x5ce\xae\xba\xea\xaa\xff\xaf\
\xc4UW\xfd\xffe\xfe\x7f\x13\xff\x7f!\xae2W]\
u\xd5\xffW\xe2\xaa\xab\xfe\xff2\xff\xbf\x89\xff\xbf\x10\
W\x99\xab\xae\xba\xea\xff+q\xd5U\xff\x7f\x99\xff\xdf\
\xc4\xff_\x88\xab\xccUW]\xf5\xff\x95\xb8\xea\xaa\xff\
\xbf\xcc\xffo\xe2\xff/\xc4U\xe6\xaa\xab\xae\xfa\xffJ\
\x5cu\xd5\xff_\xe6\xff7\xf1\xff\x17\xe2*s\xd5U\
W\xfd\x7f%\xae\xba\xea\xff/\xf3\xff\x9b\xf8\xff\x0bq\
\x95\xb9\xea\xaa\xab\xfe\xbf\x12W]\xf5\xff\x97\xf9\xffM\
\xfc\xff\x85\xb8\xca\x5cu\xd5U\xff_\x89\xab\xae\xfa\xff\
\xcb\xfc\xff&\xfe\xffB\x5ce\xae\xba\xea\xaa\xff\xaf\xc4\
UW\xfd\xffe\xfe\x7f\x13\xff\x7f!\xae2W]u\
\xd5\xffW\xe2\xaa\xab\xfe\xff2\xff\xbf\x89\xff\xbf\x10W\
\x99\xab\xae\xba\xea\xff+q\xd5U\xff\x7f\x99\xff\xdf\xc4\
\xff_\x88\xab\xccUW]\xf5\xff\x95\xb8\xea\xaa\xff\xbf\
\xcc\xffo\xe2\xff/\xc4U\xe6\xaa\xab\xae\xfa\xffJ\x5c\
u\xd5\xff_\xe6\xff7\xf1\xff\x17\xe2*s\xd5UW\
\xfd\x7f%\xae\xba\xea\xff/\xf3\xff\x9b\xf8\xff\x0bq\x95\
\xb9\xea\xaa\xab\xfe\xbf\x12W]\xf5\xff\x97\xf9\xffM\xfc\
\xff\x85\xb8\xca\x5cu\xd5U\xff_\x89\xab\xae\xfa\xff\xcb\
\xfc\xff&\xfe\xffB\x5ce\xae\xba\xea\xaa\xff\xaf\xc4U\
W\xfd\xffe\xfe\x7f\x13\xff\x7f!\xae2W]u\xd5\
\xffW\xe2\xaa\xab\xfe\xff2\xff\xbf\x89\xff\xbf\x10W\x99\
\xab\xae\xba\xea\xff+q\xd5U\xff\x7f\x99\xff\xdf\xc4\xff\
_\x88\xab\xccUW]\xf5\xff\x95\xb8\xea\xaa\xff\xbf\xcc\
\xffo\xe2\xff/\xc4U\xe6\xaa\xab\xae\xfa\xffJ\x5cu\
\xd5\xff_\xe6\xff7\xf1\xff\x17\xe2*s\xd5UW\xfd\
\x7f%\xae\xba\xea\xff/\xf3\xff\x9b\xf8\xff\x0bq\x95\xb9\
\xea\xaa\xab\xfe\xbf\x12W]\xf5\xff\x97\xf9\xffM\xfc\xff\
\x85\xb8\xca\x5cu\xd5U\xff_\x89\xab\xae\xfa\xff\xcb\xfc\
\xff&\xfe\xffB\x5ce\xae\xba\xea\xaa\xff\xaf\xc4UW\
\xfd\xffe\xfe\x7f\x13\xff\x7f!\xae2W]u\xd5\xff\
W\xe2\xaa\xab\xfe\xff2\xff\xbf\x89\xff\xbf\x10W\x99\xab\
\xae\xba\xea\xff+q\xd5U\xff\x7f\x99\xff\xdf\xc4\xff_\
\x88\xab\xccUW]\xf5\xff\x95\xb8\xea\xaa\xff\xbf\xcc\xff\
o\xe2\xff/\xc4U\xe6\xaa\xab\xae\xfa\xffJ\x5cu\xd5\
\xff_\xe6\xff7\xf1\xff\x17\xe2*s\xd5UW\xfd\x7f\
%\xae\xba\xea\xff/\xf3\xff\x9b\xf8\xff\x0bq\x95\xb9\xea\
\xaa\xab\xfe\xbf\x12W]\xf5\xff\x97\xf9\xffM\xfc\xff\x85\
\xb8\xca\x5cu\xd5U\xff_\x89\xab\xae\xfa\xff\xcb\xfc\xff\
&\xfe\xffB\x5ce\xae\xba\xea\xaa\xff\xaf\xc4UW\xfd\
\xffe\xfe\x7f\x13\xff\x7f!\xae2W]u\xd5\xffW\
\xe2\xaa\xab\xfe\xff2\xff\xbf\x89\xff\xbf\x10W\x99\xab\xae\
\xba\xea\xff+q\xd5U\xff\x7f\x99\xff\xdf\xc4\xff_\x88\
\xab\xccUW]\xf5\xff\x95\xb8\xea\xaa\xff\xbf\xcc\xffo\
\xe2\xff/\xc4U\xe6\xaa\xab\xae\xfa\xffJ\x5cu\xd5\xff\
_\xe6\xff7\xf1\xff\x17\xe2*s\xd5UW\xfd\x7f%\
\xae\xba\xea\xff/\xf3\xff\x9b\xf8\xff\x0bq\x95\xb9\xea\xaa\
\xab\xfe\xbf\x12W]\xf5\xff\x97\xf9\xffM\xfc\xff\x85\xb8\
\xca\x5cu\xd5U\xff_\x89\xab\xae\xfa\xff\xcb\xfc\xff&\
\xfe\xffB\x5ce\xae\xba\xea\xaa\xff\xaf\xc4UW\xfd\xff\
e\xfe\x7f\x13\xff\x7f!\xae2W]u\xd5\xffW\xe2\
\xaa\xab\xfe\xff2\xff\xbf\x89\xff\xbf\x10W\x99\xab\xae\xba\
\xea\xff+q\xd5U\xff\x7f\x99\xff\xdf\xc4\xff_\x88\xab\
\xccUW]\xf5\xff\x95\xb8\xea\xaa\xff\xbf\xcc\xffo\xe2\
\xff/\xc4U\xe6\xaa\xab\xae\xfa\xffJ\x5cu\xd5\xff_\
\xe6\xff7\xf1\xff\x17\xe2*s\xd5UW\xfd\x7f%\xae\
\xba\xea\xff/\xf3\xff\x9b\xf8\xff\x0bq\x95\xb9\xea\xaa\xab\
\xfe\xbf\x12W]\xf5\xff\x97\xf9\xffM\xfc\xff\x85\xb8\xca\
\x5cu\xd5U\xff_\x89\xab\xae\xfa\xff\xcb\xfc\xff&\xfe\
\xffB\x5ce\xae\xba\xea\xaa\xff\xaf\xc4UW\xfd\xffe\
\xfe\x7f\x13\xff\x7f!\xae2W]u\xd5\xffW\xe2\xaa\
\xab\xfe\xff2\xff\xbf\x89\xff\xbf\x10W\x99\xab\xae\xba\xea\
\xff+q\xd5U\xff\x7f\x99\xff\xdf\xc4\xff_\x88\xab\xcc\
UW]\xf5\xff\x95\xb8\xea\xaa\xff\xbf\xcc\xffo\xe2\xff\
/\xc4U\xe6\xaa\xab\xae\xfa\xffJ\x5cu\xd5\xff_\xe6\
\xff7\xf1\xff\x17\xe2*s\xd5UW\xfd\x7f%\xae\xba\
\xea\xff/\xf3\xff\x9b\xf8\xff\x0bq\x95\xb9\xea\xaa\xab\xfe\
\xbf\x12W]\xf5\xff\x97\xf9\xffM\xfc\xff\x85\xb8\xca\x5c\
u\xd5U\xff_\x89\xab\xae\xfa\xff\xcb\xfc\xff&\xfe\xff\
B\x5ce\xae\xba\xea\xaa\xff\xaf\xc4UW\xfd\xffe\xfe\
\x7f\x13\xff\x7f!\xae2W]u\xd5\xffW\xe2\xaa\xab\
\xfe\xff2\xff\xbf\x89\xff\xbf\x10W\x99\xab\xae\xba\xea\xff\
+q\xd5U\xff\x7f\x99\xff\xdf\xc4\xff_\x88\xab\xccU\
W]\xf5\xff\x95\xb8\xea\xaa\xff\xbf\xcc\xffo\xe2\xff/\
\xc4U\xe6\xaa\xab\xae\xfa\xffJ\x5cu\xd5\xff_\xe6\xff\
7\xf1\xff\x17\xe2*s\xd5UW\xfd\x7f%\xae\xba\xea\
\xff/\xf3\xff\x9b\xf8\xff\x0bq\x95\xb9\xea\xaa\xab\xfe\xbf\
\x12W]\xf5\xff\x97\xf9\xffM\xfc\xff\x85\xb8\xca\x5cu\
\xd5U\xff_\x89\xab\xae\xfa\xff\xcb\xfc\xff&\xfe\xffB\
\x5ce\xae\xba\xea\xaa\xff\xaf\xc4UW\xfd\xffe\xfe\x7f\
\x13\xff\x7f!\xae2W]u\xd5\xffW\xe2\xaa\xab\xfe\
\xff2\xff\xbf\x89\xff\xbf\x10W\x99\xab\xae\xba\xea\xff+\
q\xd5U\xff\x7f\x99\xff\xdf\xc4\xff_\x88\xab\xccUW\
]\xf5\xff\x95\xb8\xea\xaa\xff\xbf\xcc\xffo\xe2\xff/\xc4\
U\xe6\xaa\xab\xae\xfa\xffJ\x5cu\xd5\xff_\xe6\xff7\
\xf1\xff\x17\xe2*s\xd5UW\xfd\x7f%\xae\xba\xea\xff\
/\xf3\xff\x9b\xf8\xff\x0bq\x95\xb9\xea\xaa\xab\xfe\xbf\x12\
W]\xf5\xff\x97\xf9\xffM\xfc\xff\x85\xb8\xca\x5cu\xd5\
U\xff_\x89\xab\xae\xfa\xff\xcb\xfc\xff&\xfe\xffB\x5c\
e\xae\xba\xea\xaa\xff\xaf\xc4UW\xfd\xffe\xfe\x7f\x13\
\xff\x7f!\xae2W]u\xd5\xffW\xe2\xaa\xab\xfe\xff\
2\xff\xbf\x89\xff\xbf\x10W\x99\xab\xae\xba\xea\xff+q\
\xd5U\xff\x7f\x99\xff\xdf\xc4\xff_\x88\xab\xccUW]\
\xf5\xff\x95\xb8\xea\xaa\xff\xbf\xcc\xffo\xe2\xff/\xc4U\
\xe6\xaa\xab\xae\xfa\xffJ\x5cu\xd5\xff_\xe6\xff7\xf1\
\xff\x17\xe2*s\xd5UW\xfd\x7f%\xae\xba\xea\xff/\
\xf3\xff\x9b\xf8\xff\x0bq\x95\xb9\xea\xaa\xab\xfe\xbf\x12W\
]\xf5\xff\x97\xf9\xffM\xfc\xff\x85\xb8\xca\x5cu\xd5U\
\xff_\x89\xab\xae\xfa\xff\xcb\xfc\xff&\xfe\xffB\x5ce\
\xae\xba\xea\xaa\xff\xaf\xc4UW\xfd\xffe\xfe\x7f\x13\xff\
\x7f!\xae2W]u\xd5\xffW\xe2\xaa\xab\xfe\xff2\
\xff\xbf\x89\xff\xbf\x10W\x99\xab\xae\xba\xea\xff+q\xd5\
U\xff\x7f\x99\xff\xdf\xc4\xff_\x88\xab\xccUW]\xf5\
\xff\x95\xb8\xea\xaa\xff\xbf\xcc\xffo\xe2\xff/\xc4U\xe6\
\xaa\xab\xae\xfa\xffJ\x5cu\xd5\xff_\xe6\xff7\xf1\xff\
\x17\xe2*s\xd5UW\xfd\x7f%\xae\xba\xea\xff/\xf3\
\xff\x9b\xf8\xff\x0bq\x95\xb9\xea\xaa\xab\xfe\xbf\x12W]\
\xf5\xff\x97\xf9\xffM\xfc\xff\x85\xb8\xca\x5cu\xd5U\xff\
_\x89\xab\xae\xfa\xff\xcb\xfc\xff&\xfe\xffB\x5ce\xae\
\xba\xea\xaa\xff\xaf\xc4UW\xfd\xffe\xfe\x7f\x13\xff\x7f\
!\xae2W]u\xd5\xffW\xe2\xaa\xab\xfe\xff2\xff\
\xbf\x89\xff\xbf\x10W\x99\xab\xae\xba\xea\xff+q\xd5U\
\xff\x7f\x99\xff\xdf\xc4\xff_\x88\xab\xccUW]\xf5\xff\
\x95\xb8\xea\xaa\xff\xbf\xcc\xffo\xe2\xff/\xc4U\xe6\xaa\
\xab\xae\xfa\xffJ\x5cu\xd5\xff_\xe6\xff7\xf1\xff\x17\
\xe2*s\xd5UW\xfd\x7f%\xae\xba\xea\xff/\xf3\xff\
\x9b\xf8\xff\x0bq\x95\xb9\xea\xaa\xab\xfe\xbf\x12W]\xf5\
\xff\x97\xf9\xffM\xfc\xff\x85\xb8\xca\x5cu\xd5U\xff_\
\x89\xab\xae\xfa\xff\xcb\xfc\xff&\xfe\xffB\x5ce\xae\xba\
\xea\xaa\xff\xaf\xc4UW\xfd\xffe\xfe\x7f\x13\xff\x7f!\
\xae2W]u\xd5\xffW\xe2\xaa\xab\xfe\xff2\xff\xbf\
\x89\xff\xbf\x10W\x99\xab\xae\xba\xea\xff+q\xd5U\xff\
\x7f\x99\xff\xdf\xc4\xff_\x88\xab\xccUW]\xf5\xff\x95\
\xb8\xea\xaa\xff\xbf\xcc\xffo\xe2\xff/\xc4U\xe6\xaa\xab\
\xae\xfa\xffJ\x5cu\xd5\xff_\xe6\xff7\xf1\xff\x17\xe2\
*s\xd5UW\xfd\x7f%\xae\xba\xea\xff/\xf3\xff\x9b\
\xf8\xff\x0bq\x95\xb9\xea\xaa\xab\xfe\xbf\x12W]\xf5\xff\
\x97\xf9\xffM\xfc\xff\x85\xb8\xca\x5cu\xd5U\xff_\x89\
\xab\xae\xfa\xff\xcb\xfc\xff&\xfe\xffB\x5ce\xae\xba\xea\
\xaa\xff\xaf\xc4UW\xfd\xffe\xfe\x7f\x13\xff\x7f!\xae\
2W]u\xd5\xffW\xe2\xaa\xab\xfe\xff2\xff\xbf\x89\
\xff\xbf\x10W\x99\xab\xae\xba\xea\xff+q\xd5U\xff\x7f\
\x99\xff\xdf\xc4\xff_\x88\xab\xccUW]\xf5\xff\x95\xb8\
\xea\xaa\xff\xbf\xcc\xffo\xe2\xff/\xc4U\xe6\xaa\xab\xae\
\xfa\xffJ\x5cu\xd5\xff_\xe6\xff7\xf1\xff\x17\xe2*\
s\xd5UW\xfd\x7f%\xae\xba\xea\xff/\xf3\xff\x9b\xf8\
\xff\x0bq\x95\xb9\xea\xaa\xab\xfe\xbf\x12W]\xf5\xff\x97\
\xf9\xffM\xfc\xff\x85\xb8\xca\x5cu\xd5U\xff_\x89\xab\
\xae\xfa\xff\xcb\xfc\xff&\xfe\xffB\x5ce\xae\xba\xea\xaa\
\xff\xaf\xc4UW\xfd\xffe\xfe\x7f\x13\xff\x7f!\xae2\
W]u\xd5\xffW\xe2\xaa\xab\xfe\xff2\xff\xbf\x89\xff\
\xbf\x10W\x99\xab\xae\xba\xea\xff+q\xd5U\xff\x7f\x99\
\xff\xdf\xc4\xff_\x88\xab\xccUW]\xf5\xff\x95\xb8\xea\
\xaa\xff\xbf\xcc\xffo\xe2\xff/\xc4U\xe6\xaa\xab\xae\xfa\
\xffJ\x5cu\xd5\xff_\xe6\xff7\xf1\xff\x17\xe2*s\
\xd5UW\xfd\x7f%\xae\xba\xea\xff/\xf3\xff\x9b\xf8\xff\
\x0bq\x95\xb9\xea\xaa\xab\xfe\xbf\x12W]\xf5\xff\x97\xf9\
\xffM\xfc\xff\x85\xb8\xca\x5cu\xd5U\xff_\x89\xab\xae\
\xfa\xff\xcb\xfc\xff&\xfe\xffB\x5ce\xae\xba\xea\xaa\xff\
\xaf\xc4UW\xfd\xffe\xfe\x7f\x13\xff\x7f!\xae2W\
]u\xd5\xffW\xe2\xaa\xab\xfe\xff2\xff\xbf\x89\xff\xbf\
\x10W\x99\xab\xae\xba\xea\xff+q\xd5U\xff\x7f\x99\xff\
\xdf\xc4\xff_\x88\xab\xccUW]\xf5\xff\x95\xb8\xea\xaa\
\xff\xbf\xcc\xffo\xe2\xff/\xc4U\xe6\xaa\xab\xae\xfa\xff\
J\x5cu\xd5\xff_\xe6\xff7\xf1\xff\x17\xe2*s\xd5\
UW\xfd\x7f%\xae\xba\xea\xff/\xf3\xff\x9b\xf8\xff\x0b\
q\x95\xb9\xea\xaa\xab\xfe\xbf\x12W]\xf5\xff\x97\xf9\xff\
M\xfc\xff\x85\xb8\xca\x5cu\xd5U\xff_\x89\xab\xae\xfa\
\xff\xcb\xfc\xff&\xfe\xffB\x5ce\xae\xba\xea\xaa\xff\xaf\
\xc4UW\xfd\xffe\xfe\x7f\x13\xff\x7f!\xae2W]\
u\xd5\xffW\xe2\xaa\xab\xfe\xff2\xff\xbf\x89\xff\xbf\x10\
W\x99\xab\xae\xba\xea\xff+q\xd5U\xff\x7f\x99\xff\xdf\
\xc4\xff_\x88\xab\xccUW]\xf5\xff\x95\xb8\xea\xaa\xff\
\xbf\xcc\xffo\xe2\xff/\xc4U\xe6\xaa\xab\xae\xfa\xffJ\
\x5cu\xd5\xff_\xe6\xff7\xf1\xff\x17\xe2*s\xd5U\
W\xfd\x7f%\xae\xba\xea\xff/\xf3\xff\x9b\xf8\xff\x0bq\
\x95\xb9\xea\xaa\xab\xfe\xbf\x12W]\xf5\xff\x97\xf9\xffM\
\xfc\xff\x85\xb8\xca\x5cu\xd5U\xff_\x89\xab\xae\xfa\xff\
\xcb\xfc\xff&\xfe\xffB\x5ce\xae\xba\xea\xaa\xff\xaf\xc4\
UW\xfd\xffe\xfe\x7f\x13\xff\x7f!\xae2W]u\
\xd5\xffW\xe2\xaa\xab\xfe\xff2\xff\xbf\x89\xff\xbf\x10W\
\x99\xab\xae\xba\xea\xff+q\xd5U\xff\x7f\x99\xff\xdf\xc4\
\xff_\x88\xab\xccUW]\xf5\xff\x95\xb8\xea\xaa\xff\xbf\
\xcc\xffo\xe2\xff/\xc4U\xe6\xaa\xab\xae\xfa\xffJ\x5c\
u\xd5\xff_\xe6\xff7\xf1\xff\x17\xe2*s\xd5UW\
\xfd\x7f%\xae\xba\xea\xff/\xf3\xff\x9b\xf8\xff\x0bq\x95\
\xb9\xea\xaa\xab\xfe\xbf\x12W]\xf5\xff\x97\xf9\xffM\xfc\
\xff\x85\xb8\xca\x5cu\xd5U\xff_\x89\xab\xae\xfa\xff\xcb\
\xfc\xff&\xfe\xffB\x5ce\xae\xba\xea\xaa\xff\xaf\xc4U\
W\xfd\xffe\xfe\x7f\x13\xff\x7f!\xae2W]u\xd5\
\xffW\xe2\xaa\xab\xfe\xff2\xff\xbf\x89\xff\xbf\x10W\x99\
\xab\xae\xba\xea\xff+q\xd5U\xff\x7f\x99\xff\xdf\xc4\xff\
_\x88\xab\xccUW]\xf5\xff\x95\xb8\xea\xaa\xff\xbf\xcc\
\xffo\xe2\xff/\xc4U\xe6\xaa\xab\xae\xfa\xffJ\x5cu\
\xd5\xff_\xe6\xff7\xf1\xff\x17\xe2*s\xd5UW\xfd\
\x7f%\xae\xba\xea\xff/\xf3\xff\x9b\xf8\xff\x0bq\x95\xb9\
\xea\xaa\xab\xfe\xbf\x12W]\xf5\xff\x97\xf9\xffM\xfc\xff\
\x85\xb8\xca\x5cu\xd5U\xff_\x89\xab\xae\xfa\xff\xcb\xfc\
\xff&\xfe\xffB\x5ce\xae\xba\xea\xaa\xff\xaf\xc4UW\
\xfd\xffe\xfe\x7f\x13\xff\x7f!\xae2W]u\xd5\xff\
W\xe2\xaa\xab\xfe\xff2\xff\xbf\x89\xff\xbf\x10W\x99\xab\
\xae\xba\xea\xff+q\xd5U\xff\x7f\x99\xff\xdf\xc4\xff_\
\x88\xab\xccUW]\xf5\xff\x95\xb8\xea\xaa\xff\xbf\xcc\xff\
o\xe2\xff/\xc4U\xe6\xaa\xab\xae\xfa\xffJ\x5cu\xd5\
\xff_\xe6\xff7\xf1\xff\x17\xe2*s\xd5UW\xfd\x7f\
%\xae\xba\xea\xff/\xf3\xff\x9b\xf8\xff\x0bq\x95\xb9\xea\
\xaa\xab\xfe\xbf\x12W]\xf5\xff\x97\xf9\xffM\xfc\xff\x85\
\xb8\xca\x5cu\xd5U\xff_\x89\xab\xae\xfa\xff\xcb\xfc\xff\
&\xfe\xffB\x5ce\xae\xba\xea\xaa\xff\xaf\xc4UW\xfd\
\xffe\xfe\x7f\x13\xff\x7f!\xae2W]u\xd5\xffW\
\xe2\xaa\xab\xfe\xff2\xff\xbf\x89\xff\xbf\x10W\x99\xab\xae\
\xba\xea\xff+q\xd5U\xff\x7f\x99\xff\xdf\xc4\xff_\x88\
\xab\xccUW]\xf5\xff\x95\xb8\xea\xaa\xff\xbf\xcc\xffo\
\xe2\xff/\xc4U\xe6\xaa\xab\xae\xfa\xffJ\x5cu\xd5\xff\
_\xe6\xff7\xf1\xff\x17\xe2*s\xd5UW\xfd\x7f%\
\xae\xba\xea\xff/\xf3\xff\x9b\xf8\xff\x0bq\x95\xb9\xea\xaa\
\xab\xfe\xbf\x12W]\xf5\xff\x97\xf9\xffM\xfc\xff\x85\xb8\
\xca\x5cu\xd5U\xff_\x89\xab\xae\xfa\xff\xcb\xfc\xff&\
\xfe\xffB\x5ce\xae\xba\xea\xaa\xff\xaf\xc4UW\xfd\xff\
e\xfe\x7f\x13\xff\x7f!\xae2W]u\xd5\xffW\xe2\
\xaa\xab\xfe\xff2\xff\xbf\x89\xff\xbf\x10W\x99\xab\xae\xba\
\xea\xff+q\xd5U\xff\x7f\x99\xff\xdf\xc4\xff_\x88\xab\
\xccUW]\xf5\xff\x95\xb8\xea\xaa\xff\xbf\xcc\xffo\xe2\
\xff/\xc4U\xe6\xaa\xab\xae\xfa\xffJ\x5cu\xd5\xff_\
\xe6\xff7\xf1\xff\x17\xe2*s\xd5UW\xfd\x7f%\xae\
\xba\xea\xff/\xf3\xff\x9b\xf8\xff\x0bq\x95\xb9\xea\xaa\xab\
\xfe\xbf\x12W]\xf5\xff\x97\xf9\xffM\xfc\xff\x85\xb8\xca\
\x5cu\xd5U\xff_\x89\xab\xae\xfa\xff\xcb\xfc\xff&\xfe\
\xffB\x5ce\xae\xba\xea\xaa\xff\xaf\xc4UW\xfd\xffe\
\xfe\x7f\x13\xff\x7f!\xae2W]u\xd5\xffW\xe2\xaa\
\xab\xfe\xff2\xff\xbf\x89\xff\xbf\x10W\x99\xab\xae\xba\xea\
\xff+q\xd5U\xff\x7f\x99\xff\xdf\xc4\xff_\x88\xab\xcc\
UW]\xf5\xff\x95\xb8\xea\xaa\xff\xbf\xcc\xffo\xe2\xff\
/\xc4U\xe6\xaa\xab\xae\xfa\xffJ\x5cu\xd5\xff_\xe6\
\xff7\xf1\xff\x17\xe2*s\xd5UW\xfd\x7f%\xae\xba\
\xea\xff/\xf3\xff\x9b\xf8\xff\x0bq\x95\xb9\xea\xaa\xab\xfe\
\xbf\x12W]\xf5\xff\x97\xf9\xffM\xfc\xff\x85\xb8\xca\x5c\
u\xd5U\xff_\x89\xab\xae\xfa\xff\xcb\xfc\xff&\xfe\xff\
B\x5ce\xae\xba\xea\xaa\xff\xaf\xc4UW\xfd\xffe\xfe\
\x7f\x13\xff\x7f!\xae2W]u\xd5\xffW\xe2\xaa\xab\
\xfe\xff2\xff\xbf\x89\xff\xbf\x10W\x99\xab\xae\xba\xea\xff\
+q\xd5U\xff\x7f\x99\xff\xdf\xc4\xff_\x88\xab\xccU\
W]\xf5\xff\x95\xb8\xea\xaa\xff\xbf\xcc\xffo\xe2\xff/\
\xc4U\xe6\xaa\xab\xae\xfa\xffJ\x5cu\xd5\xff_\xe6\xff\
7\xf1\xff\x17\xe2*s\xd5UW\xfd\x7f%\xae\xba\xea\
\xff/\xf3\xff\x9b\xf8\xff\x0bq\x95\xb9\xea\xaa\xab\xfe\xbf\
\x12W]\xf5\xff\x97\xf9\xffM\xfc\xff\x85\xb8\xca\x5cu\
\xd5U\xff_\x89\xab\xae\xfa\xff\xcb\xfc\xff&\xfe\xffB\
\x5ce\xae\xba\xea\xaa\xff\xaf\xc4UW\xfd\xffe\xfe\x7f\
\x13\xff\x7f!\xae2W]u\xd5\xffW\xe2\xaa\xab\xfe\
\xff2\xff\xbf\x89\xff\xbf\x10W\x99\xab\xae\xba\xea\xff+\
q\xd5U\xff\x7f\x99\xff\xdf\xc4\xff_\x88\xab\xccUW\
]\xf5\xff\x95\xb8\xea\xaa\xff\xbf\xcc\xffo\xe2\xff/\xc4\
U\xe6\xaa\xab\xae\xfa\xffJ\x5cu\xd5\xff_\xe6\xff7\
\xf1\xff\x17\xe2*s\xd5UW\xfd\x7f%\xae\xba\xea\xff\
/\xf3\xff\x9b\xf8\xff\x0bq\x95\xb9\xea\xaa\xab\xfe\xbf\x12\
W]\xf5\xff\x97\xf9\xffM\xfc\xff\x85\xb8\xca\x5cu\xd5\
U\xff_\x89\xab\xae\xfa\xff\xcb\xfc\xff&\xfe\xffB\x5c\
e\xae\xba\xea\xaa\xff\xaf\xc4UW\xfd\xffe\xfe\x7f\x13\
\xff\x7f!\xae2W]u\xd5\xffW\xe2\xaa\xab\xfe\xff\
2\xff\xbf\x89\xff\xbf\x10W\x99\xab\xae\xba\xea\xff+q\
\xd5U\xff\x7f\x99\xff\xdf\xc4\xff_\x88\xab\xccUW]\
\xf5\xff\x95\xb8\xea\xaa\xff\xbf\xcc\xffo\xe2\xff/\xc4U\
\xe6\xaa\xab\xae\xfa\xffJ\x5cu\xd5\xff_\xe6\xff7\xf1\
\xff\x17\xe2*s\xd5UW\xfd\x7f%\xae\xba\xea\xff/\
\xf3\xff\x9b\xf8\xff\x0bq\x95\xb9\xea\xaa\xab\xfe\xbf\x12W\
]\xf5\xff\x97\xf9\xffM\xfc\xff\x85\xb8\xca\x5cu\xd5U\
\xff_\x89\xab\xae\xfa\xff\xcb\xfc\xff&\xfe\xffB\x5ce\
\xae\xba\xea\xaa\xff\xaf\xc4UW\xfd\xffe\xfe\x7f\x13\xff\
\x7f!\xae2W]u\xd5\xffW\xe2\xaa\xab\xfe\xff2\
\xff\xbf\x89\xff\xbf\x10W\x99\xab\xae\xba\xea\xff+q\xd5\
U\xff\x7f\x99\xff\xdf\xc4\xff_\x88\xab\xccUW]\xf5\
\xff\x95\xb8\xea\xaa\xff\xbf\xcc\xffo\xe2\xff/\xc4U\xe6\
\xaa\xab\xae\xfa\xffJ\x5cu\xd5\xbf\xcfK\x03\xc7x\xb6\
\x07\x03\x0f\xe6y\xbd4p\x9c\xe7\xef8\xf0\xd2\x5c\xf5\
_M\xfc\xff\x85\xb8\xca\x5cu\xd5U\xff_\x89\xab\xae\
z\xb6\x97\x06\x8eq\xc5k\xf3l\xaf\xcd\xb3\xbd4p\
\x9c\xab\xfe/\x10\xff\x7f!\xae2W]u\xd5\xffW\
\xe2\xaa\xff\x0f\x1e\x0c<\x08x0\xf0`\xe08\xf0\xd2\
\x5c\xf1\xd2\xc0q\xae\xfa\xffH\xfc\xff\x85\xb8\xca\x5cu\
\xd5U\xff_\x89\xab\xfe/xi\xe0\x18\xf0\xda\x5c\xf1\
\xda\x5c\xf1\xd2\xc0q\xae\xba\xea\xf9\x13\xff\x7f!\xae2\
W]u\xd5\xffW\xe2\xaa\xff\x0d\x8e\x03/\x05\x1c\x07\
^\x1ax0\xf0`\xe0\xa5\x81\xe3\x5cu\xd5\xbf\x8d\xf8\
\xff\x0bq\x95\xb9\xea\xaa\xab\xfe\xbf\x12W\xfdOr\x1c\
x)\xe0\xa5\x81\x07\x03/\x0d\xbc4p\x9c\xab\xae\xfa\
\x8f'\xfe\xffB\x5ce\xae\xba\xea\xaa\xff\xaf\xc4U\xff\
\x1d\x8e\x03/\x05\xbc6\xf0`\xe0\xc1\xc0ks\xd5U\
\xff\xb5\xc4\xff_\x88\xab\xccUW]\xf5\xff\x95\xb8\xea\
?\xdbK\x03/\x05<\x18xm\xe0\xa5\x81\xe3\x5cu\
\xd5\x7f?\xf1\xff\x17\xe2*s\xd5UW\xfd\x7f%\xae\
\xfa\x8f\xf4Z\xc0K\x03/\x0d<\x18xm\xae\xba\xea\
\x7f.\xf1\xff\x17\xe2*s\xd5UW\xfd\x7f%\xae\xfa\
\xb7zi\xe0\xa5\x80\x97\x06^\x1axm\xae\xba\xea\x7f\
\x17\xf1\xff\x17\xe2*s\xd5UW\xfd\x7f%\xaezQ\
\x1c\x07^\x0bxi\xe0\xb5\x81\x97\x06\x8es\xd5U\xff\
\xbb\x89\xff\xbf\x10W\x99\xab\xae\xba\xea\xff+q\xd5\xf3\
\xf3`\xe0\xb5\x80\xd7\x06^\x1bx0W]\xf5\x7f\x8f\
\xf8\xff\x0bq\x95\xb9\xea\xaa\xab\xfe\xbf\x12W\x01\xbc4\
\xf0Z\xc0k\x03\xaf\x0d\x1c\xe7\xaa\xab\xfe\xef\x13\xff\x7f\
!\xae2W]u\xd5\xffW\xe2\xff\xa7\x97\x06\xde\x0a\
xm\xe0\xa5\x81\xe3\x5cu\xd5\xff?\xe2\xff/\xc4U\
\xe6\xaa\xab\xae\xfa\xffJ\xfc\xff\xf0\xd2\xc0k\x01\xaf\x0d\
\xbc6p\x9c\xab\xae\xbaJ\xfc\xff\x85\xb8\xca\x5cu\xd5\
U\xff_\x89\xff\x9b\x1e\x0c\xbc\x16\xf0\xda\xc0k\x03\x0f\
\xe6\xaa\xab\xaezn\xe2\xff/\xc4U\xe6\xaa\xab\xae\xfa\
\xffJ\xfc\xdf\xf1V\xc0k\x03\xaf\x0d\xbc4W]u\
\xd5\xbfD\xfc\xff\x85\xb8\xca\x5cu\xd5U\xff_\x89\xff\
\xbd\x1e\x0c\xbc\x16\xf0\xd6\xc0[s\xd5UW\xfdk\x89\
\xff\xbf\x10W\xdd\x0a<\x88\xab\xae\xba\xea\xff#\xf1\xbf\
\xcbk\x01o\x0d\xbc6\xf0\xd2\x5cu\xd5U\xffV\xcf\
\x00\x1e\xcc\xff_\x88\xab~\x1bx-\xae\xba\xea\xaa\xff\
\x8f\xc4\xffl\xc7\x81\xb7\x02^\x1bxk\xe08W]\
u\xd5\x7f\x84\xdf\x01^\x9b\xff\xbf\x10W\xfd6\xf0Z\
\x5cu\xd5U\xff\x1f\x89\xffy\x8e\x03o\x05\xbc5\xf0\
\xd6\x5cu\xd5U\xff\x19~\x07xm\xfe\xffB\x5c\xf5\
\xd3\xc0[q\xd5UW\xfd\x7f$\xfegx0\xf0V\
\xc0{\x03/\xcdUW]\xf5\x9f\xedg\x80\xb7\xe6\xff\
/\xc4U\x9f\x0d|\x16W]u\xd5\xffG\xe2\xbf\xcf\
K\x03\xaf\x05\xbc7\xf0\xd2\x5cu\xd5U\xff\x95>\x07\
\xf8l\xfe\xffB\x5c\xf5\xde\xc0wq\xd5UW\xfd\x7f\
$\xfek=\x18x+\xe0\xbd\x81\x97\xe6\xaa\xab\xae\xfa\
\xef\xf26\xc0O\xf3\xff\x17\xe2\xaa\xd7\x06~\x8b\xab\xae\
\xba\xea\xff#\xf1\x9f\xef\xc1\xc0[\x01\xef\x0d\xbc4W\
]u\xd5\xff\x04\xaf\x03\xfc6\xff\x7f!\xae\x020W\
]u\xd5\xffG\xe2?\xc7q\xe0\xad\x80\xf7\x06^\x9b\
\xab\xae\xba\xea\x7f\x1a\xf1\xff\x1b\xe2*\x80\xbf\x06^\x8a\
\xab\xae\xba\xea\xff\x1b\xf1\x1f\xeb\xbd\x80\xb7\x06\xde\x9a\xab\
\xae\xba\xea\x7f\xaa\xbf\x01^\x9a\xff\xdf\x10W\x01|5\
\xf0Q\x5cu\xd5U\xff\xdf\x88\x7f\xbf\xd7\x06\xde\x0bx\
k\xe08W]u\xd5\xfft_\x03|4\xff\xbf!\
\xae\x02xk\xe0\xa7\xb8\xea\xaa\xab\xfe\xbf\x11\xff6\x0f\
\x06\xde\x0bxo\xe0\xc1\x5cu\xd5U\xff\x9b\xbc\x0d\xf0\
\xd3\xfc\xff\x86\xb8\x0a\xe08p\x91\xab\xae\xba\xea\xff\x1b\
\xf1\xa2;\x0e\xbc\x15\xf0\xde\xc0ks\xd5UW\xfdo\
u\x02\xd8\xe5\xff7\xc4U\xf7\xfbk\xe0\xa5\xb8\xea\xaa\
\xab\xfe?\x11\xff\xb2\x97\x06>\x0axk\xe08W]\
u\xd5\xfff\xbf\x03\xbc6W!\xae\xba\xdf{\x03\xdf\
\xc5UW]\xf5\xff\x89x\xfe\x8e\x03o\x05|4\xf0\
\xd2\x5cu\xd5U\xffW\xbc\x0f\xf0\xdd\x5c\x85\xb8\xea~\
\xc7\x81\x8b\x5cu\xd5U\xff\x9f\x88\xe7\xf4\xd2\xc0G\x01\
o\x0d\x1c\xe7\xaa\xab\xae\xfa\xbf\xe6\x04\xb0\xcbU\x88\xab\
\x1e\xe8\xbb\x81\xf7\xe2\xaa\xab\xae\xfa\xffB\xc0q\xe0\xad\
\x80\x8f\x06^\x9a\xab\xae\xba\xea\xff\xaa\xef\x01\xde\x9b\xab\
\x00\x10W=\xd0[\x03?\xc5UW]\xf5\xff\xc5w\
\x03o\x0d\x1c\xe7\xaa\xab\xae\xfa\xbf\xeem\x80\x9f\xe6*\
\x00\xc4U\xcf\xedV\xe0A\x5cu\xd5UW]u\xd5\
U\xffW<\x03x0W\xdd\x0fq\xd5s{o\xe0\
\xbb\xb8\xea\xaa\xab\xae\xba\xea\xaa\xab\xfe\xafx\x1f\xe0\xbb\
\xb9\xea~\x88\xab\x9e\x9f[\x81\x07q\xd5UW]u\
\xd5UW\xfdo\xf7\x0c\xe0\xc1\x5c\xf5@\x88\xab\x9e\x9f\
\xf7\x06\xbe\x8b\xab\xae\xba\xea\xaa\xab\xae\xba\xea\x7f\xbb\xf7\
\x01\xbe\x9b\xab\x1e\x08q\xd5\x0b\xf2\xd7\xc0Kq\xd5U\
W]u\xd5UW\xfdo\xf57\xc0Ks\xd5sC\
\x5c\xf5\x82\xbc6\xf0[\x5cu\xd5UW]u\xd5U\
\xff[\xbd\x0e\xf0\xdb\x5c\xf5\xdc\x10W\xbd0\xdf\x0d\xbc\
\x17W]u\xd5UW]u\xd5\xff6\xdf\x03\xbc7\
W=?\x88\xab^\x98\xe3\xc0\xad\xc01\xae\xba\xea\xaa\
\xab\xae\xba\xea\xaa\xff-.\x01\x0f\x06v\xb9\xea\xf9A\
\x5c\xf5/yk\xe0\xa7\xb8\xea\xaa\xab\xae\xba\xea\xaa\xab\
\xfe\xb7x\x1b\xe0\xa7\xb9\xea\x05A\x5c\xf5\xa2\xf8j\xe0\
\xa3\xb8\xea\xaa\xab\xae\xba\xea\xaa\xab\xfe\xa7\xfb\x1a\xe0\xa3\
\xb9\xea\x85A\x5c\xf5\xa2\xfak\xe0\xa5\xb8\xea\xaa\xab\xae\
\xba\xea\xaa\xab\xfe\xa7\xfa\x1b\xe0\xa5\xb9\xea_\x82\xb8\xea\
E\xf5`\xe0\xaf\x81c\x5cu\xd5UW]u\xd5U\
\xff\xd3\x5c\x02^\x1a\xb8\x95\xab\xfe%\x88\xab\xfe5^\
\x1a\xf8m\xe0\x18W]u\xd5UW]u\xd5\xff\x14\
\x97\x80\xd7\x06\xfe\x9a\xab^\x14\x88\xab\xfe\xb5^\x1b\xf8\
-\xae\xba\xea\xaa\xab\xae\xba\xea\xaa\xff)^\x07\xf8m\
\xaezQ!\xae\xfa\xb7xo\xe0\xbb\xb8\xea\xaa\xab\xae\
\xba\xea\xaa\xab\xfe\xbb\xbd\x0f\xf0\xdd\x5c\xf5\xaf\x81\xb8\xea\
\xdf\xea\xbd\x81\xef\xe2\xaa\xab\xae\xba\xea\xaa\xab\xae\xfa\xef\
\xf2>\xc0ws\xd5\xbf\x16\xe2\xaa\x7f\x8f\xd7\x06~\x1a\
8\xc6UW]u\xd5UW]\xf5_\xe5\x12\xf0\xd6\
\xc0os\xd5\xbf\x05\xe2\xaa\x7f\xaf\x97\x06~\x1b8\xc6\
UW]u\xd5UW]\xf5\x9f\xed\x12\xf0\xda\xc0_\
s\xd5\xbf\x15\xe2\xaa\xff\x08\x0f\x06~\x1ax)\xae\xba\
\xea\xaa\xab\xae\xba\xea\xaa\xff,\x7f\x03\xbc5p+W\
\xfd{ \xae\xfa\x8f\xf4\xd5\xc0Gq\xd5UW]u\
\xd5UW\xfdG\xfb\x1a\xe0\xa3\xb9\xea?\x02\xe2\xaa\xff\
ho\x0d|7p\x8c\xab\xae\xba\xea\xaa\xab\xae\xba\xea\
\xdf\xeb\x12\xf0\xde\xc0Os\xd5\x7f\x14\xc4U\xff\x19\x8e\
\x03_\x0d\xbc\x17W]u\xd5UW]u\xd5\xbf\xd5\
\xf7\x00\x1f\x0d\xecr\xd5\x7f$\xc4U\xff\x99^\x1b\xf8\
j\xe0\xa5\xb8\xea\xaa\xab\xae\xba\xea\xaa\xab^T\x7f\x03\
|4\xf0\xdb\x5c\xf5\x9f\x01q\xd5\x7f\x85\xf7\x06>\x1b\
x\x10W]u\xd5UW]u\xd5\x0b\xf2\x0c\xe0\xb3\
\x81\xef\xe6\xaa\xffL\x88\xab\xfe+\xbd7\xf0\xd9\xc0\x83\
\xb8\xea\xaa\xab\xae\xba\xea\xaa\xab\xee\xf7\x0c\xe0\xb3\x81\xef\
\xe6\xaa\xff\x0a\x88\xab\xfe;\xbc5\xf0\xd6\xc0{q\xd5\
UW]u\xd5U\xff\x7f}\x0f\xf0\xd3\xc0Os\xd5\
\x7f%\xc4U\xff\x9d\x8e\x03o\x0d\xbc7\xf0Z\x5cu\
\xd5UW]u\xd5\xff}\xbf\x03|7\xf0\xd3\xc0.\
W\xfdw@\x5c\xf5?\xc5q\xe0\xb5\x81\xd7\x06^\x1b\
x)\xae\xba\xea\xaa\xab\xae\xba\xea\x7f\xbf\xbf\x01~\x1b\
\xf8m\xe0\xb7\x81]\xae\xfa\xef\x86\xb8\xea\x7f\xb2\xd7\x06\
\x8e\x03/\x0d\xbc4p\x9c+\x1e\x0c<\x88\xab\xae\xba\
\xea\xaa\xab\xae\xfa\xef\xf7\x0c\xe0V\xae\xd8\x05\xfe\x1a\xf8\
k`\x17\xf8m\xae\xfa\x9f\x08q\xd5U\xff\xb9^\x1a\
8\xce\xbf\xec\xc1\xc0\x83y^/\x0d\x1c\xe7\x8a\xe3\xc0\
Kq\xd5UW]\xf5?\xd3\xdf\x00\xbb\x5c\xb1\x0b\xfc\
5\xcf\xebV\xe0V\xfee\xbb\xc0_s\xd5U\xff9\
\x10W]\xf5\xbf\xd7k\xf3l\x0f\x06\x1e\xcc\x15\xc7\x81\
\x97\xe6\xd9^\x1a8\xc6UW]u\xd5\x8b\xe6\x12\xf0\
\xd7<\xdb_\x03\xbb\x5cq+p+\xcf\xf6\xdb\x5cu\
\xd5\xff>\x88\xab\xae\xfa\xff\xe3\xa5\x81\xe3\xc0K\x03\xc7\
\x81\x97\x06\x8e\x03/\x0d\x1c\xe3\xaa\xab\xae\xfa\xff\xe2\x12\
\xf0\xd7\xc0.\xf0\xd7\xc0.\xf0\xd7\xc0.\xf0\xd7\x5cu\
\xd5\xff}\x88\xab\xae\xba\xea~/\x0d\x1c\x07^\x1a8\
\x0e\xbc4p\x1cxi\xe0\x18W]u\xd5\xff\x16\x97\
\x80\xbf\x06v\x81\xbf\x06v\x81\xbf\x06v\x81\xbf\xe6\xaa\
\xab\xaeB\x5cu\xd5U/\xaa\x97\x06\x8e\x03\xaf\x0d\xbc\
4\xf0`\xe0\xa5\xb8\xea\xaa\xab\xfe\xbb\xfc\x0dp+\xf0\
\xd7\xc0o\x03\xbb\xc0_s\xd5UW\xfdK\x10W]\
u\xd5\xbf\xd7K\x03\x0f\x06^\x1axm\xe0\xc1\xc0\x83\
\xb8\xea\xaa\xab\xfe\xa3<\x03\xb8\x15\xf8m\xe0\xaf\x81[\
\x81\xbf\xe6\xaa\xab\xae\xfa\xb7B\x5cu\xd5U\xffY^\
\x1bx0\xf0\xd2\xc0K\x03/\x0d\x1c\xe3\xaa\xab\xaez\
A.\x01\x7f\x0d\xfc5\xf0\xd7\xc0\xad\xc0os\xd5U\
W\xfdGC\x5cu\xd5U\xff\x95\x8e\x03/\x0d\xbc4\
\xf0\xda\xc0K\x03\x0f\xe2\xaa\xab\xfe\xffy\x06\xf0\xd7\xc0\
o\x03\x7f\x0d\xfc5\xb0\xcbUW]\xf5_\x01q\xd5\
UW\xfdw{0\xf0\xd2\xc0k\x03/\x0d\xbc\x16W\
]\xf5\x7f\xcf\xef\x00\x7f\x0d\xfc6\xf0\xd7\xc0\xad\x5cu\
\xd5U\xff]\x10W]u\xd5\xffD\xaf\x0d\xbc6\xf0\
\xd2\xc0k\x03\xc7\xb8\xea\xaa\xff=.\x01\xbf\x0d\xfc5\
\xf0\xdb\xc0os\xd5UW\xfdO\x82\xb8\xea\xaa\xab\xfe\
7x0\xf0\xda\xc0K\x03\xaf\x0d\xbc\x14W]\xf5?\
\xc7\xdf\x00\xbf\x0d\xfc5\xf0\xdb\xc0\xad\x5cu\xd5U\xff\
\x93!\xae\xba\xea\xaa\xff\xad^\x1bxm\xe0\xb5\x81\xd7\
\xe2\xaa\xab\xfe\xeb\xfc\x0e\xf0\xdb\xc0o\x03\xbf\xcdUW\
]\xf5\xbf\x0d\xe2\xaa\xab\xae\xfa\xbf\xe08\xf0\xda\xc0k\
\x03o\x0d<\x88\xab\xae\xfa\x8f\xf3\x0c\xe0\xa7\x81\xdf\x06\
~\x9a\xab\xae\xba\xea\x7f;\xc4UW]\xf5\x7f\xd1\x83\
\x81\xb7\x06^\x1bxm\xe0\x18W]\xf5\xa2\xbb\x04\xfc\
6\xf0\xd3\xc0o\x03\xb7r\xd5UW\xfd_\x82\xb8\xea\
\xaa\xab\xfe?xm\xe0\xad\x81\xd7\x06^\x8a\xab\xaez\
^\x7f\x03\xfc4\xf0\xdb\xc0os\xd5UW\xfd_\x86\
\xb8\xea\xaa\xab\xfe\xbf9\x0e\xbc5\xf0\xda\xc0[\x03\xc7\
\xb8\xea\xff\xa3K\xc0O\x03\xbf\x0d\xfc4\xb0\xcbUW\
]\xf5\xff\x05\xe2\xaa\xab\xae\xfa\xff\xee\xa5\x81\xd7\x06\xde\
\x1bx)\xae\xfa\xbf\xeco\x80\xef\x06~\x1b\xf8k\xae\
\xba\xea\xaa\xff\xaf\x10W]u\xd5U\xcf\xf6`\xe0\xad\
\x81\xf7\x06^\x8a\xab\xfe/\xf8\x1b\xe0\xbb\x81\x9f\x06n\
\xe5\xaa\xab\xae\xba\x0a\x10W]u\xd5U\xcf\xdf\x83\x81\
\xb7\x06\xde\x1bx)\xae\xfa\xdf\xe4w\x80\x9f\x06~\x1a\
\xb8\x95\xab\xae\xba\xea\xaa\xe7\x84\xb8\xea\xaa\xab\xae\xfa\x97\
=\x18xk\xe0\xad\x81\xd7\xe2\xaa\xff\x89~\x06\xf8i\
\xe0\xa7\x81]\xae\xba\xea\xaa\xab^0\xc4UW]u\
\xd5\xbf\xceq\xe0\xad\x81\xb7\x06\xde\x8a\xab\xfe;\xfd\x0c\
\xf0\xd3\xc0O\x03\xbb\x5cu\xd5UW\xbdh\x10W]\
u\xd5U\xffv\xc7\x81\xb7\x06\xde\x1ax+\xae\xfa\xaf\
\xf03\xc0O\x03?\x0d\xecr\xd5UW]\xf5\xaf\x87\
\xb8\xea\xaa\xab\xae\xfa\x8fq\x1cxk\xe0\xbd\x81\xd7\xe2\
\xaa\xffH\xbf\x03|7\xf0\xd3\xc0.W]u\xd5U\
\xff>\x88\xab\xae\xba\xea\xaa\xffx\x0f\x06>\x1axk\
\xe0A\x5c\xf5o\xf1\x0c\xe0\xa7\x81\xaf\x06n\xe5\xaa\xab\
\xae\xba\xea?\x0e\xe2\xaa\xab\xae\xba\xea?\xd7[\x03\xef\
\x0d\xbc\x15W\xbd(~\x06\xf8n\xe0\xa7\xb9\xea\xaa\xab\
\xae\xfa\xcf\x81\xb8\xea\xaa\xab\xae\xfa\xaf\xf1`\xe0\xad\x81\
\x8f\x06\x1e\xc4U\x0f\xf4\x0c\xe0\xab\x81\x9f\x06n\xe5\xaa\
\xab\xae\xba\xea?\x17\xe2\xaa\xab\xae\xba\xea\xbf\xdek\x03\
\xef\x0d\xbc5p\x8c\xff\x9f.\x01?\x0d|7\xf0\xdb\
\x5cu\xd5UW\xfd\xd7A\x5cu\xd5UW\xfd\xf79\
\x0e\xbc5\xf0\xd1\xc0K\xf1\xff\xc3\xdf\x00_\x0d\xfc4\
\xb0\xcbUW]u\xd5\x7f=\xc4UW]u\xd5\xff\
\x0c/\x0d\xbc7\xf0\xde\xc01\xfeo\xb9\x04|7\xf0\
\xdd\xc0_s\xd5UW]\xf5\xdf\x0bq\xd5UW]\
\xf5?\xcf{\x03\xef\x0d\xbc\x16\xff\xbb\xfd\x0e\xf0\xdd\xc0\
ws\xd5UW]\xf5?\x07\xe2\xaa\xab\xae\xba\xea\x7f\
\xae\x07\x03\x9f\x0d\xbc5p\x8c\xff\x1d.\x01?\x0d|\
6p+W]u\xd5U\xff\xf3 \xae\xba\xea\xaa\xab\
\xfe\xe7;\x0e\xbc5\xf0\xd1\xc0K\xf1?\xd3\xdf\x00_\
\x0d\xfc4\xb0\xcbUW]u\xd5\xff\x5c\x88\xab\xae\xba\
\xea\xaa\xff]^\x1bxo\xe0\xbd\xf8\x9f\xe1{\x80\xef\
\x06~\x9b\xab\xae\xba\xea\xaa\xff\x1d\x10W]u\xd5U\
\xff;\x1d\x07>\x1axo\xe0A\xfc\xd7z\x06\xf0\xdd\
\xc0W\x03\xbb\x5cu\xd5UW\xfd\xef\x82\xb8\xea\xaa\xab\
\xae\xfa\xdf\xef\xad\x81\xf7\x06\xde\x8a\xff\x5c?\x03|7\
\xf0\xd3\x5cu\xd5UW\xfd\xef\x85\xb8\xea\xaa\xab\xae\xfa\
\xbf\xe3\xc1\xc0[\x03\xef\x0d\xbc\x14\xff1\xfe\x06\xf8n\
\xe0\xa7\x81[\xb9\xea\xaa\xab\xae\xfa\xdf\x0fq\xd5UW\
]\xf5\x7f\xd3q\xe0\xb5\x81\xd7\x06^\x1axi\xe0\x18\
/\xdc%\xe0\xaf\x81\xbf\x06~\x1b\xf8m`\x97\xab\xae\
\xba\xea\xaa\xff[\x10W]u\xd5U\xff\xbf\xbc6\xcf\
\xdfos\xd5UW]\xf5\xff\x03\xe2\xaa\xab\xae\xba\xea\
\xaa\xab\xae\xba\xea\xaa\xffO\x10W]u\xd5UW]\
u\xd5UW\xfd\x7f\x82\xb8\xea\xaa\xab\xae\xba\xea\xaa\xab\
\xae\xba\xea\xff\x13\xc4UW]u\xd5UW]u\xd5\
U\xff\x9f \xae\xba\xea\xaa\xab\xae\xba\xea\xaa\xab\xae\xfa\
\xff\x04q\xd5UW]u\xd5UW]u\xd5\xff'\
\x88\xab\xae\xba\xea\xaa\xab\xae\xba\xea\xaa\xab\xfe?A\x5c\
u\xd5UW]u\xd5UW]\xf5\xff\x09\xe2\xaa\xab\
\xae\xba\xea\xaa\xab\xae\xba\xea\xaa\xffO\x10W]u\xd5\
UW]u\xd5UW\xfd\x7f\x82\xb8\xea\xaa\xab\xae\xba\
\xea\xaa\xab\xae\xba\xea\xff\x13\xc4UW]u\xd5UW\
]u\xd5U\xff\x9f \xae\xba\xea\xaa\xab\xae\xba\xea\xaa\
\xab\xae\xfa\xff\x04q\xd5UW]u\xd5UW]u\
\xd5\xff'\x88\xab\xae\xba\xea\xaa\xab\xae\xba\xea\xaa\xab\xfe\
?A\x5cu\xd5UW]u\xd5UW]\xf5\xff\x09\
\xe2\xaa\xab\xae\xba\xea\xaa\xab\xae\xba\xea\xaa\xffO\x10W\
]u\xd5UW]u\xd5UW\xfd\x7f\x82\xb8\xea\xaa\
\xab\xae\xba\xea\xaa\xab\xae\xba\xea\xff\x13\xc4UW]u\
\xd5UW]u\xd5U\xff\x9f \xae\xba\xea\xaa\xab\xae\
\xba\xea\xaa\xab\xae\xfa\xff\x04q\xd5UW]u\xd5U\
W]u\xd5\xff'\x88\xab\xae\xba\xea\xaa\xab\xae\xba\xea\
\xaa\xab\xfe?A\x5cu\xd5UW]u\xd5UW]\
\xf5\xff\x09\xe2\xaa\xab\xae\xba\xea\xaa\xab\xae\xba\xea\xaa\xff\
O\x10W]u\xd5UW]u\xd5UW\xfd\x7f\x82\
\xb8\xea\xaa\xab\xae\xba\xea\xaa\xab\xae\xba\xea\xff\x13\xc4U\
W]u\xd5UW]u\xd5U\xff\x9f \xae\xba\xea\
\xaa\xab\xae\xba\xea\xaa\xab\xae\xfa\xff\x04q\xd5UW]\
u\xd5UW]u\xd5\xff'\x88\xab\xae\xba\xea\xaa\xab\
\xae\xba\xea\xaa\xab\xfe?A\x5cu\xd5UW]u\xd5\
UW]\xf5\xff\x09\xe2\xaa\xab\xae\xba\xea\xaa\xab\xae\xba\
\xea\xaa\xffO\x10W]u\xd5UW]u\xd5UW\
\xfd\x7f\x82\xb8\xea\xaa\xab\xae\xba\xea\xaa\xab\xae\xba\xea\xff\
\x13\xc4UW]u\xd5UW]u\xd5U\xff\x9f \
\xae\xba\xea\xaa\xab\xae\xba\xea\xaa\xab\xae\xfa\xff\x04q\xd5\
UW]u\xd5UW]u\xd5\xff'\x88\xab\xae\xba\
\xea\xaa\xab\xae\xba\xea\xaa\xab\xfe?A\x5cu\xd5UW\
]u\xd5UW]\xf5\xff\x09\xe2\xaa\xab\xae\xba\xea\xaa\
\xab\xae\xba\xea\xaa\xffO\x10W]u\xd5UW]u\
\xd5UW\xfd\x7f\x82\xb8\xea\xaa\xab\xae\xba\xea\xaa\xab\xae\
\xba\xea\xff\x13\xc4UW]u\xd5UW]u\xd5U\
\xff\x9f \xae\xba\xea\xaa\xab\xae\xba\xea\xaa\xab\xae\xfa\xff\
\x04q\xd5UW]u\xd5UW]u\xd5\xff'\x88\
\xab\xae\xba\xea\xaa\xab\xae\xba\xea\xaa\xab\xfe?A\x5cu\
\xd5UW]u\xd5UW]\xf5\xff\x09\xe2\xaa\xab\xae\
\xba\xea\xaa\xab\xae\xba\xea\xaa\xffO\x10W]u\xd5U\
W]u\xd5UW\xfd\x7f\x82\xb8\xea\xaa\xab\xae\xba\xea\
\xaa\xab\xae\xba\xea\xff\x13\xc4UW]u\xd5UW]\
u\xd5U\xff\x9f \xae\xba\xea\xaa\xab\xae\xba\xea\xaa\xab\
\xae\xfa\xff\x04q\xd5UW]u\xd5UW]u\xd5\
\xff'\x88\xab\xae\xba\xea\xaa\xab\xae\xba\xea\xaa\xab\xfe?\
A\x5cu\xd5UW]u\xd5UW]\xf5\xff\x09\xe2\
\xaa\xab\xae\xba\xea\xaa\xab\xae\xba\xea\xaa\xffO\x10W]\
u\xd5UW]u\xd5UW\xfd\x7f\xc2?\x02_I\
\xa5\xcc|\xc83\x88\x00\x00\x00\x00IEND\xaeB\
`\x82\
\x00\x00=\x8c\
\x89\
PNG\x0d\x0a\x1a\x0a\x00\x00\x00\x0dIHDR\x00\
\x00\x02\x80\x00\x00\x02\x80\x08\x06\x00\x00\x00\x0c\xcd\xc9#\
\x00\x00=SIDATx\x01\xed\xc0\x03\xa0$Y\
\x96\xc6\xf1\xffw\xee\x8d\xc8\xcc\xa7rKc\xaem\xdb\
\xb6m\xdb\xb6m\xdb\xb6mi\x8c\x9e\x96J\xaf\x9e2\
3\x22\xee\xf9v\xb7jz\xa6\x87;k\xd5O\x5cu\
\xd5UW]u\xd5UW]\xf5\xff\x09\xe2\xaa\xab\xae\
\xba\xea\xaa\xab\xae\xba\xea\xaa\xffO\x10W]u\xd5U\
W]u\xd5UW\xfd\x7f\x82\xb8\xea\xaa\xab\xae\xba\xea\
\xaa\xab\xae\xba\xea\xff\x13\xc4UW]u\xd5UW]\
u\xd5U\xff\x9f \xae\xba\xea\xaa\xab\xae\xba\xea\xaa\xab\
\xae\xfa\xff\x04q\xd5UW]u\xd5UW]u\xd5\
\xff'\x88\xab\xae\xba\xea\xaa\xab\xae\xba\xea\xaa\xab\xfe?\
A\x5cu\xd5UW]u\xd5UW]\xf5\xff\x09\xe2\
\xaa\xab\xae\xba\xea\xaa\xab\xae\xba\xea\xaa\xffO\x10W]\
u\xd5UW]u\xd5UW\xfd\x7f\x82\xb8\xea\xaa\xab\
\xae\xba\xea\xaa\xab\xae\xba\xea\xff\x13\xc4UW]u\xd5\
UW]u\xd5U\xff\x9f \xae\xba\xea\xaa\xab\xae\xba\
\xea\xaa\xab\xae\xfa\xff\x04q\xd5UW]u\xd5UW\
]u\xd5\xff'\x88\xab\xae\xba\xea\xaa\xab\xae\xba\xea\xaa\
\xab\xfe?A\x5cu\xd5UW]u\xd5UW]\xf5\
\xff\x09\xe2\xaa\xab\xae\xba\xea\xaa\xab\xae\xba\xea\xaa\xffO\
\x10W]u\xd5UW]u\xd5UW\xfd\x7f\x82\xb8\
\xea\xaa\xab\xae\xba\xea\xaa\xab\xae\xba\xea\xff\x13\xc4UW\
]u\xd5UW]u\xd5U\xff\x9f \xae\xba\xea\xaa\
\xab\xae\xba\xea\xaa\xab\xae\xfa\xff\x04q\xd5UW]u\
\xd5UW]u\xd5\xff'\x88\xab\xae\xba\xea\xaa\xab\xae\
\xba\xea\xaa\xab\xfe?A\x5cu\xd5UW]u\xd5U\
W]\xf5\xff\x09\xe2\xaa\xab\xae\xba\xea\xaa\xab\xae\xba\xea\
\xaa\xffO\x10W]u\xd5UW]u\xd5UW\xfd\
\x7f\x82\xb8\xea\xaa\xab\xae\xba\xea\xaa\xab\xae\xba\xea\xff\x13\
\xc4UW]u\xd5UW]u\xd5U\xff\x9f \xae\
\xba\xea\xaa\xab\xae\xba\xea\xaa\xab\xae\xfa\xff\x04q\xd5U\
W]u\xd5UW]u\xd5\xff'\x88\xab\xae\xba\xea\
\xaa\xab\xae\xba\xea\xaa\xab\xfe?A\x5cu\xd5UW]\
u\xd5UW]\xf5\xff\x09\xe2\xaa\xab\xae\xba\xea\xaa\xab\
\xae\xba\xea\xaa\xffO\x10W]u\xd5UW]u\xd5\
UW\xfd\x7f\x82\xb8\xea\xaa\xab\xae\xba\xea\xaa\xab\xae\xba\
\xea\xff\x13\xc4UW]u\xd5UW]u\xd5U\xff\
\x9f \xae\xba\xea\xaa\xab\xae\xba\xea\xaa\xab\xae\xfa\xff\x04\
q\xd5UW]u\xd5UW]u\xd5\xff'\x88\xab\
\xae\xba\xea\xaa\xab\xae\xba\xea\xaa\xab\xfe?A\x5cu\xd5\
UW]u\xd5UW]\xf5\xff\x09\xe2\xaa\xab\xae\xba\
\xea\xaa\xab\xae\xba\xea\xaa\xffO\x10W]u\xd5UW\
]u\xd5UW\xfd\x7f\x82\xb8\xea\xaa\xab\xae\xba\xea\xaa\
\xab\xae\xba\xea\xff\x13\xc4UW]u\xd5UW]u\
\xd5U\xff\x9f \xae\xba\xea\xaa\xab\xae\xba\xea\xaa\xab\xae\
\xfa\xff\x04q\xd5UW]u\xd5UW]u\xd5\xff\
'\x88\xab\xae\xba\xea\xaa\xab\xae\xba\xea\xaa\xab\xfe?A\
\x5cu\xd5UW]u\xd5UW]\xf5\xff\x09\xe2\xaa\
\xab\xae\xba\xea\xaa\xab\xae\xba\xea\xaa\xffO\x10W]u\
\xd5UW]u\xd5UW\xfd\x7f\x82\xb8\xea\xaa\xab\xae\
\xba\xea\xaa\xab\xae\xba\xea\xff\x13\xc4UW]u\xd5U\
W]u\xd5U\xff\x9f \xae\xba\xea\xaa\xab\xae\xba\xea\
\xaa\xab\xae\xfa\xff\x04q\xd5UW]u\xd5UW]\
u\xd5\xff'\x88\xab\xae\xba\xea\xaa\xab\xae\xba\xea\xaa\xab\
\xfe?A\x5cu\xd5UW]u\xd5UW]\xf5\xff\
\x09\xe2\xaa\xab\xae\xba\xea\xaa\xab\xae\xba\xea\xaa\xffO\x10\
W]u\xd5UW]u\xd5UW\xfd\x7f\x82\xb8\xea\
\xaa\xab\xae\xba\xea\xaa\xab\xae\xba\xea\xff\x13\xc4UW]\
u\xd5UW]u\xd5U\xff\x9f \xae\xba\xea\xaa\xab\
\xae\xba\xea\xaa\xab\xae\xfa\xff\x04q\xd5UW]u\xd5\
UW]u\xd5\xff'\x88\xab\xae\xba\xea\xaa\xab\xae\xba\
\xea\xaa\xab\xfe?A\x5cu\xd5\xffM\xaf\x05<\x18x\
0\xf0\xd2\xc0q\x9e\xed\xc1\xc0\x83\xb9\xea\xaa\xff|\xbf\
\xcds\xfak`\x17\xf8m\xe0\x12\xf0\xd7\x5cu\xd5U\
W\xfd\xd7C\x5cu\xd5\xff~o\x05\xbc6\xf0\xd2\xc0\
K\x03\xc7\xb9\xea\xaa\xff=\xfe\x1a\xf8k\xe0\xb7\x81\xdf\
\x01n\xe5\xaa\xab\xae\xba\xea?\x17\xe2\xaa\xab\xfe\xf7y\
-\xe0\xb5\x81\xd7\x06^\x9b\xab\xae\xfa\xbf\xe5V\xe0\xb7\
\x81\xdf\x06~\x07\xb8\x95\xab\xae\xba\xea\xaa\xffX\x88\xab\
\xae\xfa\xdf\xe1\xa5\x81\xf7\x02\xde\x1b8\xceUW\xfd\xff\
\xf1\xdb\xc0w\x03?\x03\xecr\xd5UW]\xf5\xef\x87\
\xb8\xea\xaa\xff\xb9\x1e\x0c\xbc\x15\xf0\xd1\xc0\x83\xb9\xea\xaa\
\xab~\x1a\xf8n\xe0g\xb8\xea\xaa\xab\xae\xfa\xb7C\x5c\
u\xd5\xff</\x0d|\x14\xf0\xde\x5cu\xd5U\xcf\xcf\
\xad\xc0g\x03?\x03\xecr\xd5UW]\xf5\xaf\x83\xb8\
\xea\xaa\xff9^\x1b\xf8,\xe0\xb5\xb9\xea\xaa\xab^\x14\
\xbb\xc0W\x03_\x03\xecr\xd5UW]\xf5\xa2A\x5c\
u\xd5\x7f\xbf\xd7\x06>\x0bxm\xae\xba\xea\xaa\x7f\x8b\
]\xe0\xab\x81\xaf\x01v\xb9\xea\xaa\xab\xaez\xe1\x10W\
]\xf5\xdf\xe78\xf0]\xc0[s\xd5UW\xfdG\xd8\
\x05>\x1a\xf8\x1e\xae\xba\xea\xaa\xab^0\xc4UW\xfd\
\xf7\xf8(\xe0\xb3\x81\xe3\x5cu\xd5U\xff\xd1~\x1b\xf8\
\x18\xe0\xaf\xb9\xea\xaa\xab\xaez^\x88\xab\xae\xfa\xaf\xf5\
\xda\xc0W\x01/\xcdUW]\xf5\x9f\xed\xab\x81\xcf\x01\
v\xb9\xea\xaa\xab\xaez6\xc4UW\xfd\xd7\xf9,\xe0\
\xb3\xb9\xea\xaa\xab\xfe+\xfd5\xf0>\xc0_s\xd5U\
W]u\x05\xe2\xaa\xab\xfe\xf3\x1d\x07~\x0axm\xae\
\xba\xea\xaa\xff\x0e\xbb\xc0g\x03_\xc3UW]u\x15\
 \xae\xba\xea?\xd7k\x03?\x05\x1c\xe7\xaa\xab\xae\xfa\
\xef\xf6\xd3\xc0\xfb\x00\xbb\x5cu\xd5U\xff\x9f!\xae\xba\
\xea?\xcfg\x01\x9f\xcdUW]\xf5?\xc9\xad\xc0\xdb\
\x00\x7f\xcdUW]\xf5\xff\x15\xe2\xaa\xab\xfes|\x17\
\xf0\xde\x5cu\xd5U\xff\x13\xed\x02\xaf\x03\xfc5W]\
u\xd5\xffG\x88\xab\xae\xfa\x8fu\x1c\xf8.\xe0\xad\xb9\
\xea\xaa\xab\xfe'\xdb\x05>\x06\xf8n\xae\xba\xea\xaa\xff\
o\x10W]\xf5\x1f\xe78\xf0[\xc0Ks\xd5UW\
\xfdo\xf1>\xc0ws\xd5UW\xfd\x7f\x82\xb8\xea\xaa\
\xff\x18\xc7\x81\xdf\x02^\x9a\xab\xae\xba\xea\x7f\x9b\x8f\x06\
\xbe\x86\xab\xae\xba\xea\xff\x0b\xc4UW\xfd\xfb\x1d\x07~\
\x0bxi\xae\xba\xea\xaa\xff\xad\xbe\x1bx\x1f\xae\xba\xea\
\xaa\xff\x0f\x10W]\xf5\xefs\x1c\xf8-\xe0\xa5\xb9\xea\
\xaa\xab\xfe\xb7\xfbn\xe0}\xb8\xea\xaa\xab\xfe\xafC\x5c\
u\xd5\xbf\xcfO\x01o\xcdUW]\xf5\x7f\xc5w\x03\
\xef\xc3UW]\xf5\x7f\x19\xe2\xaa\xab\xfe\xed\xbe\x0bx\
o\xae\xba\xea\xaa\xffk\xbe\x1bx\x1f\xae\xba\xea\xaa\xff\
\xab\x10W]\xf5o\xf3\xd9\xc0gq\xd5UW\xfd_\
\xf5\xdd\xc0\xfbp\xd5UW\xfd_\x84\xb8\xea\xaa\x7f\xbd\
\xd7\x06~\x8b\xab\xae\xba\xea\xff\xba\xef\x06\xde\x87\xab\xae\
\xba\xea\xff\x1a\xc4UW\xfd\xeb\x1c\x07\x9e\x0e\x1c\xe7\xaa\
\xab\xae\xfa\xff\xe0\xbb\x81\xf7\xe1\xaa\xab\xae\xfa\xbf\x04q\
\xd5U\xff:\xbf\x05\xbc6W]u\xd5\xff'\xdf\x0d\
\xbc\x0fW]u\xd5\xff\x15\x88\xab\xaez\xd1}6\xf0\
Y\x5cu\xd5U\xff\x1f}7\xf0>\x5cu\xd5U\xff\
\x17 \xae\xba\xeaE\xf3\xda\xc0oq\xd5UW\xfd\x7f\
\xf6\xdd\xc0\xfbp\xd5UW\xfdo\x87\xb8\xea\xaa\x17\xcd\
_\x01/\xcdUW]\xf5\xff\xddw\x03\xef\xc3UW\
]\xf5\xbf\x19\xe2\xaa\xab\xfee\x1f\x0d|\x15W]u\
\xd5UW|7\xf0>\x5cu\xd5U\xff[!\xae\xba\
\xea\x85;\x0e<\x1d8\xceUW]u\xd5\xb3}7\
\xf0>\x5cu\xd5U\xff\x1b!\xae\xba\xea\x85\xfb)\xe0\
\xad\xb9\xea\xaa\xab\xaez^\xdf\x0d\xbc\x0fW]u\xd5\
\xff6\x88\xab\xaez\xc1^\x1b\xf8-\xae\xba\xea\xaa\xab\
^\xb0\xef\x06\xde\x87\xab\xae\xba\xea\x7f\x13\xc4UW\xbd\
`\xbf\x05\xbc6W]u\xd5U/\xdcw\x03\xef\xc3\
UW]\xf5\xbf\x05\xe2\xaa\xab\x9e\xbf\xd7\x06~\x8b\xab\
\xae\xba\xea\xaa\x17\xcdw\x03\xef\xc3UW]\xf5\xbf\x01\
\xe2\xaa\xab\x9e\xbf\xdf\x02^\x9b\xab\xae\xba\xea\xaa\x17\xdd\
w\x03\xef\xc3UW]\xf5?\x1d\xe2\xaa\xab\x9e\xd7K\
\x03\x7f\xc5UW]u\xd5\xbf\xdew\x03\xef\xc3UW\
]\xf5?\x19\xe2\xaa\xab\x9e\xd7w\x03\xef\xc5UW]\
u\xd5\xbf\xcdw\x03\xef\xc3UW]\xf5?\x15\xe2\xaa\
\xab\x9e\xd3\x83\x81\xa7s\xd5UW]\xf5\xef\xf3\xdd\xc0\
\xfbp\xd5UW\xfdO\x84\xb8\xea\xaa\xe7\xf4\xd1\xc0W\
q\xd5UW]\xf5\xef\xf7\xdd\xc0\xfbp\xd5UW\xfd\
O\x83\xb8\xea\xaa\xe7\xf4t\xe0\xc1\x5cu\xd5UW\xfd\
\xc7\xf8n\xe0}\xb8\xea\xaa\xab\xfe'A\x5cu\xd5\xb3\
\xbd4\xf0W\x5cu\xd5UW\xfd\xc7\xfan\xe0}\xb8\
\xea\xaa\xab\xfe\xa7@\x5cu\xd5\xb3}5\xf0Q\x5cu\
\xd5UW\xfd\xc7\xfbn\xe0}\xb8\xea\xaa\xab\xfe'@\
\x5cu\xd5\xb3]\x04\x8es\xd5UW]\xf5\x9f\xe3\xbb\
\x81\xf7\xe1\xaa\xab\xae\xfa\xef\x86\xb8\xea\xaa+^\x1b\xf8\
-\xae\xba\xea\xaa\xab\xfes}7\xf0>\x5cu\xd5U\
\xff\x9d\x10W]u\xc5g\x03\x9f\xc5UW]u\xd5\
\x7f\xbe\xef\x06\xde\x87\xab\xae\xba\xea\xbf\x0b\xe2\xaa\xab\xae\
\xf8m\xe0\xb5\xb8\xea\xaa\xab\xae\xfa\xaf\xf1\xdd\xc0\xfbp\
\xd5UW\xfdw@\x5cu\x15\x1c\x07.r\xd5UW\
]\xf5_\xeb\xbb\x81\xf7\xe1\xaa\xab\xae\xfa\xaf\x86\xb8\xea\
*xk\xe0\xa7\xb8\xea\xaa\xab\xae\xfa\xaf\xf7\xdd\xc0\xfb\
p\xd5UW\xfdWB\x5cu\x15|5\xf0Q\x5cu\
\xd5UW\xfd\xf7\xf8n\xe0}\xb8\xea\xaa\xab\xfe\xab \
\xae\xba\x0a~\x1bx-\xae\xba\xea\xaa\xab\xfe\xfb|7\
\xf0>\x5cu\xd5U\xff\x15\x10W]\x05\x17\x81\xe3\x5c\
u\xd5UW\xfd\xf7\xfan\xe0}\xb8\xea\xaa\xab\xfe\xb3\
!\xae\xba\x0a\xccUW]u\xd5\xff\x0c\xdf\x0d\xbc\x0f\
W]u\xd5\x7f&\xc4U\xff\xdf\xbd6\xf0[\x5cu\
\xd5UW\xfd\xcf\xf1\xdd\xc0\xfbp\xd5UW\xfdgA\
\x5c\xf5\xff\xdd{\x03\xdf\xc5UW]u\xd5\xff,\xdf\
\x0d\xbc\x0fW]u\xd5\x7f\x06\xc4U\xff\xdf}6\xf0\
Y\x5cu\xd5UW\xfd\xcf\xf3\xdd\xc0\xfbp\xd5UW\
\xfdGC\x5c\xf5\xff\xddO\x03o\xc5UW]u\xd5\
\xffL\xdf\x0d\xbc\x0fW]u\xd5\x7f$\xc4U\xff\xdf\
\xfd6\xf0Z\x5cu\xd5U\xff\x16\x7f\x03\xbc\x14W\xfd\
g\xfbn\xe0}\xb8\xea\xaa\xab\xfe\xa3 \xae\xfa\xff\xee\
\xb7\x81\xd7\xe2\xaa\xab\xae\xfa\xb78\x01\xfc6\xf0R\x5c\
\xf5\x9f\xed\xbb\x81\xf7\xe1\xaa\xab\xae\xfa\x8f\x80\xb8\xea\xff\
\xbb\xdf\x06^\x8b\xab\xae\xba\xea\xdfB\xc0q\xe0\xb7\x81\
\x97\xe2\xaa\xffl\xdf\x0d\xbc\x0fW]u\xd5\xbf\x17\xe2\
\xaa\xff\xef\x9e\x0e<\x98\xab\xae\xba\xea\xdfB\x5cq\x1c\
\xf8m\xe0\xa5\xb8\xea?\xdbw\x03\xef\xc3UW]\xf5\
\xef\x81\xb8\xea\xff;s\xd5UW\xfd[\x89g;\x0e\
\xfc6\xf0R\x5c\xf5\x9f\xed\xbb\x81\xf7\xe1\xaa\xab\xae\xfa\
\xb7B\x5c\xf5\xff\x9d\xb9\xea\xaa\xab\xfe\xad\xc4s:\x0e\
\xfc6\xf0R\x5c\xf5\x9f\xed\xbb\x81\xf7\xe1\xaa\xab\xae\xfa\
\xb7@\x5c\xf5\xff\x9d\xb9\xea\xaa\xab\xfe\xad\xc4\xf3:\x0e\
\xfc6\xf0R\x5c\xf5\x9f\xed\xbb\x81\xf7\xe1\xaa\xab\xae\xfa\
\xd7B\x5c\xf5\xff\x9d\xb9\xea\xaa\xab\xfe\xad\xc4\xf3w\x1c\
\xf8m\xe0\xa5\xb8\xea?\xdbw\x03\xef\xc3UW]\xf5\
\xaf\x81\xb8\xea\xff;s\xd5UW\xfd[\x89\x17\xec8\
\xf0\xdb\xc0Kq\xd5\x7f\xb6\xef\x06\xde\x87\xab\xae\xba\xea\
E\x85\xb8\xea\xff;s\xd5UW\xfd[\x89\x17\xee8\
\xf0\xdb\xc0Kq\xd5\x7f\xb6\xef\x06\xde\x87\xab\xae\xba\xea\
E\x81\xb8\xea\xff;s\xd5UW\xfd[\x89\x7f\xd9q\
\xe0\xb7\x81\x97\xe2\xaa\xffl\xdf\x0d\xbc\x0fW]u\xd5\
\xbf\x04q\xd5\xffw\xe6\xaa\xab\xae\xfa\xb7\x12/\x9a\xe3\
\xc0o\x03/\xc5U\xff\xd9\xbe\x1bx\x1f\xae\xba\xea\xaa\
\x17\x06q\xd5\xffw\xe6\xaa\xab\xae\xfa\xb7\x12/\xba\xe3\
\xc0o\x03/\xc5U\xff\xd9\xbe\x1bx\x1f\xae\xba\xea\xaa\
\x17\x04q\xd5\xffw\xe6\xaa\xab\xae\xfa\xb7\x12\xff:\xc7\
\x81\xdf\x06^\x8a\xab\xfe\xb3}7\xf0>\x5cu\xd5U\
\xcf\x0f\xe2\xaa\xff\xef\xccUW]\xf5o%\xfe\xf5\x8e\
\x03\xbf\x0d\xbc\x14W\xfdg\xfbn\xe0}\xb8\xea\xaa\xab\
\x9e\x1b\xe2\xaa\xff\xef\xccUW]\xf5o%\xfem\x8e\
\x03\xbf\x0d\xbc\x14W\xfdg\xfbn\xe0}\xb8\xea\xaa\xab\
\x1e\x08q\xd5\xffw\xe6\xaa\xab\xae\xfa\xb7\x12\xffv\xc7\
\x81\xdf\x06^\x8a\xab\xfe\xb3}7\xf0>\x5cu\xd5U\
\xf7C\x5c\xf5\xff\x9d\xb9\xea\xaa\xab\xfe\xad\xc4\xbf\xcfq\
\xe0\xb7\x81\x97\xe2\xaa\xffl\xdf\x0d\xbc\x0fW]u\x15\
\x00\xe2\xaa\xff\xef\xccUW]\xf5o%\xfe\xfd\x8e\x03\
\xbf\x0d\xbc\x14W\xfdg\xfbn\xe0}\xb8\xea\xaa\xab\x10\
W\xfd\x7fg\xae\xba\xea\xaa\x7f+\xf1\x1f\xe38\xf0\xdb\
\xc0Kq\xd5\x7f\xb6\xef\x06\xde\x87\xab\xae\xfa\xff\x0dq\
\xd5\xffw\xe6\xaa\xab\xae\xfa\xb7\x12\xffq\x8e\x03\xbf\x0d\
\xbc\x14W\xfdg\xfbn\xe0}\xb8\xea\xaa\xff\xbf\x10W\
\xfd\x7fg\xae\xba\xea\xaa\x7f+\xf1\x1f\xeb8\xf0\xdb\xc0\
Kq\xd5\x7f\xb6\xef\x06\xde\x87\xab\xae\xfa\xff\x09q\xd5\
\xffw\xe6\xaa\xab\xae\xfa\xb7\x12\xff\xf1\x8e\x03\xbf\x0d\xbc\
\x14W\xfdg\xfbn\xe0}\xb8\xea\xaa\xff\x7f\x10W\xfd\
\x7fg\xae\xba\xea\xaa\x7f+\xf1\x9f\xe38\xf0\xdb\xc0K\
q\xd5\x7f\xb6\xef\x06\xde\x87\xab\xae\xfa\xff\x05q\xd5\xff\
w\xe6\xaa\xab\xae\xfa\xb7\x12\xffy\x8e\x03\xbf\x0d\xbc\x14\
W\xfdg\xfbn\xe0}\xb8\xea\xaa\xff?\x10W\xfd\x7f\
g\xae\xba\xea\xaa\x7f+\xf1\x9f\xeb8\xf0\xdb\xc0Kq\
\xd5\x7f\xb6\xef\x06\xde\x87\xab\xae\xfa\xff\x01q\xd5\xffw\
\xe6\xaa\xab\xae\xfa\xb7\x12\xff\xf9\x8e\x03\xbf\x0d\xbc\x14W\
\xfdg\xfbn\xe0}\xb8\xea\xaa\xff\xfb\x10W\xfd\x7fg\
\xae\xba\xea\xaa\x7f+\xf1_\xe38\xf0\xdb\xc0Kq\xd5\
\x7f\xb6\xef\x06\xde\x87\xab\xae\xfa\xbf\x0dq\xd5\xffw\xe6\
\xaa\xab\xae\xfa\xb7\x12\xffu\x8e\x03\xbf\x0d\xbc\x14W\xfd\
g\xfbn\xe0}\xb8\xea\xaa\xff\xbb\x10W\xfd\x7fg\xae\
\xba\xea\xaa\x7f+\xf1_\xeb8\xf0\xdb\xc0Kq\xd5\x7f\
\xb6\xef\x06\xde\x87\xab\xae\xfa\xbf\x09q\xd5\xffw\xe6\xaa\
\xab\xae\xfa\xb7\x12\xff\xf5\x8e\x03\xbf\x0d\xbc\x14W\xfdg\
\xfbn\xe0}\xb8\xea\xaa\xff{\x10W\xfd\x7fg\xae\xba\
\xea\xaa\x7f+\xf1\xdf\xe38\xf0\xdb\xc0Kq\xd5\x7f\xb6\
\xef\x06\xde\x87\xab\xae\xfa\xbf\x05q\xd5\xffw\xe6\xaa\xab\
\xae\xfa\xb7\x12\xff}\x8e\x03\xbf\x0d\xbc\x14W\xfdg\xfb\
n\xe0}\xb8\xea\xaa\xff;\x10W\xfd\x7fg\xae\xba\xea\
\xaa\x7f+\xf1\xdf\xeb8\xf0\xdb\xc0Kq\xd5\x7f\xb6\xef\
\x06\xde\x87\xab\xae\xfa\xbf\x01q\xd5\xffw\xe6\xaa\xab\xae\
\xfa\xb7\x12\xff\xfd\x8e\x03\xbf\x0d\xbc\x14W\xfdg\xfbn\
\xe0}\xb8\xea\xaa\xff\xfd\x10W\xfd\x7fg\xae\xba\xea\xaa\
\x7f+\xf1?\xc3q\xe0\xb7\x81\x97\xe2\xaa\xffl\xdf\x0d\
\xbc\x0fW]\xf5\xbf\x1b\xe2\xaa\xff\xef\xccUW]\xf5\
o%\xfe\xe78\x0e\xfc6\xf0R\x5c\xf5\x9f\xed\xbb\x81\
\xf7\xe1\xaa\xab\xfe\xf7B\x5c\xf5\xff\x9d\xb9\xea\xaa\xab\xfe\
\xad\xc4\xff,\xc7\x81\xdf\x06^\x8a\xab\xfe\xb3}7\xf0\
>\x5cu\xd5\xffN\x88\xab\xfe\xbf3W]u\xd5\xbf\
\x95\xf8\x9f\xe78\xf0\xdb\xc0Kq\xd5\x7f\xb6\xef\x06\xde\
\x87\xab\xae\xfa\xdf\x07q\xd5\xffw\xe6\xaa\xab\xae\xfa\xb7\
\x12\xff3\x1d\x07~\x1bx)\xae\xfa\xcf\xf6\xdd\xc0\xfb\
p\xd5U\xff\xbb \xae\xfa\xff\xce\x5cu\xd5U\xffV\
\xe2\x7f\xae\xe3\xc0o\x03/\xc5U\xff\xd9\xbe\x1bx\x1f\
\xae\xba\xea\x7f\x0f\xc4U\xff\xdf\x99\xab\xae\xba\xea\xdfJ\
\xfc\xcfv\x1c\xf8m\xe0\xa5\xb8\xea?\xdbw\x03\xef\xc3\
UW\xfd\xef\x80\xb8\xea\xff;s\xd5UW\xfd[\x89\
\xff\xf9\x8e\x03\xbf\x0d\xbc\x14W\xfdg\xfbn\xe0}\xb8\
\xea\xaa\xff\xf9\x10W\xfd\x7fg\xae\xba\xea\xaa\x7f+\xf1\
\xbf\xc3q\xe0\xb7\x81\x97\xe2\xaa\xffl\xdf\x0d\xbc\x0fW\
]\xf5?\x1b\xe2\xaa\xff\xef\xccUW]\xf5o%\xfe\
\xf78\x0e\xfc6\xf0R\x5c\xf5\x9f\xed\xbb\x81\xf7\xe1\xaa\
\xab\xfe\xe7B\x5c\xf5\xff\x9d\xb9\xea\xaa\xab\xfe\xad\xc4\xff\
.\xc7\x81\xdf\x06^\x8a\xab\xfe\xb3}7\xf0>\x5cu\
\xd5\xffL\x88\xab\xfe\xbf3W]u\xd5\xbf\x95\xf8\xdf\
\xe78\xf0\xdb\xc0Kq\xd5\x7f\xb6\xef\x06\xde\x87\xab\xae\
\xfa\x9f\x07q\xd5\xffw\xe6\xaa\xab\xae\xfa\xb7\x12\xff;\
\x1d\x07~\x1bx)\xae\xfa\xcf\xf6\xdd\xc0\xfbp\xd5U\
\xff\xb3 \xae\xfa\xff\xce\x5cu\xd5U\xffV\xe2\x7f\xaf\
\xe3\xc0o\x03/\xc5U\xff\xd9\xbe\x1bx\x1f\xae\xba\xea\
\x7f\x0e\xc4U\xff\xdf\x99\xab\xae\xba\xea\xdfJ\xfc\xefv\
\x1c\xf8m\xe0\xa5\xb8\xea?\xdbw\x03\xef\xc3UW\xfd\
\xcf\x80\xb8\xea\xff;s\xd5UW\xfd[\x89\xff\xfd\x8e\
\x03\xbf\x0d\xbc\x14W\xfdg\xfbn\xe0}\xb8\xea\xaa\xff\
~\x88\xab\xfe\xbf3W]u\xd5\xbf\x95\xf8\xbf\xe18\
\xf0\xdb\xc0Kq\xd5\x7f\xb6\xef\x06\xde\x87\xab\xae\xfa\xef\
\x85\xb8\xea\xff;s\xd5UW\xfd[\x89\xff;\x8e\x03\
\xbf\x0d\xbc\x14W\xfdg\xfbn\xe0}\xb8\xea\xaa\xff>\
\x88\xab\xfe\xbf3W]u\xd5\xbf\x95\xf8\xbf\xe58\xf0\
\xdb\xc0Kq\xd5\x7f\xb6\xef\x06\xde\x87\xab\xae\xfa\xef\x81\
\xb8\xea\xff;s\xd5UW\xfd[\x89\xff{\x8e\x03\xbf\
\x0d\xbc\x14W\xfdg\xfbn\xe0}\xb8\xea\xaa\xffz\x88\
\xab\xfe\xbf3W]u\xd5\xbf\x95\xf8\xbf\xe98\xf0\xdb\
\xc0Kq\xd5\x7f\xb6\xef\x06\xde\x87\xab\xae\xfa\xaf\x85\xb8\
\xea\xff;s\xd5UW\xfd[\x89\xff\xbb\x8e\x03\xbf\x0d\
\xbc\x14W\xfdg\xfbn\xe0}\xb8\xea\xaa\xff:\x88\xab\
\xfe\xbf3W]u\xd5\xbf\x95\xf8\xbf\xed8\xf0\xdb\xc0\
Kq\xd5\x7f\xb6\xef\x06\xde\x87\xab\xae\xfa\xaf\x81\xb8\xea\
\xff;s\xd5UW\xfd[\x89\xff\xfb\x8e\x03\xbf\x0d\xbc\
\x14W\xfdg\xfbn\xe0}\xb8\xea\xaa\xff|\x88\xab\xfe\
\xbf3W]u\xd5\xbf\x95\xf8\xff\xe18\xf0\xdb\xc0K\
q\xd5\x7f\xb6\xef\x06\xde\x87\xab\xae\xfa\xcf\x85\xb8\xea\xff\
;s\xd5UW\xfd[\x89\xff?\x8e\x03\xbf\x0d\xbc\x14\
W\xfdg\xfbn\xe0}\xb8\xea\xaa\xff<\x88\xab\xfe\xbf\
3W]u\xd5\xbf\x95\xf8\xff\xe58\xf0\xdb\xc0Kq\
\xd5\x7f\xb6\xef\x06\xde\x87\xab\xae\xfa\xcf\x81\xb8\xea\xff;\
s\xd5UW\xfd[\x89\xff\x7f\x8e\x03\xbf\x0d\xbc\x14W\
\xfdg\xfbn\xe0}\xb8\xea\xaa\xffx\x88\xab\xfe\xbf3\
W]u\xd5\xbf\x95\xf8\xff\xe98\xf0\xdb\xc0Kq\xd5\
\x7f\xb6\xef\x06\xde\x87\xab\xae\xfa\x8f\x85\xb8\xea\xff;s\
\xd5UW\xfd[\x89\xff\xbf\x8e\x03\xbf\x0d\xbc\x14W\xfd\
g\xfbn\xe0}\xb8\xea\xaa\xff8\x88\xab\xfe\xbf3W\
]u\xd5\xbf\x95\xf8\xff\xed8\xf0\xdb\xc0Kq\xd5\x7f\
\xb6\xef\x06\xde\x87\xab\xae\xfa\x8f\x81\xb8\xea\xff;s\xd5\
UW\xfd[\x89\xab\x8e\x03\xbf\x0d\xbc\x14W\xfdg\xfb\
n\xe0}\xb8\xea\xaa\x7f?\xc4U\xff\xdf\x99\xab\xae\xba\
\xea\xdfJ\x5c\x05p\x1c\xf8m\xe0\xa5\xb8\xea?\xdb\xc7\
\x00_\xcdUW\xfd\xfb \xae\xfa\xff\xce\x5cu\xd5U\
\xffV\xe2\xaa\xfb\x1d\x07~\x1bx)\xae\xfa\xcf\xf6>\
\xc0ws\xd5U\xffv\x88\xab\xfe\xbf3W]u\xd5\
\xbf\x95\xb8\xea\x81\x8e\x03\xbf\x0d\xbc\x14W\xfdg{\x1f\
\xe0\xbb\xb9\xea\xaa\x7f\x1b\xc4U\xff\xdf\x99\xab\xae\xba\xea\
\xdfJ\x5c\xf5\xdc\x8e\x03\xbf\x0d\xbc\x14W\xfdg\xda\x05\
^\x07\xf8k\xae\xba\xea_\x0fq\xd5\xffw\xe6\xaa\xab\
\xae\xfa\xb7\x12W=?\xc7\x81\xdf\x06^\x8a\xab\xfe3\
\xed\x02\xaf\x03\xfc5W]\xf5\xaf\x83\xb8\xea\xff;s\
\xd5UW\xfd[\x89\xab^\x90\xe3\xc0o\x03/\xc5U\
\xff\x99n\x05^\x06\xd8\xe5\xaa\xab^t\x88\xab\xfe\xbf\
3W]u\xd5\xbf\x95\xb8\xea\x859\x0e\xfc6\xf0R\
\x5c\xf5\x9f\xe9\xa7\x81\xb7\xe1\xaa\xab^t\x88\xab\xfe\xbf\
3W]u\xd5\xbf\x95\xb8\xea_r\x1c\xf8m\xe0\xa5\
\xb8\xea?\xd3\xfb\x00\xdf\xcdUW\xbdh\x10W\xfd\x7f\
g\xae\xba\xea\xaa\x7f+q\xd5\x8b\xe28\xf0\xdb\xc0K\
q\xd5\x7f\x96]\xe0u\x80\xbf\xe6\xaa\xab\xfee\x88\xab\
\xfe\xbf3W]u\xd5\xbf\x95\xb8\xeaEu\x1c\xf8m\
\xe0\xa5\xb8\xea?\xcb_\x03\xaf\x03\xecr\xd5U/\x1c\
\xe2\xaa\xff\xef\xccUW]\xf5o%\xae\xfa\xd78\x0e\
\xfc6\xf0R\x5c\xf5\x9f\xe5s\x80\xcf\xe6\xaa\xab^8\
\xc4U\xff\xdf\x99\xab\xae\xba\xea\xdfJ\x5c\xf5\xafu\x1c\
\xf8m\xe0\xa5\xb8\xea?\xcbC\x80[\xb9\xea\xaa\x17\x0c\
q\xd5\xffw\xe6\xaa\xab\xae\xfa\xb7\x12W\xfd[\x1c\x07\
~\x1bx)\xae\xfa\xcf\xf0\xdb\xc0\xebp\xd5U/\x18\
\xe2\xaa\xff\xef\xccUW]\xf5o%\xae\xfa\xb7:\x0e\
\xfc6\xf0R\x5c\xf5\x9f\xe1m\x80\x9f\xe6\xaa\xab\x9e?\
\xc4U\xff\xdf\x99\xab\xae\xba\xea\xdfJ\x5c\xf5\xefq\x1c\
\xf8m\xe0\xa5\xb8\xea?\xda\xad\xc0\xcb\x00\xbb\x5cu\xd5\
\xf3B\x5c\xf5\xff\x9d\xb9\xea\xaa\xab\xfe\xad\xc4U\xff^\
\xc7\x81\xdf\x06^\x8a\xab\xfe\xa3}\x0e\xf0\xd9\x5cu\xd5\
\xf3B\x5c\xf5\xff\x9d\xb9\xea\xaa\xab\xfe\xad\xc4U\xff\x11\
\x8e\x03\xbf\x0d\xbc\x14W\xfdG\xda\x05\x1e\x02\xecr\xd5\
U\xcf\x09q\xd5\xffw\xe6\xaa\xab\xae\xfa\xb7\x12W\xfd\
G9\x0e\xfc6\xf0R\x5c\xf5\x1f\xe9s\x80\xcf\xe6\xaa\
\xab\x9e\x13\xe2\xaa\xff\xef\xccUW]\xf5o%\xae\xfa\
\x8ft\x1c\xf8m\xe0\xa5\xb8\xea?\xca\xad\xc0C\xb8\xea\
\xaa\xe7\x84\xb8\xea\xff;s\xd5UW\xfd[\x89\xab\xfe\
\xa3\x1d\x07~\x1bx)\xae\xfa\x8f\xf2>\xc0ws\xd5\
U\xcf\x86\xb8\xea\xff;s\xd5UW\xfd[\x89\xab\xfe\
3\x1c\x07~\x1bx)\xae\xfa\x8fp+\xf0\x10\xae\xba\
\xea\xd9\x10W\xfd\x7fg\xae\xba\xea\xaa\x7f+q\xd5\x7f\
\x96\xe3\xc0o\x03/\xc5U\xff\x11\xde\x06\xf8i\xae\xba\
\xea\x0a\xc4U\xff\xdf\x99\xab\xae\xba\xea\xdfJ\x5c\xf5\x9f\
\xe98\xf0\xdb\xc0Kq\xd5\xbf\xd7\xf7\x00\xef\xcdUW\
]\x81\xb8\xea\xff;s\xd5UW\xfd[\x89\xab\xfe\xb3\
\x1d\x07~\x1bx)\xae\xfa\xf7:\x01\xecr\xd5U\x80\
\xb8\xea\xff;s\xd5UW\xfd[\x89\xab\xfe+\x1c\x07\
~\x1bx)\xae\xfa\xf7x\x1f\xe0\xbb\xb9\xea*@\x5c\
\xf5\xff\x9d\xb9\xea\xaa\xab\xfe\xad\xc4U\xffU\x8e\x03\xbf\
\x0d\xbc\x14W\xfd[\xfd\x0c\xf0\xd6\x5cu\x15 \xae\xfa\
\xff\xce\x5cu\xd5U\xffV\xe2\xaa\xffJ\xc7\x81\xdf\x06\
^\x8a\xab\xfe\xadN\x00\xbb\x5c\xf5\xff\x1d\xe2\xaa\xff\xef\
\xccUW]\xf5o%\xae\xfa\xafv\x1c\xf8m\xe0\xa5\
\xb8\xea\xdf\xe2}\x80\xef\xe6\xaa\xff\xef\x10W\xfd\x7fg\
\xae\xba\xea\xaa\x7f+q\xd5\x7f\x87\xe3\xc0o\x03/\xc5\
U\xffZ\xdf\x03\xbc7W\xfd\x7f\x87\xb8\xea\xff;s\
\xd5UW\xfd[=\x04\xb8\x95\xab\xfe;\x1c\x07~\x1b\
x)\xae\xfa\xd7\xb8\x15x\x08W\xfd\x7f\x87\xb8\xea\xff\
;s\xd5UW\xfd[\xbd\x0e\xf0\xdb\x5c\xf5\xdf\xe58\
\xf0\xdb\xc0Kq\xd5\xbf\xc6C\x80[\xb9\xea\xff3\xc4\
U\xff\xdf\x99\xab\xae\xba\xea\xdf\xeac\x80\xaf\xe6\xaa\xff\
N\xc7\x81\xdf\x06^\x8a\xab^T\xef\x03|7W\xfd\
\x7f\x86\xb8\xea\xff;s\xd5UW\xfd[}\x0f\xf0\xde\
\x5c\xf5\xdf\xed8\xf0\xdb\xc0Kq\xd5\x8b\xe2{\x80\xf7\
\xe6\xaa\xff\xcf\x10W\xfd\x7fg\xae\xba\xea\xaa\x7f\xab[\
\x81\x87p\xd5\xff\x04\xc7\x81\xdf\x06^\x8a\xab\xfe%\x7f\
\x0d\xbc\x0cW\xfd\x7f\x86\xb8\xea\xff;s\xd5UW\xfd\
{\xbc\x0c\xf0\xd7\x5c\xf5?\xc1q\xe0\xb7\x81\x97\xe2\xaa\
\x7f\x89\xb8\xea\xff3\xc4U\xff\xdf\x99\xab\xae\xba\xea\xdf\
\xe3k\x80\x8f\xe6\xaa\xff)\x8e\x03\xbf\x0d\xbc\x14W\xbd\
0\x0f\x01n\xe5\xaa\xff\xaf\x10W\xfd\x7fg\xae\xba\xea\
\xaa\x7f\x8f]\xe0\x04W\xfdOr\x1c\xf8m\xe0\xa5\xb8\
\xea\x05y\x1d\xe0\xb7\xb9\xea\xff+\xc4U\xff\xdf\x99\xab\
\xae\xba\xea\xdf\xeb}\x80\xef\xe6\xaa\xffI\x8e\x03\xbf\x0d\
\xbc\x14W=?\x1f\x03|5W\xfd\x7f\x85\xb8\xea\xff\
;s\xd5UW\xfd{\xdd\x0a\xbc\x0c\xb0\xcbU\xff\x93\
\x1c\x07~\x1bx)\xaezn_\x03|4W\xfd\x7f\
\x85\xb8\xea\xff;s\xd5UW\xfdG\xf8\x1c\xe0\xb3\xb9\
\xea\x7f\x9a\xe3\xc0o\x03/\xc5U\x0f\xf4;\xc0ks\
\xd5\xffW\x88\xab\xfe\xbf3W]u\xd5\x7f\x94\x97\x01\
\xfe\x9a\xab\xfe\xa79\x0e\xfc6\xf0R\x5cu\xbf\xdf\x01\
^\x9b\xab\xfe\xbfB\x5c\xf5\xff\x9d\xb9\xea\xaa\xab\xfe\xa3\
\xfc5\xf0:\xc0.W\xfdOs\x1c\xf8m\xe0\xa5\xb8\
\x0a\xe0w\x80\xd7\xe6\xaa\xff\xaf\x10W\xfd\x7fg\xae\xba\
\xea\xaa\xffH\xdf\x0d\xbc\x0fW\xfdOt\x1c\xf8m\xe0\
\xa5\xb8\xeaw\x80\xd7\xe6\xaa\xff\xaf\x10W\xfd\x7fg\xae\
\xba\xea\xaa\xffh\xdf\x0d\xbc\x0fW\xfdOt\x1c\xf8m\
\xe0\xa5\xb8J\x5c\xf5\xff\x15\xe2\xaa\xff\xef\xccUW]\
\xf5\x9f\xe1\xbb\x81\xf7\xe1\xaa\xff\x89\x8e\x03\xbf\x0d\xbc\x14\
\xff\xbf\x89\xab\xfe\xbfB\x5c\xf5\xff\x9d\xb9\xea\xaa\xab\xfe\
\xb3|7\xf01\xc0.W\xfdOs\x1c\xf8m\xe0\xa5\
\xf8\xffK\x5c\xf5\xff\x15\xe2\xaa\xff\xef\xccUW]\xf5\
\x9f\xe9\xaf\x81\xf7\x01\xfe\x9a\xab\xfe\xa79\x0e\xfc6\xf0\
R\xfc\xff$\xae\xfa\xff\x0aq\xd5\xffw\xe6\xaa\xab\xae\
\xfa\xaf\xf0\xd9\xc0\xd7\x00\xbb\x5c\xf5?\xc9q\xe0\xb7\x81\
\x97\xe2\xff\x1fq\xd5\xffW\x88\xab\xfe\xbf3W]u\
\xd5\x7f\x95[\x81\xcf\x06~\x06\xd8\xe5\xaa\xff)\x8e\x03\
\xbf\x0d\xbc\x14\xff\xbf\x88\xab\xfe\xbfB\x5c\xf5\xff\x9d\xb9\
\xea\xaa\xab\xfe\xab\xed\x02\xdf\x0d|\x0f\xf0\xd7\x5c\xf5?\
\xc1q\xe0\xb7\x81\x97\xe2\xff\x0fq\xd5\xffW\x88\xab\xfe\
\xbf3W]u\xd5\x7f\xa7]\xe0\xa7\x81[\x81\xdf\x06\
\x9e\x01\xdc\xcaU\xff\x1d\x8e\x03\xbf\x0d\xbc\x14\xff?\x88\
\xab\xfe\xbfB\x5c\xf5\xff\x9d\xb9\xea\xaa\xab\xae\xba\xea\xff\
#q\xd5\xffW\x88\xab\xfe\xbf3W]u\xd5UW\
\xfd\x7f$\xae\xfa\xff\x0aq\xd5\xffw\xe6\xaa\xab\xae\xba\
\xea\xaa\xff\x8f\xc4U\xff_!\xae\xfa\xff\xce\x5cu\xd5\
UW]\xf5\xff\x91\xb8\xea\xff+\xc4U\xff\xdf\x99\xab\
\xae\xba\xea\xaa\xab\xfe?\x12W\xfd\x7f\x85\xb8\xea\xff;\
s\xd5UW]u\xd5\xffG\xe2\xaa\xff\xaf\x10W\xfd\
\x7fg\xae\xba\xea\xaa\xab\xae\xfa\xffH\x5c\xf5\xff\x15\xe2\
\xaa\xff\xef\xccUW]u\xd5U\xff\x1f\x89\xab\xfe\xbf\
B\x5c\xf5\xff\x9d\xb9\xea\xaa\xab\xae\xba\xea\xff#q\xd5\
\xffW\x88\xab\xfe\xbf3W]u\xd5UW\xfd\x7f$\
\xae\xfa\xff\x0aq\xd5\xffw\xe6\xaa\xab\xae\xba\xea\xaa\xff\
\x8f\xc4U\xff_!\xae\xfa\xff\xce\x5cu\xd5UW]\
\xf5\xff\x91\xb8\xea\xff+\xc4U\xff\xdf\x99\xab\xae\xba\xea\
\xaa\xab\xfe?\x12W\xfd\x7f\x85\xb8\xea\xff;s\xd5U\
W]u\xd5\xffG\xe2\xaa\xff\xaf\x10W\xfd\x7fg\xae\
\xba\xea\xaa\xab\xae\xfa\xffH\x5c\xf5\xff\x15\xe2\xaa\xff\xef\
\xccUW]u\xd5U\xff\x1f\x89\xab\xfe\xbfB\x5c\xf5\
\xff\x9d\xb9\xea\xaa\xab\xae\xba\xea\xff#q\xd5\xffW\x88\
\xab\xfe\xbf3W]u\xd5UW\xfd\x7f$\xae\xfa\xff\
\x0aq\xd5\xffw\xe6\xaa\xab\xae\xba\xea\xaa\xff\x8f\xc4U\
\xff_!\xae\xfa\xff\xce\x5cu\xd5UW]\xf5\xff\x91\
\xb8\xea\xff+\xc4U\xff\xdf\x99\xab\xae\xba\xea\xaa\xab\xfe\
?\x12W\xfd\x7f\x85\xb8\xea\xff;s\xd5UW]u\
\xd5\xffG\xe2\xaa\xff\xaf\x10W\xfd\x7fg\xae\xba\xea\xaa\
\xab\xae\xfa\xffH\x5c\xf5\xff\x15\xe2\xaa\xff\xef\xccUW\
]u\xd5U\xff\x1f\x89\xab\xfe\xbfB\x5c\xf5\xff\x9d\xb9\
\xea\xaa\xab\xae\xba\xea\xff#q\xd5\xffW\x88\xab\xfe\xbf\
3W]u\xd5UW\xfd\x7f$\xae\xfa\xff\x0aq\xd5\
\xffw\xe6\xaa\xab\xae\xba\xea\xaa\xff\x8f\xc4U\xff_!\
\xae\xfa\xff\xce\x5cu\xd5UW]\xf5\xff\x91\xb8\xea\xff\
+\xc4U\xff\xdf\x99\xab\xae\xba\xea\xaa\xab\xfe?\x12W\
\xfd\x7f\x85\xb8\xea\xff;s\xd5UW]u\xd5\xffG\
\xe2\xaa\xff\xaf\x10W\xfd\x7fg\xae\xba\xea\xaa\xab\xae\xfa\
\xffH\x5c\xf5\xff\x15\xe2\xaa\xff\xef\xccUW]u\xd5\
U\xff\x1f\x89\xab\xfe\xbfB\x5c\xf5\xff\x9d\xb9\xea\xaa\xab\
\xae\xba\xea\xff#q\xd5\xffW\x88\xab\xfe\xbf3W]\
u\xd5UW\xfd\x7f$\xae\xfa\xff\x0aq\xd5\xffw\xe6\
\xaa\xab\xae\xba\xea\xaa\xff\x8f\xc4U\xff_!\xae\xfa\xff\
\xce\x5cu\xd5UW]\xf5\xff\x91\xb8\xea\xff+\xc4U\
\xff\xdf\x99\xab\xae\xba\xea\xaa\xab\xfe?\x12W\xfd\x7f\x85\
\xb8\xea\xff;s\xd5UW]u\xd5\xffG\xe2\xaa\xff\
\xaf\x10W\xfd\x7fg\xae\xba\xea\xaa\xab\xae\xfa\xffH\x5c\
\xf5\xff\x15\xe2\xaa\xff\xef\xccUW]u\xd5U\xff\x1f\
\x89\xab\xfe\xbfB\x5c\xf5\xff\x9d\xb9\xea\xaa\xab\xae\xba\xea\
\xff#q\xd5\xffW\x88\xab\xfe\xbf3W]u\xd5U\
W\xfd\x7f$\xae\xfa\xff\x0aq\xd5\xffw\xe6\xaa\xab\xae\
\xba\xea\xaa\xff\x8f\xc4U\xff_!\xae\xfa\xff\xce\x5cu\
\xd5UW]\xf5\xff\x91\xb8\xea\xff+\xc4U\xff\xdf\x99\
\xab\xae\xba\xea\xaa\xab\xfe?\x12W\xfd\x7f\x85\xb8\xea\xff\
;s\xd5UW]u\xd5\xffG\xe2\xaa\xff\xaf\x10W\
\xfd\x7fg\xae\xba\xea\xaa\xab\xae\xfa\xffH\x5c\xf5\xff\x15\
\xe2\xaa\xff\xef\xccUW]u\xd5U\xff\x1f\x89\xab\xfe\
\xbfB\x5c\xf5\xff\x9d\xb9\xea\xaa\xab\xae\xba\xea\xff#q\
\xd5\xffW\x88\xab\xfe\xbf3W]u\xd5UW\xfd\x7f\
$\xae\xfa\xff\x0aq\xd5\xffw\xe6\xaa\xab\xae\xba\xea\xaa\
\xff\x8f\xc4U\xff_!\xae\xfa\xff\xce\x5cu\xd5UW\
]\xf5\xff\x91\xb8\xea\xff+\xc4U\xff\xdf\x99\xab\xae\xba\
\xea\xaa\xab\xfe?\x12W\xfd\x7f\x85\xb8\xea\xff;s\xd5\
UW]u\xd5\xffG\xe2\xaa\xff\xaf\x10W\xfd\x7fg\
\xae\xba\xea\xaa\xab\xae\xfa\xffH\x5c\xf5\xff\x15\xe2\xaa\xff\
\xef\xccUW]u\xd5U\xff\x1f\x89\xab\xfe\xbfB\x5c\
\xf5\xff\x9d\xb9\xea\xaa\xff~\xbf\x03\xfc6p+p+\
W\xfc5\xb0\x0b\xbc6W\x1c\x07^\x1axi\xe0\xb5\
\x81c\x5cu\xd5U\xff\x1e\xe2\xaa\xff\xaf\x10W\xfd\x7f\
g\xae\xba\xea\xbf\xc7\xcf\x00?\x0d\xfc4\xb0\xcb\xbf\xde\
[\x03o\x0d\xbc5p\x8c\xab\xae\xba\xea_K\x5c\xf5\
\xff\x15\xe2\xaa\xff\xef\xccUW\xfd\xd7\xb9\x04\xfc4\xf0\
\xd9\xc0\xad\xfc\xc78\x0e|4\xf0\xd1\xc01\xae\xba\xea\
\xaa\x17\x95\xb8\xea\xff+\xc4U\xff\xdf\x99\xab\xae\xfa\xaf\
\xf13\xc0G\x03\xb7\xf2\x9f\xe38\xf0\xd9\xc0Gq\xd5\
UW\xbd(\xc4U\xff_!\xae\xfa\xff\xce\x5cu\xd5\
\x7f\xaeK\xc0{\x03?\xcd\x7f\x8d\x97\x06~\x1ax\x10\
W]u\xd5\x0b#\xae\xfa\xff\x0aq\xd5\xffw\xe6\xaa\
\xab\xfe\xf3\xfc\x0d\xf0\xd6\xc0\xad\xfc\xd7:\x0e|7\xf0\
V\x5cu\xd5U/\x88\xb8\xea\xff+\xc4U\xff\xdf\x99\
\xab\xae\xfa\xcf\xf13\xc0{\x03\xbb\xfc\xf7\xf9n\xe0\xbd\
\xb8\xea\xaa\xab\x9e\x1fq\xd5\xffW\x88\xab\xfe\xbf3W\
]\xf5\x1f\xefw\x80\xd7\xe6\x7f\x86\xef\x06\xde\x8b\xab\xae\
\xba\xea\xb9\x89\xab\xfe\xbfB\x5c\xf5\xff\x9d\xb9\xea\xaa\xff\
X\xcf\x00^\x1a\xd8\xe5\x7f\x8e\xef\x06\xde\x8b\xab\xae\xba\
\xea\x81\xc4U\xff_!\xae\xfa\xff\xce\x5cu\xd5\x7f\x9c\
K\xc0k\x03\x7f\xcd\xff<\xdf\x0d\xbc\x17W]u\xd5\
\xfd\xc4U\xff_!\xae\xfa\xff\xce\x5cu\xd5\x7f\x9c\xb7\
\x01~\x9a\xff\xb9\xbe\x1bx/\xae\xba\xea*\x00q\xd5\
\xffW\x88\xab\xfe\xbf3W]\xf5\x1f\xe3{\x80\xf7\xe6\
\x7f\xbe\xef\x06\xde\x8b\xab\xae\xbaJ\x5c\xf5\xff\x15\xe2\xaa\
\xff\xef\xccUW\xfd\xc7x\x08p+\xff;|7\xf0\
^\x5cu\xd5\xffo\xe2\xaa\xff\xaf\x10W\xfd\x7fg\xae\
\xba\xea\xdf\xef{\x80\xf7\xe6\x7f\x97\xef\x06\xde\x8b\xab\xae\
\xfa\xffK\x5c\xf5\xff\x15\xe2\xaa\xff\xef\xccUW\xfd\xfb\
\x5c\x02^\x1a\xb8\x95\xff}\xbe\x1bx/\xae\xba\xea\xff\
'q\xd5\xffW\x88\xab\xfe\xbf3W]\xf5\xef\xf3=\
\xc0{\xf3\xbf\xd7w\x03\xef\xc5UW\xfd\xff#\xae\xfa\
\xff\x0aq\xd5\xffw\xe6\xaa\xab\xfe}\xde\x07\xf8n\xfe\
w\xfbn\xe0\xbd\xb8\xea\xaa\xff_\xc4U\xff_!\xae\
\xfa\xff\xce\x5cu\xd5\xbf\xcf\x09`\x97\xff\xfd\xbe\x1bx\
/\xae\xba\xea\xff\x0fq\xd5\xffW\x88\xab\xfe\xbf3W\
]\xf5o\xf77\xc0K\xf3\x7f\xc7w\x03\xef\xc5UW\
\xfd\xff \xae\xfa\xff\x0aq\xd5\xffw\xe6\xaa\xab\xfe\xed\
>\x07\xf8l\xfeo\xf9n\xe0\xbd\xb8\xea\xaa\xff\xfb\xc4\
U\xff_!\xae\xfa\xff\xce\x5cu\xd5\xbf\xdd\xfb\x00\xdf\
\xcd\xff=\xdf\x0d\xbc\x17W]\xf5\x7f\x9b\xb8\xea\xff+\
\xc4U\xff\xdf\x99\xab\xae\xfa\xb7{\x1d\xe0\xb7\xf9\xbf\xe9\
\xbb\x81\xf7\xe2\xaa\xab\xfe\xef\x12W\xfd\x7f\x85\xb8\xea\xff\
;s\xd5U\xffv\xaf\x03\xfc6\xffw}7\xf0^\
\x5cu\xd5\xffM\xe2\xaa\xff\xaf\x10W\xfd\x7fg\xae\xba\
\xea\xdf\xee\x04\xb0\xcb\xffm\xdf\x0d\xbc\x17W]\xf5\x7f\
\x8f\xb8\xea\xff+\xc4U\xff\xdf\x99\xab\xae\xfa\xb7;\x01\
\xec\xf2\x7f\xdfw\x03\xef\xc5UW\xfd\xdf\x22\xae\xfa\xff\
\x0aq\xd5\xffw\xe6\xaa\xab\xfe\xed^\x07\xf8m\xfe\x7f\
\xf8n\xe0\xbd\xb8\xea\xaa\xff;\xc4U\xff_!\xae\xfa\
\xff\xce\x5cu\xd5\xbf\xdd\xeb\x00\xbf\xcd\xff\x1f\xdf\x0d\xbc\
\x17W]\xf5\x7f\x83\xb8\xea\xff+\xc4U\xff\xdf\x99\xab\
\xae\xfa\xb7{\x1f\xe0\xbb\xf9\xff\xe5\xbb\x81\xf7\xe2\xaa\xab\
\xfe\xf7\x13W\xfd\x7f\x85\xb8\xea\xff;s\xd5U\xffv\
\x9f\x03|6\xff\xff|7\xf0^\x5cu\xd5\xffn\xe2\
\xaa\xff\xaf\x10W\xfd\x7fg\xae\xba\xea\xdf\xeew\x80\xd7\
\xe6\xff\xa7\xef\x06\xde\x8b\xab\xae\xfa\xdfK\x5c\xf5\xff\x15\
\xe2\xaa\xff\xef\xccUW\xfd\xfb\x9c\x00v\xf9\xff\xe9\xbb\
\x81\xf7\xe2\xaa\xab\xfew\x12W\xfd\x7f\x85\xb8\xea\xff;\
s\xd5U\xff>\xef\x03|7\xff\x7f}7\xf0^\x5c\
u\xd5\xff>\xe2\xaa\xff\xaf\x10W\xfd\x7fg\xae\xba\xea\
\xdf\xe7{\x80\xf7\xe6\xff\xb7\xef\x06\xde\x8b\xab\xae\xfa\xdf\
E\x5c\xf5\xff\x15\xe2\xaa\xff\xef\xccUW\xfd\xfb\xec\x02\
\x0f\x01v\xf9\xff\xed\xbb\x81\xf7\xe2\xaa\xab\xfe\xf7\x10W\
\xfd\x7f\x85\xb8\xea\xff;s\xd5U\xff~\xdf\x03\xbc7\
W}7\xf0^\x5cu\xd5\xff\x0e\xe2\xaa\xff\xaf\x10W\
\xfd\x7fg\xae\xba\xea?\xc6C\x80[\xb9\xea\xbb\x81\xf7\
\xe2\xaa\xab\xfe\xe7\x13W\xfd\x7f\x85\xb8\xea\xff;s\xd5\
U\xff1\xbe\x07xo\xae\x02\xf8n\xe0\xbd\xb8\xea\xaa\
\xff\xd9\xc4U\xff_!\xae\xfa\xff\xce\x5cu\xd5\x7f\x9c\
\xd7\x01~\x9b\xab\x00\xbe\x1bx/\xae\xba\xea\x7f.q\
\xd5\xffW\x88\xab\xfe\xbf3W]\xf5\x1fg\x17x\x19\
\xe0V\xae\x02\xf8n\xe0\xbd\xb8\xea\xaa\xff\x99\xc4U\xff\
_!\xae\xfa\xff\xce\x5cu\xd5\x7f\xac\xbf\x06^\x07\xd8\
\xe5*\x80\xef\x06\xde\x8b\xab\xae\xfa\x9fG\x5c\xf5\xff\x15\
\xe2\xaa\xff\xef\xccUW\xfd\xc7\xfbi\xe0m\xb8\xea~\
\xdf\x0d\xbc\x17W]\xf5?\x8b\xb8\xea\xff+\xc4U\xff\
\xdf\x99\xab\xae\xfa\xcf\xf1\xdd\xc0\xfbp\xd5\xfd\xbe\x1bx\
/\xae\xba\xea\x7f\x0eq\xd5\xffW\x88\xab\xfe\xbf3W\
]\xf5\x9f\xe7\xbb\x81\xf7\xe1\xaa\xfb}7\xf0^\x5cu\
\xd5\xff\x0c\xe2\xaa\xff\xaf\x10W\xfd\x7fg\xae\xba\xea?\
\xd7w\x03\xef\xc3U\xf7\xfbn\xe0\xbd\xb8\xea\xaa\xff~\
\xe2\xaa\xff\xaf\x10W\xfd\x7fg\xae\xba\xea?\xdfw\x03\
\xef\xc3U\xf7\xfbn\xe0\xbd\xb8\xea\xaa\xff^\xe2\xaa\xff\
\xaf\x10W\xfd\x7fg\xae\xba\xea\xbf\xc6w\x03\xef\xc3U\
\xf7\xfbn\xe0\xbd\xb8\xea\xaa\xff>\xe2\xaa\xff\xaf\x10W\
\xfd\x7fg\xae\xba\xea\xbf\xcew\x03\xef\xc3U\xf7\xfbn\
\xe0\xbd\xb8\xea\xaa\xff\x1e\xe2\xaa\xff\xaf\x10W\xfd\x7fg\
\xae\xba\xea\xbf\xd6w\x03\xef\xc3U\xf7\xfbn\xe0\xbd\xb8\
\xea\xaa\xffz\xe2\xaa\xff\xaf\x10W\xfd\x7fg\xae\xba\xea\
\xbf\xdew\x03\xef\xc3U\xf7\xfbn\xe0\xbd\xb8\xea\xaa\xff\
Z\xe2\xaa\xff\xaf\x10W\xfd\x7fg\xae\xba\xea\xbf\xc7w\
\x03\xef\xc3U\xf7\xfbn\xe0\xbd\xb8\xea\xaa\xff:\xe2\xaa\
\xff\xaf\x10W\xfd\x7fg\xae\xba\xea\xbf\xcfw\x03\xef\xc3\
U\xf7\xfbn\xe0\xbd\xb8\xea\xaa\xff\x1a\xe2\xaa\xff\xaf\x10\
W\xfd\x7fg\xae\xba\xea\xbf\xd7w\x03\xef\xc3U\xf7\xfb\
n\xe0\xbd\xb8\xea\xaa\xff|\xe2\xaa\xff\xaf\x10W\xfd\x7f\
g\xae\xba\xea\xbf\xdfw\x03\xef\xc3U\xf7\xfbn\xe0\xbd\
\xb8\xea\xaa\xff\x5c\xe2\xaa\xff\xaf\x10W\xfd\x7fg\xae\xba\
\xea\x7f\x86\xef\x06\xde\x87\xab\xee\xf7\xdd\xc0{q\xd5U\
\xffy\xc4U\xff_!\xae\xfa\xff\xce\x5cu\xd5\xff\x1c\
\xdf\x0d\xbc\x0fW\xdd\xef\xbb\x81\xf7\xe2\xaa\xab\xfes\x88\
\xab\xfe\xbfB\x5c\xf5\xff\x9d\xb9\xea\xaa\xffY\xbe\x1bx\
\x1f\xae\xba\xdfw\x03\xef\xc5UW\xfd\xc7\x13W\xfd\x7f\
\x85\xb8\xea\xff;s\xd5U\xff\xf3|7\xf0>\x5cu\
\xbf\xef\x06\xde\x8b\xab\xae\xfa\x8f%\xae\xfa\xff\x0aq\xd5\
\xffw\xe6\xaa\xab\xfeg\xfan\xe0}\xb8\xea~\xdf\x0d\
\xbc\x17W]\xf5\x1fG\x5c\xf5\xff\x15\xe2\xaa\xff\xef\xcc\
UW\xfd\xcf\xf5\xdd\xc0\xfbp\xd5\xfd\xbe\x1bx/\xae\
\xba\xea?\x86\xb8\xea\xff+\xc4U\xff\xdf\x99\xab\xae\xfa\
\x9f\xed\xbb\x81\xf7\xe1\xaa\xfb}7\xf0^\x5cu\xd5\xbf\
\x9f\xb8\xea\xff+\xc4U\xff\xdf\x99\xab\xae\xfa\x9f\xef\xbb\
\x81\xf7\xe1\xaa\xfb}7\xf0^\x5cu\xd5\xbf\x8f\xb8\xea\
\xff+\xc4U\xff\xdf\x99\xab\xae\xfa\xdf\xe1\xbb\x81\xf7\xe1\
\xaa\xfb}7\xf0^\x5cu\xd5\xbf\x9d\xb8\xea\xff+\xc4\
U\xff\xdf\x99\xab\xae\xfa\xdf\xe3\xbb\x81\xf7\xe1\xaa\xfb}\
7\xf0^\x5cu\xd5\xbf\x8d\xb8\xea\xff+\xc4U\xff\xdf\
\x99\xab\xae\xfa\xdf\xe5\xbb\x81\xf7\xe1\xaa\xfb}7\xf0^\
\x5cu\xd5\xbf\x9e\xb8\xea\xff+\xc4U\xff\xdf\x99\xab\xae\
\xfa\xdf\xe7\xbb\x81\xf7\xe1\xaa\xfb}7\xf0^\x5cu\xd5\
\xbf\x8e\xb8\xea\xff+\xc4U\xff\xdf\x99\xab\xae\xfa\xdf\xe9\
\xbb\x81\xf7\xe1\xaa\xfb}7\xf0^\x5cu\xd5\x8bN\x5c\
\xf5\xff\x15\xe2\xaa\xff\xef\xccUW\xfd\xef\xf5\xdd\xc0\xfb\
p\xd5\xfd\xbe\x1bx/\xae\xba\xeaE#\xae\xfa\xff\x0a\
q\xd5\xffw\xe6\xaa\xab\xfew\xfbn\xe0}\xb8\xea~\
\xdf\x0d\xbc\x17W]\xf5/\x13W\xfd\x7f\x85\xb8\xea\xff\
;s\xd5U\xff\xfb}7\xf0>\x5cu\xbf\xef\x06\xde\
\x8b\xab\xaez\xe1\xc4U\xff_!\xae\xfa\xff\xce\x5cu\
\xd5\xff\x0d\xdf\x0d\xbc\x0fW\xdd\xef\xbb\x81\xf7\xe2\xaa\xab\
^0q\xd5\xffW\x88\xab\xfe\xbf3W]\xf5\x7f\xc7\
w\x03\xef\xc3U\xf7\xfbn\xe0\xbd\xb8\xea\xaa\xe7O\x5c\
\xf5\xff\x15\xe2\xaa\xff\xef\xccUW\xfd\xdf\xf2\xdd\xc0\xfb\
p\xd5\xfd\xbe\x1bx/\xae\xba\xeay\x89\xab\xfe\xbfB\
\x5cu\xd5UW]\xf5\x7f\xddw\x03\xef\xc5UW=\
'q\xd5\xffW\x88\xab\xae\xba\xea\xaa\xab\xfe?\xf8n\
\xe0\xbd\xb8\xea\xaag\x13W\xfd\x7f\x85\xb8\xea\xaa\xab\xae\
\xba\xea\xff\x8b\xef\x06\xde\x8b\xab\xae\xbaB\x5c\xf5\xff\x15\
\xe2\xaa\xab\xae\xba\xea\xaa\xffO\xbe\x1bx/\xae\xba\x0a\
\xc4U\xff_!\xae\xba\xea\xaa\xab\xae\xfa\xff\xe6\xbb\x81\
\xf7\xe2\xaa\xff\xef\xc4U\xff_!\xae\xba\xea\xaa\xab\xae\
\xfa\xff\xe8\xbb\x81\xf7\xe2\xaa\xff\xcf\xc4U\xff_!\xae\
\xba\xea\xaa\xab\xae\xfa\xff\xea\xbb\x81\xf7\xe2\xaa\xff\xaf\xc4\
U\xff_!\xae\xba\xea\xaa\xab\xae\xfa\xff\xec\xbb\x81\xf7\
\xe2\xaa\xff\x8f\xc4U\xff_!\xae\xba\xea\xaa\xab\xae\xfa\
\xff\xec8\xf0\xdb\xc0Kq\xd5\xff7\xe2\xaa\xff\xaf\x10\
W]u\xd5UW\xfd\x7f\xf7`\xe0\xaf\x81c\x5c\xf5\
\xff\x89\xb8\xea\xff+\xc4UW]u\xd5UW\xc1K\
\x03\x7f\xc5U\xff\x9f\x88\xab\xfe\xbfB\x5cu\xd5UW\
]u\xd5\x15\xdf\x0d\xbc\x17W\xfd\x7f!\xae\xfa\xff\x0a\
q\xd5UW]u\xd5UW<\x18\xf8k\xe0\x18W\
\xfd\x7f \xae\xfa\xff\x0aq\xd5UW]u\xd5U\xcf\
\xf6\xd9\xc0gq\xd5\xff\x07\xe2\xaa\xff\xaf\x10W]u\
\xd5UW]\xf5l\xc7\x81[\x81c\x5c\xf5\x7f\x9d\xb8\
\xea\xff+\xc4UW]u\xd5UW=\xa7\xaf\x06>\
\x8a\xab\xfe\xaf\x13W\xfd\x7f\x85\xb8\xea\xaa\xab\xae\xba\xea\
\xaa\xe7\xf4\xd6\xc0Oq\xd5\xffu\xe2\xaa\xff\xaf\x10W\
]u\xd5UW]\xf5\xbc\xccU\xff\xd7\x89\xab\xfe\xbf\
B\x5cu\xd5UW]u\xd5\xf3\xfai\xe0\xad\xb8\xea\
\xff2q\xd5\xffW\x88\xab\xae\xba\xea\xaa\xab\xaez^\
\x1f\x0d|\x15W\xfd_&\xae\xfa\xff\x0aq\xd5UW\
]u\xd5U\xcf\xeb\xb5\x81\xdf\xe2\xaa\xff\xcb\xc4U\xff\
_!\xae\xba\xea\xaa\xab\xae\xba\xeay\xbd6\xf0[\x5c\
\xf5\x7f\x99\xb8\xea\xff+\xc4UW]u\xd5UW=\
\xaf\xe3\xc0E\xae\xfa\xbfL\x5c\xf5\xff\x15\xe2\xaa\xab\xae\
\xba\xea\xaa\xab\x9e?s\xd5\xffe\xe2\xaa\xff\xaf\x10W\
]u\xd5UW]\xf5\xfc\x99\xab\xfe/\x13W\xfd\x7f\
\x85\xb8\xea\xaa\xab\xae\xba\xea\xaa\xe7u\x1c\xb8\xc8U\xff\
\x97\x89\xab\xfe\xbfB\x5cu\xd5UW]u\xd5\xf3z\
m\xe0\xb7\xb8\xea\xff2q\xd5\xffW\x88\xab\xae\xba\xea\
\xaa\xab\xaez^\xaf\x0d\xfc\x16W\xfd_&\xae\xfa\xff\
\x0aq\xd5UW]u\xd5U\xcf\xeb\xbd\x81\xef\xe2\xaa\
\xff\xcb\xc4U\xff_!\xae\xba\xea\xaa\xab\xae\xba\xeay\
}7\xf0^\x5c\xf5\x7f\x99\xb8\xea\xff+\xc4UW]\
u\xd5UW=\xaf\x8b\xc0q\xae\xfa\xbfL\x5c\xf5\xff\
\x15\xe2\xaa\xab\xae\xba\xea\xaa\xab\x9e\xd3k\x03\xbf\xc5U\
\xff\xd7\x89\xab\xfe\xbfB\x5cu\xd5UW]u\xd5s\
\xfaj\xe0\xa3\xb8\xea\xff:q\xd5\xffW\x88\xab\xae\xba\
\xea\xaa\xab\xaez\xb6\xe3\xc0_\x01\x0f\xe6\xaa\xff\xeb\xc4\
U\xff_!\xae\xba\xea\xaa\xab\xae\xba\xea\xd9>\x1b\xf8\
,\xae\xfa\xff@\x5c\xf5\xff\x15\xe2\xaa\xab\xae\xba\xea\xaa\
\xab\xae8\x0e<\x1d8\xceU\xff\x1f\x88\xab\xfe\xbfB\
\x5cu\xd5UW]u\xd5\x15\x9f\x0d|\x16W\xfd\x7f\
!\xae\xfa\xff\x0aq\xd5UW]u\xd5U\xf0\xd2\xc0\
o\x01\xc7\xb9\xea\xff\x0bq\xd5\xffW\x88\xab\xae\xba\xea\
\xaa\xab\xfe\xbf;\x0e\xfc\x15\xf0`\xae\xfa\xffD\x5c\xf5\
\xff\x15\xe2\xaa\xab\xae\xba\xea\xaa\xff\xef~\x0bxm\xae\
\xfa\xffF\x5c\xf5\xff\x15\xe2\xaa\xab\xae\xba\xea\xaa\xff\xcf\
\xbe\x0bxo\xae\xfa\xffH\x5c\xf5\xff\x15\xe2\xaa\xab\xae\
\xba\xea\xaa\xff\xaf\xde\x1b\xf8.\xae\xfa\xffJ\x5c\xf5\xff\
\x15\xe2\xaa\xab\xae\xba\xea\xaa\xff\x8f\xde\x1b\xf8.\xae\xfa\
\xffL\x5c\xf5\xff\x15\xe2\xaa\xab\xae\xba\xea\xaa\xffo\xde\
\x1b\xf8.\xae\xfa\xffN\x5c\xf5\xff\x15\xe2\xaa\xab\xae\xba\
\xea\xaa\xffO\xde\x1b\xf8.\xae\xba\x0a\xc4U\xff_!\
\xae\xba\xea\xaa\xab\xae\xfa\xff\xe2\xbd\x81\xef\xe2\xaa\xab\xae\
\x10W\xfd\x7f\x85\xb8\xea\xaa\xab\xae\xba\xea\xff\x83\xf7\x06\
\xbe\x8b\xab\xaez6q\xd5\xffW\x88\xab\xae\xba\xea\xaa\
\xab\xfe\xaf{o\xe0\xbb\xb8\xea\xaa\xe7$\xae\xfa\xff\x0a\
q\xd5\xffw\xe6\xaa\xab\xfeo\xf9\x1e\xe0\xbd\xb9\xea~\
\xef\x0d|\x17W]\xf5\xbc\xc4U\xff_!\xae\xfa\xff\
\xce\x5cu\xd5\xff\x1d\xdf\x03\xbc7W\xdd\xef\xbd\x81\xef\
\xe2\xaa\xab\x9e?q\xd5\xffW\x88\xab\xfe\xbf3W]\
\xf5\x7f\xc3\xf7\x00\xef\xcdU\xf7{o\xe0\xbb\xb8\xea\xaa\
\x17L\x5c\xf5\xff\x15\xe2\xaa\xff\xef\xccUW\xfd\xef\xf7\
=\xc0{s\xd5\xfd\xde\x1b\xf8.\xae\xba\xea\x85\x13W\
\xfd\x7f\x85\xb8\xea\xff;s\xd5U\xff\xbb}\x0f\xf0\xde\
\x5cu\xbf\xf7\x06\xbe\x8b\xab\xae\xfa\x97\x89\xab\xfe\xbfB\
\x5c\xf5\xff\x9d\xb9\xea\xaa\xff\xbd\xbe\x07xo\xae\xba\xdf\
{\x03\xdf\xc5UW\xbdh\xc4U\xff_!\xae\xfa\xff\
\xce\x5cu\xd5\xffN\xdf\x03\xbc7W\xdd\xef\xbd\x81\xef\
\xe2\xaa\xab^t\xe2\xaa\xff\xaf\x10W\xfd\x7fg\xae\xba\
\xea\x7f\x9f\xef\x01\xde\x9b\xab\xee\xf7\xde\xc0wq\xd5U\
\xff:\xe2\xaa\xff\xaf\x10W\xfd\x7fg\xae\xba\xea\x7f\x97\
\xef\x01\xde\x9b\xab\xee\xf7\xde\xc0wq\xd5U\xffz\xe2\
\xaa\xff\xaf\x10W\xfd\x7fg\xae\xba\xea\x7f\x8f\xef\x01\xde\
\x9b\xab\xee\xf7\xde\xc0wq\xd5U\xff6\xe2\xaa\xff\xaf\
\x10W\xfd\x7fg\xae\xba\xea\x7f\x87\xef\x01\xde\x9b\xab\xee\
\xf7\xde\xc0wq\xd5U\xffv\xe2\xaa\xff\xaf\x10W\xfd\
\x7fg\xae\xba\xea\x7f\xbe\xef\x01\xde\x9b\xab\xee\xf7\xde\xc0\
wq\xd5U\xff>\xe2\xaa\xff\xaf\x10W\xfd\x7fg\xae\
\xba\xea\x7f\xb6\xef\x01\xde\x9b\xab\xee\xf7\xde\xc0wq\xd5\
U\xff~\xe2\xaa\xff\xaf\x10W\xfd\x7fg\xae\xba\xea\x7f\
\xae\xef\x01\xde\x9b\xab\xee\xf7\xde\xc0wq\xd5U\xff1\
\xc4U\xff_!\xae\xfa\xff\xce\x5cu\xd5\xffL\xdf\x03\
\xbc7W\xdd\xef\xbd\x81\xef\xe2\xaa\xab\xfe\xe3\x88\xab\xfe\
\xbfB\x5c\xf5\xff\x9d\xb9\xea\xaa\xffy\xbe\x07xo\xae\
\xba\xdf{\x03\xdf\xc5UW\xfd\xc7\x12W\xfd\x7f\x85\xb8\
\xea\xff;s\xd5U\xff\xb3|\x0f\xf0\xde\x5cu\xbf\xf7\
\x06\xbe\x8b\xab\xae\xfa\x8f'\xae\xfa\xff\x0aq\xd5\xffw\
\xe6\xaa\xab\xfe\xe7\xf8\x1e\xe0\xbd\xb9\xea~\xef\x0d|\x17\
W]\xf5\x9fC\x5c\xf5\xff\x15\xe2\xaa\xff\xef\xccUW\
\xfd\xcf\xf0=\xc0{s\xd5\xfd\xde\x1b\xf8.\xae\xba\xea\
?\x8f\xb8\xea\xff+\xc4U\xff\xdf\x99\xab\xae\xfa\xef\xf7\
=\xc0{s\xd5\xfd\xde\x1b\xf8.\xae\xba\xea?\x97\xb8\
\xea\xff+\xc4U\xff\xdf\x99\xab\xae\xfa\xef\xf5=\xc0{\
s\xd5\xfd\xde\x1b\xf8.\xae\xba\xea?\x9f\xb8\xea\xff+\
\xc4U\xff\xdf\x99\xab\xae\xfa\xef\xf3=\xc0{s\xd5\xfd\
\xde\x1b\xf8.\xae\xba\xea\xbf\x86\xb8\xea\xff+\xc4U\xff\
\xdf\x99\xab\xae\xfa\xef\xf1=\xc0{s\xd5\xfd\xde\x1b\xf8\
.\xae\xba\xea\xbf\x8e\xb8\xea\xff+\xc4U\xff\xdf\x99\xab\
\xae\xfa\xaf\xf7=\xc0{s\xd5\xfd\xde\x1b\xf8.\xae\xba\
\xea\xbf\x96\xb8\xea\xff+\xc4U\xff\xdf\x99\xab\xae\xfa\xaf\
\xf5=\xc0{s\xd5\xfd\xde\x1b\xf8.\xae\xba\xea\xbf\x9e\
\xb8\xea\xff+\xc4U\xff\xdf\x99\xab\xae\xfa\xaf\xf3=\xc0\
{s\xd5\xfd\xde\x1b\xf8.\xae\xba\xea\xbf\x87\xb8\xea\xff\
+\xc4U\xff\xdf\x99\xab\xae\xfa\xaf\xf1=\xc0{s\xd5\
\xfd\xde\x1b\xf8.\xae\xba\xea\xbf\x8f\xb8\xea\xff+\xc4U\
\xff\xdf\x99\xab\xae\xfa\xcf\xf7=\xc0{s\xd5\xfd\xde\x1b\
\xf8.\xae\xba\xea\xbf\x97\xb8\xea\xff+\xc4U\xff\xdf\x99\
\xab\xae\xfa\xcf\xf5=\xc0{s\xd5\xfd\xde\x1b\xf8.\xae\
\xba\xea\xbf\x9f\xb8\xea\xff+\xc4U\xff\xdf\x99\xab\xae\xfa\
\xcf\xf3=\xc0{s\xd5\xfd\xde\x1b\xf8.\xae\xba\xea\x7f\
\x06q\xd5\xffW\x88\xab\xfe\xbf3W]\xf5\x9f\xe3{\
\x80\xf7\xe6\xaa\xfb\xbd7\xf0]\x5cu\xd5\xff\x1c\xe2\xaa\
\xff\xaf\x10W\xfd\x7fg\xae\xba\xea?\xde\xef\x00\xaf\xcd\
U\xf7{o\xe0\xbb\xb8\xea\xaa\xffY\xc4U\xff_!\
\xae\xfa\xff\xce\x5cu\xd5\x7f\xacg\x00/\x0d\xecr\x15\
\xc0{\x03\xdf\xc5UW\xfd\xcf#\xae\xfa\xff\x0aq\xd5\
\xffw\xe6\xaa\xab\xfe\xe3\x5c\x02^\x1b\xf8k\xae\x02x\
o\xe0\xbb\xb8\xea\xaa\xff\x99\xc4U\xff_!\xae\xfa\xff\
\xce\x5cu\xd5\x7f\x9c\xb7\x01~\x9a\xab\x00\xde\x1b\xf8.\
\xae\xba\xea\x7f.q\xd5\xffW\x88\xab\xfe\xbf3W]\
\xf5\x1f\xe3{\x80\xf7\xe6*\x80\xf7\x06\xbe\x8b\xab\xae\xfa\
\x9fM\x5c\xf5\xff\x15\xe2\xaa\xff\xef\xccUW\xfd\xc7x\
\x08p+W\xbd7\xf0]\x5cu\xd5\xff|\xe2\xaa\xff\
\xaf\x10W\xfd\x7fg\xae\xba\xea\xdf\xef{\x80\xf7\xe6\xaa\
\xf7\x06\xbe\x8b\xab\xae\xfa\xdfA\x5c\xf5\xff\x15\xe2\xaa\xff\
\xef\xccUW\xfd\xfb=\x04\xb8\x95\xff\xdf\xde\x1b\xf8.\
\xae\xba\xea\x7f\x0fq\xd5\xffW\x88\xab\xfe\xbf3W]\
\xf5\xef\xf33\xc0[\xf3\xff\xdb{\x03\xdf\xc5UW\xfd\
\xef\x22\xae\xfa\xff\x0aq\xd5\xffw\xe6\xaa\xab\xfe}\xde\
\x07\xf8n\xfe\xffzo\xe0\xbb\xb8\xea\xaa\xff}\xc4U\
\xff_!\xae\xfa\xff\xce\x5cu\xd5\xbf\xcf\x09`\x97\xff\
\x9f\xde\x1b\xf8.\xae\xba\xea\x7f'q\xd5\xffW\x88\xab\
\xfe\xbf3W]\xf5o\xf77\xc0K\xf3\xff\xd3{\x03\
\xdf\xc5UW\xfd\xef%\xae\xfa\xff\x0aq\xd5\xffw\xe6\
\xaa\xab\xfe\xed>\x07\xf8l\xfe\xffyo\xe0\xbb\xb8\xea\
\xaa\xff\xdd\xc4U\xff_!\xae\xfa\xff\xce\x5cu\xd5\xbf\
\xdd\xc7\x00_\xcd\xff/\xef\x0d|\x17W]\xf5\xbf\x9f\
\xb8\xea\xff+\xc4U\xff\xdf\x99\xab\xae\xfa\xb7{\x1d\xe0\
\xb7\xf9\xff\xe3\xbd\x81\xef\xe2\xaa\xab\xfeo\x10W\xfd\x7f\
\x85\xb8\xea\xff;s\xd5U\xffv\xaf\x03\xfc6\xff?\
\xbc7\xf0]\x5cu\xd5\xff\x1d\xe2\xaa\xff\xaf\x10W\xfd\
\x7fg\xae\xba\xea\xdf\xee!\xc0\xad\xfc\xdf\xf7\xde\xc0w\
q\xd5U\xff\xb7\x88\xab\xfe\xbfB\x5c\xf5\xff\x9d\xb9\xea\
\xaa\x7f\xbb\x87\x00\xb7\xf2\x7f\xdb{\x03\xdf\xc5UW\xfd\
\xdf#\xae\xfa\xff\x0aq\xd5\xffw\xe6\xaa\xab\xfe\xed^\
\x07\xf8m\xfe\xefzo\xe0\xbb\xb8\xea\xaa\xff\x9b\xc4U\
\xff_!\xae\xfa\xff\xce\x5cu\xd5\xbf\xdd\xeb\x00\xbf\xcd\
\xffM\xef\x0d|\x17W]\xf5\x7f\x97\xb8\xea\xff+\xc4\
U\xff\xdf\x99\xab\xae\xfa\xb7\xfb\x1c\xe0\xb3\xf9\xbf\xe7\xbd\
\x81\xef\xe2\xaa\xab\xfeo\x13W\xfd\x7f\x85\xb8\xea\xff;\
s\xd5U\xffv\x9f\x03|6\xff\xb7\xbc7\xf0]\x5c\
u\xd5\xff}\xe2\xaa\xff\xaf\x10W\xfd\x7fg\xae\xba\xea\
\xdf\xee\xaf\x81\x97\xe1\xff\x8e\xf7\x06\xbe\x8b\xab\xae\xfa\xff\
A\x5c\xf5\xff\x15\xe2\xaa\xff\xef\xccUW\xfd\xfb<\x04\
\xb8\x95\xff\xfd\xde\x1b\xf8.\xae\xba\xea\xff\x0fq\xd5\xff\
W\x88\xab\xfe\xbf3W]\xf5\xef\xf3>\xc0w\xf3\xbf\
\xdb{\x03\xdf\xc5UW\xfd\xff\x22\xae\xfa\xff\x0aq\xd5\
\xffw\xe6\xaa\xab\xfe}~\x06xk\xfe\xf7zo\xe0\
\xbb\xb8\xea\xaa\xff\x7f\xc4U\xff_!\xae\xfa\xff\xce\x5c\
u\xd5\xbf\xdfC\x80[\xf9\xdf\xe7\xbd\x81\xef\xe2\xaa\xab\
\xfe\x7f\x12W\xfd\x7f\x85\xb8\xea\xff;s\xd5U\xff~\
\xdf\x03\xbc7\xff\xbb\xbc7\xf0]\x5cu\xd5\xff_\xe2\
\xaa\xff\xaf\x10W\xfd\x7fg\xae\xba\xea?\xc6C\x80[\
\xf9\xdf\xe1\xbd\x81\xef\xe2\xaa\xab\xfe\x7f\x13W\xfd\x7f\x85\
\xb8\xea\xff;s\xd5U\xff1\xbe\x07xo\xfe\xe7{\
o\xe0\xbb\xb8\xea\xaa\xab\xc4U\xff_!\xae\xfa\xff\xce\
\x5cu\xd5\x7f\x9c\xd7\x01~\x9b\xff\xb9\xde\x1b\xf8.\xae\
\xba\xea*\x00q\xd5\xffW\x88\xab\xfe\xbf3W]\xf5\
\x1fg\x17x\x19\xe0V\xfe\xe7yo\xe0\xbb\xb8\xea\xaa\
\xab\xee'\xae\xfa\xff\x0aq\xd5\xffw\xe6\xaa\xab\xfec\
\xfd5\xf0:\xc0.\xffs\xbc7\xf0]\x5cu\xd5U\
\x0f$\xae\xfa\xff\x0aq\xd5\xffw\xe6\xaa\xab\xfe\xe3\xfd\
4\xf06\xfc\xcf\xf0\xde\xc0wq\xd5UW=7q\
\xd5\xffW\x88\xab\xfe\xbf3W]\xf5\x9f\xe3\xbb\x81\xf7\
\xe1\xbf\xd7w\x01\xef\xcdUW]\xf5\xfc\x88\xab\xfe\xbf\
B\x5c\xf5\xff\x9d\xb9\xea\xaa\xff<?\x0d\xbc\x0f\xb0\xcb\
\x7f\xad\xe3\xc0W\x01\xef\xcdUW]\xf5\x82\x88\xab\xfe\
\xbfB\x5c\xf5\xff\x9d\xb9\xea\xaa\xff\x5c\xb7\x02o\x03\xfc\
5\xff5^\x1a\xf8.\xe0\xa5\xb9\xea\xaa\xab^\x18q\
\xd5\xffW\x88\xab\xfe\xbf3W]\xf5_\xe3\xb3\x81\xaf\
\x01v\xf9\xcf\xf3Y\xc0G\x03\xc7\xb9\xea\xaa\xab\xfe%\
\xe2\xaa\xff\xaf\x10W\xfd\x7fg\xae\xba\xea\xbf\xce\xad\xc0\
g\x03\xdf\xc3\x7f\xac\xf7\x02>\x1bx0W]u\xd5\
\x8bJ\x5c\xf5\xff\x15\xe2\xaa\xff\xef\xccUW\xfd\xd7\xdb\
\x05\xbe\x1b\xf8\x1e\xe0\xaf\xf9\xb7yi\xe0\xbd\x80\xb7\x06\
\x1e\xccUW]\xf5\xaf%\xae\xfa\xff\x0aq\xd5\xffw\
\xe6\xaa\xab\xfe{\xdd\x0a\xfc6\xf0\xdb\xc0\xad\xc0\xdf\x00\
\xbb<\xa7\xe3\xc0K\x01\x0f\x06^\x1bxm\xe0\xc1\x5c\
u\xd5U\xff\x1e\xe2\xaa\xff\xaf\x10W\xfd\x7fg\xae\xba\
\xea\xaa\xab\xae\xfa\xffH\x5c\xf5\xff\x15\xe2\xaa\xff\xef\xcc\
UW]u\xd5U\xff\x1f\x89\xab\xfe\xbfB\x5c\xf5\xff\
\x9d\xb9\xea\xaa\xab\xae\xba\xea\xff#q\xd5\xffW\x88\xab\
\xfe\xbf3W]u\xd5UW\xfd\x7f$\xae\xfa\xff\x0a\
q\xd5\xffw\xe6\xaa\xab\xae\xba\xea\xaa\xff\x8f\xc4U\xff\
_!\xae\xfa\xff\xce\x5cu\xd5UW]\xf5\xff\x91\xb8\
\xea\xff+\xc4U\xff\xdf\x99\xab\xae\xba\xea\xaa\xab\xfe?\
\x12W\xfd\x7f\x85\xb8\xea\xff;s\xd5UW]u\xd5\
\xffG\xe2\xaa\xff\xaf\x10W\xfd\x7fg\xae\xba\xea\xaa\xab\
\xae\xfa\xffH\x5c\xf5\xff\x15\xe2\xaa\xff\xef\xccUW]\
u\xd5U\xff\x1f\x89\xab\xfe\xbfB\x5c\xf5\xff\x9d\xb9\xea\
\xaa\xab\xae\xba\xea\xff#q\xd5\xffW\x88\xab\xfe\xbf3\
W]u\xd5UW\xfd\x7f$\xae\xfa\xff\x0aq\xd5\xff\
w\xe6\xaa\xab\xae\xba\xea\xaa\xff\x8f\xc4U\xff_!\xae\
\xfa\xff\xce\x5cu\xd5UW]\xf5\xff\x91\xb8\xea\xff+\
\xc4U\xff\xdf\x99\xab\xae\xba\xea\xaa\xab\xfe?\x12W\xfd\
\x7f\x85\xb8\xea\xff;s\xd5UW]u\xd5\xffG\xe2\
\xaa\xff\xaf\x10W\xfd\x7fg\xae\xba\xea\xaa\xab\xae\xfa\xff\
H\x5c\xf5\xff\x15\xe2\xaa\xff\xef\xccUW]u\xd5U\
\xff\x1f\x89\xab\xfe\xbfB\x5c\xf5\xff\x9d\xb9\xea\xaa\xab\xae\
\xba\xea\xff#q\xd5\xffW\x88\xab\xfe\xbf3W]u\
\xd5UW\xfd\x7f$\xae\xfa\xff\x0aq\xd5\xffw\xe6\xaa\
\xab\xae\xba\xea\xaa\xff\x8f\xc4U\xff_!\xae\xfa\xff\xce\
\x5cu\xd5UW]\xf5\xff\x91\xb8\xea\xff+\xc4U\xff\
\xdf\x99\xab\xae\xba\xea\xaa\xab\xfe?\x12W\xfd\x7f\x85\xb8\
\xea\xff;s\xd5UW]u\xd5\xffG\xe2\xaa\xff\xaf\
\x10W\xfd\x7fg\xae\xba\xea\xaa\xab\xae\xfa\xffH\x5c\xf5\
\xff\x15\xe2\xaa\xff\xef\xccUW]u\xd5U\xff\x1f\x89\
\xab\xfe\xbfB\x5c\xf5\xff\xdd\xad\xc0\x83\xb8\xea\xaa\xab\xae\
\xba\xea\xff\x93g\x00\x0f\xe6\xaa\xff\xaf\x10W\xfd\x7f\xf7\
\xdb\xc0kq\xd5UW]u\xd5\xff'\xbf\x03\xbc6\
W\xfd\x7f\x85\xb8\xea\xff\xbb\xdf\x06^\x8b\xab\xae\xba\xea\
\xaa\xab\xfe?\xf9\x1d\xe0\xb5\xb9\xea\xff+\xc4U\xff\xdf\
\xfd6\xf0Z\x5cu\xd5UW]\xf5\xff\xc9\xef\x00\xaf\
\xcdU\xff_!\xae\xfa\xff\xee\xb7\x81\xd7\xe2\xaa\xab\xae\
\xba\xea\xaa\xffO~\x07xm\xae\xfa\xff\x0aq\xd5\xff\
w\x9f\x0d|\x16W]u\xd5UW\xfd\x7f\xf29\xc0\
gs\xd5\xffW\x88\xab\xfe\xbf{o\xe0\xbb\xb8\xea\xaa\
\xab\xae\xba\xea\xff\x93\xf7\x01\xbe\x9b\xab\xfe\xbfB\x5c\xf5\
\xff\xddk\x03\xbf\xc5UW]u\xd5U\xff\x9f\xbc\x0e\
\xf0\xdb\x5c\xf5\xff\x15\xe2\xaa\xff\xef\x8e\x03\x17\xb9\xea\xaa\
\xab\xae\xba\xea\xff\x93\x13\xc0.W\xfd\x7f\x85\xb8\xea*\
\xd8\x05\x8eq\xd5UW]u\xd5\xff\x07\x97\x80\xe3\x5c\
\xf5\xff\x19\xe2\xaa\xab\xe0\xb7\x81\xd7\xe2\xaa\xab\xae\xba\xea\
\xaa\xff\x0f~\x07xm\xae\xfa\xff\x0cq\xd5U\xf0\xd5\
\xc0Gq\xd5UW]u\xd5\xff\x07_\x03|4W\
\xfd\x7f\x86\xb8\xea*xk\xe0\xa7\xb8\xea\xaa\xab\xae\xba\
\xea\xff\x83\xb7\x01~\x9a\xab\xfe?C\x5cu\x15\x1c\x07\
.r\xd5UW]u\xd5\xff\x07'\x80]\xae\xfa\xff\
\x0cq\xd5UW\xfc5\xf0R\x5cu\xd5UW]\xf5\
\x7f\xd9\xdf\x00/\xcdU\xff\xdf!\xae\xba\xea\x8a\xaf\x06\
>\x8a\xab\xae\xba\xea\xaa\xab\xfe/\xfb\x1a\xe0\xa3\xb9\xea\
\xff;\xc4UW]\xf1\xd6\xc0Oq\xd5UW]u\
\xd5\xffe\xaf\x03\xfc6W\xfd\x7f\x87\xb8\xea\xaag\xdb\
\x05\x8eq\xd5UW]u\xd5\xffE\x97\x80\xe3\x5cu\
\x15 \xae\xba\xea\xd9\xbe\x1bx/\xae\xba\xea\xaa\xab\xae\
\xfa\xbf\xe8{\x80\xf7\xe6\xaa\xab\x00q\xd5U\xcf\xf6\xda\
\xc0oq\xd5UW]u\xd5\xffE\xaf\x03\xfc6W\
]\x05\x88\xab\xaezN\xb7\x02\x0f\xe2\xaa\xab\xae\xba\xea\
\xaa\xffK\x9e\x01<\x98\xab\xae\xba\x02q\xd5U\xcf\xe9\
\xab\x81\x8f\xe2\xaa\xab\xae\xba\xea\xaa\xffK>\x07\xf8l\
\xae\xba\xea\x0a\xc4UW=\xa7\x07\x03O\xe7\xaa\xab\xae\
\xba\xea\xaa\xffK\x1e\x02\xdc\xcaUW]\x81\xb8\xea\xaa\
\xe7\xf5\xdb\xc0kq\xd5UW]u\xd5\xff\x05\xbf\x03\
\xbc6W]\xf5l\x88\xab\xaez^\xaf\x0d\xfc\x16W\
]u\xd5UW\xfd_\xf0:\xc0os\xd5U\xcf\x86\
\xb8\xea\xaa\xe7\xef\xb7\x81\xd7\xe2\xaa\xab\xae\xba\xea\xaa\xff\
\xcd~\x07xm\xae\xba\xea9!\xae\xba\xea\xf9{m\
\xe0\xb7\xb8\xea\xaa\xab\xae\xba\xea\x7f\xb3\xd7\x01~\x9b\xab\
\xaezN\x88\xab\xaez\xc1~\x1bx-\xae\xba\xea\xaa\
\xab\xae\xfa\xdf\xe8w\x80\xd7\xe6\xaa\xab\x9e\x17\xe2\xaa\xab\
^\xb0\xd7\x06~\x8b\xab\xae\xba\xea\xaa\xab\xfe7z\x1d\
\xe0\xb7\xb9\xea\xaa\xe7\x85\xb8\xea\xaa\x17\xee\xb7\x81\xd7\xe2\
\xaa\xab\xae\xba\xea\xaa\xffM~\x07xm\xae\xba\xea\xf9\
C\x5cu\xd5\x0b\xf7`\xe0\xe9\x5cu\xd5UW]\xf5\
\xbf\xc5%\xe0\xa5\x81[\xb9\xea\xaa\xe7\x0fq\xd5U\xff\
\xb2\xcf\x06>\x8b\xab\xae\xba\xea\xaa\xab\xfe7\xf8\x1c\xe0\
\xb3\xb9\xea\xaa\x17\x0cq\xd5U/\x9a[\x81\x07q\xd5\
UW]u\xd5\xffd\xcf\x00\x1e\xccUW\xbdp\x88\
\xab\xaez\xd1\xbc6\xf0[\x5cu\xd5UW]\xf5?\
\xd9\xeb\x00\xbf\xcdUW\xbdp\x88\xab\xaez\xd1}5\
\xf0Q\x5cu\xd5UW]\xf5?\xd1\xd7\x00\x1f\xcdU\
W\xfd\xcb\x10W]\xf5\xaf\xf3\xd7\xc0Kq\xd5UW\
]u\xd5\xff$\x7f\x03\xbc4W]\xf5\xa2A\x5cu\
\xd5\xbf\xce\x83\x81\xbf\x06\x8eq\xd5UW]u\xd5\xff\
\x04\x97\x80\x97\x06n\xe5\xaa\xab^4\x88\xab\xae\xfa\xd7\
{k\xe0\xa7\xb8\xea\xaa\xab\xae\xba\xea\x7f\x82\xb7\x01~\
\x9a\xab\xaez\xd1!\xae\xba\xea\xdf\xe6\xab\x81\x8f\xe2\xaa\
\xab\xae\xba\xea\xaa\xffN_\x03|4W]\xf5\xaf\x83\
\xb8\xea\xaa\x7f\xbb\x9f\x06\xde\x8a\xab\xae\xba\xea\xaa\xab\xfe\
;\xfc\x0c\xf0\xd6\x5cu\xd5\xbf\x1e\xe2\xaa\xab\xfe\xed\x8e\
\x03\xbf\x0d\xbc\x14W]u\xd5UW\xfdW\xfa\x1b\xe0\
\xb5\x81]\xae\xba\xea_\x0fq\xd5U\xff>\xc7\x81\xdf\
\x06^\x8a\xab\xae\xba\xea\xaa\xab\xfe+\xfc\x0d\xf0\xda\xc0\
.W]\xf5o\x83\xb8\xea\xaa\x7f\xbf\xe3\xc0\xad\xc01\
\xae\xba\xea\xaa\xab\xae\xfa\xcft\x09x0\xb0\xcbUW\
\xfd\xdb!\xae\xba\xea?\xc6K\x03\xbf\x0d\x1c\xe3\xaa\xab\
\xae\xba\xea\xaa\xff\x0c\x97\x80\xd7\x06\xfe\x9a\xab\xae\xfa\xf7\
A\x5cu\xd5\x7f\x9c\xe3\xc0o\x03/\xc5UW]u\
\xd5U\xff\x91\xfe\x06xm`\x97\xab\xae\xfa\xf7C\x5c\
u\xd5\x7f\xac\xe3\xc0o\x03/\xc5UW]u\xd5U\
\xff\x11\xfe\x06xm`\x97\xab\xae\xfa\x8f\x81\xb8\xea\xaa\
\xffx\xc7\x81\xef\x06\xde\x8a\xab\xae\xba\xea\xaa\xab\xfe=\
~\x06xo`\x97\xab\xae\xfa\x8f\x83\xb8\xea\xaa\xff<\
\xdf\x0d\xbc\x17W]u\xd5UW\xfd[|\x0f\xf0\xde\
\x5cu\xd5\x7f<\xc4UW\xfd\xe7zo\xe0\xab\x81c\
\x5cu\xd5UW]\xf5\xa2\xb8\x04|4\xf0\xdd\x5cu\
\xd5\x7f\x0e\xc4UW\xfd\xe7{i\xe0\xbb\x81\x97\xe2\xaa\
\xab\xae\xba\xea\xaa\x17\xe6o\x80\xf7\x06\xfe\x9a\xab\xae\xfa\
\xcf\x83\xb8\xea\xaa\xff\x1a\xc7\x81\xaf\x06\xde\x8b\xab\xae\xba\
\xea\xaa\xab\x9e\x9f\xef\x01>\x1a\xd8\xe5\xaa\xab\xfes!\
\xae\xba\xea\xbf\xd6[\x03_\x0d<\x88\xab\xae\xba\xea\xaa\
\xab\x00\x9e\x01|4\xf0\xd3\x5cu\xd5\x7f\x0d\xc4UW\
\xfd\xd7;\x0e|4\xf0Y\x5cu\xd5UW\xfd\xff\xf6\
9\xc0W\x03\xbb\x5cu\xd5\x7f\x1d\xc4UW\xfd\xf7y\
0\xf0\xdd\xc0kq\xd5UW]\xf5\xff\xcb\xef\x00\xef\
\x0d\xdc\xcaUW\xfd\xd7C\x5cu\xd5\x7f\xbf\xf7\x06>\
\x1bx\x10W]u\xd5U\xff\xb7=\x03\xf8h\xe0\xa7\
\xb9\xea\xaa\xff>\x88\xab\xae\xfa\x9f\xe3\xbd\x81\xf7\x06^\
\x8b\xab\xae\xba\xea\xaa\xff[~\x07\xf8n\xe0\xbb\xb9\xea\
\xaa\xff~\x88\xab\xae\xfa\x9f\xe7\xb5\x81\xcf\x06^\x8b\xab\
\xae\xba\xea\xaa\xff\xdd~\x07\xf8l\xe0\xb7\xb9\xea\xaa\xff\
9\x10W]\xf5?\xd7K\x03\xef\x0d\xbc7p\x8c\xab\
\xae\xba\xea\xaa\xff\x1d.\x01\xdf\x0d|7\xf0\xd7\x5cu\
\xd5\xff<\x88\xab\xae\xfa\xdf\xe1\xad\x81\xf7\x06\xde\x8a\xab\
\xae\xba\xea\xaa\xff\x99\xbe\x07\xf8i\xe0\xa7\xb9\xea\xaa\xff\
\xd9\x10W]\xf5\xbf\xcbq\xe0\xad\x81\xd7\x06^\x1bx\
\x10W]u\xd5U\xff=\x9e\x01\xfc6\xf0\xdb\xc0O\
\x03\xbb\x5cu\xd5\xff\x0e\x88\xab\xae\xfa\xdf\xed\xc1\xc0k\
\x03\xaf\x0d\xbc4\xf0R\x5cu\xd5UW\xfd\xe7\xf8\x1b\
\xe0\xaf\x81\xdf\x06~\x1b\xb8\x95\xab\xae\xfa\xdf\x09q\xd5\
U\xff\xf7\xbc4p\x1cxm\xe0\xc1\xc0\x83\xb9\xe2\xc1\
\xc0\x83\xb8\xea\xaa\xab\xaez\xfe\x9e\x01\xdc\xca\x15\xb7\x02\
\xb7\x02\xbf\x0d\xec\x02\x7f\xcdUW\xfd\xdf\x81\xb8\xea\xaa\
\xab\xae\xba\xea\xaa\xab\xae\xba\xea\xff\x13\xc4UW]u\
\xd5UW]u\xd5U\xff\x9f \xae\xba\xea\xaa\xab\xae\
\xba\xea\xaa\xab\xae\xfa\xff\x04q\xd5UW]u\xd5U\
W]u\xd5\xff'\x88\xab\xae\xba\xea\xaa\xab\xae\xba\xea\
\xaa\xab\xfe?A\x5cu\xd5UW]u\xd5UW]\
\xf5\xff\x09\xe2\xaa\xab\xae\xba\xea\xaa\xab\xae\xba\xea\xaa\xff\
O\x10W]u\xd5UW]u\xd5UW\xfd\x7f\x82\
\xb8\xea\xaa\xab\xae\xba\xea\xaa\xab\xae\xba\xea\xff\x13\xc4U\
W]u\xd5UW]u\xd5U\xff\x9f \xae\xba\xea\
\xaa\xab\xae\xba\xea\xaa\xab\xae\xfa\xff\x04q\xd5UW]\
u\xd5UW]u\xd5\xff'\x88\xab\xae\xba\xea\xaa\xab\
\xae\xba\xea\xaa\xab\xfe?A\x5cu\xd5UW]u\xd5\
UW]\xf5\xff\x09\xe2\xaa\xab\xae\xba\xea\xaa\xab\xae\xba\
\xea\xaa\xffO\x10W]u\xd5UW]u\xd5UW\
\xfd\x7f\x82\xb8\xea\xaa\xab\xae\xba\xea\xaa\xab\xae\xba\xea\xff\
\x13\xc4UW]u\xd5UW]u\xd5U\xff\x9f \
\xae\xba\xea\xaa\xab\xae\xba\xea\xaa\xab\xae\xfa\xff\x04q\xd5\
UW]u\xd5UW]u\xd5\xff'\x88\xab\xae\xba\
\xea\xaa\xab\xae\xba\xea\xaa\xab\xfe?A\x5cu\xd5UW\
]u\xd5UW]\xf5\xff\x09\xe2\xaa\xab\xae\xba\xea\xaa\
\xab\xae\xba\xea\xaa\xffO\x10W]u\xd5UW]u\
\xd5UW\xfd\x7f\x82\xb8\xea\xaa\xab\xae\xba\xea\xaa\xab\xae\
\xba\xea\xff\x13\xc4UW]u\xd5UW]u\xd5U\
\xff\x9f \xae\xba\xea\xaa\xab\xae\xba\xea\xaa\xab\xae\xfa\xff\
\x04q\xd5UW]u\xd5UW]u\xd5\xff'\x88\
\xab\xae\xba\xea\xaa\xab\xae\xba\xea\xaa\xab\xfe?A\x5cu\
\xd5UW]u\xd5UW]\xf5\xff\x09\xe2\xaa\xab\xae\
\xba\xea\xaa\xab\xae\xba\xea\xaa\xffO\x10W]u\xd5U\
W]u\xd5UW\xfd\x7f\x82\xb8\xea\xaa\xab\xae\xba\xea\
\xaa\xab\xae\xba\xea\xff\x13\xc4UW]u\xd5UW]\
u\xd5U\xff\x9f \xae\xba\xea\xaa\xab\xae\xba\xea\xaa\xab\
\xae\xfa\xff\x04q\xd5UW]u\xd5UW]u\xd5\
\xff'\x88\xab\xae\xba\xea\xaa\xab\xae\xba\xea\xaa\xab\xfe?\
A\x5cu\xd5UW]u\xd5UW]\xf5\xff\x09\xe2\
\xaa\xab\xae\xba\xea\xaa\xab\xae\xba\xea\xaa\xffO\x10W]\
u\xd5UW]u\xd5UW\xfd\x7f\x82\xb8\xea\xaa\xab\
\xae\xba\xea\xaa\xab\xae\xba\xea\xff\x13\xc4UW]u\xd5\
UW]u\xd5U\xff\x9f \xae\xba\xea\xaa\xab\xae\xba\
\xea\xaa\xab\xae\xfa\xff\x04q\xd5UW]u\xd5UW\
]u\xd5\xff'\x88\xab\xae\xba\xea\xaa\xab\xae\xba\xea\xaa\
\xab\xfe?A\x5cu\xd5UW]u\xd5UW]\xf5\
\xff\x09\xe2\xaa\xab\xae\xba\xea\xaa\xab\xae\xba\xea\xaa\xffO\
\x10W]u\xd5UW]u\xd5UW\xfd\x7f\x82\xb8\
\xea\xaa\xab\xae\xba\xea\xaa\xab\xae\xba\xea\xff\x13\xc4UW\
]u\xd5UW]u\xd5U\xff\x9f \xae\xba\xea\xaa\
\xab\xae\xba\xea\xaa\xab\xae\xfa\xff\x04q\xd5UW]u\
\xd5UW]u\xd5\xff'\x88\xab\xae\xba\xea\xaa\xab\xae\
\xba\xea\xaa\xab\xfe?A\x5cu\xd5UW]u\xd5U\
W]\xf5\xff\x09\xe2\xaa\xab\xae\xba\xea\xaa\xab\xae\xba\xea\
\xaa\xffO\x10W]u\xd5UW]u\xd5UW\xfd\
\x7f\x82\xb8\xea\xaa\xab\xae\xba\xea\xaa\xab\xae\xba\xea\xff\x13\
\xc4UW]u\xd5UW]u\xd5U\xff\x9f \xae\
\xba\xea\xaa\xab\xae\xba\xea\xaa\xab\xae\xfa\xff\x04q\xd5U\
W]u\xd5UW]u\xd5\xff'\x88\xab\xae\xba\xea\
\xaa\xab\xae\xba\xea\xaa\xab\xfe?A\x5cu\xd5UW]\
u\xd5UW]\xf5\xff\x09\xe2\xaa\xab\xae\xba\xea\xaa\xab\
\xae\xba\xea\xaa\xffO\x10W]u\xd5UW]u\xd5\
UW\xfd\x7f\xc2?\x02\x83\xce\x03\xcc5I\x9a\xb5\x00\
\x00\x00\x00IEND\xaeB`\x82\
\x00\x00\x08A\
\x89\
PNG\x0d\x0a\x1a\x0a\x00\x00\x00\x0dIHDR\x00\
\x00\x02\x80\x00\x00\x01=\x08\x06\x00\x00\x00\x9bq\xd3\x15\
\x00\x00\x00\x01sRGB\x00\xae\xce\x1c\xe9\x00\x00\x00\
\x04gAMA\x00\x00\xb1\x8f\x0b\xfca\x05\x00\x00\x00\
\x09pHYs\x00\x00\x0e\xc3\x00\x00\x0e\xc3\x01\xc7o\
\xa8d\x00\x00\x07\xd6IDATx^\xed\xdd\xb1s\
\x14U\x1c\x07\xf0\xdf&3$\x1d\xf8\x17\x10:\xad\x0c\
5\x8c\x89cc\xa9\x1dV\x86\xce\x8e\xb3\x0aC\xc1q\
\xcc\xc8$\x95\xd8\xd9\x19*[\xe9\xecLF\x99\xb13\
\xfc\x05&\x1dV&]\xc2\xe8\xado\xf7\x1er@\x12\
r^\x12s\xbb\x9f\xcf\x0c\xec{\x0b\xd5\xce\xcd\xfc\xbe\
\xf7{\xfb\xde\x05\x00\x00\x00\x00\x00\x00\x00\x00\x00\x00\x00\
\x00\x00\x00\x00\x00\x00\x00\x00\x00\x00\x00\x00\x00\x00\x00\x00\
\x00\x00\x00\x00\x00\x00\x00\x00\x00\x00\x00\x00\x00\x00\x00\x00\
\x00\x00\x00\x00\x00\x00\x00\x00\x00\x00\x00\x00\x00\x00\x00\x00\
\x00\x00\x00\x00\x00\x00\x00\x00\x00\x00\x00\x00\x00\x00\x00\x00\
\x00\x00\x00\x00\x00\x00\x00\x00\x00\x00\x00\x00\x00\x00\x00\x00\
\x00\x00\x00\x00\x00\x00\x00\x00\x00\x00\x00\x00\x00\x00\x00\x00\
\x00\x00\x00\x00\x00\x00\x00\x00\x00\x00\x00\x00\x00\x00\x00\x00\
\x00\x00\x00\x00\x00\x00\x00\x00\x00\x00\x00\x00\x00\x00\x00\x00\
\x00\x00\x00\x00\x00\x00\x00\x00\x00\x00\x00\x00\x00\x00\x00\x00\
\x00\x00\x00\x00\x00\x00\x00\x00\x00\x00\x00\x00\x00\x00\x00\x00\
\x00\x00\x00\x00\x00\x00\x00\x00\x00\x00\x00\x00\x00\x00\x00\x00\
\x00\x00\x00\x00\x00\x00\x00\x00\x00\x00\x00\x00\x00\x00\x00\x00\
\x00\x00\x00\x00\x00\x00\x00\x00\x00\x00\x00\x00\x00\x00\x00\x00\
\x00\x00\x00\x00\x00\x00\x00\x00\x00\x00\x00\x00\x00\x00\x00\x00\
\x00\x00\x00\x00\x00\x00\x00\x00\x00\x00\x00\x00\x00\x00\x00\x00\
\x00\x00\x00\x00\x00\x00\x00\x00\x00\x00\x00\x00\x00\x00\x00\x00\
\x00\x00\x00\x00\x00\x00\x00\x00\x00\x00\x00\x00\x00\x00\x00\x00\
\x00\x00\x00\x00\x00\x00\x00\x00\x00\x00\x00\x00\x00\x00\x00\x00\
\x00\x00\x00\x00\x00\x00\x00\x00\x00\x00@\x93\x14\xf9\xca)\
\xe9v\xe3R\x7f/\x16\x8a\x22\xe6\xa3L\x7f\x8a\xb8\x94\
n\xcf\xa5\x07?7\xf8\x1f\x00\xd0^e\xc4V\xbal\
\xa5\xc1N\xaa\x91\x9be\x19\x9bS\xb3\xb1\xd1\xeb\xa59\
\xa7F\x00<\x05\xdd;1_\xfe\x1d\x9f\xa7\xe1b\x1d\
\xfc\x00\x80\x91TA0]\xd6\x8b\xe9x\xd4{P\x8f\
9A\x02\xe0\x09\xa9:}\xe5^\x0a}Ett\xf7\
\x00\xe0\xe4\xd4]\xc22\x1e\x16\xb3)\x0c\xea\x0c\x9e\x08\
\x01pLu\xf0\xdb\x8f[\xe9\x83\xd9)\x06\xcb\xbb\x00\
\xc0)(\x07\xcb\xc4\x0f\x8b\x99\xf8F\x10\x1c\x8f\x008\
\x86\xbb\xcb)\xf8E\xdc\x13\xfc\x00\xe0\xec\xe4 \xd8\xb9\
\xbf\x12\x8f\xf2-F$\x00\xfe\x07\xf5;~\xfd\xf8:\
=\xbc\xc5|\x0b\x008ce\xf5\x8e\xe0T|\xe9\x1d\
\xc1\xd1M\xe7+\xc7\xd4]\x8e\xa5\xf4\xcd\xe3\xfb\xa2\x88\
w\xf3-\x00\xe0\x7fP\xbds_\xf6\xe3\xc6\xe2\xf5\xf8\
c\xe3\x89\x108\x0a\x1d\xc0\x11\xdc\xbd\x1d\xdf\xa5\x07\xb6\
\x94\xa7\x00\xc09QF\xac\xdd_\x89\x9by\xca[\xe8\
\x00\x1e\x93\xf0\x07\x00\xe7W\xaa\xd1\xf3\x0b\xd7cn\xe3\
\x97x\x9coq\x04\x1d\xc0c\xb8\xbb\x1c\xbf9\xcf\x0f\
\x00\xce\xbf\xea\xfc\xc0\xfb\xabq5O9\xc4T\xber\
\x88\xba\xf3'\xfc\x01\xc0D\xa8jvU\xbb\xf3\x94C\
X\x02>\x82e_\x00\x98<\x96\x83\xdfN\x00<D\
\xb5\xdb7}\x8b\xb8\x97\xa7\x00\xc0\x04\xa9B\xe0\xe2\xb5\
\xd8\xb6;\xf8`\xde\x01<@\xfe-\xdf\x9fR\x00t\
\xc03\x00L\xa8\xea\xc0\xe8b:>tN\xe0\x9b\xbc\
\x03x\x80\xfa\x90g\xe1\x0f\x00&ZU\xcb\xab\x9a\x9e\
\xa7\x0c\xb1\x04\xfc\x9a\xee\xed\xe8\x14\x11_\xe4)\x000\
\xc1RM\x9f\xb3\x14\xfc&K\xc0C\xba\xdd\xf4Ma\
/~\xd7\xfd\x03\x80\xe6\xa8\x97\x82g\xe3J\xaf\x17;\
\xf9V\xebY\x02\x1e\xb6\x17\x1d\xe1\x0f\x00\x9a\xa5\xae\xed\
\xa9\xc6\xe7)\x89\x0e`\xa6\xfb\x07\x00\xcd\xa5\x0b\xf8*\
\x1d\xc0\x17\xf6\xebc_\x84?\x00h\xa0\xba\xc6\xa7Z\
\x9f\xa7\xad'\x00fe\xc4\xad<\x04\x00\x1aH\xad\x7f\
I\x00L\xaas\xff\xaa]By\x0a\x004PU\xeb\
\xab\x9a\x9f\xa7\xad&\x00V\xfaZ\xc2\x00\xd0\x0aj~\
M\x00L\xca2\x16\xf2\x10\x00h05\x7f\xa0\xf5\xbb\
\x80\xab\xdd\xbf\xb1\x1f\x7f\xe6)\x00\xd0t3\xf1N\xdb\
w\x03\xeb\x00>\x8f\xc5<\x02\x00\xda@\xed\x17\x00\xa3\
\xefeP\x00h\x15\xb5_\x00\x8c\xc2\x87\x00\x00ZE\
\xed\x17\x00\xa3t\xf83\x00\xb4\x8a\xda/\x00\x96E\x5c\
\xceC\x00\xa0\x05\xca\x88\x8by\xd8Z\xad\x0f\x80\x0e\x80\
\x06\x80v),\x01\x0b\x80\x00\x00m#\x00\x02\x00\xb4\
\x8c\x00\x08\x00\xd02\x02`\x19\xdby\x04\x00\xb4\x81\xda\
/\x00&[\xf9\x0a\x00\xb4C\xebk\xbf\x00X\xb4\xfb\
\xb7\x00\x01\xa0u\xd4~\x010\xca\xd8\xcc#\x00\xa0\x0d\
\xd4~\x010=\x01\x01\x10\x00\xdaD\xed\x17\x00\xe3B\
\xac\xe7\x11\x00\xd0\x06j\xbf\x00\xd8\xeb\xd5\xef\x01<\x1d\
\xcc\x00\x80\x86{\x9ak\x7f\xab\xe9\x00\x0e\xe8\x02\x02@\
;\xa8\xf9\x89\x00X\x99\x8a\xb5<\x02\x00\x9aL\xcd\xaf\
\x15\xf9\xdaz\xdd\xe5\xd8JO\xe3r\x9e\x02\x00MS\
\xc6vo5\xe6\xf2\xac\xd5t\x00_(\xe2a\x1e\x01\
\x00M\xa4\xd6\xffK\x00|a\xa6n\x09\xef\x0e&\x00\
@\xc3\xec\xe6ZO\x22\x00f\xf5\x8e\xa0\xd27\x03\x00\
h\xa4T\xe3\xed\xfe}I\x00\x1c6[\x07@]@\
\x00h\x96\xdd\x5c\xe3\xc9\x04\xc0!\xb9\x0b\xd8\xc9S\x00\
\xa0\x09Rm\xd7\xfd{\x95]\xc0\x07\xe8.\xc7zz\
2\x0by\x0a\x00L\xaa26z\xab\xb1\x98gd:\
\x80\x07\x99\xae\xbb\x80\x96\x82\x01`\xb2U\xb5|i0\
d\xd8t\xbe2d\xe3\xe7x\xb6x-\x9eE\x11\x9f\
\xe4[\x00\xc0\xa4)\xe2\xb3\xdeJ\xfc\x9ag\x0c\x11\x00\
\x0f\xb1\xf1$6S\x08\xbc\x92><\xf3\xf9\x16\x000\
)\xcax\x94\xc2\xdfJ\x9e\xf1\x1a\x01\xf0\x08)\x04\xfe\
 \x04\x02\xc0\x84\xa9\xc2\xdf\xaa\xa5\xdf\xa3\xd8\x04r\x0c\
\xdd\xdb\xb1\x99.\xef\x0ff\x00\xc09\xf6\xb8\xb7\xe2\x15\
\xae\xb7\xb1\x09\xe4\x18\xd2\x07i\xbe\xfa6\x91\xa7\x00\xc0\
y4X\xf6\x15\xfe\x8e\xc1\x12\xf01Y\x0e\x06\x80s\
\xcc\xb2\xefHt\x00GP\x7f\xb0\xca\xb8\x99\x86\x8e\x88\
\x01\x80\xf3a7\x8a\xf8T\xf8\x1b\x8d\x0e\xe0\x88\xea\xdd\
\xc1\x1f\xc4\x8f\xd1\x8f\xf7\xd2\x07n.\xdf\x06\x00\xceZ\
\x19\x1b\xe9\xef\x8f\x1d\xf52:\x9b@\xc6\xd0]N\xdf\
6\x8a\xfa\xb7\x05/\x0e\xee\x00\x00g`7\x85\xbfN\
o5\xd6\xf2\x9c\x11\xe9\x00\x8e\xa1\xee\x06~\x14\xdf\xc6\
_\xb1\x9f\x82\xe0\xd5tkv\xf0/\x00\xc0)\xa8\x82\
\xdfj\xaa\xb67z_\xe9\xfa\x8dC\x07\xf0\x84t\xbb\
q)\xc5\xc0\xea\x1d\xc1Nz\xaa\x97\xf3m\x00`\x5c\
el\xd7+n3\xb1\xd6\xeb\xc5N\xbe\xcb\x18\x04\xc0\
S\xd0\xbd\x13\xf3\xd1\xaf_F\xad~|\xda\xf9\x81\x00\
0\xba\xa7\xe9\xcfzL\xa5\xd0\xf7\xa0>\x8f\x97\x13$\
\x00\x9e\xb2\xba3\xf8<\x05\xc1~\x0a\x85\xd5\x112e\
\x9aG\xcc\xe9\x12\x02@Ru\xf7\x22\xb6R]\xdcI\
\xe3\xcd\x14\xf86\xe3B\xac\xeb\xf4\x01\x00\x00\x00\x00\x00\
\x00\x00\x00\x00\x00\x00\x00\x00\x00\x00\x00\x00\x00\x00\x00\x00\
\x00\x00\x00\x00\x00\x00\x00\x00\x00\x00\x00\x00\x00\x00\x00\x00\
\x00\x00\x00\x00\x00\x00\x00\x00\x00\x00\x00\x00\x00\x00\x00\x00\
\x00\x00\x00\x00\x00\x00\x00\x00\x00\x00\x00\x00\x00\x00\x00\x00\
\x00\x00\x00\x00\x00\x00\x00\x00\x00\x00\x00\x00\x00\x00\x00\x00\
\x00\x00\x00\x00\x00\x00\x00\x00\x00\x00\x00\x00\x00\x00\x00\x00\
\x00\x00\x00\x00\x00\x00\x00\x00\x00\x00\x00\x00\x00\x00\x00\x00\
\x00\x00\x00\x00\x00\x00\x00\x00\x00\x00\x00\x00\x00\x00\x00\x00\
\x00\x00\x00\x00\x00\x00\x00\x00\x00\x00\x00\x00\x00\x00\x00\x00\
\x00\x00\x00\x00\x00\x00\x00\x00\x00\x00\x00\x00\x00\x00\x00\x00\
\x00\x00\x00\x00\x00\x00\x00\x00\x00\x00\x00\x00\x00\x00\x00\x00\
\x00\x00\x00\x00\x00\x00\x00\x00\x00\x00\x00\x00\x00\x00\x00\x00\
\x00\x00\x00\x00\x00\x00\x00\x00\x00\x00\x00\x00\x00\x00\x00\x00\
\x00\x00\x00\x00\x00\x00\x00\x00\x00\x00\x00\x00\x00\x00\x00\x00\
\x00\x00\x00\x00\x00\x00\x00\x00\x00\x00\x00\x00\x00\x00\x00\x00\
\x00\x00\x00\x00\x00\x00\x00\x00\x00\x00\x00\x00\x00\x00\x00\x00\
\x00\x00\x00\x00\x00\x00\x00\x00\x00\x00\x00\x00\x00\x00\x00\x00\
\x00\x00\x00\x00\x00\x00\x00\x00\x00\x00\x00\x00\x00\x00\x00\x00\
\x00\x00\x00\x00\x00\x00\x00\x00\x00\x00\x00\x00\x00\x00\x00\x00\
\x00\x00\x00\x00\x00\x00\x00@\xdbD\xfc\x03\xfc&Ft\
\xb8\x0b8o\x00\x00\x00\x00IEND\xaeB`\x82\
\
\x00\x00>*\
\x89\
PNG\x0d\x0a\x1a\x0a\x00\x00\x00\x0dIHDR\x00\
\x00\x02\x80\x00\x00\x02\x80\x08\x06\x00\x00\x00\x0c\xcd\xc9#\
\x00\x00=\xf1IDATx\x01\xed\xc0\x03\xa0$Y\
\x96\xc6\xf1\xffw\xee\x8d\xc8\xcc\xa7rKc\xaem\xdb\
\xb6m\xdb\xb6m\xdb\xb6mi\x8c\x9e\x96J\xaf\x9e2\
3\x22\xee\xf9v\xb7jz\xa6\x87;k\xd5O\x5cu\
\xd5UW]u\xd5UW]\xf5\xff\x09\xe2\xaa\xab\xae\
\xba\xea\xaa\xab\xae\xba\xea\xaa\xffO\x10W]u\xd5U\
W]u\xd5UW\xfd\x7f\x82\xb8\xea\xaa\xab\xae\xba\xea\
\xaa\xab\xae\xba\xea\xff\x13\xc4UW]u\xd5UW]\
u\xd5U\xff\x9f \xae\xba\xea\xaa\xab\xae\xba\xea\xaa\xab\
\xae\xfa\xff\x04q\xd5UW]u\xd5UW]u\xd5\
\xff'\x88\xab\xae\xba\xea\xaa\xab\xae\xba\xea\xaa\xab\xfe?\
A\x5cu\xd5UW]u\xd5UW]\xf5\xff\x09\xe2\
\xaa\xab\xae\xba\xea\xaa\xab\xae\xba\xea\xaa\xffO\x10W]\
u\xd5UW]u\xd5UW\xfd\x7f\x82\xb8\xea\xaa\xab\
\xae\xba\xea\xaa\xab\xae\xba\xea\xff\x13\xc4UW]u\xd5\
UW]u\xd5U\xff\x9f \xae\xba\xea\xaa\xab\xae\xba\
\xea\xaa\xab\xae\xfa\xff\x04q\xd5UW]u\xd5UW\
]u\xd5\xff'\x88\xab\xae\xba\xea\xaa\xab\xae\xba\xea\xaa\
\xab\xfe?A\x5cu\xd5UW]u\xd5UW]\xf5\
\xff\x09\xe2\xaa\xab\xae\xba\xea\xaa\xab\xae\xba\xea\xaa\xffO\
\x10W]u\xd5UW]u\xd5UW\xfd\x7f\x82\xb8\
\xea\xaa\xab\xae\xba\xea\xaa\xab\xae\xba\xea\xff\x13\xc4UW\
]u\xd5UW]u\xd5U\xff\x9f \xae\xba\xea\xaa\
\xab\xae\xba\xea\xaa\xab\xae\xfa\xff\x04q\xd5UW]u\
\xd5UW]u\xd5\xff'\x88\xab\xae\xba\xea\xaa\xab\xae\
\xba\xea\xaa\xab\xfe?A\x5cu\xd5UW]u\xd5U\
W]\xf5\xff\x09\xe2\xaa\xab\xae\xba\xea\xaa\xab\xae\xba\xea\
\xaa\xffO\x10W]u\xd5UW]u\xd5UW\xfd\
\x7f\x82\xb8\xea\xaa\xab\xae\xba\xea\xaa\xab\xae\xba\xea\xff\x13\
\xc4UW]u\xd5UW]u\xd5U\xff\x9f \xae\
\xba\xea\xaa\xab\xae\xba\xea\xaa\xab\xae\xfa\xff\x04q\xd5U\
W]u\xd5UW]u\xd5\xff'\x88\xab\xae\xba\xea\
\xaa\xab\xae\xba\xea\xaa\xab\xfe?A\x5cu\xd5UW]\
u\xd5UW]\xf5\xff\x09\xe2\xaa\xab\xae\xba\xea\xaa\xab\
\xae\xba\xea\xaa\xffO\x10W]u\xd5UW]u\xd5\
UW\xfd\x7f\x82\xb8\xea\xaa\xab\xae\xba\xea\xaa\xab\xae\xba\
\xea\xff\x13\xc4UW]u\xd5UW]u\xd5U\xff\
\x9f \xae\xba\xea\xaa\xab\xae\xba\xea\xaa\xab\xae\xfa\xff\x04\
q\xd5UW]u\xd5UW]u\xd5\xff'\x88\xab\
\xae\xba\xea\xaa\xab\xae\xba\xea\xaa\xab\xfe?A\x5cu\xd5\
UW]u\xd5UW]\xf5\xff\x09\xe2\xaa\xab\xae\xba\
\xea\xaa\xab\xae\xba\xea\xaa\xffO\x10W]u\xd5UW\
]u\xd5UW\xfd\x7f\x82\xb8\xea\xaa\xab\xae\xba\xea\xaa\
\xab\xae\xba\xea\xff\x13\xc4UW]u\xd5UW]u\
\xd5U\xff\x9f \xae\xba\xea\xaa\xab\xae\xba\xea\xaa\xab\xae\
\xfa\xff\x04q\xd5UW]u\xd5UW]u\xd5\xff\
'\x88\xab\xae\xba\xea\xaa\xab\xae\xba\xea\xaa\xab\xfe?A\
\x5cu\xd5UW]u\xd5UW]\xf5\xff\x09\xe2\xaa\
\xab\xae\xba\xea\xaa\xab\xae\xba\xea\xaa\xffO\x10W]u\
\xd5UW]u\xd5UW\xfd\x7f\x82\xb8\xea\xaa\xab\xae\
\xba\xea\xaa\xab\xae\xba\xea\xff\x13\xc4UW]u\xd5U\
W]u\xd5U\xff\x9f \xae\xba\xea\xaa\xab\xae\xba\xea\
\xaa\xab\xae\xfa\xff\x04q\xd5UW]u\xd5UW]\
u\xd5\xff'\x88\xab\xae\xba\xea\xaa\xab\xae\xba\xea\xaa\xab\
\xfe?A\x5cu\xd5UW]u\xd5UW]\xf5\xff\
\x09\xe2\xaa\xab\xae\xba\xea\xaa\xab\xae\xba\xea\xaa\xffO\x10\
W]u\xd5UW]u\xd5UW\xfd\x7f\x82\xb8\xea\
\xaa\xab\xae\xba\xea\xaa\xab\xae\xba\xea\xff\x13\xc4UW]\
u\xd5UW]u\xd5U\xff\x9f \xae\xba\xea\xaa\xab\
\xae\xba\xea\xaa\xab\xae\xfa\xff\x04q\xd5UW]u\xd5\
UW]u\xd5\xff'\x88\xab\xae\xba\xea\xaa\xab\xae\xba\
\xea\xaa\xab\xfe?A\x5cu\xd5UW]u\xd5UW\
]\xf5\xff\x09\xe2\xaa\xab\xae\xba\xea\xaa\xab\xae\xba\xea\xaa\
\xffO\x10W]u\xd5UW]u\xd5UW\xfd\x7f\
\x82\xb8\xea\xaa\xab\xae\xba\xea\xaa\xab\xae\xba\xea\xff\x13\xc4\
UW]u\xd5UW]u\xd5U\xff\x9f \xae\xba\
\xea\xaa\xab\xae\xba\xea\xaa\xab\xae\xfa\xff\x04q\xd5UW\
]u\xd5UW]u\xd5\xff'\x88\xab\xae\xba\xea\xaa\
\xab\xae\xba\xea\xaa\xab\xfe?A\x5cu\xd5UW]u\
\xd5UW]\xf5\xff\x09\xe2\xaa\xab\xae\xba\xea\xaa\xab\xae\
\xba\xea\xaa\xffO\x10W]u\xd5UW]u\xd5U\
W\xfd\x7f\x82\xb8\xea\xaa\xab\xae\xba\xea\xaa\xab\xae\xba\xea\
\xff\x13\xc4UW]u\xd5UW]u\xd5U\xff\x9f\
 \xae\xba\xea\xaa\xab\xae\xba\xea\xaa\xab\xae\xfa\xff\x04q\
\xd5UW]u\xd5UW]u\xd5\xff'\x88\xab\xae\
\xba\xea\xaa\xab\xae\xba\xea\xaa\xab\xfe?A\x5cu\xd5U\
W]u\xd5UW]\xf5\xff\x09\xe2\xaa\xab\xae\xba\xea\
\xaa\xab\xae\xba\xea\xaa\xffO\x10W]u\xd5UW]\
u\xd5UW\xfd\x7f\x82\xb8\xea\xaa\xab\xae\xba\xea\xaa\xab\
\xae\xba\xea\xff\x13\xc4UW]u\xd5UW]u\xd5\
U\xff\x9f \xae\xba\xea\xaa\xab\xae\xba\xea\xaa\xab\xae\xfa\
\xff\x04q\xd5UW]u\xd5UW]u\xd5\xff'\
\x88\xab\xae\xba\xea\xaa\xab\xae\xba\xea\xaa\xab\xfe?A\x5c\
u\xd5UW]u\xd5UW]\xf5\xff\x09\xe2\xaa\xab\
\xae\xba\xea\xaa\xab\xae\xba\xea\xaa\xffO\x10W]u\xd5\
UW]u\xd5UW\xfd\x7f\x82\xb8\xea\xaa\xab\xae\xba\
\xea\xaa\xab\xae\xba\xea\xff\x13\xc4UW]u\xd5UW\
]u\xd5U\xff\x9f \xae\xba\xea\xaa\xab\xae\xba\xea\xaa\
\xab\xae\xfa\xff\x04q\xd5UW]u\xd5UW]u\
\xd5\xff'\x88\xab\xae\xba\xea\xaa\xab\xae\xba\xea\xaa\xab\xfe\
?A\x5cu\xd5UW]u\xd5UW]\xf5\xff\x09\
\xe2\xaa\xab\xae\xba\xea\xaa\xab\xae\xba\xea\xaa\xffO\x10W\
]u\xd5UW]u\xd5UW\xfd\x7f\x82\xb8\xea\xaa\
\xab\xae\xba\xea\xaa\xab\xae\xba\xea\xff\x13\xc4UW]u\
\xd5UW]u\xd5U\xff\x9f \xae\xba\xea\xaa\xab\xae\
\xba\xea\xaa\xab\xae\xfa\xff\x04q\xd5UW]u\xd5U\
W]u\xd5\xff'\x88\xab\xae\xba\xea\xaa\xab\xae\xba\xea\
\xaa\xab\xfe?A\x5cu\xd5UW]u\xd5UW]\
\xf5\xff\x09\xe2\xaa\xab\xae\xba\xea\xaa\xab\xae\xba\xea\xaa\xff\
O\x10W]u\xd5UW]u\xd5UW\xfd\x7f\x82\
\xb8\xea\xaa\xab\xae\xba\xea\xaa\xab\xae\xba\xea\xff\x13\xc4U\
W]u\xd5UW]u\xd5U\xff\x9f \xae\xba\xea\
\xaa\xab\xae\xba\xea\xaa\xab\xae\xfa\xff\x04q\xd5UW]\
u\xd5UW]u\xd5\xff'\x88\xab\xae\xba\xea\xaa\xab\
\xae\xba\xea\xaa\xab\xfe?A\x5cu\xd5UW]u\xd5\
UW]\xf5\xff\x09\xe2\xaa\xab\xae\xba\xea\xaa\xab\xae\xba\
\xea\xaa\xffO\x10W]u\xd5UW]u\xd5UW\
\xfd\x7f\x82\xb8\xea\xaa\xab\xae\xba\xea\xaa\xab\xae\xba\xea\xff\
\x13\xc4UW]u\xd5UW]u\xd5U\xff\x9f \
\xae\xba\xea\xaa\xab\xae\xba\xea\xaa\xab\xae\xfa\xff\x04q\xd5\
UW]u\xd5UW]u\xd5\xff'\x88\xab\xae\xba\
\xea\xaa\xab\xae\xba\xea\xaa\xab\xfe?A\x5cu\xd5UW\
]u\xd5UW]\xf5\xff\x09\xe2\xaa\xab\xae\xba\xea\xaa\
\xab\xae\xba\xea\xaa\xffO\x10W]u\xd5UW]u\
\xd5UW\xfd\x7f\x82\xb8\xea\xaa\xab\xae\xba\xea\xaa\xab\xae\
\xba\xea\xff\x13\xc4UW]u\xd5UW]u\xd5U\
\xff\x9f \xae\xba\xea\xaa\xab\xae\xba\xea\xaa\xab\xae\xfa\xff\
\x04q\xd5UW]u\xd5UW]u\xd5\xff'\x88\
\xab\xae\xba\xea\xaa\xab\xae\xba\xea\xaa\xab\xfe?A\x5cu\
\xd5UW]u\xd5U\xff\x17\xbd4\xf0R\xc0K\x03\
/\x0d\xbc4p\x9c\xe7\xef\xaf\x81]\xe0V\xe0\xb7\x81\
\xbf\x01\xfe\x9a\xab\xfe\xafB\x5cu\xd5UW]u\xd5\
U\xffW\xbc\x15\xf0\xda\xc0[\x03\x0f\xe6\xdfg\x17\xf8\
m\xe0\xa7\x81\xef\xe1\xaa\xffK\x10W]u\xd5UW\
]u\xd5\xfff\xc7\x81\x8f\x02\xde\x1bx0\xff9n\
\x05\xbe\x1b\xf8\x1e\xe0V\xae\xfa\xdf\x0eq\xd5UW]\
u\xd5UW\xfdot\x1c\xf8,\xe0\xa3\xf9\xaf\xf5\xdd\
\xc0\xe7\x00\xb7r\xd5\xffV\x88\xab\xae\xba\xea\xaa\xab\xae\
\xba\xea\x7f\x9b\x8f\x02>\x1b8\xce\x7f\x8f]\xe0\xab\x81\
\xcf\xe1\xaa\xff\x8d\x10W]u\xd5UW]u\xd5\xff\
\x16\x0f\x06~\x0axi\xfeg\xb8\x15x\x1f\xe0\xb7\xb9\
\xea\x7f\x13\xc4UW]u\xd5UW]\xf5\xbf\xc1{\
\x03_\x05\x1c\xe7\x7f\x96]\xe0c\x80\xef\xe6\xaa\xff-\
\x10W]u\xd5UW]u\xd5\xfft\xdf\x05\xbc7\
\xff\xb3}6\xf09\x5c\xf5\xbf\x01\xe2\xaa\xab\xae\xba\xea\
\xaa\xab\xae\xfa\x9f\xec\xbb\x80\xf7\xe6\x7f\x87\xef\x06\xde\x87\
\xab\xfe\xa7C\x5cu\xd5UW]u\xd5U\xffS}\
\x17\xf0\xde\xfc\xef\xf2\xdd\xc0\xfbp\xd5\xffd\x88\xab\xae\
\xba\xea\xaa\xab\xae\xba\xea\x7f\xa2\xef\x02\xde\x9b\xff\x9d\xbe\
\x1bx\x1f\xae\xfa\x9f\x0aq\xd5UW]u\xd5UW\
\xfdO\xf3\xd9\xc0g\xf1\xbf\xdb\xd7\x00\x1f\xcdU\xff\x13\
!\xae\xba\xea\xaa\xab\xae\xba\xea\xaa\xffI\xde\x1a\xf8)\
\xfeox\x1f\xe0\xbb\xb9\xea\x7f\x1a\xc4UW]u\xd5\
UW]\xf5?\xc5\x83\x81\xbf\x02\x8e\xf3\x7f\xc3.\xf0\
2\xc0\xad\x5c\xf5?\x09\xe2\xaa\xab\xae\xba\xea\xaa\xab\xae\
\xfa\x9f\xe2\xaf\x80\x97\xe6\xff\x96\xdf\x06^\x87\xab\xfe'\
A\x5cu\xd5UW]u\xd5U\xff\x13|5\xf0Q\
\xfc\xdf\xf4>\xc0ws\xd5\xff\x14\x88\xab\xae\xba\xea\xaa\
\xab\xae\xba\xea\xbf\xdbk\x03\xbf\xc5\xff]\xbb\xc0C\x80\
]\xae\xfa\x9f\x00q\xd5UW]u\xd5UW\xfdw\
:\x0e<\x1d8\xce\xffm\x9f\x03|6W\xfdO\x80\
\xb8\xea\xaa\xab\xae\xba\xea\xaa\xab\xfe;\xfd\x16\xf0\xda\xfc\
\xdf\xb7\x0b<\x04\xd8\xe5\xaa\xffn\x88\xab\xae\xba\xea\xaa\
\xab\xae\xba\xea\xbf\xcbG\x03_\xc5\xff\x1f\xef\x03|7\
W\xfdwC\x5cu\xd5UW]u\xd5U\xff\x1d^\
\x1a\xf8+\xfe\x7f\xb9\x15x\x08W\xfdwC\x5cu\xd5\
UW]u\xd5U\xff\xd5\x8e\x03\x7f\x05<\x98\xff\x7f\
^\x06\xf8k\xae\xfa\xef\x84\xb8\xea\xaa\xab\xae\xba\xea\xaa\
\xab\xfe\xab}\x17\xf0\xde\xfc\xff\xf45\xc0Gs\xd5\x7f\
'\xc4UW]u\xd5UW]\xf5_\xe9\xbd\x81\xef\
\xe2\xff\xaf\xbf\x06^\x86\xab\xfe;!\xae\xba\xea\xaa\xab\
\xae\xba\xea\xaa\xff*\x0f\x06\xfe\x0a8\xce\xffo'\x80\
]\xae\xfa\xef\x82\xb8\xea\xaa\xab\xae\xba\xea\xaa\xab\xfe\xab\
\xfc\x15\xf0\xd2\x5c\xf5:\xc0os\xd5\x7f\x17\xc4UW\
]u\xd5UW]\xf5_\xe1\xab\x81\x8f\xe2*\x80\xcf\
\x01>\x9b\xab\xfe\xbb \xae\xba\xea\xaa\xab\xae\xba\xea\xaa\
\xffl\xaf\x0d\xfc\x16W\xdd\xefg\x80\xb7\xe6\xaa\xff.\
\x88\xab\xae\xba\xea\xaa\xab\xae\xba\xea?\xd3q\xe0\xe9\xc0\
q\xae\xba\xdf\xef\x00\xaf\xcdU\xff]\x10W]u\xd5\
UW]u\xd5\x7f\xa6\xdf\x02^\x9b\xab\x1e\xe8V\xe0\
!\x5c\xf5\xdf\x05q\xd5UW]u\xd5UW\xfdg\
\xf9h\xe0\xab\xb8\xea\xf9\x11W\xfdwA\x5cu\xd5U\
W]u\xd5U\xff\x19^\x1a\xf8+\xaezA\xc4U\
\xff]\x10W]u\xd5UW]u\xd5\x7f\xb4\xe3\xc0\
_\x01\x0f\xe6\xaa\x17D\x5c\xf5\xdf\x05q\xd5UW]\
u\xd5UW\xfdG\xfb.\xe0\xbd\xb9\xea\x85\x11W\xfd\
wA\x5cu\xd5UW]u\xd5U\xff\x91\xde\x1b\xf8\
.\xaeza\x9e\x01<\x98\xab\xfe\xbb \xae\xba\xea\xaa\
\xab\xae\xba\xea\xaa\xff(\x0f\x06\xfe\x0a8\xceU/\xcc\
\xef\x00\xaf\xcdU\xff]\x10W]u\xd5UW]u\
\xd5\x7f\x94\xbf\x02^\x9a\xab\xfe%?\x03\xbc5W\xfd\
wA\x5cu\xd5UW]u\xd5U\xff\x11\xbe\x1a\xf8\
(\xaezQ|\x0e\xf0\xd9\x5c\xf5\xdf\x05q\xd5UW\
]u\xd5UW\xfd{\xbd6\xf0[\x5c\xf5\xa2z\x1b\
\xe0\xa7\xb9\xea\xbf\x0b\xe2\xaa\xab\xae\xba\xea\xaa\xab\xae\xfa\
\xf78\x0e<\x1d8\xceU/\xaa\x87\x00\xb7r\xd5\x7f\
\x17\xc4UW]u\xd5UW]\xf5\xef\xf1[\xc0k\
s\xd5\x8b\xeao\x80\x97\xe6\xaa\xffN\x88\xab\xae\xba\xea\
\xaa\xab\xae\xba\xea\xdf\xea\xa3\x81\xaf\xe2\xaa\x7f\x8d\xaf\x01\
>\x9a\xab\xfe;!\xae\xba\xea\xaa\xab\xae\xba\xea\xaa\x7f\
\x8b\x97\x06\xfe\x8a\xab\xfe\xb5^\x06\xf8k\xae\xfa\xef\x84\
\xb8\xea\xaa\xab\xae\xba\xea\xaa\xab\xfe\xb5\x8e\x03\x7f\x05<\
\x98\xab\xfe5\x9e\x01<\x98\xab\xfe\xbb!\xae\xba\xea\xaa\
\xab\xae\xba\xea\xaa\x7f\xad\xef\x02\xde\x9b\xab\xfe\xb5>\x06\
\xf8j\xae\xfa\xef\x86\xb8\xea\xaa\xab\xae\xba\xea\xaa\xab\xfe\
5\xde\x1b\xf8.\xae\xfa\xd7\xba\x04<\x18\xd8\xe5\xaa\xff\
n\x88\xab\xae\xba\xea\xaa\xab\xae\xba\xeaE\xf5`\xe0\xaf\
\x80\xe3\x5c\xf5\xaf\xf59\xc0gs\xd5\xff\x04\x88\xab\xae\
\xba\xea\xaa\xab\xae\xba\xeaE\xf5W\xc0Ks\xd5\xbf\xd6\
%\xe0\xc1\xc0.W\xfdO\x80\xb8\xea\xaa\xab\xae\xba\xea\
\xaa\xab^\x14_\x0d|\x14W\xfd[|\x0c\xf0\xd5\x5c\
\xf5?\x05\xe2\xaa\xab\xae\xba\xea\xaa\xab\xae\xfa\x97\xbc6\
\xf0[\x5c\xf5o\xf1;\xc0ks\xd5\xff$\x88\xab\xae\
\xba\xea\xaa\xab\xae\xba\xea\x859\x0e<\x1d8\xceU\xff\
Z\x97\x80\x97\x06n\xe5\xaa\xffI\x10W]u\xd5U\
W]u\xd5\x0b\xf3[\xc0ks\xd5\xbf\xc5\xfb\x00\xdf\
\xcdU\xff\xd3 \xae\xba\xea\xaa\xab\xae\xba\xea\xaa\x17\xe4\
\xa3\x81\xaf\xe2\xaa\x7f\x8b\x9f\x01\xde\x9a\xab\xfe'B\x5c\
u\xd5UW]u\xd5U\xcf\xcfK\x03\x7f\xc5U\xff\
\x16\xcf\x00^\x1a\xd8\xe5\xaa\xff\x89\x10W]u\xd5U\
W]u\xd5s;\x0e\xfc\x15\xf0`\xae\xfa\xb7x\x19\
\xe0\xaf\xb9\xea\x7f*\xc4UW]u\xd5UW]\xf5\
\xdc\xbe\x0bxo\xae\xfa\xb7\xf8\x1c\xe0\xb3\xb9\xea\x7f2\
\xc4UW]u\xd5UW]\xf5@\xef\x0d|\x17W\
\xfd[\xfc\x0e\xf0\xda\x5c\xf5?\x1d\xe2\xaa\xab\xae\xba\xea\
\xaa\xab\xae\xba\xdf\x83\x81\xbf\x02\x8es\xd5\xbf\xd6%\xe0\
\xc1\xc0.W\xfdO\x87\xb8\xea\xaa\xab\xae\xba\xea\xaa\xab\
\xee\xf7W\xc0Ks\xd5\xbf\xc5\xdb\x00?\xcdU\xff\x1b\
 \xae\xba\xea\xaa\xab\xae\xba\xea*\x80\xaf\x06>\x8a\xab\
\xfe-\xbe\x06\xf8h\xae\xfa\xdf\x02q\xd5UW]u\
\xd5UW\xbd5\xf0S\x5c\xf5o\xf17\xc0Ks\xd5\
\xff&\x88\xab\xae\xba\xea\xaa\xab\xae\xfa\xff\xed8\xf0t\
\xe08W\xfdk]\x02^\x1b\xf8k\xae\xfa\xdf\x04q\
\xd5UW]u\xd5U\xff\xbf\xfd\x16\xf0\xda\x5c\xf5o\
\xf1>\xc0ws\xd5\xff6\x88\xab\xae\xba\xea\xaa\xab\xae\
\xfa\xff\xeb\xb3\x81\xcf\xe2\xaa\x7f\x8b\x9f\x01\xde\x9a\xab\xfe\
7B\x5cu\xd5UW]u\xd5\xffO/\x0d\xfc\x15\
W\xfd[<\x03xi`\x97\xab\xfe7B\x5cu\xd5\
UW]u\xd5\xff?\xc7\x81\xbf\x02\x1e\xccU\xff\x16\
/\x03\xfc5W\xfdo\x85\xb8\xea\xaa\xab\xae\xba\xea\xaa\
\xff\x7f~\x0axk\xae\xfa\xb7\xf8\x1c\xe0\xb3\xb9\xea\x7f\
3\xc4UW]u\xd5UW\xfd\xff\xf2\xde\xc0wq\
\xd5\xbf\xc5\xef\x00\xaf\xcdU\xff\xdb!\xae\xba\xea\xaa\xab\
\xae\xba\xea\xff\x8f\x97\x06~\x0b8\xceU\xffZ\x97\x80\
\x07\x03\xbb\x5c\xf5\xbf\x1d\xe2\xaa\xab\xae\xba\xea\xaa\xab\xfe\
\xff\xf8+\xe0\xa5\xb9\xea\xdf\xe2m\x80\x9f\xe6\xaa\xff\x0b\
\x10W]u\xd5UW]\xf5\xff\xc3W\x03\x1f\xc5U\
\xff\x16_\x03|4W\xfd_\x81\xb8\xea\xaa\xab\xae\xba\
\xea\xaa\xff\xfb\xde\x1a\xf8)\xae\xfa\xb7\xf8\x1b\xe0\xa5\xb9\
\xea\xff\x12\xc4UW]u\xd5UW\xfd\xdfv\x1cx\
:p\x9c\xab\xfe\xb5.\x01\xaf\x0d\xfc5W\xfd_\x82\
\xb8\xea\xaa\xab\xae\xba\xea\xaa\xff\xdb~\x0bxm\xae\xfa\
\xb7x\x1f\xe0\xbb\xb9\xea\xff\x1a\xc4UW]u\xd5U\
W\xfd\xdf\xf5\xd9\xc0gq\xd5\xbf\xc5\xcf\x00o\xcdU\
\xff\x17!\xae\xba\xea\xaa\xab\xae\xba\xea\xff\xa6\x97\x06\xfe\
\x8a\xab\xfe-\x9e\x01\xbc4\xb0\xcbU\xff\x17!\xae\xba\
\xea\xaa\xab\xae\xba\xea\xff\x9e\xe3\xc0_\x01\x0f\xe6\xaa\x7f\
\x8b\x97\x01\xfe\x9a\xab\xfe\xafB\x5cu\xd5UW]u\
\xd5\xff=?\x05\xbc5W\xfd[|\x0e\xf0\xd9\x5c\xf5\
\x7f\x19\xe2\xaa\xab\xae\xba\xea\xaa\xab\xfeoyo\xe0\xbb\
\xb8\xea\xdf\xe2w\x80\xd7\xe6\xaa\xff\xeb\x10W]u\xd5\
UW]\xf5\x7f\xc7K\x03\xbf\x05\x1c\xe7\xaa\x7f\xadK\
\xc0\x83\x81]\xae\xfa\xbf\x0eq\xd5UW]u\xd5U\
\xffw\xfc\x15\xf0\xd2\x5c\xf5o\xf16\xc0Os\xd5\xff\
\x07\x88\xab\xae\xba\xea\xaa\xab\xae\xfa\xbf\xe1\xab\x81\x8f\xe2\
\xaa\x7f\x8b\xaf\x01>\x9a\xab\xfe\xbf@\x5cu\xd5UW\
]u\xd5\xff~o\x0d\xfc\x14W\xfd[\xfc\x0d\xf0\xd2\
\x5c\xf5\xff\x09\xe2\xaa\xab\xae\xba\xea\xaa\xab\xfew;\x0e\
<\x1d8\xceU\xffZ\x97\x80\xd7\x06\xfe\x9a\xab\xfe?\
A\x5cu\xd5UW]u\xd5\xffn\xbf\x05\xbc6W\
\xfd[\xbc\x0f\xf0\xdd\x5c\xf5\xff\x0d\xe2\xaa\xab\xae\xba\xea\
\xaa\xab\xfe\xf7\xfal\xe0\xb3\xb8\xea\xdf\xe2g\x80\xb7\xe6\
\xaa\xff\x8f\x10W]u\xd5UW]\xf5\xbf\xd3K\x03\
\x7f\xc5U\xff\x16\xcf\x00^\x1a\xd8\xe5\xaa\xff\x8f\x10W\
]u\xd5UW]\xf5\xbf\xcfq\xe0\xaf\x80\x07s\xd5\
\xbf\xc5\xcb\x00\x7f\xcdU\xff_!\xae\xba\xea\xaa\xab\xae\
\xba\xea\x7f\x9f\x9f\x02\xde\x9a\xab\xfe->\x07\xf8l\xae\
\xfa\xff\x0cq\xd5UW]u\xd5U\xff\xbb\xbc7\xf0\
]\x5c\xf5o\xf1;\xc0ks\xd5\xffw\x88\xab\xae\xba\
\xea\xaa\xab\xae\xfa\xdf\xe3\xa5\x81\xdf\x02\x8es\xd5\xbf\xd6\
%\xe0\xc1\xc0.W\xfd\x7f\x87\xb8\xea\xaa\xab\xae\xba\xea\
\xaa\xff=\xfe\x0axi\xae\xfa\xb7x\x1b\xe0\xa7\xb9\xea\
*@\x5cu\xd5UW]u\xd5\xff\x0e_\x0d|\x14\
W\xfd[|\x0d\xf0\xd1\x5cu\xd5\x15\x88\xab\xae\xba\xea\
\xaa\xab\xae\xfa\x9f\xef\xad\x81\x9f\xe2\xaa\x7f\x8b\xbf\x01^\
\x9a\xab\xaez6\xc4UW]u\xd5UW\xfd\xcfv\
\x1cx:p\x9c\xab\xfe\xb5.\x01\xaf\x0d\xfc5W]\
\xf5l\x88\xab\xae\xba\xea\xaa\xab\xae\xfa\x9f\xed\xb7\x80\xd7\
\xe6\xaa\x7f\x8b\xf7\x01\xbe\x9b\xab\xaezN\x88\xab\xae\xba\
\xea\xaa\xab\xae\xfa\x9f\xeb\xb3\x81\xcf\xe2\xaa\x7f\x8b\x9f\x01\
\xde\x9a\xab\xaez^\x88\xab\xae\xba\xea\xaa\xab\xae\xfa\x9f\
\xe9\xa5\x81\xbf\xe2\xaa\x7f\x8bg\x00/\x0d\xecr\xd5U\
\xcf\x0bq\xd5UW]u\xd5U\xff\xf3\x1c\x07\xfe\x0a\
x0W\xfd[\xbc\x0c\xf0\xd7\x5cu\xd5\xf3\x87\xb8\xea\
\xaa\xab\xae\xba\xea\xaa\xffy~\x0axk\xae\xfa\xb7\xf8\
\x1c\xe0\xb3\xb9\xea\xaa\x17\x0cq\xd5UW]u\xd5U\
\xff\xb3\xbc7\xf0]\x5c\xf5o\xf1;\xc0ks\xd5U\
/\x1c\xe2\xaa\xab\xae\xba\xea\xaa\xab\xfe\xe7xi\xe0\xb7\
\x80\xe3\x5c\xf5\xafu\x09x0\xb0\xcbUW\xbdp\x88\
\xab\xae\xba\xea\xaa\xab\xae\xfa\x9f\xe3\xaf\x80\x97\xe6\xaa\x7f\
\x8b\xb7\x01~\x9a\xab\xae\xfa\x97!\xae\xba\xea\xaa\xab\xae\
\xba\xea\x7f\x86\xaf\x06>\x8a\xab\xfe-\xbe\x06\xf8h\xae\
\xba\xeaE\x83\xb8\xea\xaa\xab\xae\xba\xea\xaa\xff~o\x0d\
\xfc\x14W\xfd[\xfc\x0d\xf0\xd2\x5cu\xd5\x8b\x0eq\xd5\
UW]u\xd5U\xff\xbd\x8e\x03O\x07\x8es\xd5\xbf\
\xd6%\xe0\xb5\x81\xbf\xe6\xaa\xab^t\x88\xab\xae\xba\xea\
\xaa\xab\xae\xfa\xef\xf5[\xc0ks\xd5\xbf\xc5\xfb\x00\xdf\
\xcdUW\xfd\xeb \xae\xba\xea\xaa\xab\xae\xba\xea\xbf\xcf\
g\x03\x9f\xc5U\xff\x16?\x03\xbc5W]\xf5\xaf\x87\
\xb8\xea\xaa\xab\xae\xba\xea\xaa\xff\x1e/\x0d\xfc\x15W\xfd\
[<\x03xi`\x97\xab\xae\xfa\xd7C\x5cu\xd5U\
W]u\xd5\x7f\xbd\xe3\xc0_\x01\x0f\xe6\xaa\x7f\x8b\x97\
\x01\xfe\x9a\xab\xae\xfa\xb7A\x5cu\xd5UW]u\xd5\
\x7f\xbd\x9f\x02\xde\x9a\xab\xfe->\x07\xf8l\xae\xba\xea\
\xdf\x0eq\xd5UW]u\xd5U\xff\xb5\xde\x1b\xf8.\
\xae\xfa\xb7\xf8\x1d\xe0\xb5\xb9\xea\xaa\x7f\x1f\xc4UW]\
u\xd5UW\xfd\xd7yi\xe0\xb7\x80\xe3\x5c\xf5\xafu\
\x09x0\xb0\xcbUW\xfd\xfb \xae\xba\xea\xaa\xab\xae\
\xba\xea\xbf\xce_\x01/\xcdU\xff\x16o\x03\xfc4W\
]\xf5\xef\x87\xb8\xea\xaa\xab\xae\xba\xea\xaa\xff\x1a_\x0d\
|\x14W\xfd[|\x0d\xf0\xd1\x5cu\xd5\x7f\x0c\xc4U\
W]u\xd5UW\xfd\xe7{k\xe0\xa7\xb8\xea\xdf\xe2\
o\x80\x97\xe6\xaa\xab\xfe\xe3 \xae\xba\xea\xaa\xab\xae\xba\
\xea?\xd7q\xe0\xe9\xc0q\xae\xfa\xd7\xba\x04\xbc6\xf0\
\xd7\x5cu\xd5\x7f\x1c\xc4UW]u\xd5UW\xfd\xe7\
\xfa-\xe0\xb5\xb9\xea\xdf\xe2}\x80\xef\xe6\xaa\xab\xfec\
!\xae\xba\xea\xaa\xab\xae\xba\xea?\xcfg\x03\x9f\xc5U\
\xff\x16?\x03\xbc5W]\xf5\x1f\x0fq\xd5UW]\
u\xd5U\xff9^\x1a\xf8+\xae\xfa\xb7x\x06\xf0\xd2\
\xc0.W]\xf5\x1f\x0fq\xd5UW]u\xd5U\xff\
\xf1\x8e\x03\x7f\x05<\x98\xab\xfe-^\x06\xf8k\xae\xba\
\xea?\x07\xe2\xaa\xab\xae\xba\xea\xaa\xab\xfe\xe3\xfd\x14\xf0\
\xd6\x5c\xf5o\xf19\xc0gs\xd5U\xffy\x10W]\
u\xd5UW]\xf5\x1f\xeb\xbd\x81\xef\xe2\xaa\x7f\x8b\xdf\
\x01^\x9b\xab\xae\xfa\xcf\x85\xb8\xea\xaa\xab\xae\xba\xea\xaa\
\xff8/\x0d\xfc\x16p\x9c\xab\xfe\xb5.\x01\x0f\x06v\
\xb9\xea\xaa\xff\x5c\x88\xab\xae\xba\xea\xaa\xab\xae\xfa\x8f\xf3\
W\xc0Ks\xd5\xbf\xc5\xdb\x00?\xcdUW\xfd\xe7C\
\x5cu\xd5UW]u\xd5\x7f\x8c\xaf\x06>\x8a\xab\xfe\
-\xbe\x06\xf8h\xae\xba\xea\xbf\x06\xe2\xaa\xab\xae\xba\xea\
\xaa\xab\xfe\xfd\xde\x1a\xf8)\xae\xfa\xb7\xf8\x1b\xe0\xa5\xb9\
\xea\xaa\xff:\x88\xab\xae\xba\xea\xaa\xab\xae\xfa\xf79\x0e\
<\x1d8\xceU\xffZ\x97\x80\xd7\x06\xfe\x9a\xab\xae\xfa\
\xaf\x83\xb8\xea\xaa\xab\xae\xba\xea\xaa\x7f\x9f\xdf\x02^\x9b\
\xab\xfe-\xde\x07\xf8n\xae\xba\xea\xbf\x16\xe2\xaa\xab\xae\
\xba\xea\xaa\xab\xfe\xed>\x1b\xf8,\xae\xfa\xb7\xf8\x19\xe0\
\xad\xb9\xea\xaa\xffz\x88\xab\xae\xba\xea\xaa\xab\xae\xfa\xb7\
yi\xe0\xaf\xb8\xea\xdf\xe2\x19\xc0K\x03\xbb\x5cu\xd5\
\x7f=\xc4UW]u\xd5UW\xfd\xeb\x1d\x07\xfe\x0a\
x0W\xfd[\xbc\x0c\xf0\xd7\x5cu\xd5\x7f\x0f\xc4U\
W]u\xd5UW\xfd\xeb\xfd\x14\xf0\xd6\x5c\xf5o\xf1\
9\xc0gs\xd5U\xff}\x10W]u\xd5UW]\
\xf5\xaf\xf3\xde\xc0wq\xd5\xbf\xc5\xef\x00\xaf\xcdUW\
\xfd\xf7B\x5cu\xd5UW]u\xd5\x8b\xee\xa5\x81\xdf\
\x02\x8es\xd5\xbf\xd6%\xe0\xc1\xc0.W]\xf5\xdf\x0b\
q\xd5UW]u\xd5U/\xba\xbf\x02^\x9a\xab\xfe\
-\xde\x06\xf8i\xae\xba\xea\xbf\x1f\xe2\xaa\xab\xae\xba\xea\
\xaa\xab^4_\x0d|\x14W\xfd[|\x0d\xf0\xd1\x5c\
u\xd5\xff\x0c\x88\xab\xae\xba\xea\xaa\xab\xae\xfa\x97\xbd5\
\xf0S\x5c\xf5o\xf17\xc0Ks\xd5U\xffs \xae\
\xba\xea\xaa\xab\xae\xba\xea\x85;\x0e<\x1d8\xceU\xff\
Z\x97\x80\xd7\x06\xfe\x9a\xab\xae\xfa\x9f\x03q\xd5UW\
]u\xd5U/\xdco\x01\xaf\xcdU\xff\x16\xef\x03|\
7W]\xf5?\x0b\xe2\xaa\xab\xae\xba\xea\xaa\xab^\xb0\
\xcf\x06>\x8b\xab\xfe-~\x06xk\xae\xba\xea\x7f\x1e\
\xc4UW]u\xd5UW=\x7f/\x0d\xfc\x15W\xfd\
[<\x03xi`\x97\xab\xae\xfa\x9f\x07q\xd5UW\
]u\xd5U\xcf\xeb8\xf0W\xc0\x83\xb9\xea\xdf\xe2e\
\x80\xbf\xe6\xaa\xab\xfegB\x5cu\xd5UW]u\xd5\
\xf3\xfa)\xe0\xad\xb9\xea\xdf\xe2s\x80\xcf\xe6\xaa\xab\xfe\
\xe7B\x5cu\xd5UW]u\xd5szo\xe0\xbb\xb8\
\xea\xdf\xe2w\x80\xd7\xe6\xaa\xab\xfegC\x5cu\xd5U\
W]u\xd5\xb3\xbd4\xf0[\xc0q\xae\xfa\xd7\xba\x04\
<\x18\xd8\xe5\xaa\xab\xfegC\x5cu\xd5UW]u\
\xd5\xb3\xfd\x15\xf0\xd2\x5c\xf5o\xf16\xc0Os\xd5U\
\xff\xf3!\xae\xba\xea\xaa\xab\xae\xba\xea\x8a\xaf\x06>\x8a\
\xab\xfe-\xbe\x06\xf8h\xae\xba\xea\x7f\x07\xc4UW]\
u\xd5UW\xc1[\x03?\xc5U\xff\x16\x7f\x03\xbc4\
W]\xf5\xbf\x07\xe2\xaa\xab\xae\xba\xea\xaa\xff\xef\x8e\x03\
O\x07\x8es\xd5\xbf\xd6%\xe0\xb5\x81\xbf\xe6\xaa\xab\xfe\
\xf7@\x5cu\xd5UW]\xf5\xff\xddo\x01\xaf\xcdU\
\xff\x16\xef\x03|7W]\xf5\xbf\x0b\xe2\xaa\xab\xae\xba\
\xea\xaa\xff\xcf>\x1b\xf8,\xae\xfa\xb7\xf8\x19\xe0\xad\xb9\
\xea\xaa\xff}\x10W]u\xd5UW\xfd\x7f\xf5\xd2\xc0\
_q\xd5\xbf\xc53\x80\x97\x06v\xb9\xea\xaa\xff}\x10\
W]u\xd5UW\xfd\x7ft\x1c\xf8+\xe0\xc1\x5c\xf5\
o\xf12\xc0_s\xd5U\xff;!\xae\xba\xea\xaa\xab\
\xae\xfa\xff\xe8\xa7\x80\xb7\xe6\xaa\x7f\x8b\xcf\x01>\x9b\xab\
\xae\xfa\xdf\x0bq\xd5UW]u\xd5\xff7\xef\x0d|\
\x17W\xfd[\xfc\x0e\xf0\xda\x5cu\xd5\xffn\x88\xab\xae\
\xba\xea\xaa\xab\xfe?yi\xe0\xb7\x80\xe3\x5c\xf5\xafu\
\x09x0\xb0\xcbUW\xfd\xef\x86\xb8\xea\xaa\xab\xae\xba\
\xea\xff\x93\xbf\x02^\x9a\xab\xfe-\xde\x06\xf8i\xae\xba\
\xea\x7f?\xc4UW]u\xd5U\xff_|5\xf0Q\
\x5c\xf5o\xf15\xc0Gs\xd5U\xff7 \xae\xba\xea\
\xaa\xab\xae\xfa\xff\xe0\xad\x81\x9f\xe2\xaa\x7f\x8b\xbf\x01^\
\x9a\xab\xae\xfa\xbf\x03q\xd5UW]u\xd5\xffu\xc7\
\x81\xa7\x03\xc7\xb9\xea_\xeb\x12\xf0\xda\xc0_s\xd5U\
\xffw \xae\xba\xea\xaa\xab\xae\xfa\xbf\xee\xb7\x80\xd7\xe6\
\xaa\x7f\x8b\xf7\x01\xbe\x9b\xab\xae\xfa\xbf\x05q\xd5UW\
]u\xd5\xffe\x9f\x0d|\x16W\xfd[\xfc\x0c\xf0\xd6\
\x5cu\xd5\xff=\x88\xab\xae\xba\xea\xaa\xab\xfe\xafzi\
\xe0\xaf\xb8\xea\xdf\xe2\x19\xc0K\x03\xbb\x5cu\xd5\xff=\
\x88\xab\xae\xba\xea\xaa\xab\xfe/:\x0e\xfc\x15\xf0`\xae\
\xfa\xb7x\x19\xe0\xaf\xb9\xea\xaa\xff\x9b\x10W]u\xd5\
UW\xfd_\xf4S\xc0[s\xd5\xbf\xc5\xe7\x00\x9f\xcd\
UW\xfd\xdf\x85\xb8\xea\xaa\xab\xae\xba\xea\xff\x9a\xf7\x06\
\xbe\x8b\xab\xfe-~\x07xm\xae\xba\xea\xff6\xc4U\
W]u\xd5U\xff\x97\xbc4\xf0[\xc0q\xae\xfa\xd7\
\xba\x04<\x18\xd8\xe5\xaa\xab\xfeoC\x5cu\xd5UW\
]\xf5\x7f\xc9_\x01/\xcdU\xff\x16o\x03\xfc4W\
]\xf5\x7f\x1f\xe2\xaa\xab\xae\xba\xea\xaa\xff+\xbe\x1a\xf8\
(\xae\xfa\xb7\xf8\x1a\xe0\xa3\xb9\xea\xaa\xff\x1f\x10W]\
u\xd5UW\xfd_\xf0\xd6\xc0Oq\xd5\xbf\xc5\xdf\x00\
/\xcdUW\xfd\xff\x81\xb8\xea\xaa\xab\xae\xba\xea\x7f\xbb\
\xe3\xc0\xd3\x81\xe3\x5c\xf5\xafu\x09xm\xe0\xaf\xb9\xea\
\xaa\xff?\x10W]u\xd5UW\xfdo\xf7[\xc0k\
s\xd5\xbf\xc5\xfb\x00\xdf\xcdUW\xfd\xff\x82\xb8\xea\xaa\
\xab\xae\xba\xea\x7f\xb3\xcf\x06>\x8b\xab\xfe-~\x06x\
k\xae\xba\xea\xff\x1f\xc4UW]u\xd5U\xff[\xbd\
4\xf0W\x5c\xf5o\xf1\x0c\xe0\xa5\x81]\xae\xba\xea\xff\
\x1f\xc4UW]u\xd5U\xff\x1b\x1d\x07\xfe\x0ax0\
W\xfd[\xbc\x0c\xf0\xd7\x5cu\xd5\xffO\x88\xab\xae\xba\
\xea\xaa\xab\xfe7\xfa)\xe0\xad\xb9\xea\xdf\xe2s\x80\xcf\
\xe6\xaa\xab\xfe\xffB\x5cu\xd5UW]\xf5\xbf\xcd{\
\x03\xdf\xc5U\xff\x16\xbf\x03\xbc6W]\xf5\xff\x1b\xe2\
\xaa\xab\xae\xba\xea\xaa\xffM^\x1a\xf8-\xe08W\xfd\
k]\x02\x1e\x0c\xecr\xd5U\xff\xbf!\xae\xba\xea\xaa\
\xab\xae\xfa\xdf\xe4\xaf\x80\x97\xe6\xaa\x7f\x8b\xb7\x01~\x9a\
\xab\xae\xba\x0aq\xd5UW]u\xd5\xff\x16_\x0d|\
\x14W\xfd[|\x0d\xf0\xd1\x5cu\xd5U\x00\x88\xab\xae\
\xba\xea\xaa\xab\xfe7xk\xe0\xa7\xb8\xea\xdf\xe2o\x80\
\x97\xe6\xaa\xab\xae\xba\x1f\xe2\xaa\xab\xae\xba\xea\xaa\xff\xe9\
\x8e\x03O\x07\x8es\xd5\xbf\xd6%\xe0\xb5\x81\xbf\xe6\xaa\
\xab\xae\xba\x1f\xe2\xaa\xab\xae\xba\xea\xaa\xff\xe9~\x0bx\
m\xae\xfa\xb7x\x1f\xe0\xbb\xb9\xea\xaa\xab\x1e\x08q\xd5\
UW]u\xd5\xffd\x9f\x0d|\x16W\xfd[\xfc\x0c\
\xf0\xd6\x5cu\xd5U\xcf\x0dq\xd5UW]u\xd5\xff\
T/\x0d\xfc\x15W\xfd[<\x03xi`\x97\xab\xae\
\xba\xea\xb9!\xae\xba\xea\xaa\xab\xae\xfa\x9f\xe88\xf0W\
\xc0\x83\xb9\xea\xdf\xe2e\x80\xbf\xe6\xaa\xab\xaez~\x10\
W]u\xd5UW\xfdO\xf4S\xc0[s\xd5\xbf\xc5\
\xe7\x00\x9f\xcdUW]\xf5\x82 \xae\xba\xea\xaa\xab\xae\
\xfa\x9f\xe6\xbd\x81\xef\xe2\xaa\x7f\x8b\xdf\x01^\x9b\xab\xae\
\xba\xea\x85A\x5cu\xd5UW]\xf5?\xc9K\x03\xbf\
\x05\x1c\xe7\xaa\x7f\xadK\xc0\x83\x81]\xae\xba\xea\xaa\x17\
\x06q\xd5UW]u\xd5\xff$\x7f\x05\xbc4W\xfd\
[\xbc\x0d\xf0\xd3\x5cu\xd5U\xff\x12\xc4UW]u\
\xd5U\xffS|5\xf0Q\x5c\xf5o\xf15\xc0Gs\
\xd5UW\xbd(\x10W]u\xd5UW\xfdO\xf0\xd6\
\xc0Oq\xd5\xbf\xc5\xdf\x00/\xcdUW]\xf5\xa2B\
\x5cu\xd5UW]\xf5\xdf\xed8\xf0t\xe08W\xfd\
k]\x02^\x1b\xf8k\xae\xba\xea\xaa\x17\x15\xe2\xaa\xab\
\xae\xba\xea\xaa\xffn\xbf\x05\xbc6W\xfd[\xbc\x0f\xf0\
\xdd\x5cu\xd5U\xff\x1a\x88\xab\xae\xba\xea\xaa\xab\xfe;\
}6\xf0Y\x5c\xf5o\xf13\xc0[s\xd5UW\xfd\
k!\xae\xba\xea\xaa\xab\xae\xfa\xef\xf2\xd2\xc0_q\xd5\
\xbf\xc53\x80\x97\x06v\xb9\xea\xaa\xab\xfe\xb5\x10W]\
u\xd5UW\xfdw8\x0e\xfc\x15\xf0`\xae\xfa\xb7x\
\x19\xe0\xaf\xb9\xea\xaa\xab\xfe-\x10W]u\xd5UW\
\xfdw\xf8)\xe0\xad\xb9\xea\xdf\xe2s\x80\xcf\xe6\xaa\xab\
\xae\xfa\xb7B\x5cu\xd5UW]\xf5_\xed\xbd\x81\xef\
\xe2\xaa\x7f\x8b\xdf\x01^\x9b\xab\xae\xba\xea\xdf\x03q\xd5\
UW]u\xd5\x7f\xa5\x97\x06~\x0b8\xceU\xffZ\
\x97\x80\x07\x03\xbb\x5cu\xd5U\xff\x1e\x88\xab\xae\xba\xea\
\xaa\xab\xfe+\xfd\x15\xf0\xd2\x5c\xf5o\xf16\xc0Os\
\xd5UW\xfd{!\xae\xba\xea\xaa\xab\xae\xfa\xaf\xf2\xd5\
\xc0Gq\xd5\xbf\xc5\xd7\x00\x1f\xcdUW]\xf5\x1f\x01\
q\xd5UW]u\xd5\x7f\x85\xb7\x06~\x8a\xab\xfe-\
\xfe\x06xi\xae\xba\xea\xaa\xff(\x88\xab\xae\xba\xea\xaa\
\xab\xfe\xb3\x1d\x07\x9e\x0e\x1c\xe7\xaa\x7f\xadK\xc0k\x03\
\x7f\xcdUW]\xf5\x1f\x05q\xd5UW]u\xd5\x7f\
\xb6\xdf\x02^\x9b\xab\xfe-\xde\x07\xf8n\xae\xba\xea\xaa\
\xffH\x88\xab\xae\xba\xea\xaa\xab\xfe3}6\xf0Y\x5c\
\xf5o\xf13\xc0[s\xd5UW\xfdGC\x5cu\xd5\
UW]\xf5\x9f\xe5\xa5\x81\xbf\xe2\xaa\x7f\x8bg\x00/\
\x0d\xecr\xd5UW\xfdGC\x5cu\xd5UW]\xf5\
\x9f\xe18\xf0W\xc0\x83\xb9\xea\xdf\xe2e\x80\xbf\xe6\xaa\
\xab\xae\xfa\xcf\x80\xb8\xea\xaa\xab\xae\xba\xea?\xc3O\x01\
o\xcdU\xff\x16\x9f\x03|6W]u\xd5\x7f\x16\xc4\
UW]u\xd5U\xff\xd1\xde\x1b\xf8.\xae\xfa\xb7\xf8\
\x1d\xe0\xb5\xb9\xea\xaa\xab\xfe3!\xae\xba\xea\xaa\xab\xae\
\xfa\x8f\xf4\xd2\xc0o\x01\xc7\xb9\xea_\xeb\x12\xf0``\
\x97\xab\xae\xba\xea?\x13\xe2\xaa\xab\xae\xba\xea\xaa\xffH\
\x7f\x05\xbc4W\xfd[\xbc\x0d\xf0\xd3\x5cu\xd5U\xff\
\xd9\x10W]u\xd5UW\xfdG\xf9j\xe0\xa3\xb8\xea\
\xdf\xe2k\x80\x8f\xe6\xaa\xab\xae\xfa\xaf\x80\xb8\xea\xaa\xab\
\xae\xba\xea?\xc2[\x03?\xc5U\xff\x16\x7f\x03\xbc4\
W]u\xd5\x7f\x15\xc4UW]u\xd5U\xff^\xc7\
\x81\xa7\x03\xc7\xb9\xea_\xeb\x12\xf0\xda\xc0_s\xd5U\
W\xfdWA\x5cu\xd5UW]\xf5\xef\xf5[\xc0k\
s\xd5\xbf\xc5\xfb\x00\xdf\xcdUW]\xf5_\x09q\xd5\
UW]u\xd5\xbf\xc7g\x03\x9f\xc5U\xff\x16?\x03\
\xbc5W]u\xd5\x7f5\xc4UW]u\xd5U\xff\
V/\x0d\xfc\x15W\xfd[<\x03xi`\x97\xab\xae\
\xba\xea\xbf\x1a\xe2\xaa\xab\xae\xba\xea\xaa\x7f\x8b\xe3\xc0_\
\x01\x0f\xe6\xaa\x7f\x8b\x97\x01\xfe\x9a\xab\xae\xba\xea\xbf\x03\
\xe2\xaa\xab\xae\xba\xea\xaa\x7f\x8b\x9f\x02\xde\x9a\xab\xfe-\
>\x07\xf8l\xae\xba\xea\xaa\xff.\x88\xab\xae\xba\xea\xaa\
\xab\xfe\xb5\xde\x1b\xf8.\xae\xfa\xb7\xf8\x1d\xe0\xb5\xb9\xea\
\xaa\xab\xfe;!\xae\xba\xea\xaa\xab\xae\xfa\xd7xi\xe0\
\xb7\x80\xe3\x5c\xf5\xafu\x09x0\xb0\xcbUW]\xf5\
\xdf\x09q\xd5UW]u\xd5\xbf\xc6_\x01/\xcdU\
\xff\x16o\x03\xfc4W]u\xd5\x7f7\xc4U\xff\xd7\
=\x18x-\xe0\xa5\x81\x97\x06\x1e\x0c<\x98\xe7\xefV\
\xe0V\xe0\xaf\x81[\x81\xdf\x01\xfe\x9a\xab\xae\xba\xea~\
_\x0d|\x14W\xfd[|\x0d\xf0\xd1\x5cu\xd5U\xff\
\x13 \xae\xfa\xbf\xe8\xad\x80\xb7\x06^\x1bx0\xff>\
\xbb\xc0O\x03?\x0d\xfc\x0cW]\xf5\xff\xd7[\x03?\
\xc5U\xff\x16\x7f\x03\xbc4W]u\xd5\xff\x14\x88\xab\
\xfe\xaf8\x0e|\x14\xf0\xde\xc0\x83\xf9\xcf\xb1\x0b|7\
\xf05\xc0\xad\x5cu\xd5\xff\x1f\xc7\x81\xa7\x03\xc7\xb9\xea\
_\xeb\x12\xf0\xda\xc0_s\xd5UW\xfdO\x81\xb8\xea\
\x7f\xbb\xe3\xc0W\x01o\x0d\x1c\xe7\xbf\xcew\x03\x9f\x03\
\xdc\xcaUW\xfd\xdf\xf7[\xc0ks\xd5\xbf\xc5\xfb\x00\
\xdf\xcdUW]\xf5?\x09\xe2\xaa\xff\xcd>\x0a\xf8l\
\xe08\xff=v\x81\xaf\x06\xbe\x06\xd8\xe5\xaa\xab\xfeo\
\xfal\xe0\xb3\xb8\xea\xdf\xe2g\x80\xb7\xe6\xaa\xab\xae\xfa\
\x9f\x06q\xd5\xffF/\x0d|\x17\xf0\xd2\xfc\xcfp+\
\xf06\xc0_s\xd5U\xff\xb7\xbc4\xf0W\x5c\xf5o\
\xf1\x0c\xe0\xa5\x81]\xae\xba\xea\xaa\xffi\x10W\xfdo\
\xf3\xde\xc0W\x01\xc7\xf9\x9f\xe7\xa3\x81\xaf\xe1\xaa\xab\xfe\
o8\x0e\xfc\x15\xf0`\xae\xfa\xb7x\x19\xe0\xaf\xb9\xea\
\xaa\xab\xfe'B\x5c\xf5\xbf\xc9w\x01\xef\xcd\xffl\xdf\
\x0d\xbc\x0fW]\xf5\xbf\xdfO\x01o\xcdU\xff\x16\x9f\
\x03|6W]u\xd5\xffT\x88\xab\xfe78\x0e|\
\x15\xf0\xde\xfc\xef\xf0\xd7\xc0\xeb\x00\xbb\x5cu\xd5\xffN\
\xef\x0d|\x17W\xfd[\xfc\x0e\xf0\xda\x5cu\xd5U\xff\
\x93!\xae\xfa\x9f\xee8\xf0[\xc0K\xf3\xbf\xcb_\x03\
\xaf\x03\xecr\xd5U\xff\xbb\xbc4\xf0[\xc0q\xae\xfa\
\xd7\xba\x04<\x18\xd8\xe5\xaa\xab\xae\xfa\x9f\x0cq\xd5\xff\
t\xdf\x05\xbc7\xff;\xfd5\xf0:\xc0.W]\xf5\
\xbf\xc7_\x01/\xcdU\xff\x16o\x03\xfc4W]u\
\xd5\xfft\x88\xab\xfe'\xfb.\xe0\xbd\xf9\xdf\xed\xaf\x81\
\xd7\x01v\xb9\xea\xaa\xff\xf9\xbe\x1a\xf8(\xae\xfa\xb7\xf8\
\x1a\xe0\xa3\xb9\xea\xaa\xab\xfe7@\x5c\xf5?\xd5{\x03\
\xdf\xc5\xff\x0d\x7f\x0d\xbc\x0e\xb0\xcbUW\xfd\xcf\xf5\xd6\
\xc0Oq\xd5\xbf\xc5\xdf\x00/\xcdUW]\xf5\xbf\x05\
\xe2\xaa\xff\x89^\x1a\xf8-\xe08\xffw\xfc5\xf0:\
\xc0.W]\xf5?\xcfq\xe0\xe9\xc0q\xae\xfa\xd7\xba\
\x04\xbc6\xf0\xd7\x5cu\xd5U\xff[ \xae\xfa\x9f\xe8\
\xaf\x80\x97\xe6\xff\x9e\xbf\x06^\x07\xd8\xe5\xaa\xab\xfeg\
\xf9-\xe0\xb5\xb9\xea\xdf\xe2}\x80\xef\xe6\xaa\xab\xae\xfa\
\xdf\x04q\xd5\xff4\xef\x0d|\x17\xffw\xfd5\xf0:\
\xc0.W]\xf5?\xc3g\x03\x9f\xc5U\xff\x16?\x03\
\xbc5W]u\xd5\xff6\x88\xab\xfe'9\x0e<\x1d\
8\xce\xffm\x7f\x0d\xbc\x0e\xb0\xcbUW\xfd\xf7zi\
\xe0\xaf\xb8\xea\xdf\xe2\x19\xc0K\x03\xbb\x5cu\xd5U\xff\
\xdb \xae\xfa\x9f\xe4\xb3\x81\xcf\xe2\xff\x87\xbf\x06^\x07\
\xd8\xe5\xaa\xab\xfe{\x1c\x07\xfe\x0ax0W\xfd[\xbc\
\x0c\xf0\xd7\x5cu\xd5U\xff\x1b!\xae\xfa\x9f\xe28\xf0\
t\xe08\xff\x7f\xfc5\xf0:\xc0.W]\xf5_\xef\
\xa7\x80\xb7\xe6\xaa\x7f\x8b\xcf\x01>\x9b\xab\xae\xba\xea\x7f\
+\xc4U\xffS|6\xf0Y\xfc\xff\xf3\xd7\xc0\xeb\x00\
\xbb\x5cu\xd5\x7f\x9d\xf7\x06\xbe\x8b\xab\xfe-~\x07x\
m\xae\xba\xea\xaa\xff\xcd\x10W\xfdO\xf1t\xe0\xc1\xfc\
\xff\xf4\xd7\xc0\xeb\x00\xbb\x5cu\xd5\x7f\xbe\x97\x06~\x0b\
8\xceU\xffZ\x97\x80\x07\x03\xbb\x5cu\xd5U\xff\x9b\
!\xae\xfa\x9f\xe0\xa5\x81\xbf\xe2\xff\xb7\xbf\x06^\x07\xd8\
\xe5\xaa\xab\xfes\xfd\x15\xf0\xd2\x5c\xf5o\xf16\xc0O\
s\xd5UW\xfdo\x87\xb8\xea\x7f\x82\xaf\x06>\x8a\xab\
\xfe\x1ax\x1d`\x97\xab\xae\xfa\xcf\xf1\xd5\xc0Gq\xd5\
\xbf\xc5\xd7\x00\x1f\xcdUW]\xf5\x7f\x01\xe2\xaa\xff\x09\
\xfe\x0axi\xae\x02\xf8k\xe0u\x80]\xae\xba\xea?\
\xd6[\x03?\xc5U\xff\x16\x7f\x03\xbc4W]u\xd5\
\xff\x15\x88\xab\xfe\xbb\x1d\x07.r\xd5\x03\xfd5\xf0:\
\xc0.W]\xf5\x1f\xe38\xf0t\xe08W\xfdk]\
\x02^\x1b\xf8k\xae\xba\xea\xaa\xff+\x10W\xfdw{\
k\xe0\xa7\xb8\xea\xb9\xfd5\xf0:\xc0.W]\xf5\xef\
\xf7[\xc0ks\xd5\xbf\xc5\xfb\x00\xdf\xcdUW]\xf5\
\x7f\x09\xe2\xaa\xffn\x9f\x0d|\x16W=?\x7f\x0d\xbc\
\x0e\xb0\xcbUW\xfd\xdb}6\xf0Y\x5c\xf5o\xf13\
\xc0[s\xd5UW\xfd_\x83\xb8\xea\xbf\xdbw\x03\xef\
\xc5U/\xc8_\x03\xaf\x03\xecr\xd5U\xffz/\x0d\
\xfc\x15W\xfd[<\x03xi`\x97\xab\xae\xba\xea\xff\
\x1a\xc4U\xff\xdd~\x1bx-\xaeza\xfe\x1ax\x1d\
`\x97\xab\xaez\xd1\x1d\x07\xfe\x0ax0W\xfd[\xbc\
\x0c\xf0\xd7\x5cu\xd5U\xff\x17!\xae\xfa\xef\xf6W\xc0\
Ks\xd5\xbf\xe4\xaf\x81\xd7\x01v\xb9\xea\xaa\x17\xcdO\
\x01o\xcdU\xff\x16\x9f\x03|6W]u\xd5\xffU\
\x88\xab\xfe\xbb\x99\xab^T\x7f\x0d\xbc\x0e\xb0\xcbUW\
\xbdp\xef\x0d|\x17W\xfd[\xfc\x0e\xf0\xda\x5cu\xd5\
U\xff\x97!\xae\xfa\xeff\xae\xfa\xd7\xf8k\xe0u\x80\
]\xae\xba\xea\xf9{i\xe0\xb7\x80\xe3\x5c\xf5\xafu\x09\
x0\xb0\xcbUW]\xf5\x7f\x19\xe2\xaa\xffn\xe6\xaa\
\x7f\xad\xbf\x06^\x07\xd8\xe5\xaa\xab\x9e\xd7_\x01/\xcd\
U\xff\x16o\x03\xfc4W]u\xd5\xffu\x88\xab\xfe\
\xbb\x99\xab\xfe-\xfe\x1ax\x1d`\x97\xab\xaez\xb6\xaf\
\x06>\x8a\xab\xfe-\xbe\x06\xf8h\xae\xba\xea\xaa\xff\x0f\
\x10W\xfdw\xfbm\xe0\xb5\xb8\xea\xdf\xe2\xaf\x81\xd7\x01\
v\xb9\xea*xk\xe0\xa7\xb8\xea\xdf\xe2o\x80\x97\xe6\
\xaa\xab\xae\xfa\xff\x02q\xd5\x7f\xb7\xdf\x06^\x8b\xab\xfe\
\xad\xfe\x1ax\x1d`\x97\xab\xfe?;\x0e<\x1d8\xce\
U\xffZ\x97\x80\xd7\x06\xfe\x9a\xab\xae\xba\xea\xff\x0b\xc4\
U\xff\xdd\xbe\x1bx/\xae\xfa\xf7\xf8k\xe0u\x80]\
\xae\xfa\xff\xea\xb7\x80\xd7\xe6\xaa\x7f\x8b\xf7\x01\xbe\x9b\xab\
\xae\xba\xea\xff\x13\xc4U\xff\xdd>\x1b\xf8,\xae\xfa\xf7\
\xfak\xe0u\x80]\xae\xfa\xff\xe6\xb3\x81\xcf\xe2\xaa\x7f\
\x8b\x9f\x01\xde\x9a\xab\xae\xba\xea\xff\x1b\xc4U\xff\xdd\xde\
\x1a\xf8)\xae\xfa\x8f\xf0\xd7\xc0\xeb\x00\xbb\x5c\xf5\xff\xc5\
k\x03\xbf\xc5U\xff\x16\xcf\x00^\x1a\xd8\xe5\xaa\xab\xae\
\xfa\xff\x06q\xd5\x7f\xb7\xe3\xc0E\xae\xfa\x8f\xf2\xd7\xc0\
\xeb\x00\xbb\x5c\xf5\x7f\xddq\xe0\xaf\x80\x07s\xd5\xbf\xc5\
\xcb\x00\x7f\xcdUW]\xf5\xff\x11\xe2\xaa\xff\x09\xfe\x1a\
x)\xae\xfa\x8f\xf2\xd7\xc0\xeb\x00\xbb\x5c\xf5\x7f\xd9O\
\x01o\xcdU\xff\x16\x9f\x03|6W]u\xd5\xffW\
\x88\xab\xfe'\xf8j\xe0\xa3\xb8\xea?\xd2_\x03\xaf\x03\
\xecr\xd5\xffE\x1f\x0d|\x15W\xfd[\xfc\x0e\xf0\xda\
\x5cu\xd5U\xff\x9f!\xae\xfa\x9f\xe0\xc1\xc0\xd3\xb9\xea\
?\xda_\x03\xaf\x03\xecr\xd5\xff%/\x0d\xfc\x16p\
\x9c\xab\xfe\xb5.\x01\x0f\x06v\xb9\xea\xaa\xab\xfe?C\
\x5c\xf5?\xc5_\x03/\xc5U\xff\xd1\xfe\x1ax\x1d`\
\x97\xab\xfe/8\x0e\xfc\x16\xf0\xd2\x5c\xf5o\xf16\xc0\
Os\xd5UW\xfd\x7f\x87\xb8\xea\x7f\x8a\xf7\x06\xbe\x8b\
\xab\xfe3\xfc5\xf0:\xc0.W\xfdo\xf7\xd5\xc0G\
q\xd5\xbf\xc5\xd7\x00\x1f\xcdUW]u\x15 \xae\xfa\
\x9fd\x178\xc6U\xff\x19\xfe\x1ax\x1d`\x97\xab\xfe\
\xb7zk\xe0\xa7\xb8\xea\xdf\xe2o\x80\x97\xe6\xaa\xab\xae\
\xba\xea\x0a\xc4U\xff\x93|6\xf0Y\x5c\xf5\x9f\xe5\xaf\
\x81\xd7\x01v\xb9\xea\x7f\x9b\x07\x03\x7f\x05\x1c\xe7\xaa\x7f\
\xadK\xc0k\x03\x7f\xcdUW]u\xd5\x15\x88\xab\xfe\
'9\x0e\xfc5\xf0 \xae\xfa\xcf\xf2\xd7\xc0\xeb\x00\xbb\
\x5c\xf5\xbf\xc9o\x01\xaf\xcdU\xff\x16\xef\x03|7W\
]u\xd5U\xcf\x86\xb8\xea\x7f\x9a\xb7\x06~\x8a\xab\xfe\
3\xfd5\xf0:\xc0.W\xfdo\xf0\xd9\xc0gq\xd5\
\xbf\xc5\xcf\x00o\xcdUW]u\xd5sB\x5c\xf5?\
\xd1o\x03\xaf\xc5U\xff\x99\xfe\x1ax\x1d`\x97\xab\xfe\
'{m\xe0\xb7\xb8\xea\xdf\xe2\x19\xc0K\x03\xbb\x5cu\
\xd5UW='\xc4U\xff\x13\x1d\x07n\x05\x8eq\xd5\
\x7f\xa6\xbf\x06^\x07\xd8\xe5\xaa\xff\x89\x8e\x03\x7f\x05<\
\x98\xab\xfe-^\x06\xf8k\xae\xba\xea\xaa\xab\x9e\x17\xe2\
\xaa\xff\xa9\xde\x1a\xf8)\xae\xfa\xcf\xf6\xd7\xc0\xeb\x00\xbb\
\x5c\xf5?\xcdO\x01o\xcdU\xff\x16\x9f\x03|6W\
]u\xd5U\xcf\x1f\xe2\xaa\xff\xc9>\x1b\xf8,\xae\xfa\
\xcf\xf6\xd7\xc0\xeb\x00\xbb\x5c\xf5?\xc5G\x03_\xc5U\
\xff\x16\xbf\x03\xbc6W]u\xd5U/\x18\xe2\xaa\xff\
\xe9\xbe\x1bx/\xae\xfa\xcf\xf6\xd7\xc0\xeb\x00\xbb\x5c\xf5\
\xdf\xed\xa5\x81\xdf\x02\x8es\xd5\xbf\xd6%\xe0\xc1\xc0.\
W]u\xd5U/\x18\xe2\xaa\xff\x0d\xbe\x1bx/\xae\
\xfa\xcf\xf6\xd7\xc0\xeb\x00\xbb\x5c\xf5\xdf\xe58\xf0[\xc0\
Ks\xd5\xbf\xc5\xdb\x00?\xcdUW]u\xd5\x0b\x87\
\xb8\xea\x7f\x8b\xef\x06\xde\x8b\xab\xfe\xb3\xfd5\xf0:\xc0\
.W\xfdw\xf8j\xe0\xa3\xb8\xea\xdf\xe2k\x80\x8f\xe6\
\xaa\xab\xae\xba\xea_\x86\xb8\xea\x7f\x93\xef\x06\xde\x8b\xab\
\xfe\xb3\xfd5\xf0:\xc0.W\xfdWzk\xe0\xa7\xb8\
\xea\xdf\xe2o\x80\x97\xe6\xaa\xab\xae\xba\xeaE\x83\xb8\xea\
\x7f\x9b\xef\x06\xde\x8b\xab\xfe\xb3\xfd5\xf0:\xc0.W\
\xfdWx0\xf0W\xc0q\xae\xfa\xd7\xba\x04\xbc6\xf0\
\xd7\x5cu\xd5UW\xbdh\x10W\xfdo\xf4\xdd\xc0{\
q\xd5\x7f\xb6\xbf\x06^\x07\xd8\xe5\xaa\xffl\xbf\x05\xbc\
6W\xfd[\xbc\x0f\xf0\xdd\x5cu\xd5UW\xbd\xe8\x10\
W\xfdo\xf5\xdd\xc0{q\xd5\x7f\xb6\xbf\x06^\x07\xd8\
\xe5\xaa\xff,\x9f\x0d|\x16W\xfd[\xfc\x0c\xf0\xd6\x5c\
u\xd5UW\xfd\xeb \xae\xfa\xdf\xec\xbb\x81\xf7\xe2\xaa\
\xffl\x7f\x0d\xbc\x0e\xb0\xcbU\xff\xd1^\x1b\xf8-\xae\
\xfa\xb7x\x06\xf0\xd2\xc0.W]u\xd5U\xff:\x88\
\xab\xfe\xb7\xfbn\xe0\xbd\xb8\xea?\xdb_\x03\xaf\x03\xec\
r\xd5\x7f\x94\xe3\xc0_\x01\x0f\xe6\xaa\x7f\x8b\x97\x01\xfe\
\x9a\xab\xae\xba\xea\xaa\x7f=\xc4U\xff\x17|7\xf0^\
\x5c\xf5\x9f\xed\xaf\x81\xd7\x01v\xb9\xea?\xc2O\x01o\
\xcdU\xff\x16\x9f\x03|6W]u\xd5U\xff6\x88\
\xab\xfe\xaf\xf8n\xe0\xbd\xb8\xea?\xdb_\x03\xaf\x03\xec\
r\xd5\xbf\xc7G\x03_\xc5U\xff\x16\xbf\x03\xbc6W\
]u\xd5U\xffv\x88\xab\xfe/\xf9n\xe0\xbd\xb8\xea\
?\xdb_\x03\xaf\x03\xecr\xd5\xbf\xc5K\x03\xbf\x05\x1c\
\xe7\xaa\x7f\xadK\xc0\x83\x81]\xae\xba\xea\xaa\xab\xfe\xed\
\x10W\xfd_\xf3\xdd\xc0{q\xd5\x7f\xb6\xbf\x06^\x07\
\xd8\xe5\xaa\x7f\x8d\xe3\xc0o\x01/\xcdU\xff\x16o\x03\
\xfc4W]u\xd5U\xff>\x88\xab\xfe/\xfan\xe0\
\xbd\xb8\xea?\xdb_\x03\xaf\x03\xecr\xd5\x8b\xea\xab\x81\
\x8f\xe2\xaa\x7f\x8b\xaf\x01>\x9a\xab\xae\xba\xea\xaa\x7f?\
\xc4U\xffW}7\xf0^\x5c\xf5\x9f\xed\xaf\x81\xd7\x01\
v\xb9\xea_\xf2\xd6\xc0Oq\xd5\xbf\xc5\xdf\x00/\xcd\
UW]u\xd5\x7f\x0c\xc4U\xff\x97}7\xf0^\x5c\
\xf5\x9f\xed\xaf\x81\xd7\x01v\xb9\xea\x05y0\xf0W\xc0\
q\xae\xfa\xd7\xba\x04\xbc6\xf0\xd7\x5cu\xd5UW\xfd\
\xc7@\x5c\xf5\x7f\xddw\x03\xef\xc5U\xff\xd9\xfe\x1ax\
\x1d`\x97\xab\x9e\x9f\xdf\x02^\x9b\xab\xfe-\xde\x07\xf8\
n\xae\xba\xea\xaa\xab\xfe\xe3 \xae\xfa\xff\xe0\xbb\x81\xf7\
\xe2\xaa\xffl\x7f\x0d\xbc\x0e\xb0\xcbU\x0f\xf4\xd9\xc0g\
q\xd5\xbf\xc5\xcf\x00o\xcdUW]u\xd5\x7f,\xc4\
U\xff_|7\xf0^\x5c\xf5\x9f\xed\xaf\x81\xd7\x01v\
\xb9\x0a\xe0\xb5\x81\xdf\xe2\xaa\x7f\x8bg\x00/\x0d\xecr\
\xd5UW]\xf5\x1f\x0bq\xd5\xff'\xdf\x0d\xbc\x17W\
\xfdg\xfbk\xe0u\x80]\xfe\x7f;\x0e\xfc\x15\xf0`\
\xae\xfa\xb7x\x19\xe0\xaf\xb9\xea\xaa\xab\xae\xfa\x8f\x87\xb8\
\xea\xff\x9b\xef\x06\xde\x8b\xab\xfe\xb3\xfd5\xf0:\xc0.\
\xff\x7f\xfd\x14\xf0\xd6\x5c\xf5o\xf19\xc0gs\xd5U\
W]\xf5\x9f\x03q\xd5\xffG\xdf\x0d\xbc\x17W\xfdg\
\xfbk\xe0u\x80]\xfe\xff\xf9h\xe0\xab\xb8\xea\xdf\xe2\
w\x80\xd7\xe6\xaa\xab\xae\xba\xea?\x0f\xe2\xaa\xff\xaf\xbe\
\x1bx/\xae\xfa\xcf\xf6\xd7\xc0\xeb\x00\xbb\xfc\xff\xf1\xd2\
\xc0o\x01\xc7\xb9\xea_\xeb\x12\xf0``\x97\xab\xae\xba\
\xea\xaa\xff<\x88\xab\xfe?\xfbn\xe0\xbd\xb8\xea?\xdb\
_\x03\xaf\x03\xec\xf2\x7f\xdfq\xe0\xb7\x80\x97\xe6\xaa\x7f\
\x8b\xb7\x01~\x9a\xab\xae\xba\xea\xaa\xff\x5c\x88\xab\xfe\xbf\
\xfbn\xe0\xbd\xb8\xea?\xdb_\x03\xaf\x03\xec\xf2\x7f\xdb\
W\x03\x1f\xc5U\xff\x16_\x03|4W]u\xd5U\
\xff\xf9\x10W]\x05\xdf\x0d\xbc\x17W\xfdg\xfbk\xe0\
u\x80]\xfeozk\xe0\xa7\xb8\xea\xdf\xe2o\x80\x97\
\xe6\xaa\xab\xae\xba\xea\xbf\x06\xe2\xaa\xab\xae\xf8n\xe0\xbd\
\xb8\xea?\xdb_\x03\xaf\x03\xec\xf2\x7f\xcb\x83\x81\xbf\x02\
\x8es\xd5\xbf\xd6%\xe0\xb5\x81\xbf\xe6\xaa\xab\xae\xba\xea\
\xbf\x06\xe2\xaa\xab\x9e\xed\xbb\x81\xf7\xe2\xaa\xffl\x7f\x0d\
\xbc\x0e\xb0\xcb\xff\x1d\xbf\x05\xbc6W\xfd[\xbc\x0f\xf0\
\xdd\x5cu\xd5UW\xfd\xd7A\x5cu\xd5s\xfan\xe0\
\xbd\xb8\xea?\xdb_\x03\xaf\x03\xec\xf2\xbf\xdfg\x03\x9f\
\xc5U\xff\x16?\x03\xbc5W]u\xd5U\xff\xb5\x10\
W]\xf5\xbc\xbe\x1bx/\xae\xfa\xcf\xf6\xd7\xc0\xeb\x00\
\xbb\xfc\xef\xf5\xda\xc0oq\xd5\xbf\xc53\x80\x97\x06v\
\xb9\xea\xaa\xab\xae\xfa\xaf\x85\xb8\xea\xaa\xe7\xef\xbb\x81\xf7\
\xe2\xaa\xffl\x7f\x0d\xbc\x0e\xb0\xcb\xff>\xc7\x81\xbf\x02\
\x1e\xccU\xff\x16/\x03\xfc5W]u\xd5U\xff\xf5\
\x10W]\xf5\x82}7\xf0^\x5c\xf5\x9f\xed\xaf\x81\xd7\
\x01v\xf9\xdf\xe5\xa7\x80\xb7\xe6\xaa\x7f\x8b\xcf\x01>\x9b\
\xab\xae\xba\xea\xaa\xff\x1e\x88\xab\xaez\xe1\xbe\x1bx/\
\xae\xfa\xcf\xf6\xd7\xc0\xeb\x00\xbb\xfc\xef\xf0\xd1\xc0Wq\
\xd5\xbf\xc5\xef\x00\xaf\xcdUW]u\xd5\x7f\x1f\xc4U\
W\xfd\xcb\xbe\x1bx/\xae\xfa\xcf\xf6\xd7\xc0\xeb\x00\xbb\
\xfc\xcf\xf6\xd2\xc0o\x01\xc7\xb9\xea_\xeb\x12\xf0``\
\x97\xab\xae\xba\xea\xaa\xff>\x88\xab\xaez\xd1|7\xf0\
^\x5c\xf5\x9f\xed\xaf\x81\xd7\x01v\xf9\x9f\xe98\xf0[\
\xc0Ks\xd5\xbf\xc5\xdb\x00?\xcdUW]u\xd5\x7f\
/\xc4UW\xbd\xe8\xbe\x1bx/\xae\xfa\xcf\xf6\xd7\xc0\
\xeb\x00\xbb\xfc\xcf\xf3\xd5\xc0Gq\xd5\xbf\xc5\xd7\x00\x1f\
\xcdUW]u\xd5\x7f?\xc4UW\xfd\xeb|7\xf0\
^\x5c\xf5\x9f\xed\xaf\x81\xd7\x01v\xf9\x9f\xe3\xad\x81\x9f\
\xe2\xaa\x7f\x8b\xbf\x01^\x9a\xab\xae\xba\xea\xaa\xff\x19\x10\
W]\xf5\xaf\xf7\xdd\xc0{q\xd5\x7f\xb6\xbf\x06^\x07\
\xd8\xe5\xbf\xdf\x83\x81\xbf\x02\x8es\xd5\xbf\xd6%\xe0\xb5\
\x81\xbf\xe6\xaa\xab\xae\xba\xea\x7f\x06\xc4UW\xfd\xdb|\
7\xf0^\x5c\xf5\x9f\xed\xaf\x81\xd7\x01v\xf9\xef\xf5[\
\xc0ks\xd5\xbf\xc5\xfb\x00\xdf\xcdUW]u\xd5\xff\
\x1c\x88\xab\xae\xfa\xb7\xfbn\xe0\xbd\xb8\xea?\xdb_\x03\
\xaf\x03\xec\xf2\xdf\xe3\xb3\x81\xcf\xe2\xaa\x7f\x8b\x9f\x01\xde\
\x9a\xab\xae\xba\xea\xaa\xffY\x10W]\xf5\xef\xf3\xdd\xc0\
{q\xd5\x7f\xb6\xbf\x06^\x07\xd8\xe5\xbf\xd6k\x03\xbf\
\xc5U\xff\x16\xcf\x00^\x1a\xd8\xe5\xaa\xab\xae\xba\xea\x7f\
\x16\xc4UW\xfd\xfb}7\xf0^\x5c\xf5\x9f\xed\xaf\x81\
\xd7\x01v\xf9\xafq\x1c\xf8+\xe0\xc1\x5c\xf5o\xf12\
\xc0_s\xd5UW]\xf5?\x0f\xe2\xaa\xab\xfec|\
7\xf0^\x5c\xf5\x9f\xed\xaf\x81\xd7\x01v\xf9\xcf\xf7S\
\xc0[s\xd5\xbf\xc5\xe7\x00\x9f\xcdUW]u\xd5\xff\
L\x88\xab\xae\xfa\x8f\xf3\xdd\xc0{q\xd5\x7f\xb6\xbf\x06\
^\x07\xd8\xe5?\xcfG\x03_\xc5U\xff\x16\xbf\x03\xbc\
6W]u\xd5U\xffs!\xae\xba\xea?\xd6w\x03\
\xef\xc5U\xff\xd9\xfe\x1ax\x1d`\x97\xffx/\x0d\xfc\
\x16p\x9c\xab\xfe\xb5.\x01\x0f\x06v\xb9\xea\xaa\xab\xae\
\xfa\x9f\x0bq\xd5U\xff\xf1\xbe\x1bx/\xae\xfa\xcf\xf6\
\xd7\xc0\xeb\x00\xbb\xfc\xc79\x0e\xfc\x16\xf0\xd2\x5c\xf5o\
\xf16\xc0Os\xd5UW]\xf5?\x1b\xe2\xaa\xab\xfe\
s|7\xf0^\x5c\xf5\x9f\xed\xaf\x81\xd7\x01v\xf9\x8f\
\xf1\xd5\xc0Gq\xd5\xbf\xc5\xd7\x00\x1f\xcdUW]u\
\xd5\xff|\x88\xab\xae\xfa\xcf\xf3\xdd\xc0{q\xd5\x7f\xb6\
\xbf\x06^\x07\xd8\xe5\xdf\xe7\xad\x81\x9f\xe2\xaa\x7f\x8b\xbf\
\x01^\x9a\xab\xae\xba\xea\xaa\xff\x1d\x10W]\xf5\x9f\xeb\
\xbb\x81\xf7\xe2\xaa\xffl\x7f\x0d\xbc\x0e\xb0\xcb\xbf\xcd\x83\
\x81\xbf\x02\x8es\xd5\xbf\xd6%\xe0\xb5\x81\xbf\xe6\xaa\xab\
\xae\xba\xea\x7f\x07\xc4UW\xfd\xe7\xfbn\xe0\xbd\xb8\xea\
?\xdb_\x03\xaf\x03\xec\xf2\xaf\xf7[\xc0ks\xd5\xbf\
\xc5\xfb\x00\xdf\xcdUW]u\xd5\xff\x1e\x88\xab\xae\xfa\
\xaf\xf1\xdd\xc0{q\xd5\x7f\xb6\xbf\x06^\x07\xd8\xe5E\
\xf7\xd9\xc0gq\xd5\xbf\xc5\xcf\x00o\xcdUW]u\
\xd5\xff.\x88\xab\xae\xfa\xaf\xf3\xdd\xc0{q\xd5\x7f\xb6\
\xbf\x06^\x07\xd8\xe5_\xf6\xda\xc0oq\xd5\xbf\xc53\
\x80\x97\x06v\xb9\xea\xaa\xab\xae\xfa\xdf\x05q\xd5U\xff\
\xb5\xbe\x1bx/\xae\xfa\xcf\xf6\xd7\xc0\xeb\x00\xbb\xbc`\
\xc7\x81\xbf\x02\x1e\xccU\xff\x16/\x03\xfc5W]u\
\xd5U\xff\xfb \xae\xba\xea\xbf\xdew\x03\xef\xc5U\xff\
\xd9\xfe\x1ax\x1d`\x97\xe7\xef\xa7\x80\xb7\xe6\xaa\x7f\x8b\
\xcf\x01>\x9b\xab\xae\xba\xea\xaa\xff\x9d\x10W]\xf5\xdf\
\xe3\xbb\x81\xf7\xe2\xaa\xffl\x7f\x0d\xbc\x0e\xb0\xcbs\xfa\
h\xe0\xab\xb8\xea\xdf\xe2w\x80\xd7\xe6\xaa\xab\xae\xba\xea\
\x7f/\xc4UW\xfd\xf7\xf9n\xe0\xbd\xb8\xea?\xdb_\
\x03\xaf\x03\xecr\xc5K\x03\xbf\x05\x1c\xe7\xaa\x7f\xadK\
\xc0\x83\x81]\xae\xba\xea\xaa\xab\xfe\xf7B\x5cu\xd5\x7f\
\xaf\xef\x06\xde\x8b\xab\xfe\xb3\xfd5\xf0:\x5c\xf1[\xc0\
Ks\xd5\xbf\xc5\xdb\x00?\xcdUW]u\xd5\xffn\
\x88\xab\xae\xfa\xef\xf7\xdd\xc0{q\xd5\x7f\xb6\xbf\x06\xfe\
\x1axo\xae\xfa\xb7\xf8\x1a\xe0\xa3\xb9\xea\xaa\xab\xae\xfa\
\xdf\x0fq\xd5U\xff3|7\xf0^\x5cu\xd5\xffL\
\x7f\x03\xbc4W]u\xd5U\xff7 \xae\xba\xea\x7f\
\x8e\xef\x06\xde\x8b\xab\xae\xfa\x9f\xe5\x12\xf0\xda\xc0_s\
\xd5UW]\xf5\x7f\x03\xe2\xaa\xab\xfeg\xf9n\xe0\xbd\
\xb8\xea\xaa\xff9\xde\x07\xf8n\xae\xba\xea\xaa\xab\xfe\xef\
@\x5cu\xd5\xff<\xdf\x0d\xbc\x17W]\xf5\xdf\xefg\
\x80\xb7\xe6\xaa\xab\xae\xba\xea\xff\x16\xc4UW\xfd\xcf\xf4\
\xdd\xc0{q\xd5U\xff}\x9e\x01\xbc4\xb0\xcbUW\
]u\xd5\xff-\x88\xab\xae\xfa\x9f\xeb\xbb\x81\xf7\xe2\xaa\
\xab\xfe{\xbc\x0c\xf0\xd7\x5cu\xd5UW\xfd\xdf\x83\xb8\
\xea\xaa\xff\xd9\xbe\x1bx/\xae\xba\xea\xbf\xd6\xe7\x00\x9f\
\xcdUW]u\xd5\xffM\x88\xab\xae\xfa\x9f\xef\xbb\x81\
\xf7\xe2\xaa\xab\xfek\xfc\x0e\xf0\xda\x5cu\xd5UW\xfd\
\xdf\x85\xb8\xea\xaa\xff\x1d\xbe\x1bx/\xae\xba\xea?\xd7\
%\xe0\xc1\xc0.W]u\xd5U\xffw!\xae\xba\xea\
\x7f\x8f\xef\x06\xde\x8b\xab\xae\xfa\xcf\xf36\xc0Os\xd5\
UW]\xf5\x7f\x1b\xe2\xaa\xab\xfew\xf9n\xe0\xbd\xb8\
\xea\xaa\xffx_\x03|4W]u\xd5U\xff\xf7!\
\xae\xba\xea\x7f\x9f\xef\x06\xde\x8b\xab\xae\xfa\x8f\xf37\xc0\
Ks\xd5UW]\xf5\xff\x03\xe2\xaa\xab\xfew\xfan\
\xe0\xbd\xb8\xea\xaa\x7f\xbfK\xc0k\x03\x7f\xcdUW]\
u\xd5\xff\x0f\x88\xab\xae\xfa\xdf\xeb\xbb\x81\xf7\xe2\xaa\xab\
\xfe}\xde\x07\xf8n\xae\xba\xea\xaa\xab\xfe\xff@\x5cu\
\xd5\xffn\xdf\x0d\xbc\x17W]\xf5o\xf33\xc0[s\
\xd5UW]\xf5\xff\x0b\xe2\xaa\xab\xfe\xf7\xfbn\xe0\xbd\
\xb8\xea\xaa\x7f\x9dg\x00/\x0d\xecr\xd5UW]\xf5\
\xff\x0b\xe2\xaa\xab\xfeo\xf8n\xe0\xbd\xb8\xea\xaa\x17\xdd\
\xcb\x00\x7f\xcdUW]u\xd5\xff?\x88\xab\xae\xfa\xbf\
\xe3\xbb\x81\xf7\xe2\xaa\xab\xfee\x9f\x03|6W]u\
\xd5U\xff?!\xae\xba\xea\xff\x96\xef\x06\xde\x8b\xab\xae\
z\xc1~\x07xm\xae\xba\xea\xaa\xab\xfe\xffB\x5cu\
\xd5\xff=\xdf\x0d\xbc\x17W]\xf5\xbc.\x01\x0f\x06v\
\xb9\xea\xaa\xab\xae\xfa\xff\x0bq\xd5U\xff7}7\xf0\
^\x5cu\xd5sz\x1b\xe0\xa7\xb9\xea\xaa\xab\xae\xfa\xff\
\x0dq\xd5U\xffw}7\xf0^\x5cu\xd5\x15_\x03\
|4W]u\xd5UW!\xae\xba\xea\xff\xb6\xef\x06\
\xde\x8b\xab\xfe\xbf\xfb\x1b\xe0\xa5\xb9\xea\xaa\xab\xae\xba\x0a\
\x00q\xd5U\xff\xf7}7\xf0^\x5c\xf5\xff\xd5%\xe0\
\xb5\x81\xbf\xe6\xaa\xab\xae\xba\xea*\x00\xc4UW\xfd\xff\
\xf0\xdd\xc0{q\xd5\xffG\xef\x03|7W]u\xd5\
UW\xdd\x0fq\xd5U\xff\x7f|7\xf0^\x5c\xf5\xff\
\xc9\xcf\x00o\xcdUW]u\xd5U\x0f\x84\xb8\xea\xaa\
\xff_\xbe\x1bx/\xae\xfa\xff\xe0\x19\xc0K\x03\xbb\x5c\
u\xd5UW]\xf5@\x88\xab\xae\xfa\xff\xe7\xbb\x81\xf7\
\xe2\xaa\xff\xeb^\x06\xf8k\xae\xba\xea\xaa\xab\xaezn\
\x88\xab\xae\xfa\xff\xe9\xbb\x81\xf7\xe2\xaa\xff\xab>\x07\xf8\
l\xae\xba\xea\xaa\xab\xaez~\x10W]\xf5\xff\xd7w\
\x03\xef\xc5U\xff\xd7\xfc\x0e\xf0\xda\x5cu\xd5UW]\
\xf5\x82 \xae\xba\xea\xff\xb7\xef\x06\xde\x8b\xab\xfe\xaf\xb8\
\x04<\x18\xd8\xe5\xaa\xab\xae\xba\xea\xaa\x17\x04q\xd5U\
W}7\xf0^\x5c\xf5\x7f\xc1\xdb\x00?\xcdUW]\
u\xd5U/\x0c\xe2\xaa\xab\xae\x02\xf8n\xe0\xbd\xb8\xea\
\x7f\xb3\xaf\x01>\x9a\xab\xae\xba\xea\xaa\xab\xfe%\x88\xab\
\xae\xba\xea~\xdf\x0d\xbc\x17W\xfdo\xf47\xc0Ks\
\xd5UW]u\xd5\x8b\x02q\xd5UW=\xd0w\x03\
\xef\xc5U\xff\x9b\x5c\x02^\x1b\xf8k\xae\xba\xea\xaa\xab\
\xaezQ \xae\xba\xea\xaa\xe7\xf6\xdd\xc0{q\xd5\xff\
\x16\xef\x03|7W]u\xd5UW\xbd\xa8\x10W]\
u\xd5\xf3\xf3\xdd\xc0{q\xd5\xfft?\x03\xbc5W\
]u\xd5UW\xfdk \xae\xba\xea\xaa\x17\xe4\xbb\x81\
\xf7\xe2\xaa\xff\xa9\x9e\x01\xbc4\xb0\xcbUW]u\xd5\
U\xff\x1a\x88\xab\xae\xba\xea\x85\xf9n\xe0\xbd\xb8\xea\x7f\
\xa2\x97\x01\xfe\x9a\xab\xae\xba\xea\xaa\xab\xfe\xb5\x10W]\
u\xd5\xbf\xe4\xbb\x81\xf7\xe2\xaa\xffI>\x07\xf8l\xae\
\xba\xea\xaa\xab\xae\xfa\xb7@\x5cu\xd5U/\x8a\xef\x06\
\xde\x8b\xab\xfe'\xf8\x1d\xe0\xb5\xb9\xea\xaa\xab\xae\xba\xea\
\xdf\x0aq\xd5UW\xbd\xa8\xbe\x1bx/\xae\xfa\xeft\
\x09x0\xb0\xcbUW]u\xd5U\xffV\x88\xab\xae\
\xba\xea_\xe3\xbb\x81\xf7\xe2\xaa\xff.o\x03\xfc4W\
]u\xd5UW\xfd{ \xae\xba\xea\xaa\x7f\xad\xef\x06\
\xde\x8b\xab\xfe\xab}\x0d\xf0\xd1\x5cu\xd5UW]\xf5\
\xef\x85\xb8\xea\xaa\xab\xfe-\xbe\x1bx/\xae\xfa\xaf\xf2\
7\xc0Ks\xd5UW]u\xd5\x7f\x04\xc4UW]\
\xf5o\xf5\xdd\xc0{q\xd5\x7f\xb6K\xc0k\x03\x7f\xcd\
UW]u\xd5U\xff\x11\x10W]u\xd5\xbf\xc7w\
\x03\xef\xc5U\xff\x99\xde\x07\xf8n\xae\xba\xea\xaa\xab\xae\
\xfa\x8f\x82\xb8\xea\xaa\xab\xfe\xbd\xbe\x1bx/\xae\xfa\xcf\
\xf03\xc0[s\xd5UW]u\xd5\x7f$\xc4UW\
]\xf5\x1f\xe1\xbb\x81\xf7\xe2\xaa\xffH\xcf\x00^\x1a\xd8\
\xe5\xaa\xab\xae\xba\xea\xaa\xffH\x88\xab\xae\xba\xea?\xca\
w\x03\xef\xc5U\xffQ^\x06\xf8k\xae\xba\xea\xaa\xab\
\xae\xfa\x8f\x86\xb8\xea\xaa\xab\xfe#}7\xf0^\x5c\xf5\
\xef\xf59\xc0gs\xd5UW]u\xd5\x7f\x06\xc4U\
W]\xf5\x1f\xed\xbb\x81\xf7\xe2\xaa\x7f\xab\xdf\x01^\x9b\
\xab\xae\xba\xea\xaa\xab\xfe\xb3 \xae\xba\xea\xaa\xff\x0c\xdf\
\x0d\xbc\x17W\xfdk]\x02\x1e\x0c\xecr\xd5UW]\
u\xd5\x7f\x16\xc4UW]\xf5\x9f\xe5\xbb\x81\xf7\xe2\xaa\
\x7f\x8d\xb7\x01~\x9a\xab\xae\xba\xea\xaa\xab\xfe3!\xae\
\xba\xea\xaa\xffL\xdf\x0d\xbc\x17W\xbd(\xbe\x06\xf8h\
\xae\xba\xea\xaa\xab\xae\xfa\xcf\x86\xb8\xea\xaa\xab\xfe\xb3}\
7\xf0^\x5c\xf5\xc2\xfc\x0d\xf0\xd2\x5cu\xd5UW]\
\xf5_\x01q\xd5UW\xfdW\xf8n\xe0\xbd\xb8\xea\xf9\
\xb9\x04\xbc6\xf0\xd7\x5cu\xd5UW]\xf5_\x01q\
\xd5UW\xfdW\xf9n\xe0\xbd\xb8\xea\xb9\xbd\x0f\xf0\xdd\
\x5cu\xd5UW]\xf5_\x05q\xd5UW\xfdW\xfa\
n\xe0\xbd\xb8\xea~?\x03\xbc5W]u\xd5UW\
\xfdWB\x5cu\xd5U\xff\xd5\xbe\x1bx/\xaez\x06\
\xf0\xd2\xc0.W]u\xd5UW\xfdWB\x5cu\xd5\
U\xff\x1d\xbe\x1bx/\xfe\x7f{\x19\xe0\xaf\xb9\xea\xaa\
\xab\xae\xba\xea\xbf\x1a\xe2\xaa\xab\xae\xfa\xef\xf2\xdd\xc0{\
\xf1\xff\xd3\xe7\x00\x9f\xcdUW]u\xd5U\xff\x1d\x10\
W]u\xd5\x7f\xa7\xef\x06\xde\x8b\xff_~\x07xm\
\xae\xba\xea\xaa\xab\xae\xfa\xef\x82\xb8\xea\xaa\xab\xfe\xbb}\
7\xf0^\xfc\xffp\x09x0\xb0\xcbUW]u\xd5\
U\xff]\x10W]u\xd5\xff\x04\xdf\x0d\xbc\x17\xff\xf7\
\xbd\x0d\xf0\xd3\x5cu\xd5UW]\xf5\xdf\x09q\xd5U\
W\xfdO\xf1\xdd\xc0{\xf1\x7f\xd7\xd7\x00\x1f\xcdUW\
]u\xd5U\xff\xdd\x10W]u\xd5\xff$\xdf\x0d\xbc\
\x17\xff\xf7\xfc\x0d\xf0\xd2\x5cu\xd5UW]\xf5?\x01\
\xe2\xaa\xab\xae\xfa\x9f\xe6\xbb\x81\xf7\xe2\xff\x8eK\xc0k\
\x03\x7f\xcdUW]u\xd5U\xff\x13 \xae\xba\xea\xaa\
\xff\x89\xbe\x1bx/\xfeox\x1f\xe0\xbb\xb9\xea\xaa\xab\
\xae\xba\xea\x7f\x0a\xc4UW]\xf5?\xd5w\x03\xef\xc5\
\xffn\x9f\x03|6W]u\xd5UW\xfdO\x82\xb8\
\xea\xaa\xab\xfe'\xfbn\xe0\xbd\xf8\xdf\xe9{\x80\xf7\xe6\
\xaa\xab\xae\xba\xea\xaa\xffi\x10W]u\xd5\xfft\xdf\
\x0d\xbc\x17\xff\xbb|\x0f\xf0\xde\x5cu\xd5UW]\xf5\
?\x11\xe2\xaa\xab\xae\xfa\xdf\xe0\xbb\x81\xf7\xe2\x7f\x87\xef\
\x01\xde\x9b\xab\xae\xba\xea\xaa\xab\xfe\xa7B\x5cu\xd5U\
\xff[|6\xf0Y\xfc\xcf\xf69\xc0gs\xd5UW\
]u\xd5\xffd\x88\xab\xae\xba\xea\x7f\x93\xb7\x06\xbe\x1b\
8\xc6\xff,\x97\x80\xf7\x06~\x9a\xab\xae\xba\xea\xaa\xab\
\xfe\xa7C\x5cu\xd5U\xff\xdb<\x18\xf8n\xe0\xb5\xf8\
\x9f\xe1w\x80\xf7\x06n\xe5\xaa\xab\xae\xba\xea\xaa\xff\x0d\
\x10W]u\xd5\xffV\xef\x0d|5p\x8c\xff\x1e\x97\
\x80\x8f\x06\xbe\x9b\xab\xae\xba\xea\xaa\xab\xfe7A\x5cu\
\xd5U\xff\x9b\x1d\x07>\x1a\xf8h\xe0\x18\xff5.\x01\
_\x0d|5\xb0\xcbUW]u\xd5U\xff\xdb \xae\
\xba\xea\xaa\xff\x0b\x8e\x03\xef\x0d|4\xf0 \xfes\xfc\
\x0d\xf0\xdd\xc0w\x03\xbb\x5cu\xd5UW]\xf5\xbf\x15\
\xe2\xaa\xab\xae\xfa\xbf\xe6\xa5\x81\xf7\x06^\x1bx)\xfe\
}\xfe\x06\xf8m\xe0\xab\x81[\xb9\xea\xaa\xab\xae\xba\xea\
\xff\x02\xc4UW]\xf5\x7f\xd9q\xe0\xad\x81\x07\x03/\
\x0d\x1c\x07^\x1a8\xc6s\xba\x04\xfc5p+p+\
\xf0\xd7\xc0o\x03\xbb\x5cu\xd5UW]\xf5\x7f\x0d\xe2\
\xaa\xab\xae\xba\xea\xaa\xab\xae\xba\xea\xaa\xffO\x10W]\
u\xd5UW]u\xd5UW\xfd\x7f\x82\xb8\xea\xaa\xab\
\xae\xba\xea\xaa\xab\xae\xba\xea\xff\x13\xc4UW]u\xd5\
UW]u\xd5U\xff\x9f \xae\xba\xea\xaa\xab\xae\xba\
\xea\xaa\xab\xae\xfa\xff\x04q\xd5UW]u\xd5UW\
]u\xd5\xff'\x88\xab\xae\xba\xea\xaa\xab\xae\xba\xea\xaa\
\xab\xfe?A\x5cu\xd5UW]u\xd5UW]\xf5\
\xff\x09\xe2\xaa\xab\xae\xba\xea\xaa\xab\xae\xba\xea\xaa\xffO\
\x10W]u\xd5UW]u\xd5UW\xfd\x7f\x82\xb8\
\xea\xaa\xab\xae\xba\xea\xaa\xab\xae\xba\xea\xff\x13\xc4UW\
]u\xd5UW]u\xd5U\xff\x9f \xae\xba\xea\xaa\
\xab\xae\xba\xea\xaa\xab\xae\xfa\xff\x04q\xd5UW]u\
\xd5UW]u\xd5\xff'\x88\xab\xae\xba\xea\xaa\xab\xae\
\xba\xea\xaa\xab\xfe?A\x5cu\xd5UW]u\xd5U\
W]\xf5\xff\x09\xe2\xaa\xab\xae\xba\xea\xaa\xab\xae\xba\xea\
\xaa\xffO\x10W]u\xd5UW]u\xd5UW\xfd\
\x7f\x82\xb8\xea\xaa\xab\xae\xba\xea\xaa\xab\xae\xba\xea\xff\x13\
\xc4UW]u\xd5UW]u\xd5U\xff\x9f \xae\
\xba\xea\xaa\xab\xae\xba\xea\xaa\xab\xae\xfa\xff\x04q\xd5U\
W]u\xd5UW]u\xd5\xff'\x88\xab\xae\xba\xea\
\xaa\xab\xae\xba\xea\xaa\xab\xfe?A\x5cu\xd5UW]\
u\xd5UW]\xf5\xff\x09\xe2\xaa\xab\xae\xba\xea\xaa\xab\
\xae\xba\xea\xaa\xffO\x10W]u\xd5UW]u\xd5\
UW\xfd\x7f\x82\xb8\xea\xaa\xab\xae\xba\xea\xaa\xab\xae\xba\
\xea\xff\x13\xc4UW]u\xd5UW]u\xd5U\xff\
\x9f \xae\xba\xea\xaa\xab\xae\xba\xea\xaa\xab\xae\xfa\xff\x04\
q\xd5UW]u\xd5UW]u\xd5\xff'\x88\xab\
\xae\xba\xea\xaa\xab\xae\xba\xea\xaa\xab\xfe?A\x5cu\xd5\
UW]u\xd5UW]\xf5\xff\x09\xe2\xaa\xab\xae\xba\
\xea\xaa\xab\xae\xba\xea\xaa\xffO\x10W]u\xd5UW\
]u\xd5UW\xfd\x7f\x82\xb8\xea\xaa\xab\xae\xba\xea\xaa\
\xab\xae\xba\xea\xff\x13\xc4UW]u\xd5UW]u\
\xd5U\xff\x9f \xae\xba\xea\xaa\xab\xae\xba\xea\xaa\xab\xae\
\xfa\xff\x04q\xd5UW]u\xd5UW]u\xd5\xff\
'\x88\xab\xae\xba\xea\xaa\xab\xae\xba\xea\xaa\xab\xfe?A\
\x5cu\xd5UW]u\xd5UW]\xf5\xff\x09\xe2\xaa\
\xab\xae\xba\xea\xaa\xab\xae\xba\xea\xaa\xffO\x10W]u\
\xd5UW]u\xd5UW\xfd\x7f\x82\xb8\xea\xaa\xab\xae\
\xba\xea\xaa\xab\xae\xba\xea\xff\x13\xc4UW]u\xd5U\
W]u\xd5U\xff\x9f \xae\xba\xea\xaa\xab\xae\xba\xea\
\xaa\xab\xae\xfa\xff\x04q\xd5UW]u\xd5UW]\
u\xd5\xff'\x88\xab\xae\xba\xea\xaa\xab\xae\xba\xea\xaa\xab\
\xfe?A\x5cu\xd5UW]u\xd5UW]\xf5\xff\
\x09\xe2\xaa\xab\xae\xba\xea\xaa\xab\xae\xba\xea\xaa\xffO\x10\
W]u\xd5UW]u\xd5UW\xfd\x7f\x82\xb8\xea\
\xaa\xab\xae\xba\xea\xaa\xab\xae\xba\xea\xff\x13\xc4UW]\
u\xd5UW]u\xd5U\xff\x9f \xae\xba\xea\xaa\xab\
\xae\xba\xea\xaa\xab\xae\xfa\xff\x04q\xd5UW]u\xd5\
UW]u\xd5\xff'\x88\xab\xae\xba\xea\xaa\xab\xae\xba\
\xea\xaa\xab\xfe?A\x5cu\xd5UW]u\xd5UW\
]\xf5\xff\x09\xe2\xaa\xab\xae\xba\xea\xaa\xab\xae\xba\xea\xaa\
\xffO\x10W]u\xd5UW]u\xd5UW\xfd\x7f\
\x82\xb8\xea\xaa\xab\xae\xba\xea\xaa\xab\xae\xba\xea\xff\x13\xc4\
UW]u\xd5UW]u\xd5U\xff\x9f \xae\xba\
\xea\xaa\xab\xae\xba\xea\xaa\xab\xae\xfa\xff\x04q\xd5UW\
]u\xd5UW]u\xd5\xff'\x88\xab\xae\xba\xea\xaa\
\xab\xae\xba\xea\xaa\xab\xfe?A\x5cu\xd5UW]u\
\xd5UW]\xf5\xff\x09\xe2\xaa\xab\xae\xba\xea\xaa\xab\xae\
\xba\xea\xaa\xffO\x10W]u\xd5UW]u\xd5U\
W\xfd\x7f\x82\xb8\xea\xaa\xab\xae\xba\xea\xaa\xab\xae\xba\xea\
\xff\x13\xc4UW]u\xd5UW]u\xd5U\xff\x9f\
 \xae\xba\xea\xaa\xab\xae\xba\xea\xaa\xab\xae\xfa\xff\x04q\
\xd5UW]u\xd5UW]u\xd5\xff'\x88\xab\xae\
\xba\xea\xaa\xab\xae\xba\xea\xaa\xab\xfe?A\x5cu\xd5U\
W]u\xd5UW]\xf5\xff\x09\xe2\xaa\xab\xae\xba\xea\
\xaa\xab\xae\xba\xea\xaa\xffO\x10W]u\xd5UW]\
u\xd5UW\xfd\x7f\x82\xb8\xea\xaa\xab\xae\xba\xea\xaa\xab\
\xae\xba\xea\xff\x13\xc4UW]u\xd5UW]u\xd5\
U\xff\x9f \xae\xba\xea\xaa\xab\xae\xba\xea\xaa\xab\xae\xfa\
\xff\x04q\xd5UW]u\xd5UW]u\xd5\xff'\
\x88\xab\xae\xba\xea\xaa\xab\xae\xba\xea\xaa\xab\xfe?A\x5c\
u\xd5UW]u\xd5UW]\xf5\xff\x09\xe2\xaa\xab\
\xae\xba\xea\xaa\xab\xae\xba\xea\xaa\xffO\x10W]u\xd5\
UW]u\xd5UW\xfd\x7f\x82\xb8\xea\xaa\xab\xae\xba\
\xea\xaa\xab\xae\xba\xea\xff\x13\xc4UW]u\xd5UW\
]u\xd5U\xff\x9f \xae\xba\xea\xaa\xab\xae\xba\xea\xaa\
\xab\xae\xfa\xff\x04q\xd5UW]u\xd5UW]u\
\xd5\xff'\x88\xab\xae\xba\xea\xaa\xab\xae\xba\xea\xaa\xab\xfe\
?A\x5cu\xd5UW]u\xd5UW]\xf5\xff\x09\
\xe2\xaa\xab\xae\xba\xea\xaa\xab\xae\xba\xea\xaa\xffO\x10W\
]u\xd5UW]u\xd5UW\xfd\x7f\x82\xb8\xea\xaa\
\xab\xae\xba\xea\xaa\xab\xae\xba\xea\xff\x13\xc4UW]u\
\xd5UW]u\xd5U\xff\x9f \xae\xba\xea\xaa\xab\xae\
\xba\xea\xaa\xab\xae\xfa\xff\x04q\xd5UW]u\xd5U\
W]u\xd5\xff'\x88\xab\xae\xba\xea\xaa\xab\xae\xba\xea\
\xaa\xab\xfe?A\x5cu\xd5UW]u\xd5UW]\
\xf5\xff\x09\xff\x08\x22\x13\x0d\xcczZs\x17\x00\x00\x00\
\x00IEND\xaeB`\x82\
\x00\x00E\xe5\
\x89\
PNG\x0d\x0a\x1a\x0a\x00\x00\x00\x0dIHDR\x00\
\x00\x02\x80\x00\x00\x02\x80\x08\x06\x00\x00\x00\x0c\xcd\xc9#\
\x00\x00E\xacIDATx\x01\xed\xc0\x03\xa0$Y\
\x96\xc6\xf1\xffw\xee\x8d\xc8\xcc\xa7rKc\xaem\xdb\
\xb6m\xdb\xb6m\xdb\xb6mi\x8c\x9e\x96J\xaf\x9e2\
3\x22\xee\xf9v\xb7jz\xa6\x87;k\xd5O\x5cu\
\xd5UW]u\xd5UW]\xf5\xff\x09\xe2\xaa\xab\xae\
\xba\xea\xaa\xab\xae\xba\xea\xaa\xffO\x10W]u\xd5U\
W]u\xd5UW\xfd\x7f\x82\xb8\xea\xaa\xab\xae\xba\xea\
\xaa\xab\xae\xba\xea\xff\x13\xc4UW]u\xd5UW]\
u\xd5U\xff\x9f \xae\xba\xea\xaa\xab\xae\xba\xea\xaa\xab\
\xae\xfa\xff\x04q\xd5UW]u\xd5UW]u\xd5\
\xff'\x88\xab\xae\xba\xea\xaa\xab\xae\xba\xea\xaa\xab\xfe?\
A\x5cu\xd5UW]u\xd5UW]\xf5\xff\x09\xe2\
\xaa\xab\xae\xba\xea\xaa\xab\xae\xba\xea\xaa\xffO\x10W]\
u\xd5UW]u\xd5UW\xfd\x7f\x82\xb8\xea\xaa\xab\
\xae\xba\xea\xaa\xab\xae\xba\xea\xff\x13\xc4UW]u\xd5\
UW]u\xd5U\xff\x9f \xae\xba\xea\xaa\xab\xae\xba\
\xea\xaa\xab\xae\xfa\xff\x04q\xd5UW]u\xd5UW\
]u\xd5\xff'\x88\xab\xae\xba\xea\xaa\xab\xae\xba\xea\xaa\
\xab\xfe?A\x5cu\xd5UW]u\xd5UW]\xf5\
\xff\x09\xe2\xaa\xab\xae\xba\xea\xaa\xab\xae\xba\xea\xaa\xffO\
\x10W]u\xd5UW]u\xd5UW\xfd\x7f\x82\xb8\
\xea\xaa\xab\xae\xba\xea\xaa\xab\xae\xba\xea\xff\x13\xc4UW\
]u\xd5UW]u\xd5U\xff\x9f \xae\xba\xea\xaa\
\xab\xae\xba\xea\xaa\xab\xae\xfa\xff\x04q\xd5UW]u\
\xd5UW]u\xd5\xff'\x88\xab\xae\xba\xea\xaa\xab\xae\
\xba\xea\xaa\xab\xfe?A\x5cu\xd5UW]u\xd5U\
W]\xf5\xff\x09\xe2\xaa\xab\xae\xba\xea\xaa\xab\xae\xba\xea\
\xaa\xffO\x10W]u\xd5UW]u\xd5UW\xfd\
\x7f\x82\xb8\xea\xaa\xab\xae\xba\xea\xaa\xab\xae\xba\xea\xff\x13\
\xc4UW]u\xd5UW]u\xd5U\xff\x9f \xae\
\xba\xea\xaa\xab\xae\xba\xea\xaa\xab\xae\xfa\xff\x04q\xd5U\
W]u\xd5UW]u\xd5\xff'\x88\xab\xae\xba\xea\
\xaa\xab\xae\xba\xea\xaa\xab\xfe?A\x5cu\xd5UW]\
u\xd5UW]\xf5\xff\x09\xe2\xaa\xab\xae\xba\xea\xaa\xab\
\xae\xba\xea\xaa\xffO\x10W]u\xd5UW]u\xd5\
UW\xfd\x7f\x82\xb8\xea\xaa\xab\xae\xba\xea\xaa\xab\xae\xba\
\xea\xff\x13\xc4UW]u\xd5UW]u\xd5U\xff\
\x9f \xae\xba\xea\xaa\xab\xae\xba\xea\xaa\xab\xae\xfa\xff\x04\
q\xd5UW]u\xd5UW]u\xd5\xff'\x88\xab\
\xae\xba\xea\xaa\xab\xae\xba\xea\xaa\xab\xfe?A\x5cu\xd5\
UW]u\xd5UW]\xf5\xff\x09\xe2\xaa\xab\xae\xba\
\xea\xaa\xab\xae\xba\xea\xaa\xffO\x10W]u\xd5UW\
]u\xd5UW\xfd\x7f\x82\xb8\xea\xaa\xab\xae\xba\xea\xaa\
\xab\xae\xba\xea\xff\x13\xc4UW]u\xd5UW]u\
\xd5U\xff\x9f \xae\xba\xea\xaa\xab\xae\xba\xea\xaa\xab\xae\
\xfa\xff\x04q\xd5UW]u\xd5UW]u\xd5\xff\
'\x88\xab\xae\xba\xea\xaa\xab\xae\xba\xea\xaa\xab\xfe?A\
\x5cu\xd5UW]u\xd5UW]\xf5\xff\x09\xe2\xaa\
\xab\xae\xba\xea\xaa\xab\xae\xba\xea\xaa\xffO\x10W]u\
\xd5UW]u\xd5UW\xfd\x7f\x82\xb8\xea\xaa\xab\xae\
\xba\xea\xaa\xab\xae\xba\xea\xff\x13\xc4UW]u\xd5U\
W]u\xd5U\xff\x9f \xae\xba\xea\xaa\xab\xae\xba\xea\
\xaa\xab\xae\xfa\xff\x04q\xd5UW]u\xd5UW]\
u\xd5\xff'\x88\xab\xae\xba\xea\xaa\xab\xae\xba\xea\xaa\xab\
\xfe?A\x5cu\xd5UW]u\xd5UW]\xf5\xff\
\x09\xe2\xaa\xab\xae\xba\xea\xaa\xab\xae\xba\xea\xaa\xffO\x10\
W]u\xd5UW]u\xd5UW\xfd\x7f\x82\xb8\xea\
\xaa\xab\xae\xba\xea\xaa\xab\xae\xba\xea\xff\x13\xc4UW]\
u\xd5UW]u\xd5U\xff\x9f \xae\xba\xea\xaa\xab\
\xae\xba\xea\xaa\xab\xae\xfa\xff\x04q\xd5UW]u\xd5\
UW]u\xd5\xff'\x88\xab\xae\xba\xea\xaa\xab\xae\xba\
\xea\xaa\xab\xfe?A\x5cu\xd5U\xff\xdf\xbc4p\x8c\
+\x1e\x0c<\x98g{m^\xb0\xd7\xe6E\xf3\xdb\xbc\
`\xbf\xcd\xb3\xdd\x0a\xdc\xca\x15\x97\x80\xbf\xe6\xaa\xab\xae\
\xba\xea\xaa\xff\x0a\x88\xab\xae\xba\xea\xff\x92\x07\x03\x0f\x02\
^\x1a8\x0e\xbc4p\x1cxi\xe08\xff;\xec\x02\
\x7f\x0d\xec\x02\x7f\x0d\xec\x02\x7f\x0d<\x03\xb8\x95\xab\xae\
\xba\xea\xaa\xab\xfe\xbd\x10W]u\xd5\xff6\x0f\x06\x1e\
\x04\xbc6\xf0`\xe0\xc1\xc0\x83\x81\x07\xf3\xff\xc3\xad\xc0\
\xad\xc0\xad\xc0\xad\xc0o\x03\x7f\x03\xecr\xd5UW]\
u\xd5\x8b\x02q\xd5UW\xfdO\xf6Z\xc0\x83\x81\x97\
\x06^\x1axi\xe08W=?\xbb\xc0_\x03\x7f\x0d\
\xfc5p+\xf0;\x5cu\xd5UW]\xf5\xdc\x10W\
]u\xd5\xff\x14/\x0d\xbc\x16\xf0\xd2\xc0k\x03\x0f\xe6\
\xaa\xff\x08\xb7\x02\xbf\x0d\xfc5\xf0;\xc0_s\xd5U\
W]\xf5\xff\x1b\xe2\xaa\xab\xae\xfa\xef\xf2Z\xc0k\x03\
\xaf\x0d\xbc4p\x9c\xab\xfe+\xec\x02\x7f\x0d\xfc6\xf0\
\xdb\xc0\xefp\xd5UW]\xf5\xff\x0b\xe2\xaa\xab\xae\xfa\
\xafp\x1cx-\xe0\xb5\x81\xd7\x06^\x9a\xab\xfe'\xf9\
k\xe0\xb7\x81\xdf\x06~\x07\xd8\xe5\xaa\xab\xae\xba\xea\xff\
.\xc4UW]\xf5\x9f\xe5\xa5\x81\xd7\x02\xde\x1axm\
\xae\xfa\xdf\xe4\xb7\x81\x9f\x06~\x07\xf8k\xae\xba\xea\xaa\
\xab\xfeoA\x5cu\xd5U\xffQ\x8e\x03\xaf\x05\xbc5\
\xf0\xda\xc0\x83\xb9\xea\xff\x82[\x81\xdf\x06~\x1a\xf8\x1d\
`\x97\xab\xae\xba\xea\xaa\xff\xdd\x10W]u\xd5\xbf\xc7\
\x83\x81\xb7\x02\xde\x1axm\xae\xfa\xff\xe0\xb7\x81\x9f\x06\
~\x06\xb8\x95\xab\xae\xba\xea\xaa\xff}\x10W]u\xd5\
\xbf\xd6\x83\x81\xb7\x02\xde\x1bxi\xae\xfa\xff\xec\xaf\x81\
\xef\x06\xbe\x07\xd8\xe5\xaa\xab\xae\xba\xea\x7f\x07\xc4UW\
]\xf5\xa28\x0e\xbc\x15\xf0\xd6\xc0[s\xd5U\xcf\xeb\
\xa7\x81\x9f\x06~\x06\xd8\xe5\xaa\xab\xae\xba\xea\x7f.\xc4\
UW]\xf5\x82\x1c\x07\xde\x0axk\xe0\xad\xb9\xea\xaa\
\x17\xddO\x03?\x0d\xfc\x0c\xb0\xcbUW]u\xd5\xff\
,\x88\xab\xae\xba\xea\xb9\xbd4\xf0Q\xc0[\x03\xc7\xb9\
\xea\xaa\x7f\xbb]\xe0\xa7\x81\xaf\x01\xfe\x9a\xab\xae\xba\xea\
\xaa\xff\x19\x10W]u\x15\xc0q\xe0\xbd\x80\xf7\x06^\
\x9a\xab\xae\xfa\x8f\xf7\xd7\xc0W\x03?\x03\xecr\xd5U\
W]\xf5\xdf\x07q\xd5U\xff\xbf\xbd6\xf0^\xc0{\
s\xd5U\xffu\xbe\x1b\xf8\x1e\xe0\xb7\xb9\xea\xaa\xab\xae\
\xfa\xaf\x87\xb8\xea\xaa\xff\x7f\x8e\x03o\x05|6\xf0`\
\xae\xba\xea\xbf\xcf\xad\xc0g\x03?\x03\xecr\xd5UW\
]\xf5_\x03q\xd5U\xff\x7f\x1c\x07>\x0a\xf8h\xe0\
8W]\xf5?\xc7.\xf0\xd5\xc0\xd7\x00\xbb\x5cu\xd5\
UW\xfd\xe7B\x5cu\xd5\xff}\x0f\x06>\x0bxo\
\xae\xba\xea\x7f\xbe\xef\x06>\x07\xb8\x95\xab\xae\xba\xea\xaa\
\xff\x1c\x88\xab\xae\xfa\xbf\xeb\xb5\x81\xcf\x02^\x9b\xab\xae\
\xfa\xdf\xe7\xb7\x81\xcf\x01~\x9b\xab\xae\xba\xea\xaa\xffX\
\x88\xab\xae\xfa\xbf\xe7\xbd\x80\x8f\x06^\x9a\xab\xae\xfa\xdf\
\xef\xaf\x81\xaf\x06\xbe\x87\xab\xae\xba\xea\xaa\xff\x18\x88\xab\
\xae\xfa\xbf\xe3\xad\x81\xaf\x02\x1e\xccUW\xfd\xdfs+\
\xf0>\xc0os\xd5UW]\xf5\xef\x83\xb8\xea\xaa\xff\
\xfd^\x1b\xf8,\xe0\xb5\xb9\xea\xaa\xff\xfb~\x1b\xf8\x1c\
\xe0\xb7\xb9\xea\xaa\xab\xae\xfa\xb7A\x5cu\xd5\xff^\xaf\
\x0d|\x16\xf0\xda\x5cu\xd5\xff?\xbf\x0d|\x0e\xf0\xdb\
\x5cu\xd5UW\xfd\xeb \xae\xba\xea\x7f\x9f\xd7\x06>\
\x0bxm\xae\xba\xea\xaa\xdf\x06>\x07\xf8m\xae\xba\xea\
\xaa\xab^4\x88\xab\xae\xfa\xdf\xe3\xc1\xc0w\x01\xaf\xcd\
UW]\xf5\xdc~\x1bx\x1f\xe0V\xae\xba\xea\xaa\xab\
^8\xc4UW\xfd\xcfw\x1c\xf8,\xe0\xa3\xb9\xea\xaa\
\xab\xfe%\x9f\x0d|\x0d\xb0\xcbUW]u\xd5\xf3\x87\
\xb8\xea\xaa\xff\xd9\xde\x0b\xf8j\xe08W]u\xd5\x8b\
j\x17\xf8h\xe0{\xb8\xea\xaa\xab\xaez^\x88\xab\xae\
\xfa\x9f\xe9\xb5\x81\xaf\x02^\x9a\xab\xae\xba\xea\xdf\xea\xaf\
\x81\x8f\x01~\x9b\xab\xae\xba\xea\xaagC\x5cu\xd5\xff\
,\x0f\x06\xbe\x0axk\xae\xba\xea\xaa\xff(?\x0d|\
\x0cp+W]u\xd5U\x80\xb8\xea\xaa\xff9>\x0b\
\xf8l\xae\xba\xea\xaa\xff,\x9f\x0d|\x0eW]u\xd5\
\xffw\x88\xab\xae\xfa\xef\xf7\xda\xc0W\x01/\xcdUW\
]\xf5\x9f\xed\xaf\x81\xf7\x01\xfe\x9a\xab\xae\xba\xea\xff+\
\xc4UW\xfd\xf79\x0e|\x16\xf0\xd1\x5cu\xd5U\xff\
\xd5\xbe\x1a\xf8\x1c`\x97\xab\xae\xba\xea\xff\x1b\xc4UW\
\xfd\xf7xm\xe0\xbb\x80\x07s\xd5UW\xfdw\xb9\x15\
x\x1f\xe0\xb7\xb9\xea\xaa\xab\xfe?A\x5cu\xd5\x7f\xad\
\xe3\xc0w\x01o\xcdUW]\xf5?\xc5O\x03\xef\x03\
\xecr\xd5UW\xfd\x7f\x80\xb8\xea\xaa\xff:o\x0d|\
\x17p\x9c\xab\xae\xba\xea\x7f\x9a]\xe0}\x80\x9f\xe6\xaa\
\xab\xae\xfa\xbf\x0eq\xd5U\xff\xf9\x8e\x03_\x05\xbc7\
W]u\xd5\xfft\xdf\x0d|\x0c\xb0\xcbUW]\xf5\
\x7f\x15\xe2\xaa\xab\xfes\xbd6\xf0]\xc0\x83\xb9\xea\xaa\
\xab\xfe\xb7\xb8\x15x\x1b\xe0\xaf\xb9\xea\xaa\xab\xfe/B\
\x5cu\xd5\x7f\x9e\xcf\x02>\x9b\xab\xae\xba\xea\x7f\xab\xcf\
\x06>\x87\xab\xae\xba\xea\xff\x1a\xc4UW\xfd\xc7{0\
\xf0S\xc0Ks\xd5UW\xfdo\xf7\xd7\xc0\xdb\x00\xb7\
r\xd5UW\xfd_\x81\xb8\xea\xaa\xffX\xef\x0d|\x15\
p\x9c\xab\xae\xba\xea\xff\x8a]\xe0c\x80\xef\xe6\xaa\xab\
\xae\xfa\xbf\x00q\xd5U\xff1\x8e\x03_\x05\xbc7W\
]u\xd5\xffU\xdf\x0d|\x0c\xb0\xcbUW]\xf5\xbf\
\x19\xe2\xaa\xab\xfe\xfd^\x1a\xf8.\xe0\xa5\xb9\xea\xaa\xab\
\xfe\xaf\xfbk\xe0}\x80\xbf\xe6\xaa\xab\xae\xfa\xdf\x0aq\
\xd5U\xff>o\x0d|\x17p\x9c\xab\xae\xba\xea\xff\x8b\
]\xe0}\x80\x9f\xe6\xaa\xab\xae\xfa\xdf\x08q\xd5U\xff\
v\x9f\x05|6W]u\xd5\xffW\x9f\x0d|\x0eW\
]u\xd5\xff6\x88\xab\xae\xfa\xd7;\x0e\xfc\x14\xf0\xda\
\x5cu\xd5U\xff\xdf\xfd6\xf06\xc0.W]u\xd5\
\xff\x16\x88\xab\xae\xfa\xd7yi\xe0\xa7\x80\x07s\xd5U\
W]u\xc5\xad\xc0\xdb\x00\x7f\xcdUW]\xf5\xbf\x01\
\xe2\xaa\xab^t\xef\x0d|\x15p\x9c\xab\xae\xba\xea\xaa\
\xe7\xb4\x0b|\x0c\xf0\xdd\x5cu\xd5U\xff\xd3!\xae\xba\
\xeaE\xf3Y\xc0gs\xd5UW]\xf5\xc2}6\xf0\
9\x5cu\xd5U\xff\x93!\xae\xba\xea_\xf6]\xc0{\
s\xd5UW]\xf5\xa2\xf9n\xe0}\xb8\xea\xaa\xab\xfe\
\xa7B\x5cu\xd5\x0bv\x1c\xf8)\xe0\xb5\xb9\xea\xaa\xab\
\xae\xfa\xd7\xf9m\xe0m\x80]\xae\xba\xea\xaa\xffi\x10\
W]\xf5\xfc=\x18\xf8)\xe0\xa5\xb9\xea\xaa\xab\xae\xfa\
\xb7\xf9k\xe0m\x80[\xb9\xea\xaa\xab\xfe'A\x5cu\
\xd5\xf3zi\xe0\xb7\x80\xe3\x5cu\xd5UW\xfd\xfb\xec\
\x02\xaf\x03\xfc5W]u\xd5\xff\x14\x88\xab\xaezN\
o\x0d|\x17p\x9c\xab\xae\xba\xea\xaa\xff\x18\xbb\xc0\xfb\
\x00?\xcdUW]\xf5?\x01\xe2\xaa\xab\x9e\xed\xbd\x81\
\xef\xe2\xaa\xab\xae\xba\xea?\xc7\xfb\x00\xdf\xcdUW]\
\xf5\xdf\x0dq\xd5UW\xbc7\xf0]\x5cu\xd5UW\
\xfd\xe7z\x1f\xe0\xbb\xb9\xea\xaa\xab\xfe;!\xae\xba\x0a\
\xde\x1b\xf8.\xae\xba\xea\xaa\xab\xfek\xbc\x0f\xf0\xdd\x5c\
u\xd5U\xff]\x10W\xfd\x7f\xf7U\xc0Gs\xd5U\
W]\xf5_\xeb\xab\x81\x8f\xe1\xaa\xab\xae\xfa\xef\x80\xb8\
\xea\xff\xb3\xef\x02\xde\x9b\xab\xae\xba\xea\xaa\xff\x1e\xdf\x0d\
\xbc\x0fW]u\xd5\x7f5\xc4U\xff_}\x17\xf0\xde\
\x5cu\xd5UW\xfd\xf7\xfan\xe0}\xb8\xea\xaa\xab\xfe\
+!\xae\xfa\xff\xe8\xbb\x80\xf7\xe6\xaa\xab\xae\xba\xea\x7f\
\x86\xef\x06\xde\x87\xab\xae\xba\xea\xbf\x0a\xe2\xaa\xffo\xbe\
\x0bxo\xae\xba\xea\xaa\xab\xfeg\xf9n\xe0}\xb8\xea\
\xaa\xab\xfe+ \xae\xfa\xff\xe4\xbb\x80\xf7\xe6\xaa\xab\xae\
\xba\xea\x7f\xa6\xef\x06\xde\x87\xab\xae\xba\xea?\x1b\xe2\xaa\
\xff/\xbe\x0bxo\xae\xba\xea\xaa\xab\xfeg\xfbn\xe0\
}\xb8\xea\xaa\xab\xfe3!\xae\xfa\xff\xe0\xab\x81\x8f\xe2\
\xaa\xab\xae\xba\xea\x7f\x87\xaf\x01>\x9a\xab\xae\xba\xea?\
\x0b\xe2\xaa\xff\xeb\xde\x1b\xf8.\xae\xba\xea\xaa\xab\xfew\
y\x1f\xe0\xbb\xb9\xea\xaa\xab\xfe3 \xae\xfa\xbf\xec\xbd\
\x81\xef\xe2\xaa\xab\xae\xba\xea\x7f\xa7\xf7\x01\xbe\x9b\xab\xae\
\xba\xea?\x1a\xe2\xaa\xff\xab\xde\x1b\xf8.\xae\xba\xea\xaa\
\xab\xfew{\x1f\xe0\xbb\xb9\xea\xaa\xab\xfe#!\xae\xfa\
\xbf\xe8\xad\x81\x9f\xe2\xaa\xab\xae\xba\xea\xff\x86\xb7\x01~\
\x9a\xab\xae\xba\xea?\x0a\xe2\xaa\xffk^\x1a\xf8-\xe0\
8W]u\xd5U\xff7\xec\x02\xaf\x03\xfc5W]\
u\xd5\x7f\x04\xc4U\xff\x97<\x18\xf8+\xe08W]\
u\xd5U\xff\xb7\xec\x02/\x03\xdc\xcaUW]\xf5\xef\
\x85\xb8\xea\xff\x8a\xe3\xc0o\x01/\xcdUW]u\xd5\
\xffM\x7f\x0d\xbc\x0e\xb0\xcbUW]\xf5\xef\x81\xb8\xea\
\xff\x8a\xdf\x02^\x9b\xab\xae\xba\xea\xaa\xff\xdb~\x1bx\
\x1d\xae\xba\xea\xaa\x7f\x0f\xc4U\xff\x17|\x17\xf0\xde\x5c\
u\xd5UW\xfd\xff\xf0\xdd\xc0\xfbp\xd5UW\xfd[\
!\xae\xfa\xdf\xee\xb3\x81\xcf\xe2\xaa\xab\xae\xba\xea\xff\x97\
\xcf\x01>\x9b\xab\xae\xba\xea\xdf\x02q\xd5\xfff\xef\x0d\
|\x17W]u\xd5U\xff?\xbd\x0f\xf0\xdd\x5cu\xd5\
U\xffZ\x88\xab\xfe\xb7zi\xe0\xb7\x80\xe3\x5cu\xd5\
UW\xfd\xff\xb4\x0b\xbc\x0e\xf0\xd7\x5cu\xd5U\xff\x1a\
\x88\xab\xfe7:\x0e\xfc\x15\xf0`\xae\xba\xea\xaa\xab\xfe\
\x7f\xbb\x15x\x19`\x97\xab\xae\xba\xeaE\x85\xb8\xea\x7f\
\xa3\xdf\x02^\x9b\xab\xae\xba\xea\xaa\xab\x00~\x1bx\x1d\
\xae\xba\xea\xaa\x17\x15\xe2\xaa\xffm>\x1b\xf8,\xae\xba\
\xea\xaa\xab\xaez\xa0\xcf\x01>\x9b\xab\xae\xba\xeaE\x81\
\xb8\xea\x7f\x93\xb7\x06~\x8a\xab\xae\xba\xea\xaa\xab\x9e\x9f\
\xb7\x01~\x9a\xab\xae\xba\xea_\x82\xb8\xea\x7f\x8b\x97\x06\
~\x0b8\xceUW]u\xd5U\xcf\xcf.\xf0:\xc0\
_s\xd5UW\xbd0\x88\xab\xfe78\x0e\xfc\x16\xf0\
\xd2\x5cu\xd5UW]\xf5\xc2\xfc5\xf0:\xc0.W\
]u\xd5\x0b\x82\xb8\xea\x7f\x83\xef\x02\xde\x9b\xab\xae\xba\
\xea\xaa\xab^\x14\xdf\x0d\xbc\x0fW]u\xd5\x0b\x82\xb8\
\xea\x7f\xba\xf7\x06\xbe\x8b\xab\xae\xba\xea\xaa\xab\xfe5\xde\
\x07\xf8n\xae\xba\xea\xaa\xe7\x07q\xd5\xffd\x0f\x06\xfe\
\x0a8\xceUW]u\xd5U\xff\x1a\xbb\xc0\xcb\x00\xb7\
r\xd5UW=7\xc4U\xff\x93\xfd\x15\xf0\xd2\x5cu\
\xd5UW]\xf5o\xf1\xd7\xc0\xcbp\xd5UW=7\
\xc4U\xffS}6\xf0Y\x5cu\xd5UW]\xf5\xef\
\xf19\xc0gs\xd5UW=\x10\xe2\xaa\xff\x89^\x1b\
\xf8-\xae\xba\xea\xaa\xab\xae\xfa\x8f\xf02\xc0_s\xd5\
UW\xdd\x0fq\xd5\xff4\xc7\x81\xbf\x02\x1e\xccUW\
]u\xd5U\xff\x11n\x05^\x06\xd8\xe5\xaa\xab\xae\x02\
@\x5c\xf5?\xcdw\x01\xef\xcdUW]u\xd5U\xff\
\x91\xbe\x1bx\x1f\xae\xba\xea*\x00\xc4U\xff\x93\xbc5\
\xf0S\x5cu\xd5UW]\xf5\x9f\xe1m\x80\x9f\xe6\xaa\
\xab\xaeB\x5c\xf5?\xc5q\xe0\xe9\xc0q\xae\xba\xea\xaa\
\xab\xae\xfa\xcf\xb0\x0b<\x04\xd8\xe5\xaa\xab\xfe\x7fC\x5c\
\xf5?\xc5O\x01o\xcdUW]u\xd5U\xff\x99~\
\x1ax\x1b\xae\xba\xea\xff7\xc4U\xff\x13\xbc6\xf0[\
\x5cu\xd5UW]\xf5_\xe1u\x80\xdf\xe6\xaa\xab\xfe\
\xffB\x5c\xf5\xdf\xed8\xf0W\xc0\x83\xb9\xea\xaa\xab\xae\
\xba\xea\xbf\xc2\xad\xc0\xcb\x00\xbb\x5cu\xd5\xffO\x88\xab\
\xfe\xbb}5\xf0Q\x5cu\xd5UW]\xf5_\xe9k\
\x80\x8f\xe6\xaa\xab\xfe\x7fB\x5c\xf5\xdf\xe9\xb5\x81\xdf\xe2\
\xaa\xab\xae\xba\xea\xaa\xff\x0e/\x03\xfc5W]\xf5\xff\
\x0f\xe2\xaa\xffN\x7f\x05\xbc4W]u\xd5UW\xfd\
w\xf8k\xe0e\xb8\xea\xaa\xff\x7f\x10W\xfdw\xf9l\
\xe0\xb3\xb8\xea\xaa\xab\xae\xba\xea\xbf\xd3\xe7\x00\x9f\xcdU\
W\xfd\xff\x82\xb8\xea\xbf\xc3\x83\x81\xa7s\xd5UW]\
u\xd5\xff\x04\x0f\x01n\xe5\xaa\xab\xfe\xff@\x5c\xf5\xdf\
\xe1\xa7\x80\xb7\xe6\xaa\xab\xae\xba\xea\xaa\xff\x09~\x1ax\
\x1b\xae\xba\xea\xff\x0f\xc4U\xff\xd5^\x1b\xf8-\xae\xba\
\xea\xaa\xab\xae\xfa\x9f\xe4u\x80\xdf\xe6\xaa\xab\xfe\x7f@\
\x5c\xf5_\xed\xaf\x80\x97\xe6\xaa\xab\xae\xba\xea\xaa\xffI\
\xfe\x1ax\x19\xae\xba\xea\xff\x07\xc4U\xff\x95>\x1a\xf8\
*\xae\xba\xea\xaa\xab\xae\xfa\x9f\xe8}\x80\xef\xe6\xaa\xab\
\xfe\xefC\x5c\xf5_\xe58\xf0t\xe08W]u\xd5\
UW\xfdO\xb4\x0b<\x04\xd8\xe5\xaa\xab\xfeoC\x5c\
\xf5_\xe5\xab\x81\x8f\xe2\xaa\xab\xae\xba\xea\xaa\xff\xc9>\
\x07\xf8l\xae\xba\xea\xff6\xc4U\xff\x15\x1e\x0c<\x9d\
\xab\xae\xba\xea\xaa\xab\xfe7x\x08p+W]\xf5\x7f\
\x17\xe2\xaa\xff\x0a\xbf\x05\xbc6W]u\xd5UW\xfd\
o\xf0\xdb\xc0\xebp\xd5U\xffw!\xae\xfa\xcf\xf6\xda\
\xc0oq\xd5UW]u\xd5\xff&\xaf\x03\xfc6W\
]\xf5\x7f\x13\xe2\xaa\xffl\xbf\x05\xbc6W]u\xd5\
UW\xfdo\xf2\xdb\xc0\xebp\xd5U\xff7!\xae\xfa\
\xcf\xf4\xda\xc0oq\xd5UW]u\xd5\xffF\xaf\x03\
\xfc6W]\xf5\x7f\x0f\xe2\xaa\xffL\xbf\x05\xbc6W\
]\xf5\xbf\xdb3\x80\xdf\x06\xfe\x1a\xf8k\xe0V\xe0V\
\x9e\xd3\x83\x81\x07\x03/\x0d\xbc4\xf0\xd6\xc01\xae\xba\
\xea\x7f\xb7\xdf\x06^\x87\xab\xae\xfa\xbf\x07q\xd5\x7f\x96\
\xd7\x06~\x8b\xab\xae\xfa\xdf\xe9\x12\xf0\xdd\xc0w\x03\x7f\
\xcd\xbf\xcdK\x03\xef\x0d\xbc7p\x8c\xab\xae\xfa\xdf\xe9\
u\x80\xdf\xe6\xaa\xab\xfeoA\x5c\xf5\x9f\xe5\xb7\x80\xd7\
\xe6\xaa\xab\xfewy\x06\xf0\xd9\xc0w\xf3\x1f\xe78\xf0\
\xd6\xc0g\x03\x0f\xe2\xaa\xab\xfew\xf9m\xe0u\xb8\xea\
\xaa\xff[\x10W\xfdgxk\xe0\xa7\xb8\xea\xaa\xff]\
>\x07\xf8j`\x97\xff\x1c\xc7\x81\x8f\x06>\x8b\xab\xae\
\xfa\xdf\xe5u\x80\xdf\xe6\xaa\xab\xfe\xef@\x5c\xf5\x9f\xe1\
\xe9\xc0\x83\xb9\xea\xaa\xff\x1d\xfe\x06xo\xe0\xaf\xf9\xaf\
\xf1\xd2\xc0w\x03/\xc5UW\xfd\xefp+\xf0\x10\xae\
\xba\xea\xff\x0e\xc4U\xff\xd1\xde\x1b\xf8.\xae\xba\xea\x7f\
\x87\xef\x01>\x1a\xd8\xe5\xbf\xd6q\xe0\xab\x81\xf7\xe2\xaa\
\xab\xfewx\x1f\xe0\xbb\xb9\xea\xaa\xff\x1b\x10W\xfdG\
\xfb+\xe0\xa5\xb9\xea\xaa\xff\xf9\xbe\x07xo\xfe{}\
7\xf0^\x5cu\xd5\xff|\x7f\x0d\xbc\x0cW]\xf5\x7f\
\x03\xe2\xaa\xffH\xaf\x0d\xfc\x16W]\xf5?\xdf\xf7\x00\
\xef\xcd\xff\x0c\xdf\x0d\xbc\x17W]\xf5?\xdf\xeb\x00\xbf\
\xcdUW\xfd\xef\x87\xb8\xea?\xd2o\x01\xaf\xcdUW\
\xfd\xcf\xf6=\xc0{\xf3?\xcbw\x03\xef\xc5UW\xfd\
\xcf\xf6\xdb\xc0\xebp\xd5U\xff\xfb!\xae\xfa\x8f\xf2`\
\xe0\xe9\x5cu\xd5\xffl\x7f\x03\xbc6\xb0\xcb\xff,\xc7\
\x81\xdf\x06^\x8a\xab\xae\xfa\x9f\xed!\xc0\xad\x5cu\xd5\
\xffn\x88\xab\xfe\xa3|7\xf0^\x5cu\xd5\xffl/\
\x03\xfc5\xff3\xbd4\xf0W\x5cu\xd5\xffl\xdf\x03\
\xbc7W]\xf5\xbf\x1b\xe2\xaa\xff\x08\x0f\x06\x9e\xceU\
W\xfd\xcf\xf69\xc0g\xf3?\xdbg\x03\x9f\xc5UW\
\xfd\xcfv\x02\xd8\xe5\xaa\xab\xfe\xf7B\x5c\xf5\x1f\xe1\xb3\
\x81\xcf\xe2\xaa\xab\xfe\xe7z\x06\xf0\xd2\xc0.\xff\xb3\x1d\
\x07\xfe\x1ax\x10W]\xf5?\xd7\xe7\x00\x9f\xcdUW\
\xfd\xef\x85\xb8\xea\xdf\xeb8\xf0t\xe08W]\xf5?\
\xd7\xfb\x00\xdf\xcd\xff\x0e\xef\x0d|\x17W]\xf5?\xd7\
.\xf0\x10`\x97\xab\xae\xfa\xdf\x09q\xd5\xbf\xd7{\x03\
\xdf\xc5UW\xfd\xcfu\x098\xce\xff\x1e\xc7\x81[\x81\
c\x5cu\xd5\xff\x5c\xef\x03|7W]\xf5\xbf\x13\xe2\
\xaa\x7f\xaf\xa7\x03\x0f\xe6\xaa\xab\xfe\xe7\xfa\x1a\xe0\xa3\xf9\
\xdf\xe5\xab\x81\x8f\xe2\xaa\xab\xfe\xe7\xba\x15x\x08W]\
\xf5\xbf\x13\xe2\xaa\x7f\x8f\xd7\x06~\x8b\xab\xae\xfa\x9f\xed\
e\x80\xbf\xe6\x7f\x97\x97\x06\xfe\x8a\xab\xae\xfa\x9f\xedu\
\x80\xdf\xe6\xaa\xab\xfe\xf7A\x5c\xf5\xef\xf1\xdd\xc0{q\
\xd5U\xffs=\x03x0\xff;\xed\x02\xc7\xb8\xea\xaa\
\xff\xb9\xbe\x07xo\xae\xba\xea\x7f\x1f\xc4U\xffV\xc7\
\x81\x8b\x5cu\xd5\xffl\xdf\x03\xbc7\xff;}7\xf0\
^\x5cu\xd5\xffl'\x80]\xae\xba\xea\x7f\x17\xc4U\
\xffV\x1f\x0d|\x15W]\xf5?\xdb\xc7\x00_\xcd\xff\
N\x9f\x0d|\x16W]\xf5?\xdb\xfb\x00\xdf\xcdUW\
\xfd\xef\x82\xb8\xea\xdf\xea\xaf\x80\x97\xe6\xaa\xab\xfeg{\
\x1d\xe0\xb7\xf9\xdf\xe9\xb5\x81\xdf\xe2\xaa\xab\xfeg\xfbk\
\xe0e\xb8\xea\xaa\xff]\x10W\xfd[\xbc4\xf0W\x5c\
u\xd5\xff|\x0f\x01n\xe5\x7f\xa7\x07\x03O\xe7\xaa\xab\
\xfe\xe7{\x19\xe0\xaf\xb9\xea\xaa\xff=\x10W\xfd[|\
7\xf0^\x5cu\xd5\xff|\xe2\x7f7s\xd5U\xff\xf3\
}\x0f\xf0\xde\x5cu\xd5\xff\x1e\x88\xab\xfe\xb5\x8e\x03O\
\x07\x8es\xd5U\xff\xf3\x89\xff\xdd\xccUW\xfd\xcf\xb7\
\x0b<\x04\xd8\xe5\xaa\xab\xfew@\x5c\xf5\xaf\xf5\xde\xc0\
wq\xd5U\xff;\x88\xff\xdd\xccUW\xfd\xef\xf0>\
\xc0ws\xd5U\xff; \xae\xfa\xd7\xfai\xe0\xad\xb8\
\xea\xaa\xff\x1d\xc4\xffn\xe6\xaa\xab\xfew\xf8\x19\xe0\xad\
\xb9\xea\xaa\xff\x1d\x10W\xfdk\x1c\x07.r\xd5U\xff\
{\x88\xff\xdd\xccUW\xfd\xefq\x02\xd8\xe5\xaa\xab\xfe\
\xe7C\x5c\xf5\xaf\xf1\xde\xc0wq\xd5U\xff{\x88\xff\
\xdd\xccUW\xfd\xef\xf1>\xc0ws\xd5U\xff\xf3!\
\xae\xfa\xd7\xf8i\xe0\xad\xb8\xea\xaa\xff=\xc4\xffn\xe6\
\xaa\xab\xfe\xf7\xf8\x19\xe0\xad\xb9\xea\xaa\xff\xf9\x10W\xbd\
\xa8\x1e\x0c<\x9d\xab\xae\xfa\xdfE\xfc\xeff\xae\xba\xea\
\x7f\x97\x13\xc0.W]\xf5?\x1b\xe2\xaa\x17\xd5G\x03\
_\xc5UW\xfd\xef\x22\xfew3W]\xf5\xbf\xcb\xfb\
\x00\xdf\xcdUW\xfd\xcf\x86\xb8\xeaE\xf5W\xc0Ks\
\xd5U\xff\xbb\x88\xff\xdd\xccUW\xfd\xef\xf2\xd7\xc0\xcb\
p\xd5U\xff\xb3!\xaezQ<\x18x:W]\xf5\
\xbf\x8f\xf8\xdf\xcd\x5cu\xd5\xff>\x0f\x01n\xe5\xaa\xab\
\xfe\xe7B\x5c\xf5\xa2\xf8h\xe0\xab\xb8\xea\xaa\xff}\xc4\
\xffn\xe6\xaa\xab\xfe\xf7\xf9\x18\xe0\xab\xb9\xea\xaa\xff\xb9\
\x10W\xbd(~\x1bx-\xae\xba\xea\x7f\x1f\xf1\xbf\x9b\
\xb9\xea\xaa\xff}~\x07xm\xae\xba\xea\x7f.\xc4U\
\xff\x92\xe3\xc0E\xae\xba\xea\x7f'\xf1\xbf\x9b\xb9\xea\xaa\
\xff\x9dN\x00\xbb\x5cu\xd5\xffL\x88\xab\xfe%o\x0d\
\xfc\x14W]\xf5\xbf\x93\xf8\xdf\xcd\x5cu\xd5\xffNo\
\x03\xfc4W]\xf5?\x13\xe2\xaa\x7f\xc9w\x03\xef\xc5\
UW\xfd\xef$\xfew3W]\xf5\xbf\xd3\xf7\x00\xef\
\xcdUW\xfd\xcf\x84\xb8\xea_\xf2t\xe0\xc1\x5cu\xd5\
\xffN\xe2\x7f7s\xd5U\xff;\xdd\x0a<\x84\xab\xae\
\xfa\x9f\x09q\xd5\x0b\xf3\xd2\xc0_q\xd5U\xff{\x89\
\xff\xdd\xccUW\xfd\xef\xf52\xc0_s\xd5U\xff\xf3\
 \xaeza>\x1a\xf8*\xae\xba\xea\x7f/\xf1\xbf\x9b\
\xb9\xea\xaa\xff\xbd>\x06\xf8j\xae\xba\xea\x7f\x1e\xc4U\
/\xcco\x03\xaf\xc5UW\xfd\xef%\xfew3W]\
\xf5\xbf\xd7\xef\x00\xaf\xcdUW\xfd\xcf\x83\xb8\xea\x059\
\x0e\x5c\xe4\xaa\xab\xfew\x13\xff\xbb\x99\xab\xae\xfa\xdf\xed\
\x04\xb0\xcbUW\xfd\xcf\x82\xb8\xea\x05yk\xe0\xa7\xb8\
\xea\xaa\xff\xdd\xc4\xffn\xe6\xaa\xab\xfew{\x1b\xe0\xa7\
\xb9\xea\xaa\xffY\x10W\xbd _\x0d|\x14W]\xf5\
\xbf\x9b\xf8\xdf\xcd\x5cu\xd5\xffn_\x03|4W]\
\xf5?\x0b\xe2\xaa\x17\xe4\xaf\x80\x97\xe6\xaa\xab\xfew\x13\
\xff\xbb\x99\xab\xae\xfa\xdf\xed\xaf\x81\x97\xe1\xaa\xab\xfeg\
A\x5c\xf5\x82\x98\xab\xae\xfa\xdfO\xfc\xeff\xae\xba\xea\
\x7f?q\xd5U\xff\xb3 \xaez~^\x1b\xf8-\xae\
\xba\xea\x7f?\xf1\xbf\x9b\xb9\xea\xaa\xff\xfd^\x07\xf8m\
\xae\xba\xea\x7f\x0e\xc4U\xcf\xcfg\x03\x9f\xc5UW\xfd\
\xef'\xfew3W]\xf5\xbf\xdf\xe7\x00\x9f\xcdUW\
\xfd\xcf\x81\xb8\xea\xf9\xf9m\xe0\xb5\xb8\xea\xaa\xff\xfd\xc4\
\xffn\xe6\xaa\xab\xfe\xf7\xfb\x1d\xe0\xb5\xb9\xea\xaa\xff9\
\x10W=?\x17\x81\xe3\x5cu\xd5\xff~\xe2\x7f7s\
\xd5U\xff\xfb\xed\x02'\xb8\xea\xaa\xff9\x10W=\xb7\
\x97\x06\xfe\x8a\xab\xae\xfa\xbfA\xfc\xeff\xae\xba\xea\xff\
\x86\x97\x01\xfe\x9a\xab\xae\xfa\x9f\x01q\xd5s\xfbh\xe0\
\xab\xb8\xea\xaa\xff\x1b\xc4\xffn\xe6\xaa\xab\xfeo\xf8\x18\
\xe0\xab\xb9\xea\xaa\xff\x19\x10W=\xb7\xef\x06\xde\x8b\xab\
\xae\xfa\xbfA\xfc\xeff\xae\xba\xea\xff\x86\xef\x01\xde\x9b\
\xab\xae\xfa\x9f\x01q\xd5s{:\xf0`\xae\xba\xea\xff\
\x06\xf1\xbf\x9b\xb9\xea\xaa\xff\x1b\xfe\x1ax\x19\xae\xba\xea\
\x7f\x06\xc4U\xcf\xcd\x5cu\xd5\xff\x1d\xe2\x7f7s\xd5\
U\xffw\x88\xab\xae\xfa\x9f\x01q\xd5\x03\xbd6\xf0[\
\x5cu\xd5\xff\x1d\xe2\x7f7s\xd5U\xffw\xbc\x0e\xf0\
\xdb\x5cu\xd5\x7f?\xc4U\x0f\xf4\xde\xc0wq\xd5U\
\xffw\x88\xff\xdd\xccUW\xfd\xdf\xf1>\xc0ws\xd5\
U\xff\xfd\x10W=\xd0W\x03\x1f\xc5UW\xfd\xdf!\
\xfew3W]\xf5\x7f\xc7\xd7\x00\x1f\xcdUW\xfd\xf7\
C\x5c\xf5@\xbf\x0d\xbc\x16W]\xf5\x7f\x87\xf8\xdf\xcd\
\x5cu\xd5\xff\x1d\xbf\x03\xbc6W]\xf5\xdf\x0fq\xd5\
\x03]\x04\x8es\xd5U\xffw\x88\xff\xdd\xccUW\xfd\
\xdf\xb1\x0b\x9c\xe0\xaa\xab\xfe\xfb!\xae\xba\xdf\x83\x81\xa7\
s\xd5U\xff\xb7\x88\xff\xdd\xccUW\xfd\xdfr\x02\xd8\
\xe5\xaa\xab\xfe{!\xae\xba\xdfk\x03\xbf\xc5UW\xfd\
\xdf\x22\xfew3W]\xf5\x7f\xcb\xeb\x00\xbf\xcdUW\
\xfd\xf7B\x5cu\xbf\xcf\x06>\x8b\xab\xae\xfa\xbfE\xfc\
\xeff\xae\xba\xea\xff\x96\xcf\x01>\x9b\xab\xae\xfa\xef\x85\
\xb8\xea~\xdf\x0d\xbc\x17W]\xf5\x7f\x8b\xf8\xdf\xcd\x5c\
u\xd5\xff-\xdf\x03\xbc7W]\xf5\xdf\x0bq\xd5\xfd\
~\x1bx-\xae\xba\xea\xff\x16\xf1\xbf\x9b\xb9\xea\xaa\xff\
[~\x07xm\xae\xba\xea\xbf\x17\xe2\xaa\xfb=\x1dx\
0W]\xf5\x7f\x8b\xf8\xdf\xcd\x5cu\xd5\xff-\xb7\x02\
\x0f\xe1\xaa\xab\xfe{!\xae\xba\x9f\xb9\xea\xaa\xff{\xc4\
\xffn\xe6\xaa\xab\xfe\xef\x11W]\xf5\xdf\x0bq\x15\xc0\
\x83\x81\xa7s\xd5U\xff\xf7\x88\xff\xdd\xccUW\xfd\xdf\
\xf3\x10\xe0V\xae\xba\xea\xbf\x0f\xe2*\x80\xd7\x06~\x8b\
\xab\xae\xfa\xbfG\xfc\xeff\xae\xba\xea\xff\x9e\xd7\x01~\
\x9b\xab\xae\xfa\xef\x83\xb8\x0a\xe0\xa3\x81\xaf\xe2\xaa\xab\xfe\
\xef\x11\xff\xbb\x99\xab\xae\xfa\xbf\xe7}\x80\xef\xe6\xaa\xab\
\xfe\xfb \xae\x02\xf8l\xe0\xb3\xb8\xea\xaa\xff{\xc4\xff\
n\xe6\xaa\xab\xfe\xef\xf9\x1c\xe0\xb3\xb9\xea\xaa\xff>\x88\
\xab\x00~\x1ax+\xae\xfa\xff\xea\x19\xc0o\x03\x7f\x0d\
\xfc5p+p+W]\xf5\x1f\xe7\xc1\xc0\x83\x81\x97\
\x06^\x1axk\xe0\x18W\xfd\x7f\xf5=\xc0{s\xd5\
U\xff}\x10W\x01\xfc6\xf0Z\x5c\xf5\xff\xc9%\xe0\
\xbb\x81\xef\x06\xfe\x9a\xab\xae\xfa\xaf\xf7\xd2\xc0{\x03\xef\
\x0d\x1c\xe3\xaa\xffO~\x07xm\xae\xba\xea\xbf\x0f\xe2\
*\x80\x8b\xc0q\xae\xfa\xff\xe0\x19\xc0g\x03\xdf\xcdU\
W\xfd\xcfp\x1cxk\xe0\xb3\x81\x07q\xd5\xff\x07\xbb\
\xc0\x09\xae\xba\xea\xbf\x0f\xe2*\x00s\xd5\xff\x07\x9f\x03\
|5\xb0\xcbUW\xfd\xcfs\x1c\xf8h\xe0\xb3\xb8\xea\
\xff\x03q\xd5U\xff}\x10W\x01\x98\xab\xfe/\xfb\x1b\
\xe0\xbd\x81\xbf\xe6\xaa\xab\xfe\xe7{i\xe0\xbb\x81\x97\xe2\
\xaa\xff\xcb\xc4UW\xfd\xf7A\x5c\xf5\xd2\xc0_q\xd5\
\xffU\xdf\x03|4\xb0\xcbUW\xfd\xefq\x1c\xf8j\
\xe0\xbd\xb8\xea\xff\xaa\x87\x00\xb7r\xd5U\xff=\x10W\
\xbd6\xf0[\x5c\xf5\x7f\xd1\xf7\x00\xef\xcdUW\xfd\xef\
\xf5\xdd\xc0{q\xd5\xffE\xaf\x03\xfc6W]\xf5\xdf\
\x03q\xd5k\x03\xbf\xc5U\xff\xd7|\x0f\xf0\xde\x5cu\
\xd5\xff~\xdf\x0d\xbc\x17W\xfd_\xf3:\xc0os\xd5\
U\xff=\x10W\xbd7\xf0]\x5c\xf5\x7f\xc9\xf7\x00\xef\
\xcdUW\xfd\xdf\xf1\xdd\xc0{q\xd5\xff%o\x03\xfc\
4W]\xf5\xdf\x03q\xd5g\x03\x9f\xc5U\xffW\xfc\
\x0d\xf0\xda\xc0.W]\xf5\x7f\xc7q\xe0\xb7\x81\x97\xe2\
\xaa\xff+>\x07\xf8l\xae\xba\xea\xbf\x07\xe2\xaa\xcf\x06\
>\x8b\xab\xfe\xafx\x19\xe0\xaf\xb9\xea\xaa\xff{^\x1a\
\xf8+\xae\xfa\xbf\xe2s\x80\xcf\xe6\xaa\xab\xfe{ \xae\
\xfal\xe0\xb3\xb8\xea\xff\x82\xcf\x01>\x9b\xab\xae\xfa\xbf\
\xeb\xb3\x81\xcf\xe2\xaa\xff\x0b>\x07\xf8l\xae\xba\xea\xbf\
\x07\xe2\xaa\xdf\x06^\x8b\xab\xfe\xb7{\x06\xf0\xd2\xc0.\
W]\xf5\x7f\xd7q\xe0\xaf\x81\x07q\xd5\xffv\xbf\x03\
\xbc6W]\xf5\xdf\x03q\xd5o\x03\xaf\xc5U\xff\xdb\
\xbd\x0f\xf0\xdd\x5cu\xd5\xff}\xef\x0d|\x17W\xfdo\
\xf7;\xc0ks\xd5U\xff=\x10W\xfd6\xf0Z\x5c\
\xf5\xbf\xd9%\xe08W]\xf5\xff\xc3q\xe0V\xe0\x18\
W\xfdo\xf6;\xc0ks\xd5U\xff=\x10W\xfd6\
\xf0Z\x5c\xf5\xbf\xd9\xd7\x00\x1f\xcdUW\xfd\xff\xf1\xd5\
\xc0Gq\xd5\xfff\xbf\x03\xbc6W]\xf5\xdf\x03q\
\xd5o\x03\xaf\xc5U\xff\x9b\xbd\x0c\xf0\xd7\x5cu\xd5\xff\
\x1f/\x0d\xfc\x15W\xfdo\xf6;\xc0ks\xd5U\xff\
=\x10W\xfd6\xf0Z\x5c\xf5\xbf\xd53\x80\x07s\xd5\
U\xff\xff\xec\x02\xc7\xb8\xea\x7f\xab\xdf\x01^\x9b\xab\xae\
\xfa\xef\x81\xb8\xea\xb7\x81\xd7\xe2\xaa\xff\xad\xbe\x07xo\
\xae\xba\xea\xff\x9f\xef\x06\xde\x8b\xab\xfe\xb7\xfa\x1d\xe0\xb5\
\xb9\xea\xaa\xff\x1e\x88\xab\xccU\xff\x9b}\x0c\xf0\xd5\x5c\
u\xd5\xff?\x9f\x0d|\x16W\xfdo\xb5\x0b\x9c\xe0\xaa\
\xab\xfe{ \xae2W\xfdo\xf6:\xc0os\xd5U\
\xff\xff\xbc6\xf0[\x5c\xf5\xbf\x99\xb8\xea\xaa\xff\x1e\x88\
\xab\xccU\xff\x9b=\x04\xb8\x95\xab\xae\xfa\xff\xe7\xc1\xc0\
\xd3\xb9\xea\x7f3q\xd5U\xff=\x10W\x99\xab\xfe7\
\x13W]\xf5\xff\x97\xb9\xea\x7f3q\xd5U\xff=\x10\
W\x99\xab\xfe7\x13W]\xf5\xff\x97\xb9\xea\x7f3q\
\xd5U\xff=\x10W\x99\xab\xfe7\x13W]\xf5\xff\x97\
\xb9\xea\x7f3q\xd5U\xff=\x10W\x99\xab\xfe7\x13\
W]\xf5\xff\x97\xb9\xea\x7f3q\xd5U\xff=\x10W\
\x99\xab\xfe7{\x08p+W]\xf5\xff\xcf\x83\x81\xa7\
s\xd5\xfff\xe2\xaa\xab\xfe{ \xae2W\xfdo\xf6\
:\xc0os\xd5U\xff\xff\xbc6\xf0[\x5c\xf5\xbf\x99\
\xb8\xea\xaa\xff\x1e\x88\xab\xccU\xff\x9b}\x0c\xf0\xd5\x5c\
u\xd5\xff?\x9f\x0d|\x16W\xfdo&\xae\xba\xea\xbf\
\x07\xe2\xaa\xdf\x06^\x8b\xab\xfe\xb7\xfa\x1e\xe0\xbd\xb9\xea\
\xaa\xff\x7f\xbe\x1bx/\xae\xfa\xdfL\x5cu\xd5\x7f\x0f\
\xc4U\xbf\x0d\xbc\x16W\xfdou+\xf0\x10\xae\xba\xea\
\xff\x9f\x8b\xc0q\xae\xfa\xdf\xeaw\x80\xd7\xe6\xaa\xab\xfe\
{ \xae\xfam\xe0\xb5\xb8\xea\x7f\xb3\x97\x01\xfe\x9a\xab\
\xae\xfa\xff\xe3\xa5\x81\xbf\xe2\xaa\xff\xcd~\x07xm\xae\
\xba\xea\xbf\x07\xe2\xaa\xdf\x06^\x8b\xab\xfe7\xfb\x1a\xe0\
\xa3\xb9\xea\xaa\xff?\xbe\x1a\xf8(\xae\xfa\xdf\xecw\x80\
\xd7\xe6\xaa\xab\xfe{ \xae\xfam\xe0\xb5\xb8\xea\x7f\xb3\
]\xe0\x04W]\xf5\xff\xc3q\xe0\xe9\xc0q\xae\xfa\xdf\
\xecw\x80\xd7\xe6\xaa\xab\xfe{ \xae\xfam\xe0\xb5\xb8\
\xea\x7f\xbb\xf7\x01\xbe\x9b\xab\xae\xfa\xbf\xef\xbd\x81\xef\xe2\
\xaa\xff\xed~\x07xm\xae\xba\xea\xbf\x07\xe2\xaa\xdf\x06\
^\x8b\xab\xfe\xb7\xbb\x15x\x19`\x97\xab\xae\xfa\xbf\xeb\
8\xf0W\xc0\x83\xb9\xea\x7f\xbb\x9f\x01\xde\x9a\xab\xae\xfa\
\xef\x81\xb8\xea\xb3\x81\xcf\xe2\xaa\xff\x0b>\x07\xf8l\xae\
\xba\xea\xff\xae\xcf\x06>\x8b\xab\xfe/\xf8\x1c\xe0\xb3\xb9\
\xea\xaa\xff\x1e\x88\xab>\x1b\xf8,\xae\xfa\xbf\xe2e\x80\
\xbf\xe6\xaa\xab\xfe\xefyi\xe0\xaf\xb8\xea\xff\x8a\xcf\x01\
>\x9b\xab\xae\xfa\xef\x81\xb8\xea\xb3\x81\xcf\xe2\xaa\xff+\
\xfe\x1ax\x1d`\x97\xab\xae\xfa\xbf\xe38\xf0[\xc0K\
s\xd5\xff\x15\x9f\x03|6W]\xf5\xdf\x03q\xd5{\
\x03\xdf\xc5U\xff\x97|7\xf0>\x5cu\xd5\xff\x1d\xdf\
\x05\xbc7W\xfd_\xf29\xc0gs\xd5U\xff=\x10\
W\xbd6\xf0[\x5c\xf5\x7f\xcdw\x03\xef\xc3UW\xfd\
\xef\xf7]\xc0{s\xd5\xff5\xaf\x03\xfc6W]\xf5\
\xdf\x03q\xd5k\x03\xbf\xc5U\xff\x17}7\xf0>\x5c\
u\xd5\xff^\xdf\x05\xbc7W\xfd_\xf4:\xc0os\
\xd5U\xff=\x10W\xbd4\xf0W\x5c\xf5\x7f\xd5w\x03\
\x1f\x03\xecr\xd5U\xff{\x1c\x07\xbe\x0axo\xae\xfa\
\xbf\xeae\x80\xbf\xe6\xaa\xab\xfe{ \xae\x020W\xfd\
_\xf6\xd7\xc0\xfb\x00\x7f\xcdUW\xfd\xcf\xf7\xd2\xc0w\
\x01/\xcdU\xff\x97\x89\xab\xae\xfa\xef\x83\xb8\x0a\xc0\x5c\
\xf5\xff\xc1g\x03_\x03\xecr\xd5U\xff\xf3\x1c\x07>\
\x0a\xf8l\xae\xfa\xff@\x5cu\xd5\x7f\x1f\xc4U\x00\xbb\
\xc01\xae\xfa\xff\xe0V\xe0\xb3\x81\x9f\x01v\xb9\xea\xaa\
\xff~\xc7\x81\xb7\x02>\x1bx0W\xfd\x7f\xf07\xc0\
Ks\xd5U\xff}\x10W\x01\xfc6\xf0Z\x5c\xf5\xff\
\xc9.\xf0\xdd\xc0\xf7\x00\x7f\xcdUW\xfd\xd7{i\xe0\
\xbd\x80\xf7\x06\x8es\xd5\xff'\xbf\x03\xbc6W]\xf5\
\xdf\x07q\x15\xc0O\x03o\xc5U\xff_\xed\x02?\x0d\
\xdc\x0a\xfc6\xf0\x0c\xe0V\xae\xba\xea?\xce\x83\x81\x07\
\x01\xaf\x0d<\x18xk\xe08W\xfd\x7f\xf53\xc0[\
s\xd5U\xff}\x10W\x01|6\xf0Y\x5cu\xd5\xff\
=\xe2\x7f7s\xd5U\xff\xf7|\x0e\xf0\xd9\x5cu\xd5\
\x7f\x1f\xc4U\x00\x1f\x0d|\x15W]\xf5\x7f\x8f\xf8\xdf\
\xcd\x5cu\xd5\xff=\x9f\x03|6W]\xf5\xdf\x07q\
\x15\xc0k\x03\xbf\xc5UW\xfd\xdf#\xfew3W]\
\xf5\x7f\xcf\xeb\x00\xbf\xcdUW\xfd\xf7A\x5c\x05\xf0`\
\xe0\xe9\x5cu\xd5\xff=\xe2\x7f7s\xd5U\xff\xf7\xbc\
\x0c\xf0\xd7\x5cu\xd5\x7f\x1f\xc4U\xf73W]\xf5\x7f\
\x8f\xf8\xdf\xcd\x5cu\xd5\xff=\xe2\xaa\xab\xfe{!\xae\
\xba\xdf\xad\xc0\x83\xb8\xea\xaa\xff[\xc4\xffn\xe6\xaa\xab\
\xfeoy\x06\xf0`\xae\xba\xea\xbf\x17\xe2\xaa\xfb\xfd6\
\xf0Z\x5cu\xd5\xff-\xe2\x7f7s\xd5U\xff\xb7\xfc\
\x0e\xf0\xda\x5cu\xd5\x7f/\xc4U\xf7\xfbn\xe0\xbd\xb8\
\xea\xaa\xff[\xc4\xffn\xe6\xaa\xab\xfeo\xf9\x1a\xe0\xa3\
\xb9\xea\xaa\xff^\x88\xab\xee\xf7\xd9\xc0gq\xd5U\xff\
\xb7\x88\xff\xdd\xccUW\xfd\xdf\xf29\xc0gs\xd5U\
\xff\xbd\x10W\xdd\xef\xb5\x81\xdf\xe2\xaa\xab\xfeo\x11\xff\
\xbb\x99\xab\xae\xfa\xbf\xe5u\x80\xdf\xe6\xaa\xab\xfe{!\
\xae\xba\xdf\x83\x81\xa7s\xd5U\xff\xb7\x88\xff\xdd\xccU\
W\xfd\xdf\xf2\x10\xe0V\xae\xba\xea\xbf\x17\xe2\xaa\x07\xda\
\x05\x8eq\xd5U\xffw\x88\xff\xdd\xccUW\xfd\xdfq\
\x098\xceUW\xfd\xf7C\x5c\xf5@\xbf\x0d\xbc\x16W\
]\xf5\x7f\x87\xf8\xdf\xcd\x5cu\xd5\xff\x1d\xbf\x03\xbc6\
W]\xf5\xdf\x0fq\xd5\x03}5\xf0Q\x5cu\xd5\xff\
\x1d\xe2\x7f7s\xd5U\xffw|\x0d\xf0\xd1\x5cu\xd5\
\x7f?\xc4U\x0f\xf4\xde\xc0wq\xd5U\xffw\x88\xff\
\xdd\xccUW\xfd\xdf\xf1>\xc0ws\xd5U\xff\xfd\x10\
W=\xd0k\x03\xbf\xc5UW\xfd\xdf!\xfew3W\
]\xf5\x7f\xc7\xeb\x00\xbf\xcdUW\xfd\xf7C\x5c\xf5\xdc\
\xccUW\xfd\xdf!\xfew3W]\xf5\x7f\x87\xb8\xea\
\xaa\xff\x19\x10W=\xb7[\x81\x07q\xd5U\xff7\x88\
\xff\xdd\xccUW\xfd\xdf\xf07\xc0Ks\xd5U\xff3\
 \xaezn\xdf\x0d\xbc\x17W]\xf5\x7f\x83\xf8\xdf\xcd\
\x5cu\xd5\xff\x0d\xdf\x03\xbc7W]\xf5?\x03\xe2\xaa\
\xe7\xf6\xd1\xc0Wq\xd5U\xff7\x88\xff\xdd\xccUW\
\xfd\xdf\xf01\xc0Ws\xd5U\xff3 \xaezn/\
\x0d\xfc\x15W]\xf5\x7f\x83\xf8\xdf\xcd\x5cu\xd5\xff\x0d\
/\x03\xfc5W]\xf5?\x03\xe2\xaa\xe7g\x178\xc6\
UW\xfd\xef'\xfew3W]\xf5\xbf\xdf%\xe08\
W]\xf5?\x07\xe2\xaa\xe7\xe7\xb7\x81\xd7\xe2\xaa\xab\xfe\
\xf7\x13\xff\xbb\x99\xab\xae\xfa\xdf\xefw\x80\xd7\xe6\xaa\xab\
\xfe\xe7@\x5c\xf5\xfc|6\xf0Y\x5cu\xd5\xff~\xe2\
\x7f7s\xd5U\xff\xfb}\x0e\xf0\xd9\x5cu\xd5\xff\x1c\
\x88\xab\x9e\x9f\xd7\x06~\x8b\xab\xae\xfa\xdfO\xfc\xeff\
\xae\xba\xea\x7f\xbf\xd7\x01~\x9b\xab\xae\xfa\x9f\x03q\xd5\
\x0bb\xae\xba\xea\x7f?\xf1\xbf\x9b\xb9\xea\xaa\xff\xfdN\
\x00\xbb\x5cu\xd5\xff\x1c\x88\xab^\x90\xbf\x06^\x8a\xab\
\xae\xfa\xdfM\xfc\xeff\xae\xba\xea\x7f\xb7\xbf\x01^\x9a\
\xab\xae\xfa\x9f\x05q\xd5\x0b\xf2\xd5\xc0Gq\xd5U\xff\
\xbb\x89\xff\xdd\xccUW\xfd\xef\xf65\xc0Gs\xd5U\
\xff\xb3 \xaezA\xde\x1a\xf8)\xae\xba\xea\x7f7\xf1\
\xbf\x9b\xb9\xea\xaa\xff\xdd^\x07\xf8m\xae\xba\xea\x7f\x16\
\xc4U/\xc8q\xe0\x22W]\xf5\xbf\x9b\xf8\xdf\xcd\x5c\
u\xd5\xffn\xe2\xaa\xab\xfe\xe7A\x5c\xf5\xc2\xfc6\xf0\
Z\x5cu\xd5\xff^\xe2\x7f7s\xd5U\xff{\xfd\x0e\
\xf0\xda\x5cu\xd5\xff<\x88\xab^\x98\x8f\x06\xbe\x8a\xab\
\xae\xfa\xdfK\xfc\xeff\xae\xba\xea\x7f\xaf\x8f\x01\xbe\x9a\
\xab\xae\xfa\x9f\x07q\xd5\x0b\xf3\xd2\xc0_q\xd5U\xff\
{\x89\xff\xdd\xccUW\xfd\xef\xf52\xc0_s\xd5U\
\xff\xf3 \xae\xfa\x97\xdc\x0a<\x88\xab\xae\xfa\xdfI\xfc\
\xeff\xae\xba\xea\x7f\xa7K\xc0q\xae\xba\xea\x7f&\xc4\
U\xff\x92\xef\x06\xde\x8b\xab\xae\xfa\xdfI\xfc\xeff\xae\
\xba\xea\x7f\xa7\xef\x01\xde\x9b\xab\xae\xfa\x9f\x09q\xd5\xbf\
\xe4\xad\x81\x9f\xe2\xaa\xab\xfew\x12\xff\xbb\x99\xab\xae\xfa\
\xdf\xe9m\x80\x9f\xe6\xaa\xab\xfegB\x5c\xf5/9\x0e\
\x5c\xe4\xaa\xab\xfew\x12\xff\xbb\x99\xab\xae\xfa\xdf\xe9\x04\
\xb0\xcbUW\xfd\xcf\x84\xb8\xeaE\xf1\xdb\xc0kq\xd5\
U\xff\xfb\x88\xff\xdd\xccUW\xfd\xef\xf33\xc0[s\
\xd5U\xffs!\xaezQ|4\xf0U\x5cu\xd5\xff\
>\xe2\x7f7s\xd5U\xff\xfb\xbc\x0f\xf0\xdd\x5cu\xd5\
\xff\x5c\x88\xab^\x14\x0f\x06\x9e\xceUW\xfd\xef#\xfe\
w3W]\xf5\xbf\xcf\x09`\x97\xab\xae\xfa\x9f\x0bq\
\xd5\x8b\xea\xaf\x81\x97\xe2\xaa\xab\xfew\x11\xff\xbb\x99\xab\
\xae\xfa\xdf\xe5o\x80\x97\xe6\xaa\xab\xfegC\x5c\xf5\xa2\
\xfah\xe0\xab\xb8\xea\xaa\xff]\xc4\xffn\xe6\xaa\xab\xfe\
w\xf9\x18\xe0\xab\xb9\xea\xaa\xff\xd9\x10W\xbd\xa8\x1e\x0c\
<\x9d\xab\xae\xfa\xdfE\xfc\xeff\xae\xba\xea\x7f\x97\x87\
\x00\xb7r\xd5U\xff\xb3!\xae\xfa\xd7\xf8i\xe0\xad\xb8\
\xea\xaa\xff=\xc4\xffn\xe6\xaa\xab\xfe\xf7\xf8\x1d\xe0\xb5\
\xb9\xea\xaa\xff\xf9\x10W\xfdk\xbc7\xf0]\x5cu\xd5\
\xff\x1e\xe2\x7f7s\xd5U\xff{\xbc\x0f\xf0\xdd\x5cu\
\xd5\xff|\x88\xab\xfe5\x8e\x03\x17\xb9\xea\xaa\xff=\xc4\
\xffn\xe6\xaa\xab\xfe\xf78\x01\xecr\xd5U\xff\xf3!\
\xae\xfa\xd7\xfai\xe0\xad\xb8\xea\xaa\xff\x1d\xc4\xffn\xe6\
\xaa\xab\xfew\xf8\x19\xe0\xad\xb9\xea\xaa\xff\x1d\x10W\xfd\
k\xbd7\xf0]\x5cu\xd5\xff\x0e\xe2\x7f7s\xd5U\
\xff;\xbc\x0f\xf0\xdd\x5cu\xd5\xff\x0e\x88\xab\xfe\xb5\x8e\
\x03\xb7\x02\xc7\xb8\xea\xaa\xff\xf9\xc4\xffn\xe6\xaa\xab\xfe\
\xe7\xbb\x04\x1c\xe7\xaa\xab\xfe\xf7@\x5c\xf5o\xf1\xdd\xc0\
{q\xd5U\xff\xf3\x89\xff\xdd\xccUW\xfd\xcf\xf7=\
\xc0{s\xd5U\xff{ \xae\xfa\xb7xi\xe0\xaf\xb8\
\xea\xaa\xff\xf9\x1e\x02\xdc\xca\xffN\x0f\x06\x9e\xceUW\
\xfd\xcf\xf72\xc0_s\xd5U\xff{ \xae\xfa\xb7\xfa\
k\xe0\xa5\xb8\xea\xaa\xff\xd9^\x07\xf8m\xfewzm\
\xe0\xb7\xb8\xea\xaa\xff\xd9\xfe\x06xi\xae\xba\xea\x7f\x17\
\xc4U\xffV\xef\x0d|\x17W]\xf5?\xdb\xc7\x00_\
\xcd\xffN\x9f\x0d|\x16W]\xf5?\xdb\xfb\x00\xdf\xcd\
UW\xfd\xef\x82\xb8\xea\xdf\xea8p\x91\xab\xae\xfa\x9f\
\xed{\x80\xf7\xe6\x7f\xa7\xef\x06\xde\x8b\xab\xae\xfa\x9f\xeb\
\x12\xf0``\x97\xab\xae\xfa\xdf\x05q\xd5\xbf\xc7w\x03\
\xef\xc5UW\xfd\xcfu+\xf0\x10\xfew\xba\x08\x1c\xe7\
\xaa\xab\xfe\xe7\xfa\x1e\xe0\xbd\xb9\xea\xaa\xff}\x10W\xfd\
{\xbc6\xf0[\x5cu\xd5\xffl/\x03\xfc5\xff\xbb\
\xbc4\xf0W\x5cu\xd5\xffl\xaf\x03\xfc6W]\xf5\
\xbf\x0f\xe2\xaa\x7f\xaf[\x81\x07q\xd5U\xffs}\x0d\
\xf0\xd1\xfc\xef\xf2\xd5\xc0Gq\xd5U\xffs=\x03x\
0W]\xf5\xbf\x13\xe2\xaa\x7f\xaf\xf7\x06\xbe\x8b\xab\xae\
\xfa\x9fk\x178\xc1\xff\x1e\xc7\x81\xa7\x03\xc7\xb9\xea\xaa\
\xff\xb9\xde\x07\xf8n\xae\xba\xea\x7f'\xc4U\xff^\xc7\
\x81[\x81c\x5cu\xd5\xff\x5c\xef\x03|7\xff;\xbc\
7\xf0]\x5cu\xd5\xff\x5c\x97\x80\xe3\x5cu\xd5\xff^\
\x88\xab\xfe#|6\xf0Y\x5cu\xd5\xff\x5c\xb7\x02/\
\x03\xec\xf2?\xdbq\xe0\xaf\x80\x07s\xd5U\xffs}\
\x0e\xf0\xd9\x5cu\xd5\xff^\x88\xab\xfe#\x1c\x07.r\
\xd5U\xff\xb3}\x0e\xf0\xd9\xfc\xcf\xf6\xd9\xc0gq\xd5\
U\xff\xb3\x9d\x00v\xb9\xea\xaa\xff\xbd\x10W\xfdG\xf9\
n\xe0\xbd\xb8\xea\xaa\xff\xd9^\x06\xf8k\xfegzi\
\xe0\xaf\xb8\xea\xaa\xff\xd9\xbe\x07xo\xae\xba\xea\x7f7\
\xc4U\xffQ\x1e\x0c<\x9d\xab\xae\xfa\x9f\xed\xaf\x81\xd7\
\x01v\xf9\x9f\xe58\xf0[\xc0Ks\xd5U\xff\xb3=\
\x04\xb8\x95\xab\xae\xfa\xdf\x0dq\xd5\x7f\xa4\xdf\x06^\x8b\
\xab\xae\xfa\x9f\xed\xbb\x81\xf7\xe1\x7f\x96\xef\x02\xde\x9b\xab\
\xae\xfa\x9f\xedw\x80\xd7\xe6\xaa\xab\xfe\xf7C\x5c\xf5\x1f\
\xe9\xb5\x81\xdf\xe2\xaa\xab\xfe\xe7\xfbn\xe0}\xf8\x9f\xe1\
\xbb\x80\xf7\xe6\xaa\xab\xfe\xe7{\x1d\xe0\xb7\xb9\xea\xaa\xff\
\xfd\x10W\xfdG\xfbk\xe0\xa5\xb8\xea\xaa\xff\xf9\xbe\x1b\
x\x1f\xfe{}\x17\xf0\xde\x5cu\xd5\xff|\xbf\x03\xbc\
6W]\xf5\x7f\x03\xe2\xaa\xffh\xef\x0d|\x17W]\
\xf5\xbf\xc3w\x03\x1f\x03\xec\xf2_\xeb8\xf0U\xc0{\
s\xd5U\xff;\xbc\x0e\xf0\xdb\x5cu\xd5\xff\x0d\x88\xab\
\xfe3\xdc\x0a<\x88\xab\xae\xfa\xdf\xe1\xaf\x81\xf7\x01\xfe\
\x9a\xff\x1a/\x0d|\x17\xf0\xd2\x5cu\xd5\xff\x0e\xbf\x03\
\xbc6W]\xf5\x7f\x07\xe2\xaa\xff\x0c\xaf\x0d\xfc\x16W\
]\xf5\xbf\xcbg\x03_\x03\xec\xf2\x9f\xe38\xf0Q\xc0\
gs\xd5U\xff\xbb\xbc\x0e\xf0\xdb\x5cu\xd5\xff\x1d\x88\
\xab\xfe\xb3\xfc6\xf0Z\x5cu\xd5\xff.\xb7\x02\x9f\x0d\
\xfc\x0c\xb0\xcb\x7f\x8c\xe3\xc0[\x01\x9f\x0d<\x98\xab\xae\
\xfa\xdf\xe5w\x80\xd7\xe6\xaa\xab\xfeoA\x5c\xf5\x9f\xe5\
\xb5\x81\xdf\xe2\xaa\xab\xfew\xda\x05\xbe\x1b\xf8\x1e\xe0\xaf\
\xf9\xb7yi\xe0\xbd\x80\xf7\x06\x8es\xd5U\xff;\xbd\
\x0e\xf0\xdb\x5cu\xd5\xff-\x88\xab\xfe3\xfd6\xf0Z\
\x5cu\xd5\xffn\xbb\xc0O\x03\xb7\x02\xbf\x0d<\x03\xb8\
\x95\xe7\xf4`\xe0A\xc0k\x03\x0f\x06\xde\x1a8\xceU\
W\xfd\xef\xf67\xc0Ks\xd5U\xff\xf7 \xae\xfa\xcf\
\xf4\xda\xc0oq\xd5UW]u\xd5\xffF\xaf\x03\xfc\
6W]\xf5\x7f\x0f\xe2\xaa\xffl\xbf\x0d\xbc\x16W]\
u\xd5UW\xfdo\xf2;\xc0ks\xd5U\xff7!\
\xae\xfa\xcf\xf6\xda\xc0oq\xd5UW]u\xd5\xff&\
/\x03\xfc5W]\xf5\x7f\x13\xe2\xaa\xff\x0a\xbf\x0d\xbc\
\x16W]u\xd5UW\xfdo\xf0=\xc0{s\xd5U\
\xffw!\xae\xfa\xaf\xf0`\xe0\xe9\x5cu\xd5UW]\
\xf5\xbf\xc1C\x80[\xb9\xea\xaa\xff\xbb\x10W\xfdW\xf9\
j\xe0\xa3\xb8\xea\xaa\xab\xae\xba\xea\x7f\xb2\xaf\x01>\x9a\
\xab\xae\xfa\xbf\x0dq\xd5\x7f\x95\xe3\xc0\xad\xc01\xae\xba\
\xea\xaa\xab\xae\xfa\x9f\xe8\x12\xf0``\x97\xab\xae\xfa\xbf\
\x0dq\xd5\x7f\xa5\xf7\x06\xbe\x8b\xab\xae\xba\xea\xaa\xab\xfe\
'\xfa\x18\xe0\xab\xb9\xea\xaa\xff\xfb\x10W\xfdW\xfbk\
\xe0\xa5\xb8\xea\xaa\xab\xae\xba\xea\x7f\x92\xbf\x01^\x9a\xab\
\xae\xfa\xff\x01q\xd5\x7f\xb5\xd7\x06~\x8b\xab\xae\xba\xea\
\xaa\xab\xfe'y\x1d\xe0\xb7\xb9\xea\xaa\xff\x1f\x10W\xfd\
w\xf8i\xe0\xad\xb8\xea\xaa\xab\xae\xba\xea\x7f\x82\x9f\x01\
\xde\x9a\xab\xae\xfa\xff\x03q\xd5\x7f\x87\x07\x03O\xe7\xaa\
\xab\xae\xba\xea\xaa\xffn\x97\x80\x97\x06n\xe5\xaa\xab\xfe\
\xff@\x5c\xf5\xdf\xe5\xb3\x81\xcf\xe2\xaa\xab\xae\xba\xea\xaa\
\xffN\x9f\x03|6W]\xf5\xff\x0b\xe2\xaa\xffN\x7f\
\x0d\xbc\x14W]u\xd5UW\xfdwx\x06\xf0`\xae\
\xba\xea\xff\x1f\xc4U\xff\x9d^\x1b\xf8-\xae\xba\xea\xaa\
\xab\xae\xfa\xef\xf0:\xc0os\xd5U\xff\xff \xae\xfa\
\xef\xf6\xd5\xc0Gq\xd5UW]u\xd5\x7f\xa5\xaf\x01\
>\x9a\xab\xae\xfa\xff\x09q\xd5\x7f\xb7\xe3\xc0_\x03\x0f\
\xe2\xaa\xab\xae\xba\xea\xaa\xff\x0a\xcf\x00^\x1a\xd8\xe5\xaa\
\xab\xfe\x7fB\x5c\xf5?\xc1k\x03\xbf\xc5UW]u\
\xd5U\xff\x15^\x07\xf8m\xae\xba\xea\xff/\xc4U\xff\
S\xfc4\xf0V\x5cu\xd5UW]\xf5\x9f\xe9g\x80\
\xb7\xe6\xaa\xab\xfe\x7fC\x5c\xf5?\xc5q\xe0V\xe0\x18\
W]u\xd5UW\xfdg\xb8\x04<\x18\xd8\xe5\xaa\xab\
\xfe\x7fC\x5c\xf5?\xc9[\x03?\xc5UW]u\xd5\
U\xff\x19\xde\x06\xf8i\xae\xba\xea*\xc4U\xff\xd3|\
7\xf0^\x5cu\xd5UW]\xf5\x1f\xe9g\x80\xb7\xe6\
\xaa\xab\xae\x02@\x5c\xf5?\xcdq\xe0\xaf\x81\x07q\xd5\
UW]u\xd5\x7f\x84g\x00/\x0d\xecr\xd5UW\
\x01 \xae\xfa\x9f\xe8\xb5\x81\xdf\xe2\xaa\xab\xae\xba\xea\xaa\
\xff\x08\xaf\x03\xfc6W]u\xd5\xfd\x10W\xfdO\xf5\
\xd9\xc0gq\xd5UW]u\xd5\xbf\xc7\xd7\x00\x1f\xcd\
UW]\xf5@\x88\xab\xfe'\xfbk\xe0\xa5\xb8\xea\xaa\
\xab\xae\xba\xea\xdf\xe2o\x80\x97\xe6\xaa\xab\xaezn\x88\
\xab\xfe'{0\xf0\xd7\xc01\xae\xba\xea\xaa\xab\xae\xfa\
\xd7z\x1d\xe0\xb7\xb9\xea\xaa\xab\x9e\x1b\xe2\xaa\xff\xe9\xde\
\x1b\xf8.\xae\xba\xea\xaa\xab\xae\xfa\xd7\xfak\xe0u\x80\
]\xae\xba\xea\xaa\x07B\x5c\xf5\xbf\xc1w\x03\xef\xc5U\
W]u\xd5U\xffZ\x7f\x0d\xbc\x0e\xb0\xcbUW]\
u?\xc4U\xff\x1b\x1c\x07~\x1bx)\xae\xba\xea\xaa\
\xab\xae\xfa\xd7\xfak\xe0u\x80]\xae\xba\xea*\x00\xc4\
U\xff[\xbc4\xf0\xdb\xc01\xae\xba\xea\xaa\xab\xae\xfa\
\xd7\xfak\xe0u\x80]\xae\xba\xea*\xc4U\xff\x9b\xbc\
5\xf0S\x5cu\xd5UW]\xf5o\xf1\xd7\xc0\xeb\x00\
\xbb\x5cu\xd5\xffo\x88\xab\xfe\xb7\xf9l\xe0\xb3\xb8\xea\
\xaa\xab\xae\xba\xea\xdf\xe2\xaf\x81\xd7\x01v\xb9\xea\xaa\xff\
\xbf\x10W\xfdo\xf4\xdb\xc0kq\xd5UW]u\xd5\
\xbf\xc5_\x03\xaf\x03\xecr\xd5U\xff?!\xae\xfa\xdf\
\xe88\xf0\xd7\xc0\x83\xb8\xea\xaa\xab\xae\xba\xea\xdf\xe2\xaf\
\x81\xd7\x01v\xb9\xea\xaa\xff\x7f\x10W\xfdo\xf5\xd2\xc0\
o\x03\xc7\xb8\xea\xaa\xab\xae\xba\xea\xdf\xe2\xaf\x81\xd7\x01\
v\xb9\xea\xaa\xff_\x10W\xfdo\xf6\xde\xc0wq\xd5\
UW]u\xd5\xbf\xd5_\x03\xaf\x03\xecr\xd5U\xff\
\x7f \xae\xfa\xdf\xee\xb3\x81\xcf\xe2\xaa\xab\xae\xba\xea\xaa\
\x7f\xab\xbf\x06^\x07\xd8\xe5\xaa\xab\xfe\x7f@\x5c\xf5\x7f\
\xc1w\x03\xef\xc5UW]u\xd5U\xffV\x7f\x0d\xbc\
\x0e\xb0\xcbUW\xfd\xdf\x87\xb8\xea\xff\x8a\xdf\x06^\x8b\
\xab\xae\xba\xea\xaa\xab\xfe\xad\xfe\x1ax\x1d`\x97\xab\xae\
\xfa\xbf\x0dq\xd5\xff\x15\xc7\x81\xdf\x06^\x8a\xab\xae\xba\
\xea\xaa\xab\xfe\xad\xfe\x1ax\x1d`\x97\xab\xae\xfa\xbf\x0b\
q\xd5\xff%\x0f\x06\xfe\x1a8\xc6UW]u\xd5U\
\xffV\x7f\x0d\xbc\x0e\xb0\xcbUW\xfd\xdf\x84\xb8\xea\xff\
\x9a\x97\x06~\x1b8\xc6UW]u\xd5U\xffV\x7f\
\x0d\xbc\x0e\xb0\xcbUW\xfd\xdf\x83\xb8\xea\xff\xa2\xb7\x06\
~\x8a\xab\xae\xba\xea\xaa\xab\xfe=\xfe\x1ax\x1d`\x97\
\xab\xae\xfa\xbf\x05q\xd5\xffU\xef\x0d|\x17W]u\
\xd5UW\xfd{\xfc5\xf0:\xc0.W]\xf5\x7f\x07\
\xe2\xaa\xff\xcb\xde\x1b\xf8.\xae\xba\xea\xaa\xab\xae\xfa\xf7\
\xf8k\xe0u\x80]\xae\xba\xea\xff\x06\xc4U\xff\xd7\xbd\
7\xf0]\x5cu\xd5UW]\xf5\xef\xf1\xd7\xc0\xeb\x00\
\xbb\x5cu\xd5\xff~\x88\xab\xfe?\xf8j\xe0\xa3\xb8\xea\
\xaa\xab\xae\xba\xea\xdf\xe3\xaf\x81\xd7\x01v\xb9\xea\xaa\xff\
\xdd\x10W\xfd\x7f\xf1\xdd\xc0{q\xd5UW]u\xd5\
\xbf\xc7_\x03\xaf\x03\xecr\xd5U\xff{!\xae\xfa\xff\
\xe4\xbb\x81\xf7\xe2\xaa\xab\xae\xba\xea\xaa\x7f\x8f\xbf\x06^\
\x07\xd8\xe5\xaa\xab\xfewB\x5c\xf5\xff\xcdw\x03\xef\xc5\
UW]u\xd5U\xff\x1e\x7f\x0d\xbc\x0e\xb0\xcbUW\
\xfd\xef\x83\xb8\xea\xff\xa3\xef\x06\xde\x8b\xab\xae\xba\xea\xaa\
\xab\xfe=\xfe\x1ax\x1d`\x97\xab\xae\xfa\xdf\x05q\xd5\
\xffW\xdf\x0d\xbc\x17W]u\xd5UW\xfd{\xfc5\
\xf0:\xc0.W]\xf5\xbf\x07\xe2\xaa\xff\xcf\xbe\x1bx\
/\xae\xba\xea\xaa\xab\xae\xfa\xf7\xf8k\xe0u\x80]\xae\
\xba\xea\x7f\x07\xc4U\xff\xdf}5\xf0Q\x5cu\xd5U\
W]\xf5\xef\xf1\xd7\xc0\xeb\x00\xbb\x5cu\xd5\xff|\x88\
\xab\xae\x82\xf7\x06\xbe\x8b\xab\xae\xba\xea\xaa\xab\xfe=\xfe\
\x1ax\x1d`\x97\xab\xae\xfa\x9f\x0dq\xd5UW\xbc7\
\xf0]\x5cu\xd5UW]\xf5\xef\xf1\xd7\xc0\xeb\x00\xbb\
\x5cu\xd5\xff\x5c\x88\xab\xaez\xb6\xf7\x06\xbe\x8b\xab\xae\
\xba\xea\xaa\xab\xfe=\xfe\x1ax\x1d`\x97\xab\xae\xfa\x9f\
\x09q\xd5U\xcf\xe9\xad\x81\xef\x06\x8eq\xd5UW]\
u\xd5\xbf\xd5_\x03\xaf\x03\xecr\xd5U\xff\xf3 \xae\
\xba\xeay\xbd4\xf0\xdb\xc01\xae\xba\xea\xaa\xab\xae\xfa\
\xb7\xfak\xe0u\x80]\xae\xba\xea\x7f\x16\xc4UW=\
\x7f\x0f\x06~\x1ax)\xae\xba\xea\xaa\xab\xae\xfa\xb7\xfa\
k\xe0u\x80]\xae\xba\xea\x7f\x0e\xc4UW\xbd`\xc7\
\x81\x9f\x06^\x8b\xab\xae\xba\xea\xaa\xab\xfe\xad\xfe\x1ax\
\x1d`\x97\xab\xae\xfa\x9f\x01q\xd5U\xff\xb2\xef\x06\xde\
\x8b\xab\xae\xba\xea\xaa\xab\xfe\xad\xfe\x1ax\x1d`\x97\xab\
\xae\xfa\xef\x87\xb8\xea\xaa\x17\xcdg\x03\x9f\xc5UW]\
u\xd5U\xffV\x7f\x0d\xbc\x0e\xb0\xcbUW\xfd\xf7B\
\x5cu\xd5\x8b\xee\xbd\x81\xaf\x06\x8eq\xd5UW]u\
\xd5\xbf\xc5_\x03\xaf\x03\xecr\xd5U\xff}\x10W]\
\xf5\xaf\xf3\xd2\xc0O\x03\x0f\xe2\xaa\xab\xae\xba\xea\xaa\x7f\
\x8b\xbf\x06^\x07\xd8\xe5\xaa\xab\xfe{ \xae\xba\xea_\
\xef8\xf0\xd3\xc0kq\xd5UW]u\xd5\xbf\xc5_\
\x03\xaf\x03\xecr\xd5U\xff\xf5\x10W]\xf5o\xf7\xd9\
\xc0gq\xd5UW]u\xd5\xbf\xc5_\x03\xaf\x03\xec\
r\xd5U\xff\xb5\x10W]\xf5\xef\xf3\xd6\xc0w\x03\xc7\
\xb8\xea\xaa\xab\xae\xba\xea_\xeb\xaf\x81\xd7\x01v\xb9\xea\
\xaa\xff:\x88\xab\xae\xfa\xf7{i\xe0\xbb\x81\x97\xe2\xaa\
\xab\xae\xba\xea\xaa\x7f\xad\xbf\x06^\x07\xd8\xe5\xaa\xab\xfe\
k \xae\xba\xea?\xc6q\xe0\xab\x81\xf7\xe2\xaa\xab\xae\
\xba\xea\xaa\x7f\xad\xbf\x06^\x07\xd8\xe5\xaa\xab\xfe\xf3!\
\xae\xba\xea?\xd6{\x03_\x0d\x1c\xe3\xaa\xab\xae\xba\xea\
\xaa\x7f\x8d\xbf\x06^\x07\xd8\xe5\xaa\xab\xfes!\xae\xba\
\xea?\xde\x83\x81\x9f\x06^\x8a\xab\xae\xba\xea\x7f\xbb\xbf\
\x01>\x1a\xf8j\xe0\xa5\xb8\xea?\xdb_\x03\xaf\x03\xec\
r\xd5U\xffy\x10W]\xf5\x9f\xe7\xb3\x81\xcf\xe2\xaa\
\xab\xae\xfa\xdf\xeak\x80\x8f\xe6\x8a\xe3\xc0o\x03/\xc5\
U\xff\xd9\xfe\x1ax\x1d`\x97\xab\xae\xfa\xcf\x81\xb8\xea\
\xaa\xff\x5c\xaf\x0d|7\xf0 \xae\xba\xea\xaa\xff-\x9e\
\x01\xbc7\xf0\xdb<\xa7\xe3\xc0o\x03/\xc5U\xff\xd9\
\xfe\x1ax\x1d`\x97\xab\xae\xfa\x8f\x87\xb8\xea\xaa\xff|\
\xc7\x81\xaf\x06\xde\x8b\xab\xae\xba\xea\x7f\xba\x9f\x01\xde\x1b\
\xd8\xe5\xf9;\x0e\xfc6\xf0R\x5c\xf5\x9f\xed\xaf\x81\xd7\
\x01v\xb9\xea\xaa\xffX\x88\xab\xae\xfa\xaf\xf3\xd6\xc0w\
\x03\xc7\xb8\xea\xaa\xab\xfe\xa7\xb9\x04\xbc7\xf0\xd3\xfc\xcb\
\x8e\x03\xbf\x0d\xbc\x14W\xfdg\xfbk\xe0u\x80]\xae\
\xba\xea?\x0e\xe2\xaa\xab\xfek\x1d\x07\xbe\x1bx+\xae\
\xba\xea\xaa\xff)~\x06xo`\x97\x17\xddq\xe0\xb7\
\x81\x97\xe2\xaa\xffl\x7f\x0d\xbc\x0e\xb0\xcbUW\xfd\xc7\
@\x5cu\xd5\x7f\x8f\xd7\x06\xbe\x1bx\x10W]u\xd5\
\x7f\x97g\x00\xef\x0d\xfc6\xff6\xc7\x81\xdf\x06^\x8a\
\xab\xfe\xb3\xfd5\xf0:\xc0.W]\xf5\xef\x87\xb8\xea\
\xaa\xff>\xc7\x81\xcf\x06>\x8a\xab\xae\xba\xea\xbf\xda\xd7\
\x00\x9f\x0d\xec\xf2\xefs\x1c\xf8m\xe0\xa5\xb8\xea?\xdb\
_\x03\xaf\x03\xecr\xd5U\xff>\x88\xab\xae\xfa\xef\xf7\
\xda\xc0W\x03/\xc5UW]\xf5\x9f\xed\x19\xc0{\x03\
\xbf\xcd\x7f\x9c\xe3\xc0o\x03/\xc5U\xff\xd9\xfe\x1ax\
\x1d`\x97\xab\xae\xfa\xb7C\x5cu\xd5\xff\x1c\x9f\x0d|\
\x16W]u\xd5\x7f\x86K\xc0W\x03\x9f\xcd\x7f\x8e\xe3\
\xc0o\x03/\xc5U\xff\xd9\xfe\x1ax\x1d`\x97\xab\xae\
\xfa\xb7A\x5cu\xd5\xff,\x0f\x06\xbe\x1ax+\xae\xba\
\xea\xaa\xff(?\x03|4p+\xff\xb9\x8e\x03\xbf\x0d\
\xbc\x14W\xfdg\xfbk\xe0u\x80]\xae\xba\xea_\x0f\
q\xd5U\xff3\xbd6\xf0\xd5\xc0Kq\xd5UW\xfd\
[\xfd\x0d\xf0\xd1\xc0o\xf3_\xe78\xf0\xdb\xc0Kq\
\xd5\x7f\xb6\xbf\x06^\x07\xd8\xe5\xaa\xab\xfeu\x10W]\
\xf5?\xdb{\x03_\x0d\x1c\xe3\xaa\xab\xaezQ]\x02\
>\x1b\xf8j\xfe{\x1c\x07~\x1bx)\xae\xfa\xcf\xf6\
\xd7\xc0\xcbp\xd5U\xff:\x88\xab\xae\xfa\x9f\xef8\xf0\
\xd9\xc0Gq\xd5UW\xfdK\xbe\x06\xf8l`\x97\xff\
^\xc7\x81\xdf\x06^\x8a\xab\xfe\xb3}7\xf0>\x5cu\
\xd5\x8b\x0eq\xd5U\xff{<\x18\xf8n\xe0\xb5\xb8\xea\
\xaa\xab\x9e\xdb\xf7\x00\x9f\x0d\xdc\xca\xff\x1c\xc7\x81\xdf\x06\
^\x8a\xab\xfe\xb3}7\xf0>\x5cu\xd5\x8b\x06q\xd5\
U\xff\xfb\xbc6\xf0\xd9\xc0kq\xd5UW\xfd\x0e\xf0\
\xd1\xc0_\xf3?\xd3q\xe0\xb7\x81\x97\xe2\xaa\xffl\xdf\
\x0d\xbc\x0fW]\xf5/C\x5cu\xd5\xff^\xaf\x0d|\
6\xf0Z\x5cu\xd5\xff?\x7f\x03|4\xf0\xdb\xfc\xcf\
w\x1c\xf8m\xe0\xa5\xb8\xea?\xdbw\x03\xef\xc3UW\
\xbdp\x88\xab\xae\xfa\xdf\xef\xb5\x81\xcf\x06^\x8b\xab\xae\
\xfa\xbf\xefw\x80\xaf\x06~\x9a\xff]\x8e\x03\xbf\x0d\xbc\
\x14W\xfdg\xfbn\xe0}\xb8\xea\xaa\x17\x0cq\xd5U\
\xffw\xbc6\xf0\xdd\xc0\x83\xb8\xea\xaa\xff{~\x07\xf8\
l\xe0\xb7\xf9\xdf\xeb8\xf0\xdb\xc0Kq\xd5\x7f\xb6\xef\
\x06\xde\x87\xab\xaez\xfe\x10W]\xf5\x7f\xcf{\x03\x1f\
\x0d\xbc\x14W]\xf5\xbf\xdf\xef\x00\x9f\x0d\xfc6\xff7\
\x1c\x07~\x1bx)\xae\xfa\xcf\xf6\xdd\xc0\xfbp\xd5U\
\xcf\x0bq\xd5U\xffw\xbd6\xf0\xd9\xc0kq\xd5U\
\xff\xfb\xfc\x0e\xf0\xd9\xc0o\xf3\x7f\xcfq\xe0\xb7\x81\x97\
\xe2\xaa\xffl\xdf\x0d\xbc\x0fW]\xf5\x9c\x10W]\xf5\
\x7f\xdf\x83\x81\xcf\x06\xde\x8b\xab\xae\xfa\x9f\xef{\x80\xcf\
\x06n\xe5\xff\xb6\xe3\xc0o\x03/\xc5U\xff\xd9\xbe\x1b\
x\x1f\xae\xba\xea\xd9\x10W]\xf5\xff\xc7q\xe0\xa3\x81\
\x8f\x06\x8eq\xd5U\xffs\x5c\x02\xbe\x1a\xf8j`\x97\
\xff?\x8e\x03\xbf\x0d\xbc\x14W\xfdg\xfbn\xe0}\xb8\
\xea\xaa+\x10W]\xf5\xff\xcfq\xe0\xad\x81\xcf\x06\x1e\
\xc4UW\xfd\xf7y\x06\xf0\xd9\xc0w\xf3\xff\xd7q\xe0\
\xb7\x81\x97\xe2\xaa\xffl\xdf\x0d\xbc\x0fW]\x05\x88\xab\
\xae\xfa\xff\xed\xb5\x81\xf7\x06\xde\x8b\xab\xae\xfa\xaf\xf3=\
\xc0w\x03\xbf\xcdU\x00\xc7\x81\xdf\x06^\x8a\xab\xfe\xb3\
}7\xf0>\x5c\xf5\xff\x1d\xe2\xaa\xab\xae\x028\x0e\xbc\
5\xf0\xd1\xc0Kq\xd5U\xff\xf1\xfe\x06\xf8j\xe0\xa7\
\x81]\xaezn\xc7\x81\xdf\x06^\x8a\xab\xfe\xb3}7\
\xf0>\x5c\xf5\xff\x19\xe2\xaa\xab\xaezn/\x0d|4\
\xf0\xd6\xc01\xae\xba\xea\xdf\xee\x12\xf0\xd3\xc0W\x03\x7f\
\xcdU\xff\x92\xe3\xc0o\x03/\xc5U\xff\xd9\xbe\x1bx\
\x1f\xae\xfa\xff\x0aq\xd5UW\xbd \xc7\x81\xb7\x06\xde\
\x1ax+\xae\xba\xeaE\xf73\xc0O\x03\xdf\xcdU\xff\
Z\xc7\x81\xdf\x06^\x8a\xab\xfe\xb3}7\xf0>\x5c\xf5\
\xff\x11\xe2\xaa\xab\xaezQ\x1c\x07\xde\x1axk\xe0\xad\
\xb8\xea\xaa\xe7\xf5;\xc0w\x03?\x0d\xecr\xd5\xbf\xc7\
q\xe0\xb7\x81\x97\xe2\xaa\xffl\xdf\x0d\xbc\x0fW\xfd\x7f\
\x83\xb8\xea\xaa\xab\xfe\xb5\x8e\x03\xef\x0d\xbc7\xf0R\x5c\
\xf5\xff\xd9\xdf\x00\xdf\x0d\xfc4p+W\xfdG:\x0e\
\xfc6\xf0R\x5c\xf5\x9f\xed\xbb\x81\xf7\xe1\xaa\xffO\x10\
W]u\xd5\xbf\xc7\x83\x81\xb7\x06\xde\x1ax-\xae\xfa\
\xff\xe0g\x80\x9f\x06~\x1a\xd8\xe5\xaa\xffL\xc7\x81\xdf\
\x06^\x8a\xab\xfe\xb3}7\xf0>\x5c\xf5\xff\x05\xe2\xaa\
\xab\xae\xfa\x8fr\x1cxm\xe0\xad\x81\xd7\x06\x1e\xc4U\
\xff\x17\x5c\x02~\x1a\xf8i\xe0\xb7\x81]\xae\xfa\xaft\
\x1c\xf8m\xe0\xa5\xb8\xea?\xdbw\x03\xef\xc3U\xff\x1f\
 \xae\xba\xea\xaa\xff,/\x0d\xbc6\xf0\xd6\xc0kq\
\xd5\xff&\xbf\x03\xfc4\xf0\xdb\xc0_s\xd5\x7f\xb7\xe3\
\xc0o\x03/\xc5U\xff\xd9\xbe\x1bx\x1f\xae\xfa\xbf\x0e\
q\xd5UW\xfdW8\x0e\xbc6\xf0\xda\xc0k\x03/\
\xc5U\xff\x93\xfc\x0d\xf0\xdb\xc0O\x03\xbf\xcdU\xff\x13\
\x1d\x07~\x1bx)\xae\xfa\xcf\xf6\xdd\xc0\xfbp\xd5\xff\
e\x88\xab\xae\xba\xea\xbf\xcbk\x03\xaf\x0d\xbc6\xf0\xd2\
\xc01\xae\xfa\xafp\x09\xf8k\xe0\xb7\x81\xdf\x06\xfe\x1a\
\xd8\xe5\xaa\xff\x0d\x8e\x03\xbf\x0d\xbc\x14W\xfdg\xfbn\
\xe0}\xb8\xea\xff*\xc4UW]\xf5?\xc5K\x03\xaf\
\x0d\xbc4\xf0\xd2\xc0Kq\xd5\x7f\x84\xbf\x01\xfe\x1a\xf8\
k\xe0\xb7\x81\xbf\xe6\xaa\xff\xcd\x8e\x03\xbf\x0d\xbc\x14W\
\xfdg\xfbn\xe0}\xb8\xea\xff\x22\xc4UW]\xf5?\
\xd9k\x03\x0f\x06^\x1axi\xe0\xa5\x81c\x5c\xf5\x82\
\xfc\x0e\xf0\xd7\xc0_\x03\xb7\x02\xbf\xcdU\xff\x17\x1d\x07\
~\x1bx)\xae\xfa\xcf\xf6\xdd\xc0\xfbp\xd5\xff5\x88\
\xab\xae\xba\xea\x7f\x9b\xe3\xc0K\x03\xaf\x0d<\x18x0\
\xf0`\xe0A\xfc\xff\xf0\x0c\xe0V\xe0\xaf\x81]\xe0\xb7\
\x81[\x81[\xb9\xea\xff\x93\xe3\xc0o\x03/\xc5U\xff\
\xd9\xbe\x1bx\x1f\xae\xfa\xbf\x04q\xd5UW\xfd_\xf2\
`\xe0\xc1\xc0\x83\x81\x07\x03/\x0d\x1c\x07^\x1a8\xc6\
\xff\x0e\x7f\x03\xec\x02\xbb\xc0_s\xc5o\x03\xbb\xc0_\
s\xd5U\xcfv\x1c\xf8m\xe0\xa5\xb8\xea?\xdbw\x03\
\xef\xc3U\xffW \xae\xba\xea\xaa\xffo^\x1a8\xce\
\x15\xc7\x81\x97\xe6\xd9^\x9b\x17\xec\xb5x\xd1\xfd\x0e\xcf\
k\x17\xf8k\x9e\xd3os\xc5.\xf0\xd7\x5cu\xd5\xbf\
\xdeq\xe0\xb7\x81\x97\xe2\xaa\xffl\xdf\x0d\xbc\x0fW\xfd\
_\x80\xb8\xea\xaa\xab\xae\xba\xea\xaa\xff\xdd\x8e\x03\xbf\x0d\
\xbc\x14W\xfdg\xfbn\xe0}\xb8\xea\x7f;\xc4UW\
]u\xd5UW\xfd\xefw\x1c\xf8m\xe0\xa5\xb8\xea?\
\xdbw\x03\xef\xc3U\xff\x9b!\xae\xba\xea\xaa\xab\xae\xba\
\xea\xff\x86\xe3\xc0o\x03/\xc5U\xff\xd9\xbe\x1bx\x1f\
\xae\xfa\xdf\x0aq\xd5UW]u\xd5U\xffw\x1c\x07\
~\x1bx)\xae\xfa\xcf\xf6\xdd\xc0\xfbp\xd5\xffF\x88\
\xab\xae\xba\xea\xaa\xab\xae\xfa\xbf\xe58\xf0\xdb\xc0Kq\
\xd5\x7f\xb6\xef\x06\xde\x87\xab\xfe\xb7A\x5cu\xd5UW\
]u\xd5\xff=\xc7\x81\xdf\x06^\x8a\xab\xfe\xb3}7\
\xf0>\x5c\xf5\xbf\x09\xe2\xaa\xab\xae\xba\xea\xaa\xab\xfeo\
:\x0e\xfc6\xf0R\x5c\xf5\x9f\xed\xbb\x81\xf7\xe1\xaa\xff\
-\x10W]u\xd5UW]\xf5\x7f\xd7q\xe0\xb7\x81\
\x97\xe2\xaa\xffl\xdf\x0d\xbc\x0fW\xfdo\x80\xb8\xea\xaa\
\xab\xae\xba\xea\xaa\xff\xdb\x8e\x03\xbf\x0d\xbc\x14W\xfdg\
\xfbn\xe0}\xb8\xea\x7f:\xc4UW]u\xd5UW\
\xfd\xdfw\x1c\xf8m\xe0\xa5\xb8\xea?\xdbw\x03\xef\xc3\
U\xff\x93!\xae\xba\xea\xaa\xab\xae\xba\xea\xff\x87\xe3\xc0\
o\x03/\xc5U\xff\xd9\xbe\x1bx\x1f\xae\xfa\x9f\x0aq\
\xd5UW]u\xd5U\xff\x7f\x1c\x07~\x1bx)\xae\
\xfa\xcf\xf6\xdd\xc0\xfbp\xd5\xffD\x88\xab\xae\xba\xea\xaa\
\xab\xae\xfa\xff\xe58\xf0\xdb\xc0Kq\xd5\x7f\xb6\xef\x06\
\xde\x87\xab\xfe\xa7A\x5cu\xd5UW]u\xd5\xff?\
\xc7\x81\xdf\x06^\x8a\xab\xfe\xb3}7\xf0>\x5c\xf5?\
\x09\xe2\xaa\xab\xae\xba\xea\xaa\xab\xfe\x7f:\x0e\xfc6\xf0\
R\x5c\xf5\x9f\xed\xbb\x81\xf7\xe1\xaa\xff)\x10W]u\
\xd5UW]\xf5\xff\xd7q\xe0\xb7\x81\x97\xe2\xaa\xffl\
\xdf\x0d\xbc\x0fW\xfdO\x80\xb8\xea\xaa\xab\xae\xba\xea\xaa\
\xff\xdf\x8e\x03\xbf\x0d\xbc\x14W\xfdg\xfbn\xe0}\xb8\
\xea\xbf\x1b\xe2\xaa\xab\xae\xba\xea\xaa\xab\xae:\x0e\xfc6\
\xf0R\x5c\xf5\x9f\xed\xbb\x81\xf7\xe1\xaa\xffN\x88\xab\xae\
\xba\xea\xaa\xab\xae\xba\x0a\xe08\xf0\xdb\xc0Kq\xd5\x7f\
\xb6\xef\x06\xde\x87\xab\xfe\xbb \xae\xba\xea\xaa\xab\xae\xba\
\xea\xaa\xfb\x1d\x07~\x1bx)\xae\xfa\xcf\xf6\xdd\xc0\xfb\
p\xd5\x7f\x07\xc4UW]u\xd5UW]\xf5@\xc7\
\x81\xdf\x06^\x8a\xab\xfe\xb3}7\xf0>\x5c\xf5_\x0d\
q\xd5UW]u\xd5UW=\xb7\xe3\xc0o\x03/\
\xc5U\xff\xd9\xbe\x1bx\x1f\xae\xfa\xaf\x84\xb8\xea\xaa\xab\
\xae\xba\xea\xaa\xab\x9e\x9f\xe3\xc0o\x03/\xc5U\xff\xd9\
\xbe\x1bx\x1f\xae\xfa\xaf\x82\xb8\xea\xaa\xab\xae\xba\xea\xaa\
\xab^\x90\xe3\xc0o\x03/\xc5U\xff\xd9\xbe\x1bx\x1f\
\xae\xfa\xaf\x80\xb8\xea\xaa\xab\xae\xba\xea\xaa\xab^\x98\xe3\
\xc0o\x03/\xc5U\xff\xd9\xbe\x1bx\x1f\xae\xfa\xcf\x86\
\xb8\xea\xaa\xab\xae\xba\xea\xaa\xab\xfe%\xc7\x81\xdf\x06^\
\x8a\xab\xfe\xb3}7\xf0>\x5c\xf5\x9f\x09q\xd5UW\
]u\xd5UW\xbd(\x8e\x03\xbf\x0d\xbc\x14W\xfdg\
\xfbn\xe0}\xb8\xea?\x0b\xe2\xaa\xab\xae\xba\xea\xaa\xab\
\xaezQ\x1d\x07~\x1bx)\xae\xfa\xcf\xf6\xdd\xc0\xfb\
p\xd5\x7f\x06\xc4UW]u\xd5UW]\xf5\xafq\
\x1c\xf8m\xe0\xa5\xb8\xea?\xdbw\x03\xef\xc3U\xff\xd1\
\x10W]u\xd5UW]u\xd5\xbf\xd6q\xe0\xb7\x81\
\x97\xe2\xaa\xffl\xdf\x0d\xbc\x0fW\xfdGB\x5cu\xd5\
UW]u\xd5U\xff\x16\xc7\x81\xdf\x06^\x8a\xab\xfe\
\xb3}7\xf0>\x5c\xf5\x1f\x05q\xd5UW]u\xd5\
UW\xfd[\x1d\x07~\x1bx)\xae\xfa\xcf\xf6\xdd\xc0\
\xfbp\xd5\x7f\x04\xc4UW]u\xd5UW]\xf5\xef\
q\x1c\xf8m\xe0\xa5\xb8\xea?\xdbw\x03\xef\xc3U\xff\
^\x88\xab\xae\xba\xea\xaa\xab\xae\xba\xea\xdf\xeb8\xf0\xdb\
\xc0Kq\xd5\x7f\xb6\xef\x06\xde\x87\xab\xfe=\x10W]\
u\xd5UW]u\xd5\x7f\x84\xe3\xc0o\x03/\xc5U\
\xff\xd9\xbe\x1bx\x1f\xae\xfa\xb7B\x5cu\xd5UW]\
u\xd5U\xffQ\x8e\x03\xbf\x0d\xbc\x14W\xfdg\xfbn\
\xe0}\xb8\xea\xdf\x02q\xd5UW]u\xd5UW\xfd\
G:\x0e\xfc6\xf0R\x5c\xf5\x9f\xed\xbb\x81\xf7\xe1\xaa\
\x7f-\xc4UW]u\xd5UW]\xf5\x1f\xed8\xf0\
\xdb\xc0Kq\xd5\x7f\xb6\xef\x06\xde\x87\xab\xfe5\x10W\
]u\xd5UW]u\xd5\x7f\x86\xe3\xc0o\x03/\xc5\
U\xff\xd9\xbe\x1bx\x1f\xaezQ!\xae\xba\xea\xaa\xab\
\xae\xba\xea\xaa\xff,\xc7\x81\xdf\x06^\x8a\xab\xfe\xb3}\
7\xf0>\x5c\xf5\xa2@\x5cu\xd5UW]u\xd5U\
\xff\x99\x8e\x03\xbf\x0d\xbc\x14W\xfdg\xfbn\xe0}\xb8\
\xea_\x82\xb8\xea\xaa\xab\xae\xba\xea\xaa\xab\xfe\xb3\x1d\x07\
~\x1bx)\xae\xfa\xcf\xf6\xdd\xc0\xfbp\xd5\x0b\x83\xb8\
\xea\xaa\xab\xae\xba\xea\xaa\xab\xfe+\x1c\x07~\x1bx)\
\xae\xfa\xcf\xf6\xdd\xc0\xfbp\xd5\x0b\x82\xb8\xea\xaa\xab\xae\
\xba\xea\xaa\xab\xfe\xab\x1c\x07~\x1bx)\xae\xfa\xcf\xf6\
9\xc0gs\xd5\xf3\x83\xb8\xea\xaa\xab\xae\xba\xea\xaa\xab\
\xfe+\x1d\x07~\x1bx)\xae\xfa\xcf\xf66\xc0Os\
\xd5sC\x5cu\xd5UW]u\xd5U\xff\xd5\x8e\x03\
\xbf\x0d\xbc\x14W\xfdg\xda\x05\x1e\x02\xecr\xd5\x03!\
\xae\xba\xea\xaa\xab\xae\xba\xea\xaa\xff\x0e\xc7\x81\xdf\x06^\
\x8a\xab\xfe3\xfd6\xf0:\x5c\xf5@\x88\xab\xae\xba\xea\
\xaa\xab\xae\xba\xea\xbf\xcbq\xe0\xb7\x81\x97\xe2\xaa\xffL\
o\x03\xfc4W\xdd\x0fq\xd5UW]u\xd5UW\
\xfdw:\x0e\xfc6\xf0R\x5c\xf5\x9f\xe5V\xe0e\x80\
]\xae\x02@\x5cu\xd5UW]u\xd5U\xff\xdd\x8e\
\x03\xbf\x0d\xbc\x14W\xfdg\xf9\x1c\xe0\xb3\xb9\x0a\x00q\
\xd5UW]u\xd5UW\xfdOp\x1c\xf8m\xe0\xa5\
\xb8\xea?\xc3\xad\xc0C\xb8\x0a\x00q\xd5UW]u\
\xd5UW\xfdOq\x1c\xf8m\xe0\xa5\xb8\xea?\xc3\xfb\
\x00\xdf\xcdU\x88\xab\xae\xba\xea\xaa\xab\xae\xba\xea\x7f\x92\
\xe3\xc0o\x03/\xc5U\xff\xd1\xfe\x1ax\x19\xaeB\x5c\
u\xd5UW]u\xd5U\xff\xd3\x1c\x07~\x1bx)\
\xae\xfa\x8f\xf6\x10\xe0V\xfe\x7fC\x5cu\xd5UW]\
u\xd5U\xff\x13\x1d\x07~\x1bx)\xae\xfa\x8f\xf49\
\xc0g\xf3\xff\x1b\xe2\xaa\xab\xae\xba\xea\xaa\xab\xae\xfa\x9f\
\xea8\xf0\xdb\xc0Kq\xd5\x7f\x94\xbf\x06^\x86\xff\xdf\
\x10W]u\xd5UW]u\xd5\xffd\xc7\x81\xdf\x06\
^\x8a\xab\xfe\xa3\x9c\x00v\xf9\xff\x0bq\xd5UW]\
u\xd5UW\xfdOw\x1c\xf8m\xe0\xa5\xb8\xea?\xc2\
\xeb\x00\xbf\xcd\xff_\x88\xab\xae\xba\xea\xaa\xab\xae\xba\xea\
\x7f\x83\xe3\xc0o\x03/\xc5U\xff^\x9f\x03|6\xff\
\x7f!\xae\xba\xea\xaa\xab\xae\xba\xea\xaa\xff-\x8e\x03\xbf\
\x0d\xbc\x14W\xfd{|\x0f\xf0\xde\xfc\xff\x85\xb8\xea\xaa\
\xab\xae\xba\xea\xaa\xab\xfe79\x0e\xfc6\xf0R\x5c\xf5\
o\xf5;\xc0k\xf3\xff\x17\xe2\xaa\xab\xae\xba\xea\xaa\xab\
\xae\xfa\xdf\xe68\xf0\xdb\xc0Kq\xd5\xbf\xc5\xef\x00\xaf\
\xcd\xff_\x88\xab\xae\xba\xea\xaa\xab\xae\xba\xea\x7f\xa3\xe3\
\xc0o\x03/\xc5U\xff\x16\xe2\xff/\xc4UW]u\
\xd5UW]\xf5\xbf\xd5q\xe0\xb7\x81\x97\xe2\xaa\x7f-\
\xf1\xff\x17\xe2\xaa\xab\xae\xba\xea\xaa\xab\xae\xfa\xdf\xec8\
\xf0\xdb\xc0Kq\xd5\xbf\x86\xf8\xff\x0bq\xd5UW]\
u\xd5UW\xfdow\x1c\xf8m\xe0\xa5\xb8\xeaE%\
\xfe\xffB\x5cu\xd5UW]u\xd5U\xff\x17\x1c\x07\
~\x1bx)\xae\xfa\x97\xfc\x0e\xf0\xda\xfc\xff\x85\xb8\xea\
\xaa\xab\xae\xba\xea\xaa\xab\xfe\xaf8\x0e\xfc6\xf0R\x5c\
\xf5\xc2\xfc\x0e\xf0\xda\xfc\xff\x85\xb8\xea\xaa\xab\xae\xba\xea\
\xaa\xab\xfe/9\x0e\xfc6\xf0R\x5c\xf5\x82|\x0f\xf0\
\xde\xfc\xff\x85\xb8\xea\xaa\xab\xae\xba\xea\xaa\xab\xfe\xaf9\
\x0e\xfc6\xf0R\x5c\xf5\xfc|\x0e\xf0\xd9\xfc\xff\x85\xb8\
\xea\xaa\xab\xae\xba\xea\xaa\xab\xfe/:\x0e\xfc6\xf0R\
\x5c\xf5\xdc\xde\x06\xf8i\xfe\xffB\x5cu\xd5UW]\
u\xd5U\xffW\x1d\x07~\x1bx)\xaez\xa0\x13\xc0\
.\xff\x7f!\xae\xba\xea\xaa\xab\xae\xba\xea\xaa\xff\xcb\x8e\
\x03\xbf\x0d\xbc\x14W\x01\xfc\x0d\xf0\xd2\xfc\xff\x86\xb8\xea\
\xaa\xab\xae\xba\xea\xaa\xab\xfe\xaf;\x0e\xfc6\xf0R\x5c\
\xf55\xc0G\xf3\xff\x1b\xe2\xaa\xab\xae\xba\xea\xaa\xab\xae\
\xfa\xff\xe08\xf0\xdb\xc0K\xf1\xff\xdb\xcb\x00\x7f\xcd\xff\
o\x88\xab\xae\xba\xea\xaa\xab\xae\xba\xea\xff\x8b\xe3\xc0o\
\x03/\xc5\xffO\xcf\x00\x1e\xccU\x88\xab\xae\xba\xea\xaa\
\xab\xae\xba\xea\xff\x93\xe3\xc0o\x03/\xc5\xff?\x1f\x03\
|5W!\xae\xba\xea\xaa\xab\xae\xba\xea\xaa\xffo\x8e\
\x03\xbf\x0d\xbc\x14\xff\x7f\x5c\x02\x1e\x0c\xecr\x15\xe2\xaa\
\xab\xae\xba\xea\xaa\xab\xae\xfa\xff\xe88\xf0\xdb\xc0K\xf1\
\xff\xc3\xe7\x00\x9f\xcdU\x00\x88\xab\xae\xba\xea\xaa\xab\xae\
\xba\xea\xff\xab\xe3\xc0o\x03/\xc5\xffm\x97\x80\x07\x03\
\xbb\x5c\x05\x80\xb8\xea\xaa\xab\xae\xba\xea\xaa\xab\xfe?;\
\x0e\xfc6\xf0R\xfc\xdf\xf5>\xc0ws\xd5\xfd\x10W\
]u\xd5UW]u\xd5\xffw\xc7\x81\xdf\x06^\x8a\
\xff{~\x07xm\xaez \xc4UW]u\xd5U\
W]u\x15\x1c\x07~\x1bx)\xfe\xef\xb8\x04\xbc4\
p+W=\x10\xe2\xaa\xab\xae\xba\xea\xaa\xab\xae\xba\xea\
\x8a\xe3\xc0o\x03/\xc5\xff\x0d\xef\x03|7W=7\
\xc4UW]u\xd5UW]u\xd5\xb3\x1d\x07~\x1b\
x)\xfew\xfb\x1e\xe0\xbd\xb9\xea\xf9A\x5cu\xd5U\
W]u\xd5UW=\xa7\xe3\xc0o\x03/\xc5\xffN\
\xdf\x03\xbc7W\xbd \x88\xab\xae\xba\xea\xaa\xab\xae\xba\
\xea\xaa\xe7u\x1c\xf8m\xe0\xa5\xf8\xdf\xe5o\x80\x97\xe6\
\xaa\x17\x06q\xd5UW]u\xd5UW]\xf5\xfc\x1d\
\x07~\x1bx)\xfew\xf8\x1e\xe0\xa3\x81]\xaeza\
\x10W]u\xd5UW]u\xd5U/\xd8q\xe0\xab\
\x81\xf7\xe2\x7f\xb6\xef\x01\xde\x9b\xab^\x14\x88\xab\xae\xba\
\xea\xaa\xab\xae\xba\xea\xaa\x7f\xd9G\x03_\xc5\xff<\x97\
\x80\x8f\x06\xbe\x9b\xab^T\x88\xab\xae\xba\xea\xaa\xab\xae\
\xba\xea\xaa\x17\xcdK\x03?\x0d<\x88\xff\x19\xfe\x06x\
o\xe0\xaf\xb9\xea_\x03q\xd5UW]u\xd5UW\
]\xf5\xa2;\x0e|4\xf0\xd1\xc01\xfe{\x5c\x02>\
\x1b\xf8j\xae\xfa\xb7@\x5cu\xd5UW]u\xd5U\
W\xfd\xeb=\x18\xf8l\xe0\xbd\xf8\xafs\x09\xf8i\xe0\
\xa3\x81]\xae\xfa\xb7B\x5cu\xd5UW]u\xd5U\
W\xfd\xdb=\x18\xf8h\xe0\xbd\x81c\xfc\xe7x\x06\xf0\
\xdd\xc0W\x03\xbb\x5c\xf5\xef\x85\xb8\xea\xaa\xab\xae\xba\xea\
\xaa\xab\xae\xfa\x8f\xf1\xd6\xc0[\x03o\x0d\x1c\xe3\xdf\xe7\
\x19\xc0o\x03\xdf\x0d\xfc6W\xfdGB\x5cu\xd5U\
W]u\xd5UW\xfd\xc7{i\xe0\xb5\x81\x07\x03/\
\x0d<\x18x\x10\xcf\xdf\xdf\x00\xbb\xc0o\x03\xb7\x02\xbf\
\x0d\xdc\xcaU\xffY\x10W]u\xd5UW]u\xd5\
UW\xfd\x7f\x82\xb8\xea\xaa\xab\xae\xba\xea\xaa\xab\xae\xba\
\xea\xff\x13\xc4UW]u\xd5UW]u\xd5U\xff\
\x9f \xae\xba\xea\xaa\xab\xae\xba\xea\xaa\xab\xae\xfa\xff\x04\
q\xd5UW]u\xd5UW]u\xd5\xff'\x88\xab\
\xae\xba\xea\xaa\xab\xae\xba\xea\xaa\xab\xfe?A\x5cu\xd5\
UW]u\xd5UW]\xf5\xff\x09\xe2\xaa\xab\xae\xba\
\xea\xaa\xab\xae\xba\xea\xaa\xffO\x10W]u\xd5UW\
]u\xd5UW\xfd\x7f\x82\xb8\xea\xaa\xab\xae\xba\xea\xaa\
\xab\xae\xba\xea\xff\x13\xc4UW]u\xd5UW]u\
\xd5U\xff\x9f \xae\xba\xea\xaa\xab\xae\xba\xea\xaa\xab\xae\
\xfa\xff\x04q\xd5UW]u\xd5UW]u\xd5\xff\
'\x88\xab\xae\xba\xea\xaa\xab\xae\xba\xea\xaa\xab\xfe?A\
\x5cu\xd5UW]u\xd5UW]\xf5\xff\x09\xe2\xaa\
\xab\xae\xba\xea\xaa\xab\xae\xba\xea\xaa\xffO\x10W]u\
\xd5UW]u\xd5UW\xfd\x7f\x82\xb8\xea\xaa\xab\xae\
\xba\xea\xaa\xab\xae\xba\xea\xff\x13\xc4UW]u\xd5U\
W]u\xd5U\xff\x9f \xae\xba\xea\xaa\xab\xae\xba\xea\
\xaa\xab\xae\xfa\xff\x04q\xd5UW]u\xd5UW]\
u\xd5\xff'\x88\xab\xae\xba\xea\xaa\xab\xae\xba\xea\xaa\xab\
\xfe?A\x5cu\xd5UW]u\xd5UW]\xf5\xff\
\x09\xe2\xaa\xab\xae\xba\xea\xaa\xab\xae\xba\xea\xaa\xffO\x10\
W]u\xd5UW]u\xd5UW\xfd\x7f\x82\xb8\xea\
\xaa\xab\xae\xba\xea\xaa\xab\xae\xba\xea\xff\x13\xc4UW]\
u\xd5UW]u\xd5U\xff\x9f \xae\xba\xea\xaa\xab\
\xae\xba\xea\xaa\xab\xae\xfa\xff\x04q\xd5UW]u\xd5\
UW]u\xd5\xff'\x88\xab\xae\xba\xea\xaa\xab\xae\xba\
\xea\xaa\xab\xfe?A\x5cu\xd5UW]u\xd5UW\
]\xf5\xff\x09\xe2\xaa\xab\xae\xba\xea\xaa\xab\xae\xba\xea\xaa\
\xffO\x10W]u\xd5UW]u\xd5UW\xfd\x7f\
\x82\xb8\xea\xaa\xab\xae\xba\xea\xaa\xab\xae\xba\xea\xff\x13\xc4\
UW]u\xd5UW]u\xd5U\xff\x9f \xae\xba\
\xea\xaa\xab\xae\xba\xea\xaa\xab\xae\xfa\xff\x04q\xd5UW\
]u\xd5UW]u\xd5\xff'\x88\xab\xae\xba\xea\xaa\
\xab\xae\xba\xea\xaa\xab\xfe?A\x5cu\xd5UW]u\
\xd5UW]\xf5\xff\x09\xe2\xaa\xab\xae\xba\xea\xaa\xab\xae\
\xba\xea\xaa\xffO\x10W]u\xd5UW]u\xd5U\
W\xfd\x7f\x82\xb8\xea\xaa\xab\xae\xba\xea\xaa\xab\xae\xba\xea\
\xff\x13\xc4UW]u\xd5UW]u\xd5U\xff\x9f\
 \xae\xba\xea\xaa\xab\xae\xba\xea\xaa\xab\xae\xfa\xff\x04q\
\xd5UW]u\xd5UW]u\xd5\xff'\x88\xab\xae\
\xba\xea\xaa\xab\xae\xba\xea\xaa\xab\xfe?A\x5cu\xd5U\
W]u\xd5UW]\xf5\xff\x09\xe2\xaa\xab\xae\xba\xea\
\xaa\xab\xae\xba\xea\xaa\xffO\x10W]u\xd5UW]\
u\xd5UW\xfd\x7f\x82\xb8\xea\xaa\xab\xae\xba\xea\xaa\xab\
\xae\xba\xea\xff\x13\xc4UW]u\xd5UW]u\xd5\
U\xff\x9f \xae\xba\xea\xaa\xab\xae\xba\xea\xaa\xab\xae\xfa\
\xff\x04q\xd5UW]u\xd5UW]u\xd5\xff'\
\x88\xab\xae\xba\xea\xaa\xab\xae\xba\xea\xaa\xab\xfe?A\x5c\
u\xd5UW]u\xd5UW]\xf5\xff\x09\xe2\xaa\xab\
\xae\xba\xea\xaa\xab\xae\xba\xea\xaa\xffO\x10W]u\xd5\
UW]u\xd5UW\xfd\x7f\x82\xb8\xea\xaa\xab\xae\xba\
\xea\xaa\xab\xae\xba\xea\xff\x13\xc4UW]u\xd5UW\
]u\xd5U\xff\x9f \xae\xba\xea\xaa\xab\xae\xba\xea\xaa\
\xab\xae\xfa\xff\x04q\xd5UW]u\xd5UW]u\
\xd5\xff'\x88\xab\xae\xba\xea\xaa\xab\xae\xba\xea\xaa\xab\xfe\
?A\x5cu\xd5UW]u\xd5UW]\xf5\xff\x09\
\xe2\xaa\xab\xae\xba\xea\xaa\xab\xae\xba\xea\xaa\xffO\xf8G\
\xb6|w\xdb\xf3\xe2\xc5\xaf\x00\x00\x00\x00IEND\
\xaeB`\x82\
\x00\x00\x19\xe1\
\x89\
PNG\x0d\x0a\x1a\x0a\x00\x00\x00\x0dIHDR\x00\
\x00\x02\x80\x00\x00\x02\x80\x08\x06\x00\x00\x00\x0c\xcd\xc9#\
\x00\x00\x00\x01sRGB\x00\xae\xce\x1c\xe9\x00\x00\x00\
\x04gAMA\x00\x00\xb1\x8f\x0b\xfca\x05\x00\x00\x00\
\x09pHYs\x00\x00\x0e\xc3\x00\x00\x0e\xc3\x01\xc7o\
\xa8d\x00\x00\x19vIDATx^\xed\xdd\xedu\
\x1cU\xd6\x80Q\xfb\x8d\x80\x0c\xc6o\x04x\x22\xc0D\
\x80'\x02L\x04\xc0?\xff\xb3\x89`<\x11`G\x80\
\x89\x00O\x04\x03\x11\x00\x19x\x22`\xeeQWAY\
\x92\xa5\xee\xfa\xbc\xf7\x9e\xbd\xd7:\xab\xaa\x85%\x19I\
^\xfd\xe8\xd6G?|\xf1\xfc\x01\x00\x00\x89\xfc\xdf\xb0\
\x05\x00 \x09\x01\x08\x00\x90\x8c\x00\x04\x00HF\x00\x02\
\x00$#\x00\x01\x00\x92\x11\x80\x00\x00\xc9\x08@\x00\x80\
d\x04 \x00@2\x02\x10\x00 \x19\x01\x08\x00\x90\x8c\
\x00\x04\x00HF\x00\x02\x00$#\x00\x01\x00\x92\x11\x80\
\x00\x00\xc9\x08@\x00\x80d\x04 \x00@2\x02\x10\x00\
 \x19\x01\x08\x00\x90\x8c\x00\x04\x00HF\x00\x02\x00$\
#\x00\x01\x00\x92\x11\x80\x00\x00\xc9\x08@\x00\x80d\x04\
 \x00@2\x02\x10\x00 \x19\x01\x08\x00\x90\x8c\x00\x04\
\x00HF\x00\x02\x00$#\x00\x01\x00\x92\x11\x80\x00\x00\
\xc9\x08@\x00\x80d\x04 \x00@2\x02\x10\x00 \x19\
\x01\x08\x00\x90\x8c\x00\x04\x00HF\x00\x02\x00$#\x00\
\x01\x00\x92\x11\x80\x00\x00\xc9\x08@\x00\x80d\x04 \x00\
@2\x02\x10\x00 \x19\x01\x08\x00\x90\x8c\x00\x04\x00H\
F\x00\x02\x00$#\x00\x01\x00\x92\x11\x80\x00\x00\xc9\x08\
@\x00\x80d\x04 \x00@2\x02\x10\x00 \x19\x01\x08\
\x00\x90\x8c\x00\x04\x00HF\x00\x02\x00$#\x00\x01\x00\
\x92\x11\x80\x00\x00\xc9\x08@\x00\x80d\x04 \x00@2\
\x02\x10\x00 \x19\x01\x08\x00\x90\x8c\x00\x04\x00HF\x00\
\x02\x00$#\x00\x01\x00\x92\x11\x80\x00\x00\xc9\x08@\x00\
\x80d\x04 \x00\xe4\xf6Y\x99\x17e~*\xf3\x9f2\
\x7f\xdc2\xf1\xf6\xf8\xef\xf1\xe7\xe2\xcf\xd3\xb8\x87/\x9e\
\x0f{\x00@\x16_\x94yZ\xe6\xd9\xd5\xa3\xcb\xbd/\
\xf3\xb6\xcc\x9b2\xef\xe2\x0d\xb4\xc5\x0a \x00\xe4\xf1e\
\x99_\xcbD\xbc\xcd\x8d\xbf\xf0I\x99x\xffX\x15\x8c\
\x8f\x17\x1f\x97\x86\x08@\x00\xe8\xdf\x932q\x18\xf7u\
\x99G\xf1\x86\x15\xc5\xc7\x8b\x8f\x1b1\xf88\xde@\xfd\
\x04 \x00\xf4m<\xbfo\xeb8\x1b#\xf3\xeb\xabG\
TM\x00\x02@\x9f\xe20m\x04\xd9\xcb\xabG\xfby\
U\xe6\x872\xf1\xf9\xa9\x94\x00\x04\x80\xfeD|\x1dy\
H6.0\x89\xcf/\x02+%\x00\x01\xa0/G\xc7\
\xdf(>\xbf\x08\xac\x94\x00\x04\x80~\xd4\x12\x7f#\x11\
X)\x01\x08\x00}\xa8-\xfeF\x22\xb0B\x02\x10\x00\
\xdaWk\xfc\x8dD`e\x04 \x00\xb4\xad\xf6\xf8\x1b\
\x89\xc0\x8a\x08@\x00hW+\xf17\x12\x81\x95\x10\x80\
\x00\xd0\xa6\xd6\xe2o$\x02+ \x00\x01\xa0=\xad\xc6\
\xdfH\x04\x1eL\x00\x02@[Z\x8f\xbf\x91\x08<\x90\
\x00\x04\x80v\xf4\x12\x7f#\x11x\x10\x01\x08\x00m\xe8\
-\xfeF\x22\xf0\x00\x02\x10\x00\xea\xd7k\xfc\x8dD\xe0\
\xce\x04 \x00\xd4\xad\xf7\xf8\x1b\x89\xc0\x1d\x09@\x00\xa8\
W\x96\xf8\x1b\x89\xc0\x9d\x08@\x00\xa8S\xb6\xf8\x1b\x89\
\xc0\x1d\x08@\x00\xa8O\xd6\xf8\x1b\x89\xc0\x8d\x09@\x00\
\xa8K\xf6\xf8\x1b\x89\xc0\x0d\x09@\x00\xa8\x87\xf8\xfb\x90\
\x08\xdc\x88\x00\x04\x80:\x88\xbf\xdb\x89\xc0\x0d\x08@\x00\
8\x9e\xf8\xbb\x9b\x08\x5c\x99\x00\x04\x80c\x89\xbf\xf3\x88\
\xc0\x15\x09@\x008\x8e\xf8\xbb\x8c\x08\x5c\x89\x00\x04\x80\
c\x88\xbfyD\xe0\x0a\x04 \x00\xecO\xfc-#\x02\
\x17\x12\x80\x00\xb0/\xf1\xb7\x0e\x11\xb8\x80\x00\x04\x80\xfd\
\x88\xbfu\x89\xc0\x99\x04 \x00\xecC\xfcmC\x04\xce\
 \x00\x01`{\xe2o[\x22\xf0B\x02\x10\x00\xb6%\
\xfe\xf6!\x02/ \x00\x01`;\xe2o_\x22\xf0L\
\x02\x10\x00\xb6!\xfe\x8e!\x02\xcf \x00\x01`}\xe2\
\xefX\x22\xf0\x1e\x02\x10\x00\xd6%\xfe\xea0F \xb7\
\x10\x80\x00\xb0\x1e\xf1W\x97\xf8>|\x7f\xdaeJ\x00\
\x02\xc0:\xc4_\x9d\x9e\x95\xf9\xe6\xb4\xcbH\x00\x02\xc0\
r\xe2\xafn\xff,\xf3\xe4\xb4K\x10\x80\x00\xb0\x8c\xf8\
k\x83C\xc1\x13\x02\x10\x00\xe6\x13\x7f\xedxT&\x0e\
\x07S\x08@\x00\x98G\xfc\xb5\xe7\xc5\xb0MO\x00\x02\
\xc0\xe5\xc4_\x9bb\x15\xf0\xe5i77\x01\x08\x00\x97\
\x11\x7fm\xfbr\xd8\xa6&\x00\x01\x8e\xf7Y\x9984\
\xf5C\x99\x08\x8b?n\x99\xff\x94\x89\xff\x1e\x7f.\xfe\
<\xc7\x10\x7f\xed\x8bU\xc0\x98\xd4\x1e\xbex>\xec\x01\
\xb0\xa7\xb8%E\xacD<-\x13Qq\xa9\xf7e\xde\
\x0e\xf3c\xbc\x81\xcd\x89\xbf~|[\xe6\xd5i7'\
+\x80\x00\xfb\x8a\xf0\x8b\x88\x88\x89+\x12\xe7\xc4_\x88\
\xf7\x8b\xf7\x8f\x00\xfc\xb5\x8c\xc3Z\xdb\x12\x7f}I\x7f\
O@\x01\x08\xb0\x8f\x08\x871\xfc\xd6~\xf2\x89\xc3Y\
\xaf\xcb\xc4ab7\xbb]\x9f\xf8\xeb\xcf\x17\xc36-\
\x01\x08\xb0\xbd8oo\x8f8\x1b#\xd3\xad.\xd6#\
\xfe\xfa5w\xf5\xbd\x0b\x02\x10`;c<\xec}\xdb\
\x89\xf8|\xf1yS?\xc1\xad@\xfc\xf5-\xf5\xf7U\
\x00\x02lc\x8c\x87\xa3\x0e\xc9\xc6\xe7\x15\x81\xf3\x89?\
\xba&\x00\x01\xd6WK<\xc4\xe7\x8f\x0bDD\xcce\
\xc4_\x0e\xa9\xbf\xbf\x02\x10`}5\xc5\x83\x98\xb9\x8c\
\xaf\x17)\x08@\x80u}_\xa6\xb6x\x105\xe7\xf1\
u\xca\xe5\xe7a\x9b\x92\x00\x04XO\xdc\xd49\xee\xcd\
W#qs7_\x1fR\x11\x80\x00\xeb\x88\x80\x88\xd5\
\xbf\x9a\x89\x9c\xdb\xf9\xba\xe4d\x05\x10\x80\xc5\xbe)\x13\
!Q;\xb1\xf3!_\x8f\xbc\xe2\xe5\x14\xd3\x12\x80\x00\
\xcb\xc5+q\xb4t\xf3e\xd1s\xe2\xeb\x90W\xfa\xd7\
\xcf\x16\x80\x00\xcb\xd5z\xde\xdf]\xb2\xc7\x8f\xf8\xcb\xed\
\xdd\xb0MK\x00\x02,\xf7\xe5\xb0mM\xd6\x08\x12\x7f\
\xbc\x1d\xb6i\x09@\x80e\xe2\xca\xdf8\x04\xdc\xaal\
1$\xfe\xf8\xa5\xcco\xa7\xdd\xbc\x04 \xc02G\xbd\
\xd4\xdb\x9a\xb2D\x91\xf8#\xbc\x1a\xb6\xa9\x09@\x80e\
>\x1b\xb6\xad\xeb=\x8e\xc4\x1f\xe1\xf72\xafO\xbb\xb9\
\x09@\x80ez\x0a\x8a^#I\xfc1z9l\xd3\
\x13\x80\x00\xf3\xf5p\xf8\xf7\xba\xdebI\xfc1\xb2\xfa\
7!\x00\x01\xb8\xae\x97h\x12\x7fL\xc5\x05[\x0c\x04\
 \xc0|=\x87E\xeb\xf1$\xfe\x98\xfa\xaaL\xea\x97\
~\xbbN\x00\x02\xcc\x17\x91\xd1\xb3V#J\xfc1\xf5\
\xaf2\x0e\xfd^#\x00\x01\xb8Kk1%\xfe\x98\x8a\
\x97|\x8b\xd7\xe9\xe6\x1a\x01\x08\xc0}Z\x89*\xf1\xc7\
T\xdc\xf0\xb9\xc5\x97i\xdc\x85\x00\x04\xe0\x1c\xb5\xc7\x95\
\xf8c*\xe2/\xae\xd2\x7f\x7f\xf5\x88\x1b\x04 \x00\xe7\
\xaa5\xb2\xc4\x1fS\xe2\xef\x0c\x02\x10\x80K\xd4\x16[\
\xe2\x8f)\xf1w&\x01\x08\xc0\xa5j\x89.\xf1\xc7\x94\
\xf8\xbb\x80\x00\x04`\x8e\xa3\xe3K\xfc1%\xfe.$\
\x00\x01\x98\xeb\xa8\x08\x13\x7fL\x89\xbf\x19\x04 \x00K\
\xec\x1dc\xe2\x8f)\xf17\x93\x00\x04`\xa9\xbd\xa2L\
\xfc1%\xfe\x16\x10\x80\x00\xaca\xeb8\x13\x7fL\x89\
\xbf\x85\x04 \x00k\xd9*\xd2\xc4\x1fS\xe2o\x05\x02\
\x10\x805\xad\x1dk\xe2\x8f)\xf1\xb7\x12\x01\x08\xc0\xda\
\xd6\x8a6\xf1\xc7\x94\xf8[\x91\x00\x04`\x0bK\xe3M\
\xfc1%\xfeV&\x00\x01\xd8\xca\xdc\x88\x13\x7fL\x89\
\xbf\x0d\x08@\x00\xb6ti\xcc\x89?\xa6\xc4\xdfF\x04\
 \x00[;7\xea\xc4\x1fS\xe2oC\x02\x10\x80=\
\xdc\x17w\xe2\x8f)\xf1\xb71\x01\x08\xc0^>\x16y\
\xe2\x8f)\xf1\xb7\x03\x01\x08\xc0\x9e\xae\xc7\x9e\xf8cJ\
\xfc\xedD\x00\x02\xb0\xb71\xfa\xe2\x89^\xfc1\x12\x7f\
;\x12\x80\x00\x1c\xc1\xca\x1fS\xe2og\x02\x10\x008\
\x92\xf8;\x80\x00\x04\x00\x8e\x22\xfe\x0e\x22\x00\x01\x80#\
\x88\xbf\x03\x09@\x00`o\xe2\xef`\x02\x10\x00\xd8\x93\
\xf8\xab\x80\x00\x04\x00\xf6\x22\xfe*!\x00\x01\x80=\x88\
\xbf\x8a\x08@\x00`k\xe2\xaf2\x02\x10\x00\xd8\x92\xf8\
\xab\x90\x00\x04\x00\xb6\x22\xfe*%\x00\x01\x80-\x88\xbf\
\x8a\x09@\x00`m\xe2\xafr\x02\x10\x00X\x93\xf8k\
\x80\x00\x04\x00\xd6\x22\xfe\x1a!\x00\x01\x805\x88\xbf\x86\
\x08@\x00`)\xf1\xd7\x18\x01\x08\x00,!\xfe\x1a$\
\x00\x01\x80\xb9\xc4_\xa3\x04 \x000\x87\xf8k\x98\x00\
\x04\x00.%\xfe\x1a'\x00\x01\x80K\x88\xbf\x0e\x08@\
\x00\xe0\x5c\xe2\xaf\x13\x02\x10\x008\x87\xf8\xeb\x88\x00\x04\
\x00\xee#\xfe:#\x00\x01\x80\xbb\x88\xbf\x0e\x09@\x00\
\xe0c\xc4_\xa7\x04 \x00p\x1b\xf1\xd71\x01\x08\x00\
\x5c'\xfe:'\x00\x01\x80)\xf1\x97\x80\x00\x04\x00F\
\xe2/\x09\x01\x08\x00\x04\xf1\x97\x88\x00\x04\x00\xc4_2\
\x02\x10\x00r\x13\x7f\x09\x09@\x00\xc8K\xfc%%\x00\
\x01 '\xf1\x97\x98\x00\x04\x80|\xc4_r\x02\x10\x00\
r\x11\x7f\x08@\x00HD\xfcqE\x00\x02@\x0e\xe2\
\x8f?\x09@\x00\xe8\x9f\xf8\xe3\x03\x02\x10\x00\xfa&\xfe\
\xb8A\x00\x02@\xbf\xc4\x1f\xb7\x12\x80\x00\xd0'\xf1\xc7\
G\x09@\x00\xe8\x8f\xf8\xe3N\x02\x10\x00\xfa\x22\xfe\xb8\
\x97\x00\x04\x80~\x88?\xce\x22\x00\x01\xa0\x0f\xe2\x8f\xb3\
\x09@\x00h\x9f\xf8\xe3\x22\x02\x10\x00\xda&\xfe\xb8\x98\
\x00\x04\x80v\x89?f\x11\x80\x00\xd0&\xf1\xc7l\x02\
\x10\x00\xda#\xfeXD\x00\x02@[\xc4\x1f\x8b\x09@\
\x00h\x87\xf8c\x15\x02\x10\x00\xda \xfeX\x8d\x00\x04\
\x80\xfa\x89?V%\x00\x01\xa0n\xe2\x8f\xd5\x09@\x00\
\xa8\x97\xf8c\x13\x02\x10\x00\xea$\xfe\xd8\x8c\x00\x04\x80\
\xfa\x88?6%\x00\x01\xa0.\xe2\x8f\xcd\x09@\x00\xa8\
\x87\xf8c\x17\x02\x10\x00\xea \xfe\xd8\x8d\x00\x04\x80\xe3\
\x89?v%\x00\x01\xe0X\xe2\x8f\xdd\x09@\x008\xd6\
\xdf\xca<:\xed\xc2>\x04 \x00\x1c\xeb\x932?\x95\
y|\xf5\x08v \x00\x01\xe0x\x22\x90]\x09@\x00\
\xa8\x83\x08d7\x02\x10\x00\xea!\x02\xd9\x85\x00\x04\x80\
\xba\x88@6'\x00\x01\xa0>\x22\x90M\x09@\x00\xa8\
\x93\x08d3\x02\x10\x00\xea%\x02\xd9\x84\x00\x04\x80\xba\
\x89@V'\x00\x01\xa0~\x22\x90U\x09@\x00h\x83\
\x08d5\x02\x10\x00\xda!\x02Y\x85\x00\x04\x80\xb6\x88\
@\x16\x13\x80\x00\xd0\x1e\x11\xc8\x22\x02\x10\x00\xda$\x02\
\x99M\x00\x02@\xbbD \xb3\x08@\x00h\x9b\x08\xe4\
b\x02\x10\x00\xda'\x02\xb9\x88\x00\x04\x80>\x88@\xce\
&\x00\x01\xa0\x1f\x22\x90\xb3\x08@\x00\xe8\x8b\x08\xe4^\
\x02\x10\x00\xfa#\x02\xb9\x93\x00\x04\x80>\x89@>J\
\x00\x02@\xbfD \xb7\x12\x80\x00\xd07\x11\xc8\x0d\x02\
\x10\x00\xfa'\x02\xf9\x80\x00\x04\x80\x1cD \x7f\x12\x80\
\x00\x90\x87\x08\xe4\x8a\x00\x04\x80\x5cD \x02\x10\x00\x12\
\x12\x81\xc9\x09@\x00\xc8I\x04&&\x00\x01 /\x11\
\x98\x94\x00\x04\x80\xdcD`B\x02\x10\x00\x10\x81\xc9\x08\
@\x00 \x88\xc0D\x04 \x000\x12\x81I\x08@\x00\
`J\x04& \x00\x01\x80\xebD`\xe7\x04 \x00p\
\x9b\x88\xc0\xef\x87-\x9d\x11\x80\x00\xc0\xc7\xc4\x0a`\xac\
\x04\xd2\x19\x01\x08\x00\xdc%\x220V\x02\xe9\x88\x00\x04\
\x00\xee\xf3\xac\xcc\x93\xd3.=\x10\x80\x00\xc09\x9c\x0f\
\xd8\x11\x01\x08\x00\x9c\xe3Q\x99\x97\xa7]Z'\x00\x01\
\x80s}Y\xc6*`\x07\x04 \x00p\xae\x88\xbf8\
\x1f\x90\xc6\x09@\x00\xe0\x12_\x0f[\x1a&\x00\x01\x80\
K\xc4\xb9\x80^!\xa4q\x02\x10\x00\xb8\xd4\xd3aK\
\xa3\x04 \x00p\xa9/\x86-\x8d\x12\x80\x00\xc0\xa5\x1c\
\x02n\x9c\x00\x04\x00\xe6\x88s\x01i\x94\x00\x04\x00\xe6\
\x10\x80\x0d\x13\x80\x00\xc0\x1c\x02\xb0a\x02\x10\x00 \x19\
\x01\x08\x00\xcc\xf1\xdb\xb0\xa5A\x02\x10\x00 \x19\x01\x08\
0\x9f\x15\x10\xa0I\x02\x10`>\x01Hf?\x0f[\
\x1a$\x00\x01\xe6\xf3\x04HV\xff-\xf3\xfe\xb4K\x8b\
\x04 \xc0|\xf1\x04\xf8\xfbi\x17R\xf1\xcbO\xe3\x04\
 \xc02\xef\x86-d\xf2v\xd8\xd2(\x01\x08\xb0\x8c\
'B2\xf2s\xdf8\x01\x08\xb0L<\x11\xc6\xf9P\
\x90\xc5/e\x5c\x00\xd58\x01\x08\xb0\xdc\xeba\x0b\x19\
\xbc\x1a\xb64L\x00\x02,\xe7\x09\x91,\xe2\xa2'\xbf\
\xf0t@\x00\x02,\x17\x87\xc3\xfeu\xda\x85\xae\xbd\x1c\
\xb64N\x00\x02\xac#\x9e\x18\x9d\x0bH\xcf\xe2\xdc?\
\xab\x7f\x9d\x10\x80\x00\xeb\x88{\x02>;\xedB\x97\xfc\
|wD\x00\x02\xac'\xae\x08~s\xda\x85\xae|[\
\xc6\xcd\x9f;\x22\x00\x01\xd6\xf5M\x998T\x06\xbd\x88\
_j\x5c\xe8\xd4\x19\x01\x08\xb0\xae8\x14\xfc\xa4\x8c\x08\
\xa4\x07?\x96q\xe8\xb7C\x02\x10`}\x22\x90\x1e\xc4\
\xcf\xaf\xf8\xeb\x94\x00\x04\xd8\xc6\x18\x81\xff\xbez\x04m\
\x89\xdb\x1a=.\x13?\xc7tH\x00\x02lg\x8c\xc0\
\xef\xae\x1eA\xfd\xe2VF_\x95\x89sY\xe9\x98\x00\
\x04\xd8^\xdc#\xf0\xefe\xac\x06R\xb38\xdf/V\
\xfd\xdc\xeb/\x01\x01\x08\xb0\x8f\xb8\x85F\xac\x06\xc6\xea\
\x8as\x03\xa9I\xfcb\xf2y\x99\xa7e\xe2UmH\
@\x00\x02\xec+VWb\x95%\x9ep\xe3\xf6\x1a^\
=\x84#\xc4\xcf]\x9c\xe7\xf7\xffe\xe2\x17\x93we\
H\xe4\xe1\x8b\xe7\xc3\x1e\x00G\x89 \x8c\xd5\x97G\xc3\
|V\x06\xd6\x12+\xceq>j\xac\xeeE\xe8\xc5j\
\xb4\x9b:''\x00\x01\x00\x92q\x08\x18\x00 \x19\x01\
\x08\x00\x90\x8c\x00\x04\x00HF\x00\x02\x00$#\x00\x01\
\x00\x92\x11\x80\x00\x00\xc9\x08@\x00\x80d\x04 \x00@\
2\x02\x10\x00 \x19\x01\x08\x00\x90\x8c\x00\x04\x00HF\
\x00\x02\x00$#\x00\x01\x00\x92\x11\x80\x00\x00\xc9\x08@\
\x00\x80d\x04 \x00@2\x02\x10\x00 \x19\x01\x08\x00\
\x90\x8c\x00\x04\x00HF\x00\x02\x00$#\x00\x01\x00\x92\
\x11\x80\x00\x00\xc9\x08@\x00\x80d\x04 \x00@2\x02\
\x10\x00 \x19\x01\x08\x00\x90\x8c\x00\x04\x00HF\x00\x02\
\x00$#\x00\x01\x00\x92\x11\x80\x00\x00\xc9\x08@\x00\x80\
d\x1e\xbex>\xec\x91\xdd\xe32\x9f\x0d\xdbGe>\
\x19\xf6a-\xef\xca\xbc/\xf3s\x99\x1f\x87-\x00\x07\
\x10\x80\xb9E\xe8}]\xe6Y\x99\x08>\xd8S\xc4\xe0\
\xdb2o\xcaD\x1c\x02\xb0\x13\x87\x80szR\xe6\xa7\
2\xbf\x96\xf9\xa6\x8c\xf8\xe3\x08\xf1s\x17\xbf|\xc4\xcf\
\xe2\x7f\xca|Y\x06\x80\x1d\x08\xc0\x5cb\xc5\xef\x872\
\xf1\x84\x1b\x11\x08\xb5\x88\xd3\x0d^\x97\x89\x9fM\xa7\x1e\
\x00lL\x00\xe6\x11+-\xb1\xca\xf2\xf4\xea\x11\xd4)\
~1\x89\x9f\xd3\x17W\x8f\x00\xd8\x84\x00\xcc\xe1\xfba\
\x1c\xea\xa5\x15/\xcb\xc4j\xa0\x9fY\x80\x0d\x08\xc0\xbe\
\xc5\x93g\xac\xa6\xc4\xea\x1f\xb4f<WU\x04\x02\xac\
L\x00\xf6-\xce\xf7s>\x15-\x8b\x9f_\x11\x08\xb0\
2\x01\xd8\xaf8\xe4\xebB\x0fz \x02\x01V&\x00\
\xfb\x14\xe7O9\xecKO\x22\x02\xffy\xda\x05`)\
\x01\xd8\x9fx\xa2t\x05%=\x8a_j\x5c\xc5\x0e\xb0\
\x02\x01\xd8\x9f8\xf4\x0b\xbdr5;\xc0\x0a\x04`_\
b\x85\xc4E\x1f\xf4,\xe2/Nq\x00`\x01\x01\xd8\
\x17\x87~\xc9 ^\xbf:^\xd5\x06\x80\x99\x04`?\
b\xf5\xcf\x93\x22Y\xb8\xc8\x09`\x01\x01\xd8\x8fX\x15\
\x81,\xfc\xbc\x03, \x00\xfb\x10+\x7f\xce\xfd#\x93\
8\x17\xd0\x15\xc1\x003\x09\xc0>x\x22$#7:\
\x07\x98I\x00\xf6A\x00\x92\xd1\x17\xc3\x16\x80\x0b\x09\xc0\
>|:l!\x13\x17=\x01\xcc$\x00\xdb\x17\xe7B\
\xb91.Y9\x0c\x0c0\x83\x00l\x9f\x8b?\xc8\xcc\
* \xc0\x0c\x02\x10h\x99\x00\x04\x98A\x00\x02\x00$\
#\x00\xdb\xe7\x1c(\x00\xe0\x22\x02\xb0}\xbf\x0d[\x00\
\x80\xb3\x08\xc0\xf6\x09@\x00\xe0\x22\x02\xb0}\x02\x10\x00\
\xb8\x88\x00l\x9f\x00\x04\x00.\x22\x00\xfb\xf0\xcb\xb0\x05\
\x00\xb8\x97\x00\xec\xc3\xdba\x0b\x00p/\x01\xd8\x87w\
\xc3\x16\x00\xe0^\x02\xb0\x0f\x11\x80\xbf\x9fv\x01\x00\xee\
&\x00\xfb\xf1z\xd8\x02\x00\xdcI\x00\xf6\xe3U\x99\xff\
\x9ev\x01\x00>N\x00\xf6\xe3}\x19\xab\x80\x00\xc0\xbd\
\x04`_^\x96q. \x00p'\x01\xd8\x97X\x05\
\xfc\xe6\xb4\x0b\x00p;\x01\xd8\x9f\xb8'\xe0\x9b\xd3.\
\x00\xc0M\x02\xb0O\xcf\xcaxu\x10\x00\xe0V\x02\xb0\
_O\xca\x88@\x00\xe0\x06\x01\xd8\xaf8\x1fP\x04\x02\
\x007\x08\xc0\xbe\x89@\x00\xe0\x06\x01\xd8?\x11\x08\x00\
|@\x00\xe6 \x02\x01\x80?\x09\xc0<D \x00p\
E\x00\xe6\x22\x02\x01\x00\x01\x98\x90\x08\x04\x80\xe4\x04`\
N\x22\x10\x00\x12\x13\x80y\x89@\x00HJ\x00\xe6&\
\x02\x01 !\x01\x88\x08\x04\x80d\x04 A\x04\x02@\
\x22\x02\x90\x91\x08\x04\x80$\x04 S\x22\x10\x00\x12\x10\
\x80\x5c'\x02\x01\xa0s\x02\x90\xdb\x88@\x00\xe8\x98\x00\
\xe4cD \x00tJ\x00r\x17\x11\x08\x00\x1d\x12\x80\
\xdcG\x04\x02@g\x04 \xe7\x10\x81\x00\xd0\x11\x01\xc8\
\xb9D \x00tB\x00r\x09\x11\x08\x00\x1d\x10\x80\x5c\
J\x04\x02@\xe3\x04 s\x88@\x00h\x98\x00d.\
\x11\x08\x00\x8d\x12\x80,!\x02\x01\xa0A\x02\x90\xa5D\
 \x004F\x00\xb2\x06\x11\x08\x00\x0d\x11\x80\xacE\x04\
\x02@#\x04 k\x12\x81\x00\xd0\x00\x01\xc8\xdaD \
\x00TN\x00\xb2\x05\x11\x08\x00\x15\x13\x80lE\x04\x02\
@\xa5\x04 [\x12\x81\x00P!\x01\xc8\xd6D \x00\
TF\x00\xb2\x07\x11\x08\x00\x15\x11\x80\xecE\x04\x02@\
%\x04 {\x12\x81\x00P\x01\x01\xc8\xdeD \x00\x1c\
L\x00r\x94?\x86-\x00\xb03\x01\xc8\xde>)\xf3\
S\x99\xc7W\x8f\x00\x80\xdd\x09@\xf6$\xfe\x00\xa0\x02\
\x02\x90\xbd\x88?\x00\xa8\x84\x00d\x0f\xe2\x0f\x00*\x22\
\x00\xd9\x9a\xf8\x03\x80\xca\x08@\xb6$\xfe\x00\xa0B\x02\
\x90\xad\x88?\x00\xa8\x94\x00d\x0b\xe2\x0f\x00*&\x00\
Y\x9b\xf8\x03\x80\xca\x09@\xd6$\xfe\x00\xa0\x01\x02\x90\
\xb5\x88?\x00h\x84\x00d\x0d\xe2\x0f\x00\x1a\x22\x00Y\
J\xfc\x01@c\x04 K\x88?\x00h\x90\x00d.\
\xf1\x07\x00\x8d\x12\x80\xcc!\xfe\x00\xa0a\x02\x90K\x89\
?\x00h\x9c\x00\xe4\x12\xe2\x0f\x00: \x009\x97\xf8\
\x03\x80N\x08@\xce!\xfe\x00\xa0#\x02\x90\xfb\x88?\
\x00\xe8\x8c\x00\xe4.\xe2\x0f\x00:$\x00\xf9\x18\xf1\x07\
\x00\x9d\x12\x80\xdcF\xfc\x01@\xc7\x04 \xd7\x89?\x00\
\xe8\x9c\x00dJ\xfc\x01@\x02\x02\x90\x91\xf8\x03\x80$\
\x04 A\xfc\x01@\x22\x02\x10\xf1\x07\x00\xc9\x08\xc0\xdc\
\xc4\x1f\x00$$\x00\xf3\x12\x7f\x00\x90\x94\x00\xccI\xfc\
\x01@b\x020\x1f\xf1\x07\x00\xc9\x09\xc0\x5c\xc4\x1f\x00\
 \x00\x13\x11\x7f\x00\xc0\x15\x01\x98\x83\xf8\x03\x00\xfe$\
\x00\xfb'\xfe\x00\x80\x0f\x08\xc0\xbe\x89?\x00\xe0\x06\x01\
\xd8/\xf1\x07\x00\xdcJ\x00\xf6I\xfc\x01\x00\x1f%\x00\
\xfb#\xfe\x00\x80;\x09\xc0\xbe\x88?\x00\xe0^\x02\xb0\
\x1f\xe2\x0f\x008\x8b\x00\xec\x83\xf8\x03\x00\xce&\x00\xdb\
'\xfe\x00\x80\x8b\x08\xc0\xb6\x89?\x00\xe0b\x02\xb0]\
\xe2\x0f\x00\x98E\x00\xb6I\xfc\x01\x00\xb3\x09\xc0\xf6\x88\
?\x00`\x11\x01\xd8\x16\xf1\x07\x00,&\x00\xdb!\xfe\
\x00\x80U\x08\xc06\x88?\x00`5\x02\xb0~\xe2\x0f\
\x00X\x95\x00\xac\x9b\xf8\x03\x00V'\x00\xeb%\xfe\x00\
\x80M\x08\xc0:\x89?\x00`3\x02\xb0>\xe2\x0f\x00\
\xd8\x94\x00\xac\x8b\xf8\x03\x006'\x00\xeb!\xfe\x00\x80\
]\x08\xc0:\x88?\x00`7\x02\xf0x\xe2\x0f\x00\xd8\
\x95\x00<\x96\xf8\x03\x00v'\x00\x8f#\xfe\x00\x80C\
\x08\xc0c\x88?\x00\xe00\x02p\x7f\xe2\x0f\x008\x94\
\x00\xdc\x97\xf8c\xea\xbfe>/\xf3\xcb\xd5#\x00\xd8\
\x89\x00\xdc\x8f\xf8c*\xe2\xefI\x99w\xc3V\x04\x02\
\xb0\x1b\x01\xb8\x0f\xf1\xc7\xd4\x18\x7f?_=z\xf0\xe0\
}\x19\x11\x08\xc0n\x04\xe0\xf6\xc4\x1fS\xd7\xe3o$\
\x02\x01\xd8\x8d\x00\xdc\x96\xf8c\xeac\xf17\x12\x81\x00\
\xecB\x00nG\xfc1u_\xfc\x8dD \x00\x9b\x13\
\x80\xdb\x10\x7fL\x9d\x1b\x7f#\x11\x08\xc0\xa6\x04\xe0\xfa\
\xc4\x1fS\x97\xc6\xdfH\x04\x02\xb0\x19\x01\xb8.\xf1\xc7\
\xd4\xdc\xf8\x1b\x89@\x006!\x00\xd7#\xfe\x98Z\x1a\
\x7f#\x11\x08\xc0\xea\x04\xe0:\xc4\x1fSk\xc5\xdfH\
\x04\x02\xb0*\x01\xb8\x9c\xf8cj\xed\xf8\x1b\x89@\x00\
V#\x00\x97\x11\x7fLm\x15\x7f#\x11\x08\xc0*\x04\
\xe0|\xe2\x8f\xa9\xad\xe3o$\x02\x01XL\x00\xce#\
\xfe\x98\xda+\xfeF\x22\x10\x80E\x04\xe0\xe5\xc4\x1fS\
{\xc7\xdfH\x04\x020\x9b\x00\xbc\x8c\xf8c\xea\xa8\xf8\
\x1b\x89@\x00f\x11\x80\xe7\x13\x7fL\x1d\x1d\x7f#\x11\
\x08\xc0\xc5\x04\xe0y\xc4\x1fS\xb5\xc4\xdfH\x04\x02p\
\x11\x01x?\xf1\xc7Tm\xf17\x12\x81\x00\x9cM\x00\
\xdeM\xfc1Uk\xfc\x8dD \x00g\x11\x80w\xfb\
\xa1\x8c\xf8#\xd4\x1e\x7f#\x11\x08\xc0\xbd\x04\xe0\xc7\xbd\
*\x13O\xa4\xd0J\xfc\x8dD \x00w\x12\x80\xb7{\
V\xe6\xeb\xd3.\xc9\xb5\x16\x7f\xa3,\x11\x18\xff\x9f\x00\
\x5cH\x00\xde\x14\x87|\xbf?\xed\x92\x5c\xab\xf17\xca\
\x10\x81\xad~o\x00\x0e%\x00o\x8a\xf3\xfe\xa0\xf5\xf8\
\x1b9\x1c\x0c\xc0\x0d\x02\xf0Cq\xe8\xf7\xd1i\x97\xc4\
z\x89\xbfQ\xcf\x11\xf8n\xd8\x02p\x01\x01\xf8\xa1\x17\
\xc3\x96\xbcz\x8b\xbfQ\x8f\x11hU\x13`&\x01\xf8\
\x97o\xcaX\xfd\xcb\xad\xd7\xf8\x1b\xf5\x16\x81V\xff\x00\
f\x12\x80\x7fq\xd5on\xbd\xc7\xdf\xa8\xa7\x08|;\
l\x01\xb8\x90\x00<\x89\x95?\xab\x7fye\x89\xbfQ\
\x0f\x11\xf8{\x19+\x80\x003\x09\xc0\x93\xa7\xc3\x96|\
\xb2\xc5\xdf\xa8\xf5\x08|=l\x01\x98A\x00\x9e\xc4\x13\
!\xf9d\x8d\xbfQ\xab\x11\x18\xdf7\x01\x08\xb0\x80\x00\
<\xf9b\xd8\x92G\xf6\xf8\x1b\xb5\x18\x81\xf12\x8d\xbf\
\x9dv\x01\x98C\x00:\xf7/#\xf1\xf7\xa1\x96\x220\
\xbew\x11\x80\x00, \x00\x05`6\xe2\xefv\xadD\
`\xdc\xac=\xfe\xae\x00, \x00\xc9D\xfc\xdd\xad\xf6\
\x08\xfcW\x19\xb7~\x01X\x81\x00|\xf0\xe0\xf1\xb0\xa5\
o\xe2\xef<\xb5F`\xfc}\xe2f\xed\x00\xac@\x00\
\x92\x81\xf8\xbbLm\x11\x18\x7f\x8f\xf8\xfb\x00\xb0\x12\x01\
(\x0az'\xfe\xe6\xa9%\x02\xc7\xf8s\xde\x1f\xc0\x8a\
\x04 =\x13\x7f\xcb\x8c\x11\xf8\xef\xabG\xfb\x8b\xcf+\
\xfe\x006 \x00\xddO\xacW\xe2o\x1dc\x04~w\
\xf5h?\xdf\x96\x11\x7f\x00\x1b\x11\x80\x02\xb0G\xe2o\
}/\xcb|^f\xebC\xc2\xb1\xea\xf7\xf72\xee\xf5\
\x07\xb0!\x01xr\xd4!.\xd6'\xfe\xb6\xf3\xaeL\
\x5c5\xffU\x99\xdf\xe3\x0d+\x8a\x7f\x83\x11\x98\xbew\
\x00;\x10\x80'\xee-\xd6\x07\xf1\xb7\x8fx\x1d\xde\xb8\
\x81\xfa?\xca\xbc)\x13_\xf79\xe2\xfd\xe2\xfd\xc7\xf0\
\x8b\xc0\x04`\x07\x0f_<\x1f\xf6r\x8b'\xb3_O\
\xbb4J\xfc\x1d+\xbe\xf61\xb1B\x18\xff\x9e>-\
s]\xac\xf2\xc59}\xf1=\x8a\xd8\x13|\x00\x07\x11\
\x80\x7f\x89s\x01\xffv\xda\xa51\xe2\x0f\x00.\xe0\x10\
\xf0_\xe2\xb0\x16\xed\x11\x7f\x00p!\x01\xf8\x97\xb8\xca\
q\xed\x13\xdb\xd9\x96\xf8\x03\x80\x19\x04\xe0\x87\x22\x02i\
\x83\xf8\x03\x80\x99\x04\xe0\x87\xe20\xb0U\xc0\xfa\x89?\
\x00X@\x00\xde\xf4l\xd8R'\xf1\x07\x00\x0b\x09\xc0\
\x9b\xe2\xd6\x14\xf12T\xd4G\xfc\x01\xc0\x0a\x04\xe0\xed\
\xe2e\xa8\xe2\x06\xb5\xd4C\xfc\x01\xc0J\x04\xe0\xc7\xc5\
\xa1\xe0\xad_\xf7\x94\xf3\x88?\x00X\x91\x00\xbc[D\
\x87\x08<\x96\xf8\x03\x80\x95\x09\xc0\xbb\xc5\xcbV\x89\xc0\
\xe3\x88?\x00\xd8\x80\x00\xbc\x9f\x08<\x86\xf8\x03\x80\x8d\
\x08\xc0\xf3\x88\xc0}\x89?\x00\xd8\x90\x00<\x9f\x08\xdc\
\x87\xf8\x03\x80\x8d\x09\xc0\xcb\x88\xc0m\x89?\x00\xd8\x81\
\x00\xbc\x9c\x08\xdc\x86\xf8\x03\x80\x9d\x08\xc0yD\xe0\xba\
\xc4\x1f\x00\xecH\x00\xce'\x02\xd7!\xfe\x00`g\x02\
p\x19\x11\xb8\x8c\xf8\x03\x80\x03\x08\xc0\xe5D\xe0<\xe2\
\x0f\x00\x0e\x22\x00\xd7!\x02/#\xfe\x00\xe0@\x02p\
=\x22\xf0<\xe2\x0f\x00\x0e&\x00\xd7%\x02\xef&\xfe\
\x00\xa0\x02\x02p}\x22\xf0v\xe2\x0f\x00*!\x00\xb7\
!\x02?$\xfe\x00\xa0\x22\x02p;\x22\xf0D\xfc\x01\
@e\x04\xe0\xb6\xb2G\xa0\xf8\x03\x80\x0a\x09\xc0\xede\
\x8d@\xf1\x07\x00\x95\x12\x80\xfb\xc8\x16\x81\xe2\x0f\x00*\
&\x00\xf7\x93%\x02\xc5\x1f\x00TN\x00\xee\xab\xf7\x08\
\x14\x7f\x00\xd0\x00\x01\xb8\xbf^#P\xfc\x01@#\x04\
\xe01z\x8b@\xf1\x07\x00\x0d\x11\x80\xc7\xe9%\x02\xc5\
\x1f\x004F\x00\x1e\xab\xf5\x08\x14\x7f\x00\xd0 \x01x\
\xbcV#P\xfc\x01@\xa3\x04`\x1dZ\x8b@\xf1\x07\
\x00\x0d\x13\x80\xf5h%\x02\xc5\x1f\x004N\x00\xd6\xa5\
\xf6\x08\x14\x7f\x00\xd0\x01\x01X\x9fZ#P\xfc\x01@\
'\x04`\x9dj\x8b@\xf1\x07\x00\x1d\x11\x80\xf5\xaa%\
\x02\xe3\xf3?*#\xfe\x00\xa0\x13\x02\xb0nc\x04\xfe\
x\xf5h\x7f\xff.\x13\x9f?\xfe\x1e\x00@'\x04`\
\xfd\x22\xbe\x9e\x96\xf9\xf6\xea\xd1~\xbe+#\xfe\x00\xa0\
C\x02\xb0\x1d\xaf\xca\xfc\xbdL\xac\xcam)\x0e\xf9~\
^\xe6\xe5\xd5#\x00\xa0;\x02\xb0-q\x1e^\xac\xca\
}U\xe6\xf7x\xc3\x8a\xe2\xe3\xc5\xc7}\x5c\xe6]\xbc\
\x01\x00\xe8\x93\x00l\xd3\xeb2qaF\xac\xd4\xbd)\
\x13W\xe9\xce\x11\xef\x17\xef\xff\x8f2\xf1\xf1\xe2\xe3\x02\
\x00\x9d{\xf8\xe2\xf9\xb0G\xebbep\x9cO\xca|\
Z\xe6\xba8\xbc\x1b\xe7\xf4\xc5\x0a\xdf8\x00@2\x02\
\x10\x00 \x19\x87\x80\x01\x00\x92\x11\x80\x00\x00\xc9\x08@\
\x00\x80d\x04 \x00@2\x02\x10\x00 \x19\x01\x08\x00\
\x90\x8c\x00\x04\x00HF\x00\x02\x00$#\x00\x01\x00\x92\
\x11\x80\x00\x00\xc9\x08@\x00\x80d\x04 \x00@2\x02\
\x10\x00 \x19\x01\x08\x00\x90\x8c\x00\x04\x00HF\x00\x02\
\x00$#\x00\x01\x00\x92\x11\x80\x00\x00\xc9\x08@\x00\x80\
d\x04 \x00@2\x02\x10\x00 \x19\x01\x08\x00\x90\x8c\
\x00\x04\x00HF\x00\x02\x00$#\x00\x01\x00\x92\x11\x80\
\x00\x00\xc9\x08@\x00\x80d\x04 \x00@2\x02\x10\x00\
 \x19\x01\x08\x00\x90\x8c\x00\x04\x00HF\x00\x02\x00$\
#\x00\x01\x00\x92\x11\x80\x00\x00\xc9\x08@\x00\x80d\x04\
 \x00@2\x02\x10\x00 \x19\x01\x08\x00\x90\x8c\x00\x04\
\x00HF\x00\x02\x00$#\x00\x01\x00\x92\x11\x80\x00\x00\
\xc9\x08@\x00\x80d\x04 \x00@2\x02\x10\x00 \x19\
\x01\x08\x00\x90\x8c\x00\x04\x00HF\x00\x02\x00$#\x00\
\x01\x00\x92\x11\x80\x00\x00\xc9\x08@\x00\x80d\x04 \x00\
@2\x02\x10\x00 \x19\x01\x08\x00\x90\x8c\x00\x04\x00H\
F\x00\x02\x00$#\x00\x01\x00\x92\x11\x80\x00\x00\xc9\x08\
@\x00\x80d\x04 \x00@2\x02\x10\x00 \x19\x01\x08\
\x00\x90\x8c\x00\x04\x00H\xe5\xc1\x83\xff\x01\xbb\x15\x97\x01\
\xd5w\x18\x0d\x00\x00\x00\x00IEND\xaeB`\x82\
\
\x00\x00B0\
\x89\
PNG\x0d\x0a\x1a\x0a\x00\x00\x00\x0dIHDR\x00\
\x00\x02\x80\x00\x00\x02\x80\x08\x06\x00\x00\x00\x0c\xcd\xc9#\
\x00\x00A\xf7IDATx\x01\xed\xc0\x03\xa0$Y\
\x96\xc6\xf1\xffw\xee\x8d\xc8\xcc\xa7rKc\xaem\xdb\
\xb6m\xdb\xb6m\xdb\xb6mi\x8c\x9e\x96J\xaf\x9e2\
3\x22\xee\xf9v\xb7jz\xa6\x87;k\xd5O\x5cu\
\xd5UW]u\xd5UW]\xf5\xff\x09\xe2\xaa\xab\xae\
\xba\xea\xaa\xab\xae\xba\xea\xaa\xffO\x10W]u\xd5U\
W]u\xd5UW\xfd\x7f\x82\xb8\xea\xaa\xab\xae\xba\xea\
\xaa\xab\xae\xba\xea\xff\x13\xc4UW]u\xd5UW]\
u\xd5U\xff\x9f \xae\xba\xea\xaa\xab\xae\xba\xea\xaa\xab\
\xae\xfa\xff\x04q\xd5UW]u\xd5UW]u\xd5\
\xff'\x88\xab\xae\xba\xea\xaa\xab\xae\xba\xea\xaa\xab\xfe?\
A\x5cu\xd5UW]u\xd5UW]\xf5\xff\x09\xe2\
\xaa\xab\xae\xba\xea\xaa\xab\xae\xba\xea\xaa\xffO\x10W]\
u\xd5UW]u\xd5UW\xfd\x7f\x82\xb8\xea\xaa\xab\
\xae\xba\xea\xaa\xab\xae\xba\xea\xff\x13\xc4UW]u\xd5\
UW]u\xd5U\xff\x9f \xae\xba\xea\xaa\xab\xae\xba\
\xea\xaa\xab\xae\xfa\xff\x04q\xd5UW]u\xd5UW\
]u\xd5\xff'\x88\xab\xae\xba\xea\xaa\xab\xae\xba\xea\xaa\
\xab\xfe?A\x5cu\xd5UW]u\xd5UW]\xf5\
\xff\x09\xe2\xaa\xab\xae\xba\xea\xaa\xab\xae\xba\xea\xaa\xffO\
\x10W]u\xd5UW]u\xd5UW\xfd\x7f\x82\xb8\
\xea\xaa\xab\xae\xba\xea\xaa\xab\xae\xba\xea\xff\x13\xc4UW\
]u\xd5UW]u\xd5U\xff\x9f \xae\xba\xea\xaa\
\xab\xae\xba\xea\xaa\xab\xae\xfa\xff\x04q\xd5UW]u\
\xd5UW]u\xd5\xff'\x88\xab\xae\xba\xea\xaa\xab\xae\
\xba\xea\xaa\xab\xfe?A\x5cu\xd5UW]u\xd5U\
W]\xf5\xff\x09\xe2\xaa\xab\xae\xba\xea\xaa\xab\xae\xba\xea\
\xaa\xffO\x10W]u\xd5UW]u\xd5UW\xfd\
\x7f\x82\xb8\xea\xaa\xab\xae\xba\xea\xaa\xab\xae\xba\xea\xff\x13\
\xc4UW]u\xd5UW]u\xd5U\xff\x9f \xae\
\xba\xea\xaa\xab\xae\xba\xea\xaa\xab\xae\xfa\xff\x04q\xd5U\
W]u\xd5UW]u\xd5\xff'\x88\xab\xae\xba\xea\
\xaa\xab\xae\xba\xea\xaa\xab\xfe?A\x5cu\xd5UW]\
u\xd5UW]\xf5\xff\x09\xe2\xaa\xab\xae\xba\xea\xaa\xab\
\xae\xba\xea\xaa\xffO\x10W]u\xd5UW]u\xd5\
UW\xfd\x7f\x82\xb8\xea\xaa\xab\xae\xba\xea\xaa\xab\xae\xba\
\xea\xff\x13\xc4UW]u\xd5UW]u\xd5U\xff\
\x9f \xae\xba\xea\xaa\xab\xae\xba\xea\xaa\xab\xae\xfa\xff\x04\
q\xd5UW]u\xd5UW]u\xd5\xff'\x88\xab\
\xae\xba\xea\xaa\xab\xae\xba\xea\xaa\xab\xfe?A\x5cu\xd5\
UW]u\xd5UW]\xf5\xff\x09\xe2\xaa\xab\xae\xba\
\xea\xaa\xab\xae\xba\xea\xaa\xffO\x10W]u\xd5UW\
]u\xd5UW\xfd\x7f\x82\xb8\xea\xaa\xab\xae\xba\xea\xaa\
\xab\xae\xba\xea\xff\x13\xc4UW]u\xd5UW]u\
\xd5U\xff\x9f \xae\xba\xea\xaa\xab\xae\xba\xea\xaa\xab\xae\
\xfa\xff\x04q\xd5UW]u\xd5UW]u\xd5\xff\
'\x88\xab\xae\xba\xea\xaa\xab\xae\xba\xea\xaa\xab\xfe?A\
\x5cu\xd5UW]u\xd5UW]\xf5\xff\x09\xe2\xaa\
\xab\xae\xba\xea\xaa\xab\xae\xba\xea\xaa\xffO\x10W]u\
\xd5UW]u\xd5UW\xfd\x7f\x82\xb8\xea\xaa\xab\xae\
\xba\xea\xaa\xab\xae\xba\xea\xff\x13\xc4UW]u\xd5U\
W]u\xd5U\xff\x9f \xae\xba\xea\xaa\xab\xae\xba\xea\
\xaa\xab\xae\xfa\xff\x04q\xd5UW]u\xd5UW]\
u\xd5\xff'\x88\xab\xae\xba\xea\xaa\xab\xae\xba\xea\xaa\xab\
\xfe?A\x5cu\xd5UW]u\xd5UW]\xf5\xff\
\x09\xe2\xaa\xab\xae\xba\xea\xaa\xab\xae\xba\xea\xaa\xffO\x10\
W]u\xd5UW]u\xd5UW\xfd\x7f\x82\xb8\xea\
\xaa\xab\xae\xba\xea\xaa\xab\xae\xba\xea\xff\x13\xc4UW]\
u\xd5UW]u\xd5U\xff\x9f \xae\xba\xea\xaa\xab\
\xae\xba\xea\xaa\xab\xae\xfa\xff\x04q\xd5UW]u\xd5\
UW]u\xd5\xff'\x88\xab\xae\xba\xea\xaa\xab\xae\xba\
\xea\xaa\xab\xfe?A\x5cu\xd5U\xff\xdf\xbc4p\x8c\
+\x1e\x0c<\x98g{m^\xb0\xd7\xe6E\xf3\xdb\xbc\
`\xbf\xcd\xb3\xdd\x0a\xdc\xca\x15\x97\x80\xbf\xe6\xaa\xab\xae\
\xba\xea\xaa\xff\x0a\x88\xab\xae\xba\xea\xff\x92\x07\x03\x0f\x02\
^\x1a8\x0e\xbc4p\x1cxi\xe08\xff;\xec\x02\
\x7f\x0d\xec\x02\x7f\x0d\xec\x02\x7f\x0d<\x03\xb8\x95\xab\xae\
\xba\xea\xaa\xab\xfe\xbd\x10W]u\xd5\xff6\x0f\x06\x1e\
\x04\xbc6\xf0`\xe0\xc1\xc0\x83\x81\x07\xf3\xff\xc3\xad\xc0\
\xad\xc0\xad\xc0\xad\xc0o\x03\x7f\x03\xecr\xd5UW]\
u\xd5\x8b\x02q\xd5UW\xfdO\xf6Z\xc0\x83\x81\x97\
\x06^\x1axi\xe08W=?\xbb\xc0_\x03\x7f\x0d\
\xfc5p+\xf0;\x5cu\xd5UW]\xf5\xdc\x10W\
]u\xd5\xff\x14/\x0d\xbc\x16\xf0\xd2\xc0k\x03\x0f\xe6\
\xaa\xff\x08\xb7\x02\xbf\x0d\xfc5\xf0;\xc0_s\xd5U\
W]\xf5\xff\x1b\xe2\xaa\xab\xae\xfa\xef\xf2Z\xc0k\x03\
\xaf\x0d\xbc4p\x9c\xab\xfe+\xec\x02\x7f\x0d\xfc6\xf0\
\xdb\xc0\xefp\xd5UW]\xf5\xff\x0b\xe2\xaa\xab\xae\xfa\
\xafp\x1cx-\xe0\xb5\x81\xd7\x06^\x9a\xab\xfe'\xf9\
k\xe0\xb7\x81\xdf\x06~\x07\xd8\xe5\xaa\xab\xae\xba\xea\xff\
.\xc4UW]\xf5\x9f\xe5\xa5\x81\xd7\x02\xde\x1axm\
\xae\xfa\xdf\xe4\xb7\x81\x9f\x06~\x07\xf8k\xae\xba\xea\xaa\
\xab\xfeoA\x5cu\xd5U\xffQ\x8e\x03\xaf\x05\xbc5\
\xf0\xda\xc0\x83\xb9\xea\xff\x82[\x81\xdf\x06~\x1a\xf8\x1d\
`\x97\xab\xae\xba\xea\xaa\xff\xdd\x10W]u\xd5\xbf\xc7\
\x83\x81\xb7\x02\xde\x1axm\xae\xfa\xff\xe0\xb7\x81\x9f\x06\
~\x06\xb8\x95\xab\xae\xba\xea\xaa\xff}\x10W]u\xd5\
\xbf\xd6\x83\x81\xb7\x02\xde\x1bxi\xae\xfa\xff\xec\xaf\x81\
\xef\x06\xbe\x07\xd8\xe5\xaa\xab\xae\xba\xea\x7f\x07\xc4UW\
]\xf5\xa28\x0e\xbc\x15\xf0\xd6\xc0[s\xd5U\xcf\xeb\
\xa7\x81\x9f\x06~\x06\xd8\xe5\xaa\xab\xae\xba\xea\x7f.\xc4\
UW]\xf5\x82\x1c\x07\xde\x0axk\xe0\xad\xb9\xea\xaa\
\x17\xddO\x03?\x0d\xfc\x0c\xb0\xcbUW]u\xd5\xff\
,\x88\xab\xae\xba\xea\xb9\xbd4\xf0Q\xc0[\x03\xc7\xb9\
\xea\xaa\x7f\xbb]\xe0\xa7\x81\xaf\x01\xfe\x9a\xab\xae\xba\xea\
\xaa\xff\x19\x10W]u\x15\xc0q\xe0\xbd\x80\xf7\x06^\
\x9a\xab\xae\xfa\x8f\xf7\xd7\xc0W\x03?\x03\xecr\xd5U\
W]\xf5\xdf\x07q\xd5U\xff\xbf\xbd6\xf0^\xc0{\
s\xd5U\xffu\xbe\x1b\xf8\x1e\xe0\xb7\xb9\xea\xaa\xab\xae\
\xfa\xaf\x87\xb8\xea\xaa\xff\x7f\x8e\x03o\x05|6\xf0`\
\xae\xba\xea\xbf\xcf\xad\xc0g\x03?\x03\xecr\xd5UW\
]\xf5_\x03q\xd5U\xff\x7f\x1c\x07>\x0a\xf8h\xe0\
8W]\xf5?\xc7.\xf0\xd5\xc0\xd7\x00\xbb\x5cu\xd5\
UW\xfd\xe7B\x5cu\xd5\xff}\x0f\x06>\x0bxo\
\xae\xba\xea\x7f\xbe\xef\x06>\x07\xb8\x95\xab\xae\xba\xea\xaa\
\xff\x1c\x88\xab\xae\xfa\xbf\xeb\xb5\x81\xcf\x02^\x9b\xab\xae\
\xfa\xdf\xe7\xb7\x81\xcf\x01~\x9b\xab\xae\xba\xea\xaa\xffX\
\x88\xab\xae\xfa\xbf\xe7\xbd\x80\x8f\x06^\x9a\xab\xae\xfa\xdf\
\xef\xaf\x81\xaf\x06\xbe\x87\xab\xae\xba\xea\xaa\xff\x18\x88\xab\
\xae\xfa\xbf\xe3\xad\x81\xaf\x02\x1e\xccUW\xfd\xdfs+\
\xf0>\xc0os\xd5UW]\xf5\xef\x83\xb8\xea\xaa\xff\
\xfd^\x1b\xf8,\xe0\xb5\xb9\xea\xaa\xff\xfb~\x1b\xf8\x1c\
\xe0\xb7\xb9\xea\xaa\xab\xae\xfa\xb7A\x5cu\xd5\xff^\xaf\
\x0d|\x16\xf0\xda\x5cu\xd5\xff?\xbf\x0d|\x0e\xf0\xdb\
\x5cu\xd5UW\xfd\xeb \xae\xba\xea\x7f\x9f\xd7\x06>\
\x0bxm\xae\xba\xea\xaa\xdf\x06>\x07\xf8m\xae\xba\xea\
\xaa\xab^4\x88\xab\xae\xfa\xdf\xe3\xc1\xc0w\x01\xaf\xcd\
UW]\xf5\xdc~\x1bx\x1f\xe0V\xae\xba\xea\xaa\xab\
^8\xc4UW\xfd\xcfw\x1c\xf8,\xe0\xa3\xb9\xea\xaa\
\xab\xfe%\x9f\x0d|\x0d\xb0\xcbUW]u\xd5\xf3\x87\
\xb8\xea\xaa\xff\xd9\xde\x0b\xf8j\xe08W]u\xd5\x8b\
j\x17\xf8h\xe0{\xb8\xea\xaa\xab\xaez^\x88\xab\xae\
\xfa\x9f\xe9\xb5\x81\xaf\x02^\x9a\xab\xae\xba\xea\xdf\xea\xaf\
\x81\x8f\x01~\x9b\xab\xae\xba\xea\xaagC\x5cu\xd5\xff\
,\x0f\x06\xbe\x0axk\xae\xba\xea\xaa\xff(?\x0d|\
\x0cp+W]u\xd5U\x80\xb8\xea\xaa\xff9>\x0b\
\xf8l\xae\xba\xea\xaa\xff,\x9f\x0d|\x0eW]u\xd5\
\xffw\x88\xab\xae\xfa\xef\xf7\xda\xc0W\x01/\xcdUW\
]\xf5\x9f\xed\xaf\x81\xf7\x01\xfe\x9a\xab\xae\xba\xea\xff+\
\xc4UW\xfd\xf79\x0e|\x16\xf0\xd1\x5cu\xd5U\xff\
\xd5\xbe\x1a\xf8\x1c`\x97\xab\xae\xba\xea\xff\x1b\xc4UW\
\xfd\xf7xm\xe0\xbb\x80\x07s\xd5UW\xfdw\xb9\x15\
x\x1f\xe0\xb7\xb9\xea\xaa\xab\xfe?A\x5cu\xd5\x7f\xad\
\xe3\xc0w\x01o\xcdUW]\xf5?\xc5O\x03\xef\x03\
\xecr\xd5UW\xfd\x7f\x80\xb8\xea\xaa\xff:o\x0d|\
\x17p\x9c\xab\xae\xba\xea\x7f\x9a]\xe0}\x80\x9f\xe6\xaa\
\xab\xae\xfa\xbf\x0eq\xd5U\xff\xf9\x8e\x03_\x05\xbc7\
W]u\xd5\xfft\xdf\x0d|\x0c\xb0\xcbUW]\xf5\
\x7f\x15\xe2\xaa\xab\xfes\xbd6\xf0]\xc0\x83\xb9\xea\xaa\
\xab\xfe\xb7\xb8\x15x\x1b\xe0\xaf\xb9\xea\xaa\xab\xfe/B\
\x5cu\xd5\x7f\x9e\xcf\x02>\x9b\xab\xae\xba\xea\x7f\xab\xcf\
\x06>\x87\xab\xae\xba\xea\xff\x1a\xc4UW\xfd\xc7{0\
\xf0S\xc0Ks\xd5UW\xfdo\xf7\xd7\xc0\xdb\x00\xb7\
r\xd5UW\xfd_\x81\xb8\xea\xaa\xffX\xef\x0d|\x15\
p\x9c\xab\xae\xba\xea\xff\x8a]\xe0c\x80\xef\xe6\xaa\xab\
\xae\xfa\xbf\x00q\xd5U\xff1\x8e\x03_\x05\xbc7W\
]u\xd5\xffU\xdf\x0d|\x0c\xb0\xcbUW]\xf5\xbf\
\x19\xe2\xaa\xab\xfe\xfd^\x1a\xf8.\xe0\xa5\xb9\xea\xaa\xab\
\xfe\xaf\xfbk\xe0}\x80\xbf\xe6\xaa\xab\xae\xfa\xdf\x0aq\
\xd5U\xff>o\x0d|\x17p\x9c\xab\xae\xba\xea\xff\x8b\
]\xe0}\x80\x9f\xe6\xaa\xab\xae\xfa\xdf\x08q\xd5U\xff\
v\x9f\x05|6W]u\xd5\xffW\x9f\x0d|\x0eW\
]u\xd5\xff6\x88\xab\xae\xfa\xd7;\x0e\xfc\x14\xf0\xda\
\x5cu\xd5U\xff\xdf\xfd6\xf06\xc0.W]u\xd5\
\xff\x16\x88\xab\xae\xfa\xd7yi\xe0\xa7\x80\x07s\xd5U\
W]u\xc5\xad\xc0\xdb\x00\x7f\xcdUW]\xf5\xbf\x01\
\xe2\xaa\xab^t\xef\x0d|\x15p\x9c\xab\xae\xba\xea\xaa\
\xe7\xb4\x0b|\x0c\xf0\xdd\x5cu\xd5U\xff\xd3!\xae\xba\
\xeaE\xf3Y\xc0gs\xd5UW]\xf5\xc2}6\xf0\
9\x5cu\xd5U\xff\x93!\xae\xba\xea_\xf6]\xc0{\
s\xd5UW]\xf5\xa2\xf9n\xe0}\xb8\xea\xaa\xab\xfe\
\xa7B\x5cu\xd5\x0bv\x1c\xf8)\xe0\xb5\xb9\xea\xaa\xab\
\xae\xfa\xd7\xf9m\xe0m\x80]\xae\xba\xea\xaa\xffi\x10\
W]\xf5\xfc=\x18\xf8)\xe0\xa5\xb9\xea\xaa\xab\xae\xfa\
\xb7\xf9k\xe0m\x80[\xb9\xea\xaa\xab\xfe'A\x5cu\
\xd5\xf3zi\xe0\xb7\x80\xe3\x5cu\xd5UW\xfd\xfb\xec\
\x02\xaf\x03\xfc5W]u\xd5\xff\x14\x88\xab\xaezN\
o\x0d|\x17p\x9c\xab\xae\xba\xea\xaa\xff\x18\xbb\xc0\xfb\
\x00?\xcdUW]\xf5?\x01\xe2\xaa\xab\x9e\xed\xbd\x81\
\xef\xe2\xaa\xab\xae\xba\xea?\xc7\xfb\x00\xdf\xcdUW]\
\xf5\xdf\x0dq\xd5UW\xbc7\xf0]\x5cu\xd5UW\
\xfd\xe7z\x1f\xe0\xbb\xb9\xea\xaa\xab\xfe;!\xae\xba\x0a\
\xde\x1b\xf8.\xae\xba\xea\xaa\xab\xfek\xbc\x0f\xf0\xdd\x5c\
u\xd5U\xff]\x10W\xfd\x7f\xf7U\xc0Gs\xd5U\
W]\xf5_\xeb\xab\x81\x8f\xe1\xaa\xab\xae\xfa\xef\x80\xb8\
\xea\xff\xb3\xef\x02\xde\x9b\xab\xae\xba\xea\xaa\xff\x1e\xdf\x0d\
\xbc\x0fW]u\xd5\x7f5\xc4U\xff_}\x17\xf0\xde\
\x5cu\xd5UW\xfd\xf7\xfan\xe0}\xb8\xea\xaa\xab\xfe\
+!\xae\xfa\xff\xe8\xbb\x80\xf7\xe6\xaa\xab\xae\xba\xea\x7f\
\x86\xef\x06\xde\x87\xab\xae\xba\xea\xbf\x0a\xe2\xaa\xffo\xbe\
\x0bxo\xae\xba\xea\xaa\xab\xfeg\xf9n\xe0}\xb8\xea\
\xaa\xab\xfe+ \xae\xfa\xff\xe4\xbb\x80\xf7\xe6\xaa\xab\xae\
\xba\xea\x7f\xa6\xef\x06\xde\x87\xab\xae\xba\xea?\x1b\xe2\xaa\
\xff/\xbe\x0bxo\xae\xba\xea\xaa\xab\xfeg\xfbn\xe0\
}\xb8\xea\xaa\xab\xfe3!\xae\xfa\xff\xe0\xab\x81\x8f\xe2\
\xaa\xab\xae\xba\xea\x7f\x87\xaf\x01>\x9a\xab\xae\xba\xea?\
\x0b\xe2\xaa\xff\xeb\xde\x1b\xf8.\xae\xba\xea\xaa\xab\xfew\
y\x1f\xe0\xbb\xb9\xea\xaa\xab\xfe3 \xae\xfa\xbf\xec\xbd\
\x81\xef\xe2\xaa\xab\xae\xba\xea\x7f\xa7\xf7\x01\xbe\x9b\xab\xae\
\xba\xea?\x1a\xe2\xaa\xff\xab\xde\x1b\xf8.\xae\xba\xea\xaa\
\xab\xfew{\x1f\xe0\xbb\xb9\xea\xaa\xab\xfe#!\xae\xfa\
\xbf\xe8\xad\x81\x9f\xe2\xaa\xab\xae\xba\xea\xff\x86\xb7\x01~\
\x9a\xab\xae\xba\xea?\x0a\xe2\xaa\xffk^\x1a\xf8-\xe0\
8W]u\xd5U\xff7\xec\x02\xaf\x03\xfc5W]\
u\xd5\x7f\x04\xc4U\xff\x97<\x18\xf8+\xe08W]\
u\xd5U\xff\xb7\xec\x02/\x03\xdc\xcaUW]\xf5\xef\
\x85\xb8\xea\xff\x8a\xe3\xc0o\x01/\xcdUW]u\xd5\
\xffM\x7f\x0d\xbc\x0e\xb0\xcbUW]\xf5\xef\x81\xb8\xea\
\xff\x8a\xdf\x02^\x9b\xab\xae\xba\xea\xaa\xff\xdb~\x1bx\
\x1d\xae\xba\xea\xaa\x7f\x0f\xc4U\xff\x17|\x17\xf0\xde\x5c\
u\xd5UW\xfd\xff\xf0\xdd\xc0\xfbp\xd5UW\xfd[\
!\xae\xfa\xdf\xee\xb3\x81\xcf\xe2\xaa\xab\xae\xba\xea\xff\x97\
\xcf\x01>\x9b\xab\xae\xba\xea\xdf\x02q\xd5\xfff\xef\x0d\
|\x17W]u\xd5U\xff?\xbd\x0f\xf0\xdd\x5cu\xd5\
U\xffZ\x88\xab\xfe\xb7zi\xe0\xb7\x80\xe3\x5cu\xd5\
UW\xfd\xff\xb4\x0b\xbc\x0e\xf0\xd7\x5cu\xd5U\xff\x1a\
\x88\xab\xfe7:\x0e\xfc\x15\xf0`\xae\xba\xea\xaa\xab\xfe\
\x7f\xbb\x15x\x19`\x97\xab\xae\xba\xeaE\x85\xb8\xea\x7f\
\xa3\xdf\x02^\x9b\xab\xae\xba\xea\xaa\xab\x00~\x1bx\x1d\
\xae\xba\xea\xaa\x17\x15\xe2\xaa\xffm>\x1b\xf8,\xae\xba\
\xea\xaa\xab\xaez\xa0\xcf\x01>\x9b\xab\xae\xba\xeaE\x81\
\xb8\xea\x7f\x93\xb7\x06~\x8a\xab\xae\xba\xea\xaa\xab\x9e\x9f\
\xb7\x01~\x9a\xab\xae\xba\xea_\x82\xb8\xea\x7f\x8b\x97\x06\
~\x0b8\xceUW]u\xd5U\xcf\xcf.\xf0:\xc0\
_s\xd5UW\xbd0\x88\xab\xfe78\x0e\xfc\x16\xf0\
\xd2\x5cu\xd5UW]\xf5\xc2\xfc5\xf0:\xc0.W\
]u\xd5\x0b\x82\xb8\xea\x7f\x83\xef\x02\xde\x9b\xab\xae\xba\
\xea\xaa\xab^\x14\xdf\x0d\xbc\x0fW]u\xd5\x0b\x82\xb8\
\xea\x7f\xba\xf7\x06\xbe\x8b\xab\xae\xba\xea\xaa\xab\xfe5\xde\
\x07\xf8n\xae\xba\xea\xaa\xe7\x07q\xd5\xffd\x0f\x06\xfe\
\x0a8\xceUW]u\xd5U\xff\x1a\xbb\xc0\xcb\x00\xb7\
r\xd5UW=7\xc4U\xff\x93\xfd\x15\xf0\xd2\x5cu\
\xd5UW]\xf5o\xf1\xd7\xc0\xcbp\xd5UW=7\
\xc4U\xffS}6\xf0Y\x5cu\xd5UW]\xf5\xef\
\xf19\xc0gs\xd5UW=\x10\xe2\xaa\xff\x89^\x1b\
\xf8-\xae\xba\xea\xaa\xab\xae\xfa\x8f\xf02\xc0_s\xd5\
UW\xdd\x0fq\xd5\xff4\xc7\x81\xbf\x02\x1e\xccUW\
]u\xd5U\xff\x11n\x05^\x06\xd8\xe5\xaa\xab\xae\x02\
@\x5c\xf5?\xcdw\x01\xef\xcdUW]u\xd5U\xff\
\x91\xbe\x1bx\x1f\xae\xba\xea*\x00\xc4U\xff\x93\xbc5\
\xf0S\x5cu\xd5UW]\xf5\x9f\xe1m\x80\x9f\xe6\xaa\
\xab\xaeB\x5c\xf5?\xc5q\xe0\xe9\xc0q\xae\xba\xea\xaa\
\xab\xae\xfa\xcf\xb0\x0b<\x04\xd8\xe5\xaa\xab\xfe\x7fC\x5c\
\xf5?\xc5O\x01o\xcdUW]u\xd5U\xff\x99~\
\x1ax\x1b\xae\xba\xea\xff7\xc4U\xff\x13\xbc6\xf0[\
\x5cu\xd5UW]\xf5_\xe1u\x80\xdf\xe6\xaa\xab\xfe\
\xffB\x5c\xf5\xdf\xed8\xf0W\xc0\x83\xb9\xea\xaa\xab\xae\
\xba\xea\xbf\xc2\xad\xc0\xcb\x00\xbb\x5cu\xd5\xffO\x88\xab\
\xfe\xbb}5\xf0Q\x5cu\xd5UW]\xf5_\xe9k\
\x80\x8f\xe6\xaa\xab\xfe\x7fB\x5c\xf5\xdf\xe9\xb5\x81\xdf\xe2\
\xaa\xab\xae\xba\xea\xaa\xff\x0e/\x03\xfc5W]\xf5\xff\
\x0f\xe2\xaa\xffN\x7f\x05\xbc4W]u\xd5UW\xfd\
w\xf8k\xe0e\xb8\xea\xaa\xff\x7f\x10W\xfdw\xf9l\
\xe0\xb3\xb8\xea\xaa\xab\xae\xba\xea\xbf\xd3\xe7\x00\x9f\xcdU\
W\xfd\xff\x82\xb8\xea\xbf\xc3\x83\x81\xa7s\xd5UW]\
u\xd5\xff\x04\x0f\x01n\xe5\xaa\xab\xfe\xff@\x5c\xf5\xdf\
\xe1\xa7\x80\xb7\xe6\xaa\xab\xae\xba\xea\xaa\xff\x09~\x1ax\
\x1b\xae\xba\xea\xff\x0f\xc4U\xff\xd5^\x1b\xf8-\xae\xba\
\xea\xaa\xab\xae\xfa\x9f\xe4u\x80\xdf\xe6\xaa\xab\xfe\x7f@\
\x5c\xf5_\xed\xaf\x80\x97\xe6\xaa\xab\xae\xba\xea\xaa\xffI\
\xfe\x1ax\x19\xae\xba\xea\xff\x07\xc4U\xff\x95>\x1a\xf8\
*\xae\xba\xea\xaa\xab\xae\xfa\x9f\xe8}\x80\xef\xe6\xaa\xab\
\xfe\xefC\x5c\xf5_\xe58\xf0t\xe08W]u\xd5\
UW\xfdO\xb4\x0b<\x04\xd8\xe5\xaa\xab\xfeoC\x5c\
\xf5_\xe5\xab\x81\x8f\xe2\xaa\xab\xae\xba\xea\xaa\xff\xc9>\
\x07\xf8l\xae\xba\xea\xff6\xc4U\xff\x15\x1e\x0c<\x9d\
\xab\xae\xba\xea\xaa\xab\xfe7x\x08p+W]\xf5\x7f\
\x17\xe2\xaa\xff\x0a\xbf\x05\xbc6W]u\xd5UW\xfd\
o\xf0\xdb\xc0\xebp\xd5U\xffw!\xae\xfa\xcf\xf6\xda\
\xc0oq\xd5UW]u\xd5\xff&\xaf\x03\xfc6W\
]\xf5\x7f\x13\xe2\xaa\xffl\xbf\x05\xbc6W]u\xd5\
UW\xfdo\xf2\xdb\xc0\xebp\xd5U\xff7!\xae\xfa\
\xcf\xf4\xda\xc0oq\xd5UW]u\xd5\xffF\xaf\x03\
\xfc6W]\xf5\x7f\x0f\xe2\xaa\xffL\xbf\x05\xbc6W\
]u\xd5UW\xfdo\xf4\xdb\xc0\xebp\xd5U\xff\xf7\
 \xae\xfa\xcf\xf2\xda\xc0oq\xd5UW]u\xd5\xff\
f\xaf\x03\xfc6W]\xf5\x7f\x0b\xe2\xaa\xff,\xbf\x05\
\xbc6W]u\xd5UW\xfdo\xf6\xdb\xc0\xebp\xd5\
U\xff\xb7 \xae\xfa\xcf\xf0\xd6\xc0Oq\xd5UW]\
u\xd5\xff\x05\xaf\x03\xfc6W]\xf5\x7f\x07\xe2\xaa\xff\
\x0cO\x07\x1e\xccUW]u\xd5U\xff\x17\xdc\x0a<\
\x84\xab\xae\xfa\xbf\x03q\xd5\x7f\xb4\xf7\x06\xbe\x8b\xab\xae\
\xba\xea\xaa\xab\xfe/y\x1f\xe0\xbb\xb9\xea\xaa\xff\x1b\x10\
W\xfdG\xfb+\xe0\xa5\xb9\xea\xaa\xab\xae\xba\xea\xff\x92\
\xbf\x06^\x86\xab\xae\xfa\xbf\x01q\xd5\x7f\xa4\xd7\x06~\
\x8b\xab\xae\xba\xea\xaa\xab\xfe/z\x1d\xe0\xb7\xb9\xea\xaa\
\xff\xfd\x10W\xfdG\xfa-\xe0\xb5\xb9\xea\xaa\xab\xae\xba\
\xea\xff\xa2\xdf\x06^\x87\xab\xae\xfa\xdf\x0fq\xd5\x7f\x94\
\x07\x03O\xe7\xaa\xab\xae\xba\xea\xaa\xff\xcb\x1e\x02\xdc\xca\
UW\xfd\xef\x86\xb8\xea?\xcaw\x03\xef\xc5UW]\
u\xd5U\xff\x97}\x0f\xf0\xde\x5cu\xd5\xffn\x88\xab\
\xfe#<\x18x:W]u\xd5UW\xfd\x7fp\x02\
\xd8\xe5\xaa\xab\xfe\xf7B\x5c\xf5\x1f\xe1\xb3\x81\xcf\xe2\xaa\
\xab\xae\xba\xea\xaa\xff\x0f>\x07\xf8l\xae\xba\xea\x7f/\
\xc4U\xff^\xc7\x81\xa7\x03\xc7\xb9\xea\xaa\xab\xae\xba\xea\
\xff\x83]\xe0!\xc0.W]\xf5\xbf\x13\xe2\xaa\x7f\xaf\
\xf7\x06\xbe\x8b\xab\xae\xba\xea\xaa\xab\xfe?y\x1f\xe0\xbb\
\xb9\xea\xaa\xff\x9d\x10W\xfd{=\x1dx0W]u\
\xd5UW\xfd\x7fr+\xf0\x10\xae\xba\xea\x7f'\xc4U\
\xff\x1e\xaf\x0d\xfc\x16W]u\xd5UW\xfd\x7f\xf4:\
\xc0os\xd5U\xff\xfb \xae\xfa\xf7\xf8n\xe0\xbd\xb8\
\xea\xaa\xab\xae\xba\xea\xff\xa3\xef\x01\xde\x9b\xab\xae\xfa\xdf\
\x07q\xd5\xbf\xd5q\xe0\x22W]u\xd5UW\xfd\x7f\
v\x02\xd8\xe5\xaa\xab\xfewA\x5c\xf5o\xf5\xd1\xc0W\
q\xd5UW]u\xd5\xffg\xef\x03|7W]\xf5\
\xbf\x0b\xe2\xaa\x7f\xab\xbf\x02^\x9a\xab\xae\xba\xea\xaa\xab\
\xfe?\xfbk\xe0e\xb8\xea\xaa\xff]\x10W\xfd[\xbc\
4\xf0W\x5cu\xd5UW]u\x15\xbc\x0c\xf0\xd7\x5c\
u\xd5\xff\x1e\x88\xab\xfe-\xbe\x1bx/\xae\xba\xea\xaa\
\xab\xae\xba\x0a\xbe\x07xo\xae\xba\xea\x7f\x0f\xc4U\xff\
Z\xc7\x81\xa7\x03\xc7\xb9\xea\xaa\xab\xae\xba\xea*\xd8\x05\
\x1e\x02\xecr\xd5U\xff; \xae\xfa\xd7zo\xe0\xbb\
\xb8\xea\xaa\xab\xae\xba\xea\xaag{\x1f\xe0\xbb\xb9\xea\xaa\
\xff\x1d\x10W\xfdk\xfd4\xf0V\x5cu\xd5UW]\
u\xd5\xb3\xfd\x0c\xf0\xd6\x5cu\xd5\xff\x0e\x88\xab\xfe5\
\x8e\x03\x17\xb9\xea\xaa\xab\xae\xba\xea\xaa\xe7u\x02\xd8\xe5\
\xaa\xab\xfe\xe7C\x5c\xf5\xaf\xf1\xde\xc0wq\xd5UW\
]u\xd5U\xcf\xeb}\x80\xef\xe6\xaa\xab\xfe\xe7C\x5c\
\xf5\xaf\xf1\xd3\xc0[q\xd5UW]u\xd5U\xcf\xeb\
g\x80\xb7\xe6\xaa\xab\xfe\xe7C\x5c\xf5\xa2z0\xf0t\
\xae\xba\xea\xaa\xab\xae\xba\xea\x05;\x01\xecr\xd5U\xff\
\xb3!\xaezQ}4\xf0U\x5cu\xd5UW]u\
\xd5\x0b\xf6>\xc0ws\xd5U\xff\xb3!\xaezQ\xfd\
\x15\xf0\xd2\x5cu\xd5UW]u\xd5\x0b\xf6\xd7\xc0\xcb\
p\xd5U\xff\xb3!\xaezQ<\x18x:W]u\
\xd5UW]\xf5/{\x08p+W]\xf5?\x17\xe2\
\xaa\x17\xc5G\x03_\xc5UW]u\xd5UW\xfd\xcb\
>\x06\xf8j\xae\xba\xea\x7f.\xc4U/\x8a\xdf\x06^\
\x8b\xab\xae\xba\xea\xaa\xab\xae\xfa\x97\xfd\x0e\xf0\xda\x5cu\
\xd5\xff\x5c\x88\xab\xfe%\xc7\x81\x8b\x5cu\xd5UW]\
u\xd5\x8b\xee\x04\xb0\xcbUW\xfd\xcf\x84\xb8\xea_\xf2\
\xd6\xc0Oq\xd5UW]u\xd5U/\xba\xb7\x01~\
\x9a\xab\xae\xfa\x9f\x09q\xd5\xbf\xe4\xbb\x81\xf7\xe2\xaa\xab\
\xae\xba\xea\xaa\xab^t\xdf\x03\xbc7W]\xf5?\x13\
\xe2\xaa\x7f\xc9\xd3\x81\x07s\xd5UW]u\xd5U/\
\xba[\x81\x87p\xd5U\xff3!\xaeza^\x1a\xf8\
+\xae\xba\xea\xaa\xab\xae\xba\xea_\xefe\x80\xbf\xe6\xaa\
\xab\xfe\xe7A\x5c\xf5\xc2|4\xf0U\x5cu\xd5UW\
]u\xd5\xbf\xde\xc7\x00_\xcdUW\xfd\xcf\x83\xb8\xea\
\x85\xf9m\xe0\xb5\xb8\xea\xaa\xab\xae\xba\xea\xaa\x7f\xbd\xdf\
\x01^\x9b\xab\xae\xfa\x9f\x07q\xd5\x0br\x1c\xb8\xc8U\
W]u\xd5UW\xfd\xdb\x9d\x00v\xb9\xea\xaa\xffY\
\x10W\xbd o\x0d\xfc\x14W]u\xd5UW]\xf5\
o\xf76\xc0Os\xd5U\xff\xb3 \xaezA\xbe\x1a\
\xf8(\xae\xba\xea\xaa\xab\xae\xba\xea\xdf\xeek\x80\x8f\xe6\
\xaa\xab\xfegA\x5c\xf5\x82\xfc\x15\xf0\xd2\x5cu\xd5U\
W]u\xd5\xbf\xdd_\x03/\xc3UW\xfd\xcf\x82\xb8\
\xea\x051W]u\xd5UW]\xf5\xef'\xae\xba\xea\
\x7f\x16\xc4U\xcf\xcfk\x03\xbf\xc5UW]u\xd5U\
W\xfd\xfb\xbd\x0e\xf0\xdb\x5cu\xd5\xff\x1c\x88\xab\x9e\x9f\
\xcf\x06>\x8b\xab\xae\xba\xea\xaa\xab\xae\xfa\xf7\xfb\x1c\xe0\
\xb3\xb9\xea\xaa\xff9\x10W=?\xbf\x0d\xbc\x16W]\
u\xd5UW]\xf5\xef\xf7;\xc0ks\xd5U\xffs\
 \xaez~.\x02\xc7\xb9\xea\xaa\xab\xae\xba\xea\xaa\x7f\
\xbf]\xe0\x04W]\xf5?\x07\xe2\xaa\xe7\xf6\xd2\xc0_\
q\xd5UW]u\xd5U\xffq^\x06\xf8k\xae\xba\
\xea\x7f\x06\xc4U\xcf\xed\xa3\x81\xaf\xe2\xaa\xab\xae\xba\xea\
\xaa\xab\xfe\xe3|\x0c\xf0\xd5\x5cu\xd5\xff\x0c\x88\xab\x9e\
\xdbw\x03\xef\xc5UW]u\xd5UW\xfd\xc7\xf9\x1e\
\xe0\xbd\xb9\xea\xaa\xff\x19\x10W=\xb7\xa7\x03\x0f\xe6\xaa\
\xab\xae\xba\xea\xaa\xab\xfe\xe3\xfc5\xf02\x5cu\xd5\xff\
\x0c\x88\xab\x9e\x9b\xb9\xea\xaa\xab\xae\xba\xea\xaa\xffx\xe2\
\xaa\xab\xfeg@\x5c\xf5@\xaf\x0d\xfc\x16W]u\xd5\
UW]\xf5\x1f\xefu\x80\xdf\xe6\xaa\xab\xfe\xfb!\xae\
z\xa0\xf7\x06\xbe\x8b\xab\xae\xba\xea\xaa\xab\xae\xfa\x8f\xf7\
>\xc0ws\xd5U\xff\xfd\x10W=\xd0W\x03\x1f\xc5\
UW]u\xd5UW\xfd\xc7\xfb\x1a\xe0\xa3\xb9\xea\xaa\
\xff~\x88\xab\x1e\xe8\xb7\x81\xd7\xe2\xaa\xab\xae\xba\xea\xaa\
\xab\xfe\xe3\xfd\x0e\xf0\xda\x5cu\xd5\x7f?\xc4U\x0ft\
\x118\xceUW]u\xd5UW\xfd\xc7\xdb\x05Np\
\xd5U\xff\xfd\x10W\xdd\xef\xc1\xc0\xd3\xb9\xea\xaa\xab\xae\
\xba\xea\xaa\xff<'\x80]\xae\xba\xea\xbf\x17\xe2\xaa\xfb\
\xbd6\xf0[\x5cu\xd5UW]u\xd5\x7f\x9e\xd7\x01\
~\x9b\xab\xae\xfa\xef\x85\xb8\xea~\x9f\x0d|\x16W]\
u\xd5UW]\xf5\x9f\xe7s\x80\xcf\xe6\xaa\xab\xfe{\
!\xae\xba\xdfw\x03\xef\xc5UW]u\xd5UW\xfd\
\xe7\xf9\x1e\xe0\xbd\xb9\xea\xaa\xff^\x88\xab\xee\xf7\xdb\xc0\
kq\xd5UW]u\xd5U\xffy~\x07xm\xae\
\xba\xea\xbf\x17\xe2\xaa\xfb=\x1dx0W]u\xd5U\
W]\xf5\x9f\xe7V\xe0!\x5cu\xd5\x7f/\xc4U\xf7\
3W]u\xd5UW]\xf5\x9fO\x5cu\xd5\x7f/\
\xc4U\x00\x0f\x06\x9e\xceUW]u\xd5UW\xfd\xe7\
{\x08p+W]\xf5\xdf\x07q\x15\xc0k\x03\xbf\xc5\
UW]u\xd5UW\xfd\xe7{\x1d\xe0\xb7\xb9\xea\xaa\
\xff>\x88\xab\x00>\x1a\xf8*\xae\xba\xea\xaa\xab\xae\xba\
\xea?\xdf\xfb\x00\xdf\xcdUW\xfd\xf7A\x5c\x05\xf0\xd9\
\xc0gq\xd5UW]u\xd5U\xff\xf9>\x07\xf8l\
\xae\xba\xea\xbf\x0f\xe2*\x80\x9f\x06\xde\x8a\xab\xfe\xbfz\
\x06\xf0\xdb\xc0_\x03\x7f\x0d\xdc\x0a\xdc\xcaUW\xfd\xc7\
y0\xf0`\xe0\xa5\x81\x97\x06\xde\x1a8\xc6U\xff_\
}\x0f\xf0\xde\x5cu\xd5\x7f\x1f\xc4U\x00\xbf\x0d\xbc\x16\
W\xfd\x7fr\x09\xf8n\xe0\xbb\x81\xbf\xe6\xaa\xab\xfe\xeb\
\xbd4\xf0\xde\xc0{\x03\xc7\xb8\xea\xff\x93\xdf\x01^\x9b\
\xab\xae\xfa\xef\x83\xb8\x0a\xe0\x22p\x9c\xab\xfe?x\x06\
\xf0\xd9\xc0ws\xd5U\xff3\x1c\x07\xde\x1a\xf8l\xe0\
A\x5c\xf5\xff\xc1.p\x82\xab\xae\xfa\xef\x83\xb8\x0a\xc0\
\x5c\xf5\xff\xc1\xe7\x00_\x0d\xecr\xd5U\xff\xf3\x1c\x07\
>\x1a\xf8,\xae\xfa\xff@\x5cu\xd5\x7f\x1f\xc4U\x00\
\xe6\xaa\xff\xcb\xfe\x06xo\xe0\xaf\xb9\xea\xaa\xff\xf9^\
\x1a\xf8n\xe0\xa5\xb8\xea\xff2q\xd5U\xff}\x10W\
\xbd4\xf0W\x5c\xf5\x7f\xd5\xf7\x00\x1f\x0d\xecr\xd5U\
\xff{\x1c\x07\xbe\x1ax/\xae\xfa\xbf\xea!\xc0\xad\x5c\
u\xd5\x7f\x0f\xc4U\xaf\x0d\xfc\x16W\xfd_\xf4=\xc0\
{s\xd5U\xff{}7\xf0^\x5c\xf5\x7f\xd1\xeb\x00\
\xbf\xcdUW\xfd\xf7@\x5c\xf5\xda\xc0oq\xd5\xff5\
\xdf\x03\xbc7W]\xf5\xbf\xdfw\x03\xef\xc5U\xff\xd7\
\xbc\x0e\xf0\xdb\x5cu\xd5\x7f\x0f\xc4U\xef\x0d|\x17W\
\xfd_\xf2=\xc0{s\xd5U\xffw|7\xf0^\x5c\
\xf5\x7f\xc9\xdb\x00?\xcdUW\xfd\xf7@\x5c\xf5\xd9\xc0\
gq\xd5\xff\x15\x7f\x03\xbc6\xb0\xcbUW\xfd\xdfq\
\x1c\xf8m\xe0\xa5\xb8\xea\xff\x8a\xcf\x01>\x9b\xab\xae\xfa\
\xef\x81\xb8\xea\xb3\x81\xcf\xe2\xaa\xff+^\x06\xf8k\xae\
\xba\xea\xff\x9e\x97\x06\xfe\x8a\xab\xfe\xaf\xf8\x1c\xe0\xb3\xb9\
\xea\xaa\xff\x1e\x88\xab>\x1b\xf8,\xae\xfa\xbf\xe0s\x80\
\xcf\xe6\xaa\xab\xfe\xef\xfal\xe0\xb3\xb8\xea\xff\x82\xcf\x01\
>\x9b\xab\xae\xfa\xef\x81\xb8\xea\xb7\x81\xd7\xe2\xaa\xff\xed\
\x9e\x01\xbc4\xb0\xcbUW\xfd\xdfu\x1c\xf8k\xe0A\
\x5c\xf5\xbf\xdd\xef\x00\xaf\xcdUW\xfd\xf7@\x5c\xf5\xdb\
\xc0kq\xd5\xffv\xef\x03|7W]\xf5\x7f\xdf{\
\x03\xdf\xc5U\xff\xdb\xfd\x0e\xf0\xda\x5cu\xd5\x7f\x0f\xc4\
U\xbf\x0d\xbc\x16W\xfdov\x098\xceUW\xfd\xff\
p\x1c\xb8\x158\xc6U\xff\x9b\xfd\x0e\xf0\xda\x5cu\xd5\
\x7f\x0f\xc4U\xbf\x0d\xbc\x16W\xfdo\xf65\xc0Gs\
\xd5U\xff\x7f|5\xf0Q\x5c\xf5\xbf\xd9\xef\x00\xaf\xcd\
UW\xfd\xf7@\x5c\xf5\xdb\xc0kq\xd5\xfff/\x03\
\xfc5W]\xf5\xff\xc7K\x03\x7f\xc5U\xff\x9b\xfd\x0e\
\xf0\xda\x5cu\xd5\x7f\x0f\xc4U\xbf\x0d\xbc\x16W\xfdo\
\xf5\x0c\xe0\xc1\x5cu\xd5\xff?\xbb\xc01\xae\xfa\xdf\xea\
w\x80\xd7\xe6\xaa\xab\xfe{ \xae\xfam\xe0\xb5\xb8\xea\
\x7f\xab\xef\x01\xde\x9b\xab\xae\xfa\xff\xe7\xbb\x81\xf7\xe2\xaa\
\xff\xad~\x07xm\xae\xba\xea\xbf\x07\xe2*s\xd5\xff\
f\x1f\x03|5W]\xf5\xff\xcfg\x03\x9f\xc5U\xff\
[\xed\x02'\xb8\xea\xaa\xff\x1e\x88\xab\xccU\xff\x9b\xbd\
\x0e\xf0\xdb\x5cu\xd5\xff?\xaf\x0d\xfc\x16W\xfdo&\
\xae\xba\xea\xbf\x07\xe2*s\xd5\xfff\x0f\x01n\xe5\xaa\
\xab\xfe\xffy0\xf0t\xae\xfa\xdfL\x5cu\xd5\x7f\x0f\
\xc4U\xe6\xaa\xff\xcd\xc4UW\xfd\xffe\xae\xfa\xdfL\
\x5cu\xd5\x7f\x0f\xc4U\xe6\xaa\xff\xcd\xc4UW\xfd\xff\
e\xae\xfa\xdfL\x5cu\xd5\x7f\x0f\xc4U\xe6\xaa\xff\xcd\
\xc4UW\xfd\xffe\xae\xfa\xdfL\x5cu\xd5\x7f\x0f\xc4\
U\xe6\xaa\xff\xcd\xc4UW\xfd\xffe\xae\xfa\xdfL\x5c\
u\xd5\x7f\x0f\xc4U\xe6\xaa\xff\xcd\x1e\x02\xdc\xcaUW\
\xfd\xff\xf3`\xe0\xe9\x5c\xf5\xbf\x99\xb8\xea\xaa\xff\x1e\x88\
\xab\xccU\xff\x9b\xbd\x0e\xf0\xdb\x5cu\xd5\xff?\xaf\x0d\
\xfc\x16W\xfdo&\xae\xba\xea\xbf\x07\xe2*s\xd5\xff\
f\x1f\x03|5W]\xf5\xff\xcfg\x03\x9f\xc5U\xff\
\x9b\x89\xab\xae\xfa\xef\x81\xb8\xea\xb7\x81\xd7\xe2\xaa\xff\xad\
\xbe\x07xo\xae\xba\xea\xff\x9f\xef\x06\xde\x8b\xab\xfe7\
\x13W]\xf5\xdf\x03q\xd5o\x03\xaf\xc5U\xff[\xdd\
\x0a<\x84\xab\xae\xfa\xff\xe7\x22p\x9c\xab\xfe\xb7\xfa\x1d\
\xe0\xb5\xb9\xea\xaa\xff\x1e\x88\xab~\x1bx-\xae\xfa\xdf\
\xece\x80\xbf\xe6\xaa\xab\xfe\xffxi\xe0\xaf\xb8\xea\x7f\
\xb3\xdf\x01^\x9b\xab\xae\xfa\xef\x81\xb8\xea\xb7\x81\xd7\xe2\
\xaa\xff\xcd\xbe\x06\xf8h\xae\xba\xea\xff\x8f\xaf\x06>\x8a\
\xab\xfe7\xfb\x1d\xe0\xb5\xb9\xea\xaa\xff\x1e\x88\xab~\x1b\
x-\xae\xfa\xdfl\x178\xc1UW\xfd\xffp\x1cx\
:p\x9c\xab\xfe7\xfb\x1d\xe0\xb5\xb9\xea\xaa\xff\x1e\x88\
\xab~\x1bx-\xae\xfa\xdf\xee}\x80\xef\xe6\xaa\xab\xfe\
\xef{o\xe0\xbb\xb8\xea\x7f\xbb\xdf\x01^\x9b\xab\xae\xfa\
\xef\x81\xb8\xea\xb7\x81\xd7\xe2\xaa\xff\xedn\x05^\x06\xd8\
\xe5\xaa\xab\xfe\xef:\x0e\xfc\x15\xf0`\xae\xfa\xdf\xeeg\
\x80\xb7\xe6\xaa\xab\xfe{ \xae\xfal\xe0\xb3\xb8\xea\xff\
\x82\xcf\x01>\x9b\xab\xae\xfa\xbf\xeb\xb3\x81\xcf\xe2\xaa\xff\
\x0b>\x07\xf8l\xae\xba\xea\xbf\x07\xe2\xaa\xcf\x06>\x8b\
\xab\xfe\xafx\x19\xe0\xaf\xb9\xea\xaa\xff{^\x1a\xf8+\
\xae\xfa\xbf\xe2s\x80\xcf\xe6\xaa\xab\xfe{ \xae\xfal\
\xe0\xb3\xb8\xea\xff\x8a\xbf\x06^\x07\xd8\xe5\xaa\xab\xfe\xef\
8\x0e\xfc\x16\xf0\xd2\x5c\xf5\x7f\xc5\xe7\x00\x9f\xcdUW\
\xfd\xf7@\x5c\xf5\xde\xc0wq\xd5\xff%\xdf\x0d\xbc\x0f\
W]\xf5\x7f\xc7w\x01\xef\xcdU\xff\x97|\x0e\xf0\xd9\
\x5cu\xd5\x7f\x0f\xc4U\xaf\x0d\xfc\x16W\xfd_\xf3\xdd\
\xc0\xfbp\xd5U\xff\xfb}\x17\xf0\xde\x5c\xf5\x7f\xcd\xeb\
\x00\xbf\xcdUW\xfd\xf7@\x5c\xf5\xda\xc0oq\xd5\xff\
E\xdf\x0d\xbc\x0fW]\xf5\xbf\xd7w\x01\xef\xcdU\xff\
\x17\xbd\x0e\xf0\xdb\x5cu\xd5\x7f\x0f\xc4U/\x0d\xfc\x15\
W\xfd_\xf5\xdd\xc0\xc7\x00\xbb\x5cu\xd5\xff\x1e\xc7\x81\
\xaf\x02\xde\x9b\xab\xfe\xafz\x19\xe0\xaf\xb9\xea\xaa\xff\x1e\
\x88\xab\x00\xccU\xff\x97\xfd5\xf0>\xc0_s\xd5U\
\xff\xf3\xbd4\xf0]\xc0Ks\xd5\xffe\xe2\xaa\xab\xfe\
\xfb \xae\x020W\xfd\x7f\xf0\xd9\xc0\xd7\x00\xbb\x5cu\
\xd5\xff<\xc7\x81\x8f\x02>\x9b\xab\xfe?\x10W]\xf5\
\xdf\x07q\x15\xc0.p\x8c\xab\xfe?\xb8\x15\xf8l\xe0\
g\x80]\xae\xba\xea\xbf\xdfq\xe0\xad\x80\xcf\x06\x1e\xcc\
U\xff\x1f\xfc\x0d\xf0\xd2\x5cu\xd5\x7f\x1f\xc4U\x00\xbf\
\x0d\xbc\x16W\xfd\x7f\xb2\x0b|7\xf0=\xc0_s\xd5\
U\xff\xf5^\x1ax/\xe0\xbd\x81\xe3\x5c\xf5\xff\xc9\xef\
\x00\xaf\xcdUW\xfd\xf7A\x5c\x05\xf0\xd3\xc0[q\xd5\
\xffW\xbb\xc0O\x03\xb7\x02\xbf\x0d<\x03\xb8\x95\xab\xae\
\xfa\x8f\xf3`\xe0A\xc0k\x03\x0f\x06\xde\x1a8\xceU\
\xff_\xfd\x0c\xf0\xd6\x5cu\xd5\x7f\x1f\xc4U\x00\x9f\x0d\
|\x16W]u\xd5UW]\xf5\x9f\xefs\x80\xcf\xe6\
\xaa\xab\xfe\xfb \xae\x02\xf8h\xe0\xab\xb8\xea\xaa\xab\xae\
\xba\xea\xaa\xff|\x9f\x03|6W]\xf5\xdf\x07q\x15\
\xc0k\x03\xbf\xc5UW]u\xd5UW\xfd\xe7{\x1d\
\xe0\xb7\xb9\xea\xaa\xff>\x88\xab\x00\x1e\x0c<\x9d\xab\xae\
\xba\xea\xaa\xab\xae\xfa\xcf\xf72\xc0_s\xd5U\xff}\
\x10W\xdd\xcf\x5cu\xd5UW]u\xd5\x7f>q\xd5\
U\xff\xbd\x10W\xdd\xefV\xe0A\x5cu\xd5UW]\
u\xd5\x7f\x9eg\x00\x0f\xe6\xaa\xab\xfe{!\xae\xba\xdf\
o\x03\xaf\xc5UW]u\xd5UW\xfd\xe7\xf9\x1d\xe0\
\xb5\xb9\xea\xaa\xff^\x88\xab\xee\xf7\xdd\xc0{q\xd5U\
W]u\xd5U\xffy\xbe\x06\xf8h\xae\xba\xea\xbf\x17\
\xe2\xaa\xfb}6\xf0Y\x5cu\xd5UW]u\xd5\x7f\
\x9e\xcf\x01>\x9b\xab\xae\xfa\xef\x85\xb8\xea~\xaf\x0d\xfc\
\x16W]u\xd5UW]\xf5\x9f\xe7u\x80\xdf\xe6\xaa\
\xab\xfe{!\xae\xba\xdf\x83\x81\xa7s\xd5UW]u\
\xd5U\xffy\x1e\x02\xdc\xcaUW\xfd\xf7B\x5c\xf5@\
\xbb\xc01\xae\xba\xea\xaa\xab\xae\xba\xea?\xde%\xe08\
W]\xf5\xdf\x0fq\xd5\x03\xfd6\xf0Z\x5cu\xd5U\
W]u\xd5\x7f\xbc\xdf\x01^\x9b\xab\xae\xfa\xef\x87\xb8\
\xea\x81\xbe\x1a\xf8(\xae\xba\xea\xaa\xab\xae\xba\xea?\xde\
\xd7\x00\x1f\xcdUW\xfd\xf7C\x5c\xf5@\xef\x0d|\x17\
W]u\xd5UW]\xf5\x1f\xef}\x80\xef\xe6\xaa\xab\
\xfe\xfb!\xaez\xa0\xd7\x06~\x8b\xab\xae\xba\xea\xaa\xab\
\xae\xfa\x8f\xf7:\xc0os\xd5U\xff\xfd\x10W=7\
s\xd5UW]u\xd5U\xff\xf1\xc4UW\xfd\xcf\x80\
\xb8\xea\xb9\xdd\x0a<\x88\xab\xae\xba\xea\xaa\xab\xae\xfa\x8f\
\xf37\xc0Ks\xd5U\xff3 \xaezn\xdf\x0d\xbc\
\x17W]u\xd5UW]\xf5\x1f\xe7{\x80\xf7\xe6\xaa\
\xab\xfeg@\x5c\xf5\xdc>\x1a\xf8*\xae\xba\xea\xaa\xab\
\xae\xba\xea?\xce\xc7\x00_\xcdUW\xfd\xcf\x80\xb8\xea\
\xb9\xbd4\xf0W\x5cu\xd5UW]u\xd5\x7f\x9c\x97\
\x01\xfe\x9a\xab\xae\xfa\x9f\x01q\xd5\xf3\xb3\x0b\x1c\xe3\xaa\
\xab\xae\xba\xea\xaa\xab\xfe\xfd.\x01\xc7\xb9\xea\xaa\xff9\
\x10W=?\xbf\x0d\xbc\x16W]u\xd5UW]\xf5\
\xef\xf7;\xc0ks\xd5U\xffs \xaez~>\x1b\
\xf8,\xae\xba\xea\xaa\xab\xae\xba\xea\xdf\xefs\x80\xcf\xe6\
\xaa\xab\xfe\xe7@\x5c\xf5\xfc\xbc6\xf0[\x5cu\xd5U\
W]u\xd5\xbf\xdf\xeb\x00\xbf\xcdUW\xfd\xcf\x81\xb8\
\xea\x051W]u\xd5UW]\xf5\xefw\x02\xd8\xe5\
\xaa\xab\xfe\xe7@\x5c\xf5\x82\xfc5\xf0R\x5cu\xd5U\
W]u\xd5\xbf\xdd\xdf\x00/\xcdUW\xfd\xcf\x82\xb8\
\xea\x05\xf9j\xe0\xa3\xb8\xea\xaa\xab\xae\xba\xea\xaa\x7f\xbb\
\xaf\x01>\x9a\xab\xae\xfa\x9f\x05q\xd5\x0b\xf2\xd6\xc0O\
q\xd5UW]u\xd5U\xffv\xaf\x03\xfc6W]\
\xf5?\x0b\xe2\xaa\x17\xe48p\x91\xab\xae\xba\xea\xaa\xab\
\xae\xfa\xb7\x13W]\xf5?\x0f\xe2\xaa\x17\xe6\xb7\x81\xd7\
\xe2\xaa\xab\xae\xba\xea\xaa\xab\xfe\xf5~\x07xm\xae\xba\
\xea\x7f\x1e\xc4U/\xccG\x03_\xc5UW]u\xd5\
UW\xfd\xeb}\x0c\xf0\xd5\x5cu\xd5\xff<\x88\xab^\
\x98\x97\x06\xfe\x8a\xab\xae\xba\xea\xaa\xab\xae\xfa\xd7{\x19\
\xe0\xaf\xb9\xea\xaa\xffy\x10W\xfdKn\x05\x1e\xc4U\
W]u\xd5UW\xbd\xe8.\x01\xc7\xb9\xea\xaa\xff\x99\
\x10W\xfdK\xbe\x1bx/\xae\xba\xea\xaa\xab\xae\xba\xea\
E\xf7=\xc0{s\xd5U\xff3!\xae\xfa\x97\xbc5\
\xf0S\x5cu\xd5UW]u\xd5\x8b\xeem\x80\x9f\xe6\
\xaa\xab\xfegB\x5c\xf5/9\x0e\x5c\xe4\xaa\xab\xae\xba\
\xea\xaa\xab^t'\x80]\xae\xba\xea\x7f&\xc4U/\
\x8a\xdf\x06^\x8b\xab\xae\xba\xea\xaa\xab\xae\xfa\x97\xfd\x0c\
\xf0\xd6\x5cu\xd5\xff\x5c\x88\xab^\x14\x1f\x0d|\x15W\
]u\xd5UW]\xf5/{\x1f\xe0\xbb\xb9\xea\xaa\xff\
\xb9\x10W\xbd(\x1e\x0c<\x9d\xab\xae\xba\xea\xaa\xab\xae\
\xfa\x97\x9d\x00v\xb9\xea\xaa\xff\xb9\x10W\xbd\xa8\xfe\x1a\
x)\xae\xba\xea\xaa\xab\xae\xba\xea\x05\xfb\x1b\xe0\xa5\xb9\
\xea\xaa\xff\xd9\x10W\xbd\xa8>\x1a\xf8*\xae\xba\xea\xaa\
\xab\xae\xba\xea\x05\xfb\x18\xe0\xab\xb9\xea\xaa\xff\xd9\x10W\
\xbd\xa8\x1e\x0c<\x9d\xab\xae\xba\xea\xaa\xab\xaez\xc1\x1e\
\x02\xdc\xcaUW\xfd\xcf\x86\xb8\xea_\xe3\xa7\x81\xb7\xe2\
\xaa\xab\xae\xba\xea\xaa\xab\x9e\xd7\xef\x00\xaf\xcdUW\xfd\
\xcf\x87\xb8\xea_\xe3\xbd\x81\xef\xe2\xaa\xab\xae\xba\xea\xaa\
\xab\x9e\xd7\xfb\x00\xdf\xcdUW\xfd\xcf\x87\xb8\xea_\xe3\
8p\x91\xab\xae\xba\xea\xaa\xab\xaez^'\x80]\xae\
\xba\xea\x7f>\xc4U\xffZ?\x0d\xbc\x15W]u\xd5\
UW]\xf5l?\x03\xbc5W]\xf5\xbf\x03\xe2\xaa\
\x7f\xad\xf7\x06\xbe\x8b\xab\xae\xba\xea\xaa\xab\xaez\xb6\xf7\
\x01\xbe\x9b\xab\xae\xfa\xdf\x01q\xd5\xbf\xd6q\xe0V\xe0\
\x18W]u\xd5UW]\x05\x97\x80\xe3\x5cu\xd5\xff\
\x1e\x88\xab\xfe-\xbe\x1bx/\xae\xba\xea\xaa\xab\xae\xba\
\x0a\xbe\x07xo\xae\xba\xea\x7f\x0f\xc4U\xff\x16/\x0d\
\xfc\x15W]u\xd5UW]\x05/\x03\xfc5W]\
\xf5\xbf\x07\xe2\xaa\x7f\xab\xbf\x06^\x8a\xab\xae\xba\xea\xaa\
\xab\xfe?\xfb\x1b\xe0\xa5\xb9\xea\xaa\xff]\x10W\xfd[\
\xbd7\xf0]\x5cu\xd5UW]\xf5\xff\xd9\xfb\x00\xdf\
\xcdUW\xfd\xef\x82\xb8\xea\xdf\xea8p\x91\xab\xae\xba\
\xea\xaa\xab\xfe\xbf\xba\x04<\x18\xd8\xe5\xaa\xab\xfewA\
\x5c\xf5\xef\xf1\xdd\xc0{q\xd5UW]u\xd5\xffG\
\xdf\x03\xbc7W]\xf5\xbf\x0f\xe2\xaa\x7f\x8f\xd7\x06~\
\x8b\xab\xae\xba\xea\xaa\xab\xfe?z\x1d\xe0\xb7\xb9\xea\xaa\
\xff}\x10W\xfd{\xdd\x0a<\x88\xab\xae\xba\xea\xaa\xab\
\xfe?y\x06\xf0`\xae\xba\xea\x7f'\xc4U\xff^\xef\
\x0d|\x17W]u\xd5UW\xfd\x7f\xf2>\xc0ws\
\xd5U\xff;!\xae\xfa\xf7:\x0e\xdc\x0a\x1c\xe3\xaa\xab\
\xae\xba\xea\xaa\xff\x0f.\x01\xc7\xb9\xea\xaa\xff\xbd\x10W\
\xfdG\xf8l\xe0\xb3\xb8\xea\xaa\xab\xae\xba\xea\xff\x83\xcf\
\x01>\x9b\xab\xae\xfa\xdf\x0bq\xd5\x7f\x84\xe3\xc0E\xae\
\xba\xea\xaa\xab\xae\xfa\xff\xe0\x04\xb0\xcbUW\xfd\xef\x85\
\xb8\xea?\xcaw\x03\xef\xc5UW]u\xd5U\xff\x97\
}\x0f\xf0\xde\x5cu\xd5\xffn\x88\xab\xfe\xa3<\x18x\
:W]u\xd5UW\xfd_\xf6\x10\xe0V\xae\xba\xea\
\x7f7\xc4U\xff\x91~\x1bx-\xae\xba\xea\xaa\xab\xae\
\xfa\xbf\xe8w\x80\xd7\xe6\xaa\xab\xfe\xf7C\x5c\xf5\x1f\xe9\
\xb5\x81\xdf\xe2\xaa\xab\xae\xba\xea\xaa\xff\x8b^\x07\xf8m\
\xae\xba\xea\x7f?\xc4U\xff\xd1\xfe\x1ax)\xae\xba\xea\
\xaa\xab\xae\xfa\xbf\xe4w\x80\xd7\xe6\xaa\xab\xfeo@\x5c\
\xf5\x1f\xed\xbd\x81\xef\xe2\xaa\xab\xae\xba\xea\xaa\xffK^\
\x07\xf8m\xae\xba\xea\xff\x06\xc4U\xff\x19n\x05\x1e\xc4\
UW]u\xd5U\xff\x17\xfc\x0e\xf0\xda\x5cu\xd5\xff\
\x1d\x88\xab\xfe3\xbc6\xf0[\x5cu\xd5UW]\xf5\
\x7f\xc1\xeb\x00\xbf\xcdUW\xfd\xdf\x81\xb8\xea?\xcbo\
\x03\xaf\xc5UW]u\xd5U\xff\x9b\xfd\x0e\xf0\xda\x5c\
u\xd5\xff-\x88\xab\xfe\xb3\xbc6\xf0[\x5cu\xd5U\
W]\xf5\xbf\xd9\xeb\x00\xbf\xcdUW\xfd\xdf\x82\xb8\xea\
?\xd3o\x03\xaf\xc5UW]u\xd5U\xff\x1b\xfd\x0d\
\xf0\xd2\x5cu\xd5\xff=\x88\xab\xfe3\xbd6\xf0[\x5c\
u\xd5UW]\xf5\xbf\xd1\xeb\x00\xbf\xcdUW\xfd\xdf\
\x83\xb8\xea?\xdbo\x03\xaf\xc5UW]u\xd5U\xff\
\x9b\xfc\x0e\xf0\xda\x5cu\xd5\xffM\x88\xab\xfe\xb3\xbd6\
\xf0[\x5cu\xd5UW]\xf5\xbf\xc9\xcb\x00\x7f\xcdU\
W\xfd\xdf\x84\xb8\xea\xbf\xc2o\x03\xaf\xc5UW]u\
\xd5U\xff\x1b|\x0f\xf0\xde\x5cu\xd5\xff]\x88\xab\xfe\
+<\x18x:W]u\xd5UW\xfdo\xf0\x10\xe0\
V\xae\xba\xea\xff.\xc4U\xffU\xbe\x1a\xf8(\xae\xba\
\xea\xaa\xab\xae\xfa\x9f\xeck\x80\x8f\xe6\xaa\xab\xfeoC\
\x5c\xf5_\xe58p+p\x8c\xab\xae\xba\xea\xaa\xab\xfe\
'\xba\x04<\x18\xd8\xe5\xaa\xab\xfeoC\x5c\xf5_\xe9\
\xbd\x81\xef\xe2\xaa\xab\xae\xba\xea\xaa\xff\x89>\x06\xf8j\
\xae\xba\xea\xff>\xc4U\xff\xd5\xfe\x1ax)\xae\xba\xea\
\xaa\xab\xae\xfa\x9f\xe4o\x80\x97\xe6\xaa\xab\xfe\x7f@\x5c\
\xf5_\xed\xb5\x81\xdf\xe2\xaa\xab\xae\xba\xea\xaa\xffI^\
\x07\xf8m\xae\xba\xea\xff\x07\xc4U\xff\x1d~\x1ax+\
\xae\xba\xea\xaa\xab\xae\xfa\x9f\xe0g\x80\xb7\xe6\xaa\xab\xfe\
\xff@\x5c\xf5\xdf\xe1\xc1\xc0\xd3\xb9\xea\xaa\xab\xae\xba\xea\
\xbf\xdb%\xe0\xa5\x81[\xb9\xea\xaa\xff?\x10W\xfdw\
\xf9l\xe0\xb3\xb8\xea\xaa\xab\xae\xba\xea\xbf\xd3\xe7\x00\x9f\
\xcdUW\xfd\xff\x82\xb8\xea\xbf\xd3_\x03/\xc5UW\
]u\xd5U\xff\x1d\x9e\x01<\x98\xab\xae\xfa\xff\x07q\
\xd5\x7f\xa7\xd7\x06~\x8b\xab\xae\xba\xea\xaa\xab\xfe;\xbc\
\x0e\xf0\xdb\x5cu\xd5\xff?\x88\xab\xfe\xbb}5\xf0Q\
\x5cu\xd5UW]\xf5_\xe9k\x80\x8f\xe6\xaa\xab\xfe\
\x7fB\x5c\xf5\xdf\xed8\xf0\xd7\xc0\x83\xb8\xea\xaa\xab\xae\
\xba\xea\xbf\xc23\x80\x97\x06v\xb9\xea\xaa\xff\x9f\x10W\
\xfdO\xf0\xda\xc0oq\xd5UW]u\xd5\x7f\x85\xd7\
\x01~\x9b\xab\xae\xfa\xff\x0bq\xd5\xff\x14?\x0d\xbc\x15\
W]u\xd5UW\xfdg\xfa\x19\xe0\xad\xb9\xea\xaa\xff\
\xdf\x10W\xfdOq\x1c\xb8\x158\xc6UW]u\xd5\
U\xff\x19.\x01\x0f\x06v\xb9\xea\xaa\xff\xdf\x10W\xfd\
O\xf2\xd6\xc0Oq\xd5UW]u\xd5\x7f\x86\xb7\x01\
~\x9a\xab\xae\xba\x0aq\xd5\xff4\xdf\x0d\xbc\x17W]\
u\xd5UW\xfdG\xfa\x19\xe0\xad\xb9\xea\xaa\xab\x00\x10\
W\xfdOs\x1c\xf8k\xe0A\x5cu\xd5UW]\xf5\
\x1f\xe1\x19\xc0K\x03\xbb\x5cu\xd5U\x00\x88\xab\xfe'\
zm\xe0\xb7\xb8\xea\xaa\xab\xae\xba\xea?\xc2\xeb\x00\xbf\
\xcdUW]u?\xc4U\xffS}6\xf0Y\x5cu\
\xd5UW]\xf5\xef\xf15\xc0Gs\xd5UW=\x10\
\xe2\xaa\xff\xc9\xfe\x1ax)\xae\xba\xea\xaa\xab\xae\xfa\xb7\
\xf8\x1b\xe0\xa5\xb9\xea\xaa\xab\x9e\x1b\xe2\xaa\xff\xc9\x1e\x0c\
\xfc5p\x8c\xab\xae\xba\xea\xaa\xab\xfe\xb5^\x07\xf8m\
\xae\xba\xea\xaa\xe7\x86\xb8\xea\x7f\xba\xf7\x06\xbe\x8b\xab\xae\
\xba\xea\xaa\xab\xfe\xb5\xfe\x1ax\x1d`\x97\xab\xae\xba\xea\
\x81\x10W\xfdo\xf0\xdd\xc0{q\xd5UW]u\xd5\
\xbf\xd6_\x03\xaf\x03\xecr\xd5UW\xdd\x0fq\xd5\xff\
\x06\xc7\x81\xdf\x06^\x8a\xab\xae\xba\xea\xaa\xab\xfe\xb5\xfe\
\x1ax\x1d`\x97\xab\xae\xba\x0a\x00q\xd5\xff\x16/\x0d\
\xfc6p\x8c\xab\xae\xba\xea\xaa\xab\xfe\xb5\xfe\x1ax\x1d\
`\x97\xab\xae\xba\x0aq\xd5\xff&o\x0d\xfc\x14W]\
u\xd5UW\xfd[\xfc5\xf0:\xc0.W]\xf5\xff\
\x1b\xe2\xaa\xffm>\x1b\xf8,\xae\xba\xea\xaa\xab\xae\xfa\
\xb7\xf8k\xe0u\x80]\xae\xba\xea\xff/\xc4U\xff\x1b\
\xfd6\xf0Z\x5cu\xd5UW]\xf5o\xf1\xd7\xc0\xeb\
\x00\xbb\x5cu\xd5\xffO\x88\xab\xfe7:\x0e\xfc5\xf0\
 \xae\xba\xea\xaa\xab\xae\xfa\xb7\xf8k\xe0u\x80]\xae\
\xba\xea\xff\x1f\xc4U\xff[\xbd4\xf0\xdb\xc01\xae\xba\
\xea\xaa\xab\xae\xfa\xb7\xf8k\xe0u\x80]\xae\xba\xea\xff\
\x17\xc4U\xff\x9b\xbd7\xf0]\x5cu\xd5UW]\xf5\
o\xf5\xd7\xc0\xeb\x00\xbb\x5cu\xd5\xff\x1f\x88\xab\xfe\xb7\
\xfbl\xe0\xb3\xb8\xea\xaa\xab\xae\xba\xea\xdf\xea\xaf\x81\xd7\
\x01v\xb9\xea\xaa\xff\x1f\x10W\xfd_\xf0\xdd\xc0{q\
\xd5UW]u\xd5\xbf\xd5_\x03\xaf\x03\xecr\xd5U\
\xff\xf7!\xae\xfa\xbf\xe2\xb7\x81\xd7\xe2\xaa\xab\xae\xba\xea\
\xaa\x7f\xab\xbf\x06^\x07\xd8\xe5\xaa\xab\xfeoC\x5c\xf5\
\x7f\xc5q\xe0\xb7\x81\x97\xe2\xaa\xab\xae\xba\xea\xaa\x7f\xab\
\xbf\x06^\x07\xd8\xe5\xaa\xab\xfe\xefB\x5c\xf5\x7f\xc9\x83\
\x81\xbf\x06\x8eq\xd5UW]u\xd5\xbf\xd5_\x03\xaf\
\x03\xecr\xd5U\xff7!\xae\xfa\xbf\xe6\xa5\x81\xdf\x06\
\x8eq\xd5UW]u\xd5\xbf\xd5_\x03\xaf\x03\xecr\
\xd5U\xff\xf7 \xae\xfa\xbf\xe8\xad\x81\x9f\xe2\xaa\xab\xae\
\xba\xea\xaa\x7f\x8f\xbf\x06^\x07\xd8\xe5\xaa\xab\xfeoA\
\x5c\xf5\x7f\xd5{\x03\xdf\xc5UW]u\xd5U\xff\x1e\
\x7f\x0d\xbc\x0e\xb0\xcbUW\xfd\xdf\x81\xb8\xea\xff\xb2\xf7\
\x06\xbe\x8b\xab\xae\xba\xea\xaa\xab\xfe=\xfe\x1ax\x1d`\
\x97\xab\xae\xfa\xbf\x01q\xd5\xffu\xef\x0d|\x17W]\
u\xd5UW\xfd{\xfc5\xf0:\xc0.W]\xf5\xbf\
\x1f\xe2\xaa\xff\x0f\xbe\x1a\xf8(\xae\xba\xea\xaa\xab\xae\xfa\
\xf7\xf8k\xe0u\x80]\xae\xba\xea\x7f7\xc4U\xff_\
|7\xf0^\x5cu\xd5UW]\xf5\xef\xf1\xd7\xc0\xeb\
\x00\xbb\x5cu\xd5\xff^\x88\xab\xfe?\xf9n\xe0\xbd\xb8\
\xea\xaa\xab\xae\xba\xea\xdf\xe3\xaf\x81\xd7\x01v\xb9\xea\xaa\
\xff\x9d\x10W\xfd\x7f\xf3\xdd\xc0{q\xd5UW]u\
\xd5\xbf\xc7_\x03\xaf\x03\xecr\xd5U\xff\xfb \xae\xfa\
\xff\xe8\xbb\x81\xf7\xe2\xaa\xab\xae\xba\xea\xaa\x7f\x8f\xbf\x06\
^\x07\xd8\xe5\xaa\xab\xfewA\x5c\xf5\xff\xd5w\x03\xef\
\xc5UW]u\xd5U\xff\x1e\x7f\x0d\xbc\x0e\xb0\xcbU\
W\xfd\xef\x81\xb8\xea\xff\xb3\xef\x06\xde\x8b\xab\xae\xba\xea\
\xaa\xab\xfe=\xfe\x1ax\x1d`\x97\xab\xae\xfa\xdf\x01q\
\xd5\xffw_\x0d|\x14W]u\xd5UW\xfd{\xfc\
5\xf0:\xc0.W]\xf5?\x1f\xe2\xaa\xab\xe0\xbd\x81\
\xef\xe2\xaa\xab\xae\xba\xea\xaa\x7f\x8f\xbf\x06^\x07\xd8\xe5\
\xaa\xab\xfegC\x5cu\xd5\x15\xef\x0d|\x17W]u\
\xd5UW\xfd{\xfc5\xf0:\xc0.W]\xf5?\x17\
\xe2\xaa\xab\x9e\xed\xbd\x81\xef\xe2\xaa\xab\xae\xba\xea\xaa\x7f\
\x8f\xbf\x06^\x07\xd8\xe5\xaa\xab\xfegB\x5cu\xd5s\
zk\xe0\xbb\x81c\x5cu\xd5UW]\xf5o\xf5\xd7\
\xc0\xeb\x00\xbb\x5cu\xd5\xff<\x88\xab\xaez^/\x0d\
\xfc6p\x8c\xab\xae\xba\xea\xaa\xab\xfe\xad\xfe\x1ax\x1d\
`\x97\xab\xae\xfa\x9f\x05q\xd5U\xcf\xdf\x83\x81\x9f\x06\
^\x8a\xab\xae\xba\xea\xaa\xab\xfe\xad\xfe\x1ax\x1d`\x97\
\xab\xae\xfa\x9f\x03q\xd5U/\xd8q\xe0\xa7\x81\xd7\xe2\
\xaa\xab\xae\xba\xea\xaa\x7f\xab\xbf\x06^\x07\xd8\xe5\xaa\xab\
\xfeg@\x5cu\xd5\xbf\xec\xbb\x81\xf7\xe2\xaa\xab\xae\xba\
\xea\xaa\x7f\xab\xbf\x06^\x07\xd8\xe5\xaa\xab\xfe\xfb!\xae\
\xba\xeaE\xf3\xd9\xc0gq\xd5UW]u\xd5\xbf\xd5\
_\x03\xaf\x03\xecr\xd5U\xff\xbd\x10W]\xf5\xa2{\
o\xe0\xab\x81c\x5cu\xd5UW]\xf5o\xf1\xd7\xc0\
\xeb\x00\xbb\x5cu\xd5\x7f\x1f\xc4UW\xfd\xeb\xbc4\xf0\
\xd3\xc0\x83\xb8\xea\xaa\xab\xae\xba\xea\xdf\xe2\xaf\x81\xd7\x01\
v\xb9\xea\xaa\xff\x1e\x88\xab\xae\xfa\xd7;\x0e\xfc4\xf0\
Z\x5cu\xd5UW]\xf5o\xf1\xd7\xc0\xeb\x00\xbb\x5c\
u\xd5\x7f=\xc4UW\xfd\xdb}6\xf0Y\x5cu\xd5\
UW]\xf5o\xf1\xd7\xc0\xeb\x00\xbb\x5cu\xd5\x7f-\
\xc4UW\xfd\xfb\xbc5\xf0\xdd\xc01\xae\xba\xea\xaa\xab\
\xae\xfa\xd7\xfak\xe0u\x80]\xae\xba\xea\xbf\x0e\xe2\xaa\
\xab\xfe\xfd^\x1a\xf8n\xe0\xa5\xb8\xea\xaa\xab\xae\xba\xea\
_\xeb\xaf\x81\xd7\x01v\xb9\xea\xaa\xff\x1a\x88\xab\xae\xfa\
\x8fq\x1c\xf8j\xe0\xbd\xb8\xea\xaa\xab\xae\xba\xea_\xeb\
\xaf\x81\xd7\x01v\xb9\xea\xaa\xff|\x88\xab\xae\xfa\x8f\xf5\
\xde\xc0W\x03\xc7\xb8\xea\xaa\xab\xae\xba\xea_\xe3\xaf\x81\
\xd7\x01v\xb9\xea\xaa\xff\x5c\x88\xab\xae\xfa\x8f\xf7`\xe0\
\xa7\x81\x97\xe2\xaa\xab\xae\xfa\xdf\xeeo\x80\x8f\x06\xbe\x1a\
x)\xae\xfa\xcf\xf6\xd7\xc0\xeb\x00\xbb\x5cu\xd5\x7f\x1e\
\xc4UW\xfd\xe7\xf9l\xe0\xb3\xb8\xea\xaa\xab\xfe\xb7\xfa\
\x1a\xe0\xa3\xb9\xe28\xf0\xdb\xc0Kq\xd5\x7f\xb6\xbf\x06\
^\x07\xd8\xe5\xaa\xab\xfes \xae\xba\xea?\xd7k\x03\
\xdf\x0d<\x88\xab\xae\xba\xea\x7f\x8bg\x00\xef\x0d\xfc6\
\xcf\xe98\xf0\xdb\xc0Kq\xd5\x7f\xb6\xbf\x06^\x07\xd8\
\xe5\xaa\xab\xfe\xe3!\xae\xba\xea?\xdfq\xe0\xab\x81\xf7\
\xe2\xaa\xab\xae\xfa\x9f\xeeg\x80\xf7\x06vy\xfe\x8e\x03\
\xbf\x0d\xbc\x14W\xfdg\xfbk\xe0u\x80]\xae\xba\xea\
?\x16\xe2\xaa\xab\xfe\xeb\xbc5\xf0\xdd\xc01\xae\xba\xea\
\xaa\xffi.\x01\xef\x0d\xfc4\xff\xb2\xe3\xc0o\x03/\
\xc5U\xff\xd9\xfe\x1ax\x1d`\x97\xab\xae\xfa\x8f\x83\xb8\
\xea\xaa\xffZ\xc7\x81\xef\x06\xde\x8a\xab\xae\xba\xea\x7f\x8a\
\x9f\x01\xde\x1b\xd8\xe5Ew\x1c\xf8m\xe0\xa5\xb8\xea?\
\xdb_\x03\xaf\x03\xecr\xd5U\xff1\x10W]\xf5\xdf\
\xe3\xb5\x81\xef\x06\x1e\xc4UW]\xf5\xdf\xe5\x19\xc0{\
\x03\xbf\xcd\xbf\xcdq\xe0\xb7\x81\x97\xe2\xaa\xffl\x7f\x0d\
\xbc\x0e\xb0\xcbUW\xfd\xfb!\xae\xba\xea\xbf\xcfq\xe0\
\xb3\x81\x8f\xe2\xaa\xab\xae\xfa\xaf\xf65\xc0g\x03\xbb\xfc\
\xfb\x1c\x07~\x1bx)\xae\xfa\xcf\xf6\xd7\xc0\xeb\x00\xbb\
\x5cu\xd5\xbf\x0f\xe2\xaa\xab\xfe\xfb\xbd6\xf0\xd5\xc0K\
q\xd5UW\xfdg{\x06\xf0\xde\xc0o\xf3\x1f\xe78\
\xf0\xdb\xc0Kq\xd5\x7f\xb6\xbf\x06^\x07\xd8\xe5\xaa\xab\
\xfe\xed\x10W]\xf5?\xc7g\x03\x9f\xc5UW]\xf5\
\x9f\xe1\x12\xf0\xd5\xc0g\xf3\x9f\xe38\xf0\xdb\xc0Kq\
\xd5\x7f\xb6\xbf\x06^\x07\xd8\xe5\xaa\xab\xfem\x10W]\
\xf5?\xcb\x83\x81\xaf\x06\xde\x8a\xab\xae\xba\xea?\xca\xcf\
\x00\x1f\x0d\xdc\xca\x7f\xae\xe3\xc0o\x03/\xc5U\xff\xd9\
\xfe\x1ax\x1d`\x97\xab\xae\xfa\xd7C\x5cu\xd5\xffL\
\xaf\x0d|5\xf0R\x5cu\xd5U\xffV\x7f\x03|4\
\xf0\xdb\xfc\xd79\x0e\xfc6\xf0R\x5c\xf5\x9f\xed\xaf\x81\
\xd7\x01v\xb9\xea\xaa\x7f\x1d\xc4UW\xfd\xcf\xf6\xde\xc0\
W\x03\xc7\xb8\xea\xaa\xab^T\x97\x80\xcf\x06\xbe\x9a\xff\
\x1e\xc7\x81\xdf\x06^\x8a\xab\xfe\xb3\xfd5\xf02\x5cu\
\xd5\xbf\x0e\xe2\xaa\xab\xfe\xe7;\x0e|6\xf0Q\x5cu\
\xd5U\xff\x92\xaf\x01>\x1b\xd8\xe5\xbf\xd7q\xe0\xb7\x81\
\x97\xe2\xaa\xffl\xdf\x0d\xbc\x0fW]\xf5\xa2C\x5cu\
\xd5\xff\x1e\x0f\x06\xbe\x1bx-\xae\xba\xea\xaa\xe7\xf6=\
\xc0g\x03\xb7\xf2?\xc7q\xe0\xb7\x81\x97\xe2\xaa\xffl\
\xdf\x0d\xbc\x0fW]\xf5\xa2A\x5cu\xd5\xff>\xaf\x0d\
|6\xf0Z\x5cu\xd5U\xbf\x03|4\xf0\xd7\xfc\xcf\
t\x1c\xf8m\xe0\xa5\xb8\xea?\xdbw\x03\xef\xc3UW\
\xfd\xcb\x10W]\xf5\xbf\xd7k\x03\x9f\x0d\xbc\x16W]\
\xf5\xff\xcf\xdf\x00\x1f\x0d\xfc6\xff\xf3\x1d\x07~\x1bx\
)\xae\xfa\xcf\xf6\xdd\xc0\xfbp\xd5U/\x1c\xe2\xaa\xab\
\xfe\xf7{m\xe0\xb3\x81\xd7\xe2\xaa\xab\xfe\xef\xfb\x1d\xe0\
\xab\x81\x9f\xe6\x7f\x97\xe3\xc0o\x03/\xc5U\xff\xd9\xbe\
\x1bx\x1f\xae\xba\xea\x05C\x5cu\xd5\xff\x1d\xaf\x0d|\
7\xf0 \xae\xba\xea\xff\x9e\xdf\x01>\x1b\xf8m\xfe\xf7\
:\x0e\xfc6\xf0R\x5c\xf5\x9f\xed\xbb\x81\xf7\xe1\xaa\xab\
\x9e?\xc4UW\xfd\xdf\xf3\xde\xc0G\x03/\xc5UW\
\xfd\xef\xf7;\xc0g\x03\xbf\xcd\xff\x0d\xc7\x81\xdf\x06^\
\x8a\xab\xfe\xb3}7\xf0>\x5cu\xd5\xf3B\x5cu\xd5\
\xff]\xaf\x0d|6\xf0Z\x5cu\xd5\xff>\xbf\x03|\
6\xf0\xdb\xfc\xdfs\x1c\xf8m\xe0\xa5\xb8\xea?\xdbw\
\x03\xef\xc3UW='\xc4UW\xfd\xdf\xf7`\xe0\xb3\
\x81\xf7\xe2\xaa\xab\xfe\xe7\xfb\x1e\xe0\xb3\x81[\xf9\xbf\xed\
8\xf0\xdb\xc0Kq\xd5\x7f\xb6\xef\x06\xde\x87\xab\xaez\
6\xc4UW\xfd\xffq\x1c\xf8h\xe0\xa3\x81c\x5cu\
\xd5\xff\x1c\x97\x80\xaf\x06\xbe\x1a\xd8\xe5\xff\x8f\xe3\xc0o\
\x03/\xc5U\xff\xd9\xbe\x1bx\x1f\xae\xba\xea\x0a\xc4U\
W\xfd\xffs\x1cxk\xe0\xb3\x81\x07q\xd5U\xff}\
\x9e\x01|6\xf0\xdd\xfc\xffu\x1c\xf8m\xe0\xa5\xb8\xea\
?\xdbw\x03\xef\xc3UW\x01\xe2\xaa\xab\xfe\x7f{m\
\xe0\xbd\x81\xf7\xe2\xaa\xab\xfe\xeb|\x0f\xf0\xdd\xc0os\
\x15\xc0q\xe0\xb7\x81\x97\xe2\xaa\xffl\xdf\x0d\xbc\x0fW\
\xfd\x7f\x87\xb8\xea\xaa\xab\x00\x8e\x03o\x0d|4\xf0R\
\x5cu\xd5\x7f\xbc\xbf\x01\xbe\x1a\xf8i`\x97\xab\x9e\xdb\
q\xe0\xb7\x81\x97\xe2\xaa\xffl\xdf\x0d\xbc\x0fW\xfd\x7f\
\x86\xb8\xea\xaa\xab\x9e\xdbK\x03\x1f\x0d\xbc5p\x8c\xab\
\xae\xfa\xb7\xbb\x04\xfc4\xf0\xd5\xc0_s\xd5\xbf\xe48\
\xf0\xdb\xc0Kq\xd5\x7f\xb6\xef\x06\xde\x87\xab\xfe\xbfB\
\x5cu\xd5U/\xc8q\xe0\xad\x81\xb7\x06\xde\x8a\xab\xae\
z\xd1\xfd\x0c\xf0\xd3\xc0ws\xd5\xbf\xd6q\xe0\xb7\x81\
\x97\xe2\xaa\xffl\xdf\x0d\xbc\x0fW\xfd\x7f\x84\xb8\xea\xaa\
\xab^\x14\xc7\x81\xb7\x06\xde\x1ax+\xae\xba\xeay\xfd\
\x0e\xf0\xdd\xc0O\x03\xbb\x5c\xf5\xefq\x1c\xf8m\xe0\xa5\
\xb8\xea?\xdbw\x03\xef\xc3U\xff\xdf \xae\xba\xea\xaa\
\x7f\xad\xe3\xc0{\x03\xef\x0d\xbc\x14W\xfd\x7f\xf67\xc0\
w\x03?\x0d\xdc\xcaU\xff\x91\x8e\x03\xbf\x0d\xbc\x14W\
\xfdg\xfbn\xe0}\xb8\xea\xff\x13\xc4UW]\xf5\xef\
\xf1`\xe0\xad\x81\xb7\x06^\x8b\xab\xfe?\xf8\x19\xe0\xa7\
\x81\x9f\x06v\xb9\xea?\xd3q\xe0\xb7\x81\x97\xe2\xaa\xff\
l\xdf\x0d\xbc\x0fW\xfd\x7f\x81\xb8\xea\xaa\xab\xfe\xa3\x1c\
\x07^\x1bxk\xe0\xb5\x81\x07q\xd5\xff\x05\x97\x80\x9f\
\x06~\x1a\xf8m`\x97\xab\xfe+\x1d\x07~\x1bx)\
\xae\xfa\xcf\xf6\xdd\xc0\xfbp\xd5\xff\x07\x88\xab\xae\xba\xea\
?\xcbK\x03\xaf\x0d\xbc5\xf0Z\x5c\xf5\xbf\xc9\xef\x00\
?\x0d\xfc6\xf0\xd7\x5c\xf5\xdf\xed8\xf0\xdb\xc0Kq\
\xd5\x7f\xb6\xef\x06\xde\x87\xab\xfe\xafC\x5cu\xd5U\xff\
\x15\x8e\x03\xaf\x0d\xbc6\xf0\xda\xc0Kq\xd5\xff$\x7f\
\x03\xfc6\xf0\xd3\xc0os\xd5\xffD\xc7\x81\xdf\x06^\
\x8a\xab\xfe\xb3}7\xf0>\x5c\xf5\x7f\x19\xe2\xaa\xab\xae\
\xfa\xef\xf2\xda\xc0k\x03\xaf\x0d\xbc4p\x8c\xab\xfe+\
\x5c\x02\xfe\x1a\xf8m\xe0\xb7\x81\xbf\x06v\xb9\xea\x7f\x83\
\xe3\xc0o\x03/\xc5U\xff\xd9\xbe\x1bx\x1f\xae\xfa\xbf\
\x0aq\xd5UW\xfdO\xf1\xd2\xc0k\x03/\x0d\xbc4\
\xf0R\x5c\xf5\x1f\xe1o\x80\xbf\x06\xfe\x1a\xf8m\xe0\xaf\
\xb9\xea\x7f\xb3\xe3\xc0o\x03/\xc5U\xff\xd9\xbe\x1bx\
\x1f\xae\xfa\xbf\x08q\xd5UW\xfdO\xf6\xda\xc0\x83\x81\
\x97\x06^\x1axi\xe0\x18W\xbd \xbf\x03\xfc5\xf0\
\xd7\xc0\xad\xc0os\xd5\xffE\xc7\x81\xdf\x06^\x8a\xab\
\xfe\xb3}7\xf0>\x5c\xf5\x7f\x0d\xe2\xaa\xab\xae\xfa\xdf\
\xe68\xf0\xd2\xc0k\x03\x0f\x06\x1e\x0c<\x18x\x10\xff\
?<\x03\xb8\x15\xf8k`\x17\xf8m\xe0V\xe0V\xae\
\xfa\xff\xe48\xf0\xdb\xc0Kq\xd5\x7f\xb6\xef\x06\xde\x87\
\xab\xfe/A\x5cu\xd5U\xff\x97<\x18x0\xf0`\
\xe0\xc1\xc0K\x03\xc7\x81\x97\x06\x8e\xf1\xbf\xc3\xdf\x00\xbb\
\xc0.\xf0\xd7\x5c\xf1\xdb\xc0.\xf0\xd7\x5cu\xd5\xb3\x1d\
\x07~\x1bx)\xae\xfa\xcf\xf6\xdd\xc0\xfbp\xd5\xff\x15\
\x88\xab\xae\xba\xea\xff\x9b\x97\x06\x8es\xc5q\xe0\xa5y\
\xb6\xd7\xe6\x05{-^t\xbf\xc3\xf3\xda\x05\xfe\x9a\xe7\
\xf4\xdb\x5c\xb1\x0b\xfc5W]\xf5\xafw\x1c\xf8m\xe0\
\xa5\xb8\xea?\xdbw\x03\xef\xc3U\xff\x17 \xae\xba\xea\
\xaa\xab\xae\xba\xea\x7f\xb7\xe3\xc0o\x03/\xc5U\xff\xd9\
\xbe\x1bx\x1f\xae\xfa\xdf\x0eq\xd5UW]u\xd5U\
\xff\xfb\x1d\x07~\x1bx)\xae\xfa\xcf\xf6\xdd\xc0\xfbp\
\xd5\xfff\x88\xab\xae\xba\xea\xaa\xab\xae\xfa\xbf\xe18\xf0\
\xdb\xc0Kq\xd5\x7f\xb6\xef\x06\xde\x87\xab\xfe\xb7B\x5c\
u\xd5UW]u\xd5\xff\x1d\xc7\x81\xdf\x06^\x8a\xab\
\xfe\xb3}7\xf0>\x5c\xf5\xbf\x11\xe2\xaa\xab\xae\xba\xea\
\xaa\xab\xfeo9\x0e\xfc6\xf0R\x5c\xf5\x9f\xed\xbb\x81\
\xf7\xe1\xaa\xffm\x10W]u\xd5UW]\xf5\x7f\xcf\
q\xe0\xb7\x81\x97\xe2\xaa\xffl\xdf\x0d\xbc\x0fW\xfdo\
\x82\xb8\xea\xaa\xab\xae\xba\xea\xaa\xff\x9b\x8e\x03\xbf\x0d\xbc\
\x14W\xfdg\xfbn\xe0}\xb8\xea\x7f\x0b\xc4UW]\
u\xd5UW\xfd\xdfu\x1c\xf8m\xe0\xa5\xb8\xea?\xdb\
w\x03\xef\xc3U\xff\x1b \xae\xba\xea\xaa\xab\xae\xba\xea\
\xff\xb6\xe3\xc0o\x03/\xc5U\xff\xd9\xbe\x1bx\x1f\xae\
\xfa\x9f\x0eq\xd5UW]u\xd5U\xff\xf7\x1d\x07~\
\x1bx)\xae\xfa\xcf\xf6\xdd\xc0\xfbp\xd5\xffd\x88\xab\
\xae\xba\xea\xaa\xab\xae\xfa\xff\xe18\xf0\xdb\xc0Kq\xd5\
\x7f\xb6\xef\x06\xde\x87\xab\xfe\xa7B\x5cu\xd5UW]\
u\xd5\xff\x1f\xc7\x81\xdf\x06^\x8a\xab\xfe\xb3}7\xf0\
>\x5c\xf5?\x11\xe2\xaa\xab\xae\xba\xea\xaa\xab\xfe\x7f9\
\x0e\xfc6\xf0R\x5c\xf5\x9f\xed\xbb\x81\xf7\xe1\xaa\xffi\
\x10W]u\xd5UW]\xf5\xff\xcfq\xe0\xb7\x81\x97\
\xe2\xaa\xffl\xdf\x0d\xbc\x0fW\xfdO\x82\xb8\xea\xaa\xab\
\xae\xba\xea\xaa\xff\x9f\x8e\x03\xbf\x0d\xbc\x14W\xfdg\xfb\
n\xe0}\xb8\xea\x7f\x0a\xc4UW]u\xd5UW\xfd\
\xffu\x1c\xf8m\xe0\xa5\xb8\xea?\xdbw\x03\xef\xc3U\
\xff\x13 \xae\xba\xea\xaa\xab\xae\xba\xea\xff\xb7\xe3\xc0o\
\x03/\xc5U\xff\xd9\xbe\x1bx\x1f\xae\xfa\xef\x86\xb8\xea\
\xaa\xab\xae\xba\xea\xaa\xab\x8e\x03\xbf\x0d\xbc\x14W\xfdg\
\xfbn\xe0}\xb8\xea\xbf\x13\xe2\xaa\xab\xae\xba\xea\xaa\xab\
\xae\x028\x0e\xfc6\xf0R\x5c\xf5\x9f\xed\xbb\x81\xf7\xe1\
\xaa\xff.\x88\xab\xae\xba\xea\xaa\xab\xae\xba\xea~\xc7\x81\
\xdf\x06^\x8a\xab\xfe\xb3}7\xf0>\x5c\xf5\xdf\x01q\
\xd5UW]u\xd5UW=\xd0q\xe0\xb7\x81\x97\xe2\
\xaa\xffl\xdf\x0d\xbc\x0fW\xfdWC\x5cu\xd5UW\
]u\xd5U\xcf\xed8\xf0\xdb\xc0Kq\xd5\x7f\xb6\xef\
\x06\xde\x87\xab\xfe+!\xae\xba\xea\xaa\xab\xae\xba\xea\xaa\
\xe7\xe78\xf0\xdb\xc0Kq\xd5\x7f\xb6\xef\x06\xde\x87\xab\
\xfe\xab \xae\xba\xea\xaa\xab\xae\xba\xea\xaa\x17\xe48\xf0\
\xdb\xc0Kq\xd5\x7f\xb6\xef\x06\xde\x87\xab\xfe+ \xae\
\xba\xea\xaa\xab\xae\xba\xea\xaa\x17\xe68\xf0\xdb\xc0Kq\
\xd5\x7f\xb6\xef\x06\xde\x87\xab\xfe\xb3!\xae\xba\xea\xaa\xab\
\xae\xba\xea\xaa\x7f\xc9q\xe0\xb7\x81\x97\xe2\xaa\xffl\xdf\
\x0d\xbc\x0fW\xfdgB\x5cu\xd5UW]u\xd5U\
/\x8a\xe3\xc0o\x03/\xc5U\xff\xd9\xbe\x1bx\x1f\xae\
\xfa\xcf\x82\xb8\xea\xaa\xab\xae\xba\xea\xaa\xab^T\xc7\x81\
\xdf\x06^\x8a\xab\xfe\xb3}7\xf0>\x5c\xf5\x9f\x01q\
\xd5UW]u\xd5UW\xfdk\x1c\x07~\x1bx)\
\xae\xfa\xcf\xf6\xdd\xc0\xfbp\xd5\x7f4\xc4UW]u\
\xd5UW]\xf5\xafu\x1c\xf8m\xe0\xa5\xb8\xea?\xdb\
w\x03\xef\xc3U\xff\x91\x10W]u\xd5UW]u\
\xd5\xbf\xc5q\xe0\xb7\x81\x97\xe2\xaa\xffl\xdf\x0d\xbc\x0f\
W\xfdGA\x5cu\xd5UW]u\xd5U\xffV\xc7\
\x81\xdf\x06^\x8a\xab\xfe\xb3}7\xf0>\x5c\xf5\x1f\x01\
q\xd5UW]u\xd5UW\xfd{\x1c\x07~\x1bx\
)\xae\xfa\xcf\xf6\xdd\xc0\xfbp\xd5\xbf\x17\xe2\xaa\xab\xae\
\xba\xea\xaa\xab\xae\xfa\xf7:\x0e\xfc6\xf0R\x5c\xf5\x9f\
\xed\xbb\x81\xf7\xe1\xaa\x7f\x0f\xc4UW]u\xd5UW\
]\xf5\x1f\xe18\xf0\xdb\xc0Kq\xd5\x7f\xb6\xef\x06\xde\
\x87\xab\xfe\xad\x10W]u\xd5UW]u\xd5\x7f\x94\
\xe3\xc0o\x03/\xc5U\xff\xd9\xbe\x1bx\x1f\xae\xfa\xb7\
@\x5cu\xd5UW]u\xd5U\xff\x91\x8e\x03\xbf\x0d\
\xbc\x14W\xfdg\xfbn\xe0}\xb8\xea_\x0bq\xd5U\
W]u\xd5UW\xfdG;\x0e\xfc6\xf0R\x5c\xf5\
\x9f\xed\xbb\x81\xf7\xe1\xaa\x7f\x0d\xc4UW]u\xd5U\
W]\xf5\x9f\xe18\xf0\xdb\xc0Kq\xd5\x7f\xb6\xef\x06\
\xde\x87\xab^T\x88\xab\xae\xba\xea\xaa\xab\xae\xba\xea?\
\xcbq\xe0\xb7\x81\x97\xe2\xaa\xffl\xdf\x0d\xbc\x0fW\xbd\
(\x10W]u\xd5UW]u\xd5\x7f\xa6\xe3\xc0o\
\x03/\xc5U\xff\xd9\xbe\x1bx\x1f\xae\xfa\x97 \xae\xba\
\xea\xaa\xab\xae\xba\xea\xaa\xffl\xc7\x81\xdf\x06^\x8a\xab\
\xfe\xb3}7\xf0>\x5c\xf5\xc2 \xae\xba\xea\xaa\xab\xae\
\xba\xea\xaa\xff\x0a\xc7\x81\xdf\x06^\x8a\xab\xfe\xb3}7\
\xf0>\x5c\xf5\x82 \xae\xba\xea\xaa\xab\xae\xba\xea\xaa\xff\
*\xc7\x81\xdf\x06^\x8a\xab\xfe\xb3}\x0e\xf0\xd9\x5c\xf5\
\xfc \xae\xba\xea\xaa\xab\xae\xba\xea\xaa\xffJ\xc7\x81\xdf\
\x06^\x8a\xab\xfe\xb3\xbd\x0d\xf0\xd3\x5c\xf5\xdc\x10W]\
u\xd5UW]u\xd5\x7f\xb5\xe3\xc0o\x03/\xc5U\
\xff\x99v\x81\x87\x00\xbb\x5c\xf5@\x88\xab\xae\xba\xea\xaa\
\xab\xae\xba\xea\xbf\xc3q\xe0\xb7\x81\x97\xe2\xaa\xffL\xbf\
\x0d\xbc\x0eW=\x10\xe2\xaa\xab\xae\xba\xea\xaa\xab\xae\xfa\
\xefr\x1c\xf8m\xe0\xa5\xb8\xea?\xd3\xdb\x00?\xcdU\
\xf7C\x5cu\xd5UW]u\xd5U\xff\x9d\x8e\x03\xbf\
\x0d\xbc\x14W\xfdg\xb9\x15x\x19`\x97\xab\x00\x10W\
]u\xd5UW]u\xd5\x7f\xb7\xe3\xc0o\x03/\xc5\
U\xffY>\x07\xf8l\xae\x02@\x5cu\xd5UW]\
u\xd5U\xff\x13\x1c\x07~\x1bx)\xae\xfa\xcfp+\
\xf0\x10\xae\x02@\x5cu\xd5UW]u\xd5U\xffS\
\x1c\x07~\x1bx)\xae\xfa\xcf\xf0>\xc0ws\x15\xe2\
\xaa\xab\xae\xba\xea\xaa\xab\xae\xfa\x9f\xe48\xf0\xdb\xc0K\
q\xd5\x7f\xb4\xbf\x06^\x86\xab\x10W]u\xd5UW\
]u\xd5\xff4\xc7\x81\xdf\x06^\x8a\xab\xfe\xa3=\x04\
\xb8\x95\xff\xdf\x10W]u\xd5UW]u\xd5\xffD\
\xc7\x81\xdf\x06^\x8a\xab\xfe#}\x0e\xf0\xd9\xfc\xff\x86\
\xb8\xea\xaa\xab\xae\xba\xea\xaa\xab\xfe\xa7:\x0e\xfc6\xf0\
R\x5c\xf5\x1f\xe5\xaf\x81\x97\xe1\xff7\xc4UW]u\
\xd5UW]\xf5?\xd9q\xe0\xb7\x81\x97\xe2\xaa\xff(\
'\x80]\xfe\xffB\x5cu\xd5UW]u\xd5U\xff\
\xd3\x1d\x07~\x1bx)\xae\xfa\x8f\xf0:\xc0o\xf3\xff\
\x17\xe2\xaa\xab\xae\xba\xea\xaa\xab\xae\xfa\xdf\xe08\xf0\xdb\
\xc0Kq\xd5\xbf\xd7\xe7\x00\x9f\xcd\xff_\x88\xab\xae\xba\
\xea\xaa\xab\xae\xba\xea\x7f\x8b\xe3\xc0o\x03/\xc5U\xff\
\x1e\xdf\x03\xbc7\xff\x7f!\xae\xba\xea\xaa\xab\xae\xba\xea\
\xaa\xffM\x8e\x03\xbf\x0d\xbc\x14W\xfd[\xfd\x0e\xf0\xda\
\xfc\xff\x85\xb8\xea\xaa\xab\xae\xba\xea\xaa\xab\xfe\xb79\x0e\
\xfc6\xf0R\x5c\xf5o\xf1;\xc0k\xf3\xff\x17\xe2\xaa\
\xab\xae\xba\xea\xaa\xab\xae\xfa\xdf\xe88\xf0\xdb\xc0Kq\
\xd5\xbf\x85\xf8\xff\x0bq\xd5UW]u\xd5UW\xfd\
ou\x1c\xf8m\xe0\xa5\xb8\xea_K\xfc\xff\x85\xb8\xea\
\xaa\xab\xae\xba\xea\xaa\xab\xfe7;\x0e\xfc6\xf0R\x5c\
\xf5\xaf!\xfe\xffB\x5cu\xd5UW]u\xd5U\xff\
\xdb\x1d\x07~\x1bx)\xaezQ\x89\xff\xbf\x10W]\
u\xd5UW]u\xd5\xff\x05\xc7\x81\xdf\x06^\x8a\xab\
\xfe%\xbf\x03\xbc6\xff\x7f!\xae\xba\xea\xaa\xab\xae\xba\
\xea\xaa\xff+\x8e\x03\xbf\x0d\xbc\x14W\xbd0\xbf\x03\xbc\
6\xff\x7f!\xae\xba\xea\xaa\xab\xae\xba\xea\xaa\xffK\x8e\
\x03\xbf\x0d\xbc\x14W\xbd \xdf\x03\xbc7\xff\x7f!\xae\
\xba\xea\xaa\xab\xae\xba\xea\xaa\xffk\x8e\x03\xbf\x0d\xbc\x14\
W=?\x9f\x03|6\xff\x7f!\xae\xba\xea\xaa\xab\xae\
\xba\xea\xaa\xff\x8b\x8e\x03\xbf\x0d\xbc\x14W=\xb7\xb7\x01\
~\x9a\xff\xbf\x10W]u\xd5UW]u\xd5\xffU\
\xc7\x81\xdf\x06^\x8a\xab\x1e\xe8\x04\xb0\xcb\xff_\x88\xab\
\xae\xba\xea\xaa\xab\xae\xba\xea\xff\xb2\xe3\xc0o\x03/\xc5\
U\x00\x7f\x03\xbc4\xff\xbf!\xae\xba\xea\xaa\xab\xae\xba\
\xea\xaa\xff\xeb\x8e\x03\xbf\x0d\xbc\x14W}\x0d\xf0\xd1\xfc\
\xff\x86\xb8\xea\xaa\xab\xae\xba\xea\xaa\xab\xfe?8\x0e\xfc\
6\xf0R\xfc\xff\xf62\xc0_\xf3\xff\x1b\xe2\xaa\xab\xae\
\xba\xea\xaa\xab\xae\xfa\xff\xe28\xf0\xdb\xc0K\xf1\xff\xd3\
3\x80\x07s\x15\xe2\xaa\xab\xae\xba\xea\xaa\xab\xae\xfa\xff\
\xe48\xf0\xdb\xc0K\xf1\xff\xcf\xc7\x00_\xcdU\x88\xab\
\xae\xba\xea\xaa\xab\xae\xba\xea\xff\x9b\xe3\xc0o\x03/\xc5\
\xff\x1f\x97\x80\x07\x03\xbb\x5c\x85\xb8\xea\xaa\xab\xae\xba\xea\
\xaa\xab\xfe?:\x0e\xfc6\xf0R\xfc\xff\xf09\xc0g\
s\x15\x00\xe2\xaa\xab\xae\xba\xea\xaa\xab\xae\xfa\xff\xea8\
\xf0\xdb\xc0K\xf1\x7f\xdb%\xe0\xc1\xc0.W\x01 \xae\
\xba\xea\xaa\xab\xae\xba\xea\xaa\xff\xcf\x8e\x03\xbf\x0d\xbc\x14\
\xffw\xbd\x0f\xf0\xdd\x5cu?\xc4UW]u\xd5U\
W]\xf5\xff\xddq\xe0\xb7\x81\x97\xe2\xff\x9e\xdf\x01^\
\x9b\xab\x1e\x08q\xd5UW]u\xd5UW]\x05\xc7\
\x81\xdf\x06^\x8a\xff;.\x01/\x0d\xdc\xcaU\x0f\x84\
\xb8\xea\xaa\xab\xae\xba\xea\xaa\xab\xae\xba\xe28\xf0\xdb\xc0\
K\xf1\x7f\xc3\xfb\x00\xdf\xcdU\xcf\x0dq\xd5UW]\
u\xd5UW]\xf5l\xc7\x81\xdf\x06^\x8a\xff\xdd\xbe\
\x07xo\xaez~\x10W]u\xd5UW]u\xd5\
U\xcf\xe98\xf0\xdb\xc0K\xf1\xbf\xd3\xf7\x00\xef\xcdU\
/\x08\xe2\xaa\xab\xae\xba\xea\xaa\xab\xae\xba\xeay\x1d\x07\
~\x1bx)\xfew\xf9\x1b\xe0\xa5\xb9\xea\x85A\x5cu\
\xd5UW]u\xd5UW=\x7f\xc7\x81\xdf\x06^\x8a\
\xff\x1d\xbe\x07\xf8h`\x97\xab^\x18\xc4UW]u\
\xd5UW]u\xd5\x0bv\x1c\xf8j\xe0\xbd\xf8\x9f\xed\
{\x80\xf7\xe6\xaa\x17\x05\xe2\xaa\xab\xae\xba\xea\xaa\xab\xae\
\xba\xea_\xf6\xd1\xc0W\xf1?\xcf%\xe0\xa3\x81\xef\xe6\
\xaa\x17\x15\xe2\xaa\xab\xae\xba\xea\xaa\xab\xae\xba\xeaE\xf3\
\xd2\xc0O\x03\x0f\xe2\x7f\x86\xbf\x01\xde\x1b\xf8k\xae\xfa\
\xd7@\x5cu\xd5UW]u\xd5UW\xbd\xe8\x8e\x03\
\x1f\x0d|4p\x8c\xff\x1e\x97\x80\xcf\x06\xbe\x9a\xab\xfe\
-\x10W]u\xd5UW]u\xd5U\xffz\x0f\x06\
>\x1bx/\xfe\xeb\x5c\x02~\x1a\xf8h`\x97\xab\xfe\
\xad\x10W]u\xd5UW]u\xd5U\xffv\x0f\x06\
>\x1axo\xe0\x18\xff9\x9e\x01|7\xf0\xd5\xc0.\
W\xfd{!\xae\xba\xea\xaa\xab\xae\xba\xea\xaa\xab\xfec\
\xbc5\xf0\xd6\xc0[\x03\xc7\xf8\xf7y\x06\xf0\xdb\xc0w\
\x03\xbf\xcdU\xff\x91\x10W]u\xd5UW]u\xd5\
U\xff\xf1^\x1axm\xe0\xc1\xc0K\x03\x0f\x06\x1e\xc4\
\xf3\xf77\xc0.\xf0\xdb\xc0\xad\xc0o\x03\xb7r\xd5\x7f\
\x16\xc4UW]u\xd5UW]u\xd5U\xff\x9f \
\xae\xba\xea\xaa\xab\xae\xba\xea\xaa\xab\xae\xfa\xff\x04q\xd5\
UW]u\xd5UW]u\xd5\xff'\x88\xab\xae\xba\
\xea\xaa\xab\xae\xba\xea\xaa\xab\xfe?A\x5cu\xd5UW\
]u\xd5UW]\xf5\xff\x09\xe2\xaa\xab\xae\xba\xea\xaa\
\xab\xae\xba\xea\xaa\xffO\x10W]u\xd5UW]u\
\xd5UW\xfd\x7f\x82\xb8\xea\xaa\xab\xae\xba\xea\xaa\xab\xae\
\xba\xea\xff\x13\xc4UW]u\xd5UW]u\xd5U\
\xff\x9f \xae\xba\xea\xaa\xab\xae\xba\xea\xaa\xab\xae\xfa\xff\
\x04q\xd5UW]u\xd5UW]u\xd5\xff'\x88\
\xab\xae\xba\xea\xaa\xab\xae\xba\xea\xaa\xab\xfe?A\x5cu\
\xd5UW]u\xd5UW]\xf5\xff\x09\xe2\xaa\xab\xae\
\xba\xea\xaa\xab\xae\xba\xea\xaa\xffO\x10W]u\xd5U\
W]u\xd5UW\xfd\x7f\x82\xb8\xea\xaa\xab\xae\xba\xea\
\xaa\xab\xae\xba\xea\xff\x13\xc4UW]u\xd5UW]\
u\xd5U\xff\x9f \xae\xba\xea\xaa\xab\xae\xba\xea\xaa\xab\
\xae\xfa\xff\x04q\xd5UW]u\xd5UW]u\xd5\
\xff'\x88\xab\xae\xba\xea\xaa\xab\xae\xba\xea\xaa\xab\xfe?\
A\x5cu\xd5UW]u\xd5UW]\xf5\xff\x09\xe2\
\xaa\xab\xae\xba\xea\xaa\xab\xae\xba\xea\xaa\xffO\x10W]\
u\xd5UW]u\xd5UW\xfd\x7f\x82\xb8\xea\xaa\xab\
\xae\xba\xea\xaa\xab\xae\xba\xea\xff\x13\xc4UW]u\xd5\
UW]u\xd5U\xff\x9f \xae\xba\xea\xaa\xab\xae\xba\
\xea\xaa\xab\xae\xfa\xff\x04q\xd5UW]u\xd5UW\
]u\xd5\xff'\x88\xab\xae\xba\xea\xaa\xab\xae\xba\xea\xaa\
\xab\xfe?A\x5cu\xd5UW]u\xd5UW]\xf5\
\xff\x09\xe2\xaa\xab\xae\xba\xea\xaa\xab\xae\xba\xea\xaa\xffO\
\x10W]u\xd5UW]u\xd5UW\xfd\x7f\x82\xb8\
\xea\xaa\xab\xae\xba\xea\xaa\xab\xae\xba\xea\xff\x13\xc4UW\
]u\xd5UW]u\xd5U\xff\x9f \xae\xba\xea\xaa\
\xab\xae\xba\xea\xaa\xab\xae\xfa\xff\x04q\xd5UW]u\
\xd5UW]u\xd5\xff'\x88\xab\xae\xba\xea\xaa\xab\xae\
\xba\xea\xaa\xab\xfe?A\x5cu\xd5UW]u\xd5U\
W]\xf5\xff\x09\xe2\xaa\xab\xae\xba\xea\xaa\xab\xae\xba\xea\
\xaa\xffO\x10W]u\xd5UW]u\xd5UW\xfd\
\x7f\x82\xb8\xea\xaa\xab\xae\xba\xea\xaa\xab\xae\xba\xea\xff\x13\
\xc4UW]u\xd5UW]u\xd5U\xff\x9f \xae\
\xba\xea\xaa\xab\xae\xba\xea\xaa\xab\xae\xfa\xff\x04q\xd5U\
W]u\xd5UW]u\xd5\xff'\x88\xab\xae\xba\xea\
\xaa\xab\xae\xba\xea\xaa\xab\xfe?A\x5cu\xd5UW]\
u\xd5UW]\xf5\xff\x09\xe2\xaa\xab\xae\xba\xea\xaa\xab\
\xae\xba\xea\xaa\xffO\x10W]u\xd5UW]u\xd5\
UW\xfd\x7f\x82\xb8\xea\xaa\xab\xae\xba\xea\xaa\xab\xae\xba\
\xea\xff\x13\xc4UW]u\xd5UW]u\xd5U\xff\
\x9f \xae\xba\xea\xaa\xab\xae\xba\xea\xaa\xab\xae\xfa\xff\x04\
q\xd5UW]u\xd5UW]u\xd5\xff'\x88\xab\
\xae\xba\xea\xaa\xab\xae\xba\xea\xaa\xab\xfe?A\x5cu\xd5\
UW]u\xd5UW]\xf5\xff\x09\xe2\xaa\xab\xae\xba\
\xea\xaa\xab\xae\xba\xea\xaa\xffO\x10W]u\xd5UW\
]u\xd5UW\xfd\x7f\x82\xb8\xea\xaa\xab\xae\xba\xea\xaa\
\xab\xae\xba\xea\xff\x13\xc4UW]u\xd5UW]u\
\xd5U\xff\x9f \xae\xba\xea\xaa\xab\xae\xba\xea\xaa\xab\xae\
\xfa\xff\x04q\xd5UW]u\xd5UW]u\xd5\xff\
'\x88\xab\xae\xba\xea\xaa\xab\xae\xba\xea\xaa\xab\xfe?A\
\x5cu\xd5UW]u\xd5UW]\xf5\xff\x09\xe2\xaa\
\xab\xae\xba\xea\xaa\xab\xae\xba\xea\xaa\xffO\x10W]u\
\xd5UW]u\xd5UW\xfd\x7f\x82\xb8\xea\xaa\xab\xae\
\xba\xea\xaa\xab\xae\xba\xea\xff\x13\xfe\x11\xc06\xa2\xcc\x90\
\x13\xb5\xd0\x00\x00\x00\x00IEND\xaeB`\x82\
\x00\x008\xad\
\x89\
PNG\x0d\x0a\x1a\x0a\x00\x00\x00\x0dIHDR\x00\
\x00\x02\x80\x00\x00\x02\x80\x08\x06\x00\x00\x00\x0c\xcd\xc9#\
\x00\x008tIDATx\x01\xed\xc0\x03\xa0$Y\
\x96\xc6\xf1\xffw\xee\x8d\xc8\xcc\xa7rKc\xaem\xdb\
\xb6m\xdb\xb6m\xdb\xb6mi\x8c\x9e\x96J\xaf\x9e2\
3\x22\xee\xf9v\xb7jz\xa6\x87;k\xd5O\x5cu\
\xd5UW]u\xd5UW]\xf5\xff\x09\xe2\xaa\xab\xae\
\xba\xea\xaa\xab\xae\xba\xea\xaa\xffO\x10W]u\xd5U\
W]u\xd5UW\xfd\x7f\x82\xb8\xea\xaa\xab\xae\xba\xea\
\xaa\xab\xae\xba\xea\xff\x13\xc4UW]u\xd5UW]\
u\xd5U\xff\x9f \xae\xba\xea\xaa\xab\xae\xba\xea\xaa\xab\
\xae\xfa\xff\x04q\xd5UW]u\xd5UW]u\xd5\
\xff'\x88\xab\xae\xba\xea\xaa\xab\xae\xba\xea\xaa\xab\xfe?\
A\x5cu\xd5UW]u\xd5UW]\xf5\xff\x09\xe2\
\xaa\xab\xae\xba\xea\xaa\xab\xae\xba\xea\xaa\xffO\x10W]\
u\xd5UW]u\xd5UW\xfd\x7f\x82\xb8\xea\xaa\xab\
\xae\xba\xea\xaa\xab\xae\xba\xea\xff\x13\xc4UW]u\xd5\
UW]u\xd5U\xff\x9f \xae\xba\xea\xaa\xab\xae\xba\
\xea\xaa\xab\xae\xfa\xff\x04q\xd5UW]u\xd5UW\
]u\xd5\xff'\x88\xab\xae\xba\xea\xaa\xab\xae\xba\xea\xaa\
\xab\xfe?A\x5cu\xd5UW]u\xd5UW]\xf5\
\xff\x09\xe2\xaa\xab\xae\xba\xea\xaa\xab\xae\xba\xea\xaa\xffO\
\x10W]u\xd5UW]u\xd5UW\xfd\x7f\x82\xb8\
\xea\xaa\xab\xae\xba\xea\xaa\xab\xae\xba\xea\xff\x13\xc4UW\
]u\xd5UW]u\xd5U\xff\x9f \xae\xba\xea\xaa\
\xab\xae\xba\xea\xaa\xab\xae\xfa\xff\x04q\xd5UW]u\
\xd5UW]u\xd5\xff'\x88\xab\xae\xba\xea\xaa\xab\xae\
\xba\xea\xaa\xab\xfe?A\x5cu\xd5UW]u\xd5U\
W]\xf5\xff\x09\xe2\xaa\xab\xae\xba\xea\xaa\xab\xae\xba\xea\
\xaa\xffO\x10W]u\xd5UW]u\xd5UW\xfd\
\x7f\x82\xb8\xea\xaa\xab\xae\xba\xea\xaa\xab\xae\xba\xea\xff\x13\
\xc4UW]u\xd5UW]u\xd5U\xff\x9f \xae\
\xba\xea\xaa\xab\xae\xba\xea\xaa\xab\xae\xfa\xff\x04q\xd5U\
W]u\xd5UW]u\xd5\xff'\x88\xab\xae\xba\xea\
\xaa\xab\xae\xba\xea\xaa\xab\xfe?A\x5cu\xd5UW]\
u\xd5UW]\xf5\xff\x09\xe2\xaa\xab\xae\xba\xea\xaa\xab\
\xae\xba\xea\xaa\xffO\x10W]u\xd5UW]u\xd5\
UW\xfd\x7f\x82\xb8\xea\xaa\xab\xae\xba\xea\xaa\xab\xae\xba\
\xea\xff\x13\xc4UW]u\xd5UW]u\xd5U\xff\
\x9f \xae\xba\xea\xaa\xab\xae\xba\xea\xaa\xab\xae\xfa\xff\x04\
q\xd5UW]u\xd5UW]u\xd5\xff'\x88\xab\
\xae\xba\xea\xaa\xab\xae\xba\xea\xaa\xab\xfe?A\x5cu\xd5\
UW]u\xd5UW]\xf5\xff\x09\xe2\xaa\xab\xae\xba\
\xea\xaa\xab\xae\xba\xea\xaa\xffO\x10W]u\xd5UW\
]u\xd5UW\xfd\x7f\x82\xb8\xea\xaa\xab\xae\xba\xea\xaa\
\xab\xae\xba\xea\xff\x13\xc4UW]u\xd5UW]u\
\xd5U\xff\x9f \xae\xba\xea\xaa\xab\xae\xba\xea\xaa\xab\xae\
\xfa\xff\x04q\xd5UW]u\xd5UW]u\xd5\xff\
'\x88\xab\xae\xba\xea\xaa\xab\xae\xba\xea\xaa\xab\xfe?A\
\x5cu\xd5U\xff_\x1d\x07^\x0axm\xe0\xa5\x81\xe3\
\xc0K\x03\xc7\xb9\xea\xff\xa2]\xe0\xaf\x81]\xe0\xaf\x81\
\xdf\x06\xfe\x06\xd8\xe5\xaa\xab\xae\xfa\xff\x06q\xd5UW\
\xfd\x7f\xf2\xd2\xc0{\x01\xaf\x0d\xbc4W]\x05\x7f\x0d\
\xfc6\xf0=\xc0_s\xd5UW\xfd\x7f\x80\xb8\xea\xaa\
\xab\xfe\xaf;\x0e\xbc\x15\xf0\xd1\xc0Ks\xd5U/\xd8\
_\x03_\x0d|\x0fW]u\xd5\xffe\x88\xab\xae\xba\
\xea\xff\xaa\xe3\xc0G\x01\x1f\x0d\x1c\xe7\xaa\xab^t\xbb\
\xc0W\x03_\x03\xecr\xd5UW\xfd_\x83\xb8\xea\xaa\
\xab\xfe/z/\xe0\xb3\x81\x07s\xd5U\xffv\xb7\x02\
\x9f\x0d|\x0fW]u\xd5\xff%\x88\xab\xae\xba\xea\xff\
\x92\x07\x03\xdf\x05\xbc6W]\xf5\x1f\xe7\xb7\x81\xf7\x01\
n\xe5\xaa\xab\xae\xfa\xbf\x00q\xd5UW\xfd_\xf1\xd6\
\xc0w\x01\xc7\xb9\xea\xaa\xffx\xbb\xc0\xfb\x00?\xcdU\
W]\xf5\xbf\x1d\xe2\xaa\xab\xae\xfa\xbf\xe0\xb3\x80\xcf\xe6\
\xaa\xab\xfe\xf3}6\xf09\x5cu\xd5U\xff\x9b!\xae\
\xba\xea\xaa\xff\xed\xbe\x0bxo\xae\xba\xea\xbf\xcew\x03\
\xef\xc3UW]\xf5\xbf\x15\xe2\xaa\xab\xae\xfa\xdf\xec\xbb\
\x80\xf7\xe6\xaa\xab\xfe\xeb}7\xf0>\x5cu\xd5U\xff\
\x1b!\xae\xba\xea\xaa\xff\xad\xbe\x0bxo\xae\xba\xea\xbf\
\xcfw\x03\xef\xc3UW]\xf5\xbf\x0d\xe2\xaa\xab\xae\xfa\
\xdf\xe8\xb3\x81\xcf\xe2\xaa\xab\xfe\xfb}\x0c\xf0\xd5\x5cu\
\xd5U\xff\x9b \xae\xba\xea\xaa\xffm\xde\x1a\xf8)\xae\
\xba\xea\x7f\x8e\xd7\x01~\x9b\xab\xae\xba\xea\x7f\x0b\xc4U\
W]\xf5\xbf\xc9q\xe0\xe9\xc0q\xae\xba\xea\x7f\x8e]\
\xe0!\xc0.W]u\xd5\xff\x06\x88\xab\xae\xba\xea\x7f\
\x93\x9f\x02\xde\x9a\xab\xae\xfa\x9f\xe7\xa7\x81\xb7\xe1\xaa\xab\
\xae\xfa\xdf\x00q\xd5UW\xfdo\xf1\xd6\xc0Oq\xd5\
U\xffs\xbd\x0d\xf0\xd3\x5cu\xd5U\xff\xd3!\xae\xba\
\xea\xaa\xff-\x9e\x0e<\x98\xab\xae\xfa\x9f\xebV\xe0!\
\x5cu\xd5U\xff\xd3!\xae\xba\xea\xaa\xff\x0d>\x1a\xf8\
*\xae\xba\xea\x7f\xbe\x8f\x01\xbe\x9a\xab\xae\xba\xea\x7f2\
\xc4UW]\xf5\xbf\xc1\xd3\x81\x07s\xd5U\xff\xf3\xdd\
\x0a<\x84\xab\xae\xba\xea\x7f2\xc4UW]\xf5?\xdd\
{\x03\xdf\xc5UW\xfd\xef\xf1>\xc0ws\xd5UW\
\xfdO\x85\xb8\xea\xaa\xab\xfe\xa7\xfb+\xe0\xa5\xb9\xea\xaa\
\xff=~\x1bx\x1d\xae\xba\xea\xaa\xff\xa9\x10W]u\
\xd5\xffd\x0f\x06\x9e\xceUW\xfd\xef\xf3\x10\xe0V\xae\
\xba\xea\xaa\xff\x89\x10W]u\xd5\xffd_\x0d|\x14\
W]\xf5\xbf\xcf\xc7\x00_\xcdUW]\xf5?\x11\xe2\
\xaa\xab\xae\xfa\x9f\xec\xe9\xc0\x83\xb9\xea\xaa\xff}\xfe\x1a\
x\x19\xae\xba\xea\xaa\xff\x89\x10W]u\xd5\xffT/\
\x0d\xfc\x15W]\xf5\xbf\xd7C\x80[\xb9\xea\xaa\xab\xfe\
\xa7A\x5cu\xd5U\xffS}5\xf0Q\x5cu\xd5\xff\
^\x1f\x03|5W]u\xd5\xff4\x88\xab\xae\xba\xea\
\x7f\xaa\xa7\x03\x0f\xe6\xaa\xab\xfe\xf7\xfak\xe0e\xb8\xea\
\xaa\xab\xfe\xa7A\x5cu\xd5U\xff\x13\xbd4\xf0W\x5c\
u\xd5\xff~\x0f\x01n\xe5\xaa\xab\xae\xfa\x9f\x04q\xd5\
UW\xfdO\xf4\xd5\xc0Gq\xd5U\xff\xfb}\x0c\xf0\
\xd5\x5cu\xd5U\xff\x93 \xae\xba\xea\xaa\xff\x89\x9e\x0e\
<\x98\xab\xae\xfa\xdf\xef\xaf\x81\x97\xe1\xaa\xab\xae\xfa\x9f\
\x04q\xd5UW\xfdO\xf3\xd2\xc0_q\xd5U\xffw\
<\x04\xb8\x95\xab\xae\xba\xea\x7f\x0a\xc4UW]\xf5?\
\xcdW\x03\x1f\xc5UW\xfd\xdf\xf11\xc0Ws\xd5U\
W\xfdO\x81\xb8\xea\xaa\xab\xfe\xa7y:\xf0`\xae\xba\
\xea\xff\x8e\xbf\x06^\x86\xab\xae\xba\xea\x7f\x0a\xc4UW\
]\xf5?\xc9K\x03\x7f\xc5UW\xfd\xdf\xf3\x10\xe0V\
\xae\xba\xea\xaa\xff\x09\x10W]u\xd5\xff$_\x0d|\
\x14W]\xf5\x7f\xcf\xc7\x00_\xcdUW]\xf5?\x01\
\xe2\xaa\xab\xae\xfa\x9f\xe4\xe9\xc0\x83\xb9\xea\xaa\xff{\xfe\
\x1ax\x19\xae\xba\xea\xaa\xff\x09\x10W]u\xd5\xff\x14\
/\x0d\xfc\x15W]\xf5\x7f\xd7C\x80[\xb9\xea\xaa\xab\
\xfe\xbb!\xae\xba\xea\xaa\xff)\xbe\x1a\xf8(\xae\xba\xea\
\xff\xae\x8f\x01\xbe\x9a\xab\xae\xba\xea\xbf\x1b\xe2\xaa\xab\xae\
\xfa\x9f\xe2\xe9\xc0\x83\xb9\xea\xaa\xff\xbb\xfe\x1ax\x19\xae\
\xba\xea\xaa\xffn\x88\xab\xae\xba\xea\x7f\x82\x97\x06\xfe\x8a\
\xab\xae\xfa\xbf\xef!\xc0\xad\x5cu\xd5U\xff\x9d\x10W\
]u\xd5\xff\x04_\x0d|\x14W]\xf5\x7f\xdf\xc7\x00\
_\xcdUW]\xf5\xdf\x09q\xd5UW\xfdO\xf0t\
\xe0\xc1\x5cu\xd5\xff}\x7f\x0d\xbc\x0cW]u\xd5\x7f\
'\xc4UW]\xf5\xdf\xed\xa5\x81\xbf\xe2\xaa\xab\xfe\xff\
x\x08p+W]u\xd5\x7f\x17\xc4UW]\xf5\xdf\
\xed\xab\x81\x8f\xe2\xaa\xab\xfe\xff\xf8\x18\xe0\xab\xb9\xea\xaa\
\xab\xfe\xbb \xae\xba\xea\xaa\xffnO\x07\x1e\xccUW\
\xfd\xff\xf1\xd7\xc0\xcbp\xd5UW\xfdwA\x5cu\xd5\
U\xff\x9d^\x1a\xf8+\xae\xba\xea\xff\x9f\x87\x00\xb7r\
\xd5UW\xfdw@\x5cu\xd5U\xff\x9d\xbe\x1a\xf8(\
\xae\xba\xea\xff\x9f\x8f\x01\xbe\x9a\xab\xae\xba\xea\xbf\x03\xe2\
\xaa\xab\xae\xfa\xef\xf4t\xe0\xc1\x5cu\xd5\xff?\x7f\x0d\
\xbc\x0cW]u\xd5\x7f\x07\xc4U\xff\xd7\x1d\x07^\x0b\
xi\xe0\xa5\x81\xe3\xc0\x83\x81\x07s\xd5UW]u\
\xd5Up+p+\xb0\x0b\xfc5\xf0\xd7\xc0\xef\x00\xbb\
\x5c\xf5\x7f\x15\xe2\xaa\xff\x8b^\x1ax/\xe0\xb5\x81\x97\
\xe6\xaa\xab\xae\xba\xea\xaa\xab\xfe\xf5\xfe\x1a\xf8m\xe0{\
\x80\xbf\xe6\xaa\xffK\x10W\xfd_q\x1cx/\xe0\xa3\
\x81\x07s\xd5UW]u\xd5U\xffqn\x05\xbe\x1a\
\xf8\x1e`\x97\xab\xfe\xb7C\x5c\xf5\xbf\xddq\xe0\xa3\x80\
\x8f\x06\x8es\xd5UW]u\xd5U\xffyv\x81\xaf\
\x06\xbe\x06\xd8\xe5\xaa\xff\xad\x10W\xfdo\xf6Q\xc0g\
\x03\xc7\xb9\xea\xaa\xab\xae\xba\xea\xaa\xff:\xbb\xc0G\x03\
\xdf\xc3U\xff\x1b!\xae\xfa\xdf\xe8\xa5\x81\xaf\x02^\x9b\
\xab\xae\xba\xea\xaa\xab\xae\xfa\xef\xf3\xdb\xc0\xc7\x00\x7f\xcd\
U\xff\x9b \xae\xfa\xdf\xe6\xbd\x81\xaf\x02\x8es\xd5U\
W]u\xd5U\xff\xfdv\x81\x8f\x01\xbe\x9b\xab\xfe\xb7\
@\x5c\xf5\xbf\xc9w\x01\xef\xcdUW]u\xd5UW\
\xfd\xcf\xf3\xdd\xc0\xfbp\xd5\xff\x06\x88\xab\xfe\xb7\xf8.\
\xe0\xbd\xb9\xea\xaa\xab\xae\xba\xea\xaa\xff\xb9\xbe\x1bx\x1f\
\xae\xfa\x9f\x0eq\xd5\xff\x06\x7f\x05\xbc4W]u\xd5\
UW]\xf5?\xdf_\x03/\xc3U\xff\x93!\xae\xfa\
\x9f\xee\xbb\x80\xf7\xe6\xaa\xab\xae\xba\xea\xaa\xab\xfe\xf7\xf8\
n\xe0}\xb8\xea\x7f*\xc4U\xff\x93}\x17\xf0\xde\x5c\
u\xd5UW]u\xd5\xff>\xdf\x0d\xbc\x0fW\xfdO\
\x84\xb8\xea\x7f\xaa\xf7\x06\xbe\x8b\xab\xae\xba\xea\xaa\xab\xae\
\xfa\xdf\xeb}\x80\xef\xe6\xaa\xffi\x10W\xfdO\xf4\xd2\
\xc0o\x01\xc7\xb9\xea\xaa\xab\xae\xba\xea\xaa\xff\xbdv\x81\
\xd7\x01\xfe\x9a\xab\xfe'A\x5c\xf5?\xd1o\x01\xaf\xcd\
UW]u\xd5UW\xfd\xef\xf7\xdb\xc0\xebp\xd5\xff\
$\x88\xab\xfe\xa7\xf9h\xe0\xab\xb8\xea\xaa\xab\xae\xba\xea\
\xaa\xff;\xde\x07\xf8n\xae\xfa\x9f\x02q\xd5\xff$\xc7\
\x81\xa7\x03\xc7\xb9\xea\xaa\xab\xae\xba\xea\xaa\xff;v\x81\
\x87\x00\xbb\x5c\xf5?\x01\xe2\xaa\xffI>\x1b\xf8,\xae\
\xba\xea\xaa\xab\xae\xba\xea\xff\x9e\xcf\x01>\x9b\xab\xfe'\
@\x5c\xf5?\xc5q\xe0\xe9\xc0q\xae\xba\xea\xaa\xab\xae\
\xba\xea\xff\x9e]\xe0!\xc0.W\xfdwC\x5c\xf5?\
\xc5G\x03_\xc5UW]u\xd5UW\xfd\xdf\xf51\
\xc0Ws\xd5\x7f7\xc4U\xffS<\x1dx0W]\
u\xd5UW]\xf5\x7f\xd7\xad\xc0C\xb8\xea\xbf\x1b\xe2\
\xaa\xff\x09^\x1a\xf8+\xae\xba\xea\xaa\xab\xae\xba\xea\xff\
\xbe\x97\x01\xfe\x9a\xab\xfe;!\xae\xfa\x9f\xe0\xab\x81\x8f\
\xe2\xaa\xab\xae\xba\xea\xaa\xab\xfe\xef\xfb\x1a\xe0\xa3\xb9\xea\
\xbf\x13\xe2\xaa\xff\x09\xfe\x0axi\xae\xba\xea\xaa\xab\xae\
\xba\xea\xff\xbe\xbf\x06^\x86\xab\xfe;!\xae\xfa\xefv\
\x1c\xb8\xc8UW]u\xd5UW\xfd\xffq\x02\xd8\xe5\
\xaa\xff.\x88\xab\xfe\xbb\xbd5\xf0S\x5cu\xd5UW\
]u\xd5\xff\x1fo\x03\xfc4W\xfdwA\x5c\xf5\xdf\
\xed\xb3\x81\xcf\xe2\xaa\xab\xae\xba\xea\xaa\xab\xfe\xff\xf8\x1c\
\xe0\xb3\xb9\xea\xbf\x0b\xe2\xaa\xffn?\x0d\xbc\x15W]\
u\xd5UW]\xf5\xff\xc7\xcf\x00o\xcdU\xff]\x10\
W\xfdw\xfbm\xe0\xb5\xb8\xea\xaa\xab\xae\xba\xea\xaa\xff\
?~\x07xm\xae\xfa\xef\x82\xb8\xea\xbf\xdb\xd3\x81\x07\
s\xd5UW]u\xd5U\xff\x7f\xfc5\xf02\x5c\xf5\
\xdf\x05q\xd5\x7f7s\xd5UW]u\xd5U\xff\xff\
\x88\xab\xfe\xbb \xae\xfa\xeff\xae\xba\xea\xaa\xab\xae\xba\
\xea\xff\x1fq\xd5\x7f\x17\xc4U\xff\xdd\xccUW]u\
\xd5UW\xfd\xff#\xae\xfa\xef\x82\xb8\xea\xbf\x9b\xb9\xea\
\xaa\xab\xae\xba\xea\xaa\xff\x7f\xc4U\xff]\x10W\xfdw\
\xbb\x15x\x10W]u\xd5UW]\xf5\xff\xc73\x80\
\x07s\xd5\x7f\x17\xc4U\xff\xdd~\x1bx-\xae\xba\xea\
\xaa\xab\xae\xba\xea\xff\x8f\xdf\x01^\x9b\xab\xfe\xbb \xae\
\xfa\xef\xf6\xd3\xc0[q\xd5UW]u\xd5U\xff\x7f\
\xfc\x0c\xf0\xd6\x5c\xf5\xdf\x05q\xd5\x7f\xb7\xcf\x06>\x8b\
\xab\xae\xba\xea\xaa\xab\xae\xfa\xff\xe3s\x80\xcf\xe6\xaa\xff\
.\x88\xab\xfe\xbb\xbd5\xf0S\x5cu\xd5UW]u\
\xd5\xff\x1fo\x03\xfc4W\xfdwA\x5c\xf5\xdf\xed8\
p\x91\xab\xae\xba\xea\xaa\xab\xae\xfa\xff\xe3\x04\xb0\xcbU\
\xff]\x10W\xfdO\xf0\xd7\xc0Kq\xd5UW]u\
\xd5U\xff\xf7\xfd\x0d\xf0\xd2\x5c\xf5\xdf\x09q\xd5\xff\x04\
_\x0d|\x14W]u\xd5UW]\xf5\x7f\xdf\xd7\x00\
\x1f\xcdU\xff\x9d\x10W\xfdO\xf0\xd2\xc0_q\xd5U\
W]u\xd5U\xff\xf7\xbd\x0c\xf0\xd7\x5c\xf5\xdf\x09q\
\xd5\xff\x14\xb7\x02\x0f\xe2\xaa\xab\xae\xba\xea\xaa\xab\xfe\xef\
z\x06\xf0`\xae\xfa\xef\x86\xb8\xea\x7f\x8a\x8f\x06\xbe\x8a\
\xab\xae\xba\xea\xaa\xab\xae\xfa\xbf\xebc\x80\xaf\xe6\xaa\xff\
n\x88\xab\xfe\xa78\x0e\xdc\x0a\x1c\xe3\xaa\xab\xae\xba\xea\
\xaa\xab\xfe\xef\xb9\x04<\x18\xd8\xe5\xaa\xffn\x88\xab\xfe\
'\xf9l\xe0\xb3\xb8\xea\xaa\xab\xae\xba\xea\xaa\xff{>\
\x07\xf8l\xae\xfa\x9f\x00q\xd5\xff$\xc7\x81[\x81c\
\x5cu\xd5UW]u\xd5\xff\x1d\x97\x80\x07\x03\xbb\x5c\
\xf5?\x01\xe2\xaa\xffi\xde\x1b\xf8.\xae\xba\xea\xaa\xab\
\xae\xba\xea\xff\x8e\xf7\x01\xbe\x9b\xab\xfe\xa7@\x5c\xf5?\
\xd1o\x03\xaf\xc5UW]u\xd5UW\xfd\xef\xf7;\
\xc0ks\xd5\xff$\x88\xab\xfe'zi\xe0\xb7\x81c\
\x5cu\xd5UW]u\xd5\xff^\x97\x80\x97\x06n\xe5\
\xaa\xffI\x10W\xfdO\xf5\xde\xc0wq\xd5UW]\
u\xd5U\xff{\xbd\x0d\xf0\xd3\x5c\xf5?\x0d\xe2\xaa\xff\
\xc9\xbe\x1bx/\xae\xba\xea\xaa\xab\xae\xba\xea\x7f\x9f\xef\
\x01\xde\x9b\xab\xfe'B\x5c\xf5?\xddw\x03\xef\xc5U\
W]u\xd5UW\xfd\xef\xf1=\xc0{s\xd5\xffT\
\x88\xab\xfe7\xf8k\xe0\xa5\xb8\xea\xaa\xab\xae\xba\xea\xaa\
\xff\xf9~\x06xk\xae\xfa\x9f\x0cq\xd5\xff\x16\xdf\x0d\
\xbc\x17W]u\xd5UW]\xf5?\xd7\xf7\x00\xef\xcd\
U\xff\xd3!\xae\xfa\xdf\xe4\xbb\x81\xf7\xe2\xaa\xab\xae\xba\
\xea\xaa\xab\xfe\xe7\xf9\x1e\xe0\xbd\xb9\xea\x7f\x03\xc4U\xff\
\xdb\xbc7\xf0\xd5\xc01\xae\xba\xea\xaa\xab\xae\xba\xea\xbf\
\xdf%\xe0\xbd\x81\x9f\xe6\xaa\xff-\x10W\xfdo\xf4\xd2\
\xc0W\x03\xaf\xc5UW]u\xd5UW\xfd\xf7\xf9\x1d\
\xe0\xbd\x81[\xb9\xea\x7f\x13\xc4U\xff\x9b\xbd7\xf0\xd5\
\xc01\xae\xba\xea\xaa\xab\xae\xba\xea\xbf\xce%\xe0\xa3\x81\
\xef\xe6\xaa\xff\x8d\x10W\xfdow\x1c\xf8h\xe0\xa3\x81\
c\x5cu\xd5UW]u\xd5\x7f\x9eK\xc0W\x03_\
\x0d\xecr\xd5\xffV\x88\xab\xfe\xaf8\x0e\xbc7\xf0\xd1\
\xc0\x83\xb8\xea\xaa\xab\xae\xba\xea\xaa\xff8\xcf\x00\xbe\x1a\
\xf8n`\x97\xab\xfe\xb7C\x5c\xf5\x7f\xd1K\x03\xef\x0d\
\xbc6\xf0R\x5cu\xd5UW]u\xd5\xbf\xde\xdf\x00\
\xbf\x0d|7\xf0\xd7\x5c\xf5\x7f\x09\xe2\xaa\xff\xeb\x8e\x03\
\xaf\x0d\xbc4\xf0\xd2\xc0q\xe0\xc1\xc0\x83\xb8\xea\xaa\xab\
\xae\xba\xea*x\x06p+\xb0\x0b\xfc5\xf0\xd7\xc0o\
\x03\xbb\x5c\xf5\x7f\x15\xe2\xaa\xab\xae\xba\xea\xaa\xab\xae\xba\
\xea\xaa\xffO\x10W]u\xd5UW]u\xd5UW\
\xfd\x7f\x82\xb8\xea\xaa\xab\xae\xba\xea\xaa\xab\xae\xba\xea\xff\
\x13\xc4UW]u\xd5UW]u\xd5U\xff\x9f \
\xae\xba\xea\xaa\xab\xae\xba\xea\xaa\xab\xae\xfa\xff\x04q\xd5\
UW]u\xd5UW]u\xd5\xff'\x88\xab\xae\xba\
\xea\xaa\xab\xae\xba\xea\xaa\xab\xfe?A\x5cu\xd5UW\
]u\xd5UW]\xf5\xff\x09\xe2\xaa\xab\xae\xba\xea\xaa\
\xab\xae\xba\xea\xaa\xffO\x10W]u\xd5UW]u\
\xd5UW\xfd\x7f\x82\xb8\xea\xaa\xab\xae\xba\xea\xaa\xab\xae\
\xba\xea\xff\x13\xc4UW]u\xd5UW]u\xd5U\
\xff\x9f \xae\xba\xea\xaa\xab\xae\xba\xea\xaa\xab\xae\xfa\xff\
\x04q\xd5UW]u\xd5UW]u\xd5\xff'\x88\
\xab\xae\xba\xea\xaa\xab\xae\xba\xea\xaa\xab\xfe?A\x5cu\
\xd5UW]u\xd5UW]\xf5\xff\x09\xe2\xaa\xab\xae\
\xba\xea\xaa\xab\xae\xba\xea\xaa\xffO\x10W]u\xd5U\
W]u\xd5UW\xfd\x7f\x82\xb8\xea\xaa\xab\xae\xba\xea\
\xaa\xab\xae\xba\xea\xff\x13\xc4UW]u\xd5UW]\
u\xd5U\xff\x9f \xae\xba\xea\xaa\xab\xae\xba\xea\xaa\xab\
\xae\xfa\xff\x04q\xd5UW]u\xd5UW]u\xd5\
\xff'\x88\xab\xae\xba\xea\xaa\xab\xae\xba\xea\xaa\xab\xfe?\
A\x5cu\xd5UW]u\xd5UW]\xf5\xff\x09\xe2\
\xaa\xab\xae\xba\xea\xaa\xab\xae\xba\xea\xaa\xffO\x10W]\
u\xd5UW]u\xd5UW\xfd\x7f\x82\xb8\xea\xaa\xab\
\xae\xba\xea\xaa\xab\xae\xba\xea\xff\x13\xc4UW]u\xd5\
UW]u\xd5U\xff\x9f \xae\xba\xea\xaa\xab\xae\xba\
\xea\xaa\xab\xae\xfa\xff\x04q\xd5UW]u\xd5UW\
]u\xd5\xff'\x88\xab\xae\xba\xea\xaa\xab\xae\xba\xea\xaa\
\xab\xfe?A\x5cu\xd5UW]u\xd5UW]\xf5\
\xff\x09\xe2\xaa\xab\xae\xba\xea\xaa\xab\xae\xba\xea\xaa\xffO\
\x10W]u\xd5UW]u\xd5UW\xfd\x7f\x82\xb8\
\xea\xaa\xab\xae\xba\xea\xaa\xab\xae\xba\xea\xff\x13\xc4UW\
]u\xd5UW]u\xd5U\xff\x9f \xae\xba\xea\xaa\
\xab\xae\xba\xea\xaa\xab\xae\xfa\xff\x04q\xd5UW]u\
\xd5UW]u\xd5\xff'\x88\xab\xae\xba\xea\xaa\xab\xae\
\xba\xea\xaa\xab\xfe?A\x5cu\xd5UW]u\xd5U\
W]\xf5\xff\x09\xe2\xaa\xab\xae\xba\xea\xaa\xab\xae\xba\xea\
\xaa\xffO\x10W]u\xd5UW]u\xd5UW\xfd\
\x7f\x82\xb8\xea\xaa\xab\xae\xba\xea\xaa\xab\xae\xba\xea\xff\x13\
\xc4UW]u\xd5UW]u\xd5U\xff\x9f \xae\
\xba\xea\xaa\xab\xae\xba\xea\xaa\xab\xae\xfa\xff\x04q\xd5U\
W]u\xd5UW]u\xd5\xff'\x88\xab\xae\xba\xea\
\xaa\xab\xae\xba\xea\xaa\xab\xfe?A\x5cu\xd5UW]\
u\xd5UW]\xf5\xff\x09\xe2\xaa\xff\xef\xccUW]\
u\xd5U\xff\x1f\x89\xab\xfe\xbfB\x5c\xf5\xff\x9d\xb9\xea\
\xaa\xab\xae\xba\xea\xff\x9bK\xc0q\xae\xfa\xff\x0aq\xd5\
\xffw\xbf\x0d\xbc\x16W]u\xd5UW\xfd\x7f\xf2;\
\xc0ks\xd5\xffW\x88\xab\xfe\xbf\xfbm\xe0\xb5\xb8\xea\
\xaa\xab\xae\xba\xea\xff\x93\xdf\x01^\x9b\xab\xfe\xbfB\x5c\
\xf5\xff\xddo\x03\xaf\xc5UW]u\xd5U\xff\x9f\xfc\
\x0e\xf0\xda\x5c\xf5\xff\x15\xe2\xaa\xff\xef~\x1ax+\xae\
\xba\xea\xaa\xab\xae\xfa\xff\xe4g\x80\xb7\xe6\xaa\xff\xaf\x10\
W\xfd\x7f\xf7\xd9\xc0gq\xd5UW]u\xd5\xff'\
\x9f\x03|6W\xfd\x7f\x85\xb8\xea\xff\xbb\xcf\x06>\x8b\
\xab\xae\xba\xea\xaa\xab\xfe?\xf9\x1c\xe0\xb3\xb9\xea\xff+\
\xc4U\xff\xdf}6\xf0Y\x5cu\xd5UW]\xf5\xff\
\xc9\xe7\x00\x9f\xcdU\xff_!\xae\xfa\xff\xee\xbd\x81\xef\
\xe2\xaa\xab\xae\xba\xea\xaa\xffO\xde\x07\xf8n\xae\xfa\xff\
\x0aq\xd5\xffw\xaf\x0d\xfc\x16W]u\xd5UW\xfd\
\x7f\xf2:\xc0os\xd5\xffW\x88\xab\xfe\xbf{m\xe0\
\xb7\xb8\xea\xaa\xab\xae\xba\xea\xff\x93\xd7\x01~\x9b\xab\xfe\
\xbfB\x5c\xf5\xff\xddk\x03\xbf\xc5UW]u\xd5U\
\xff\x9f\xbc\x0e\xf0\xdb\x5c\xf5\xff\x15\xe2\xaa\xff\xef\x1e\x0c\
<\x9d\xab\xae\xba\xea\xaa\xab\xfe?9\x01\xecr\xd5\xff\
W\x88\xab\xae\x02s\xd5UW]u\xd5\xff'\xe2\xaa\
\xff\xcf\x10W]\x05\xe6\xaa\xab\xae\xba\xea\xaa\xffO\xc4\
U\xff\x9f!\xae\xba\x0a\xccUW]u\xd5U\xff\x9f\
\x88\xab\xfe?C\x5cu\x15\xfc5\xf0R\x5cu\xd5U\
W]\xf5\xff\xc1\xdf\x00/\xcdU\xff\x9f!\xae\xba\x0a\
~\x1bx-\xae\xba\xea\xaa\xab\xae\xfa\xff\xe0w\x80\xd7\
\xe6\xaa\xff\xcf\x10W]\x05\xbf\x0d\xbc\x16W]u\xd5\
UW\xfd\x7f\xf0;\xc0ks\xd5\xffg\x88\xab\xae\x82\
\xdf\x06^\x8b\xab\xae\xba\xea\xaa\xab\xfe?\xf8\x1d\xe0\xb5\
\xb9\xea\xff3\xc4UW\xc1g\x03\x9f\xc5UW]u\
\xd5U\xff\x1f|\x0e\xf0\xd9\x5c\xf5\xff\x19\xe2\xaa\xab\xe0\
\xb3\x81\xcf\xe2\xaa\xab\xae\xba\xea\xaa\xff\x0f>\x07\xf8l\
\xae\xfa\xff\x0cq\xd5U\xf0\xd9\xc0gq\xd5UW]\
u\xd5\xff\x07\x9f\x03|6W\xfd\x7f\x86\xb8\xea*\xf8\
l\xe0\xb3\xb8\xea\xaa\xab\xae\xba\xea\xff\x83\x8f\x01\xbe\x9a\
\xab\xfe?C\x5cu\x15\xbc6\xf0[\x5cu\xd5UW\
]\xf5\xff\xc1\xeb\x00\xbf\xcdU\xff\x9f!\xae\xba\x0a^\
\x1b\xf8-\xae\xba\xea\xaa\xab\xae\xfa\xff\xe0u\x80\xdf\xe6\
\xaa\xff\xcf\x10W]\x05\xaf\x0d\xfc\x16W]u\xd5U\
W\xfd\x7f\xf0:\xc0os\xd5\xffg\x88\xab\xae\x82\x97\
\x06\xfe\x8a\xab\xae\xba\xea\xaa\xab\xfe?x\x19\xe0\xaf\xb9\
\xea\xff3\xc4UW]a\xae\xba\xea\xaa\xab\xae\xfa\xff\
@\x5c\xf5\xff\x1d\xe2\xaa\xab\xae0W]u\xd5UW\
\xfd\x7f \xae\xfa\xff\x0eq\xd5UW\x98\xab\xae\xba\xea\
\xaa\xab\xfe?\x10W\xfd\x7f\x87\xb8\xea\xaa+n\x05\x1e\
\xc4UW]u\xd5U\xff\x97=\x03x0W\xfd\x7f\
\x87\xb8\xea\xaa+~\x1bx-\xae\xba\xea\xaa\xab\xae\xfa\
\xbf\xecw\x80\xd7\xe6\xaa\xff\xef\x10W]u\xc5o\x03\
\xaf\xc5UW]u\xd5U\xff\x97\xfd\x0e\xf0\xda\x5c\xf5\
\xff\x1d\xe2\xaa\xab\xae\xf8m\xe0\xb5\xb8\xea\xaa\xab\xae\xba\
\xea\xff\xb2\xdf\x01^\x9b\xab\xfe\xbfC\x5cu\xd5\x15\xdf\
\x0d\xbc\x17W]u\xd5UW\xfd_\xf65\xc0Gs\
\xd5\xffw\x88\xab\xae\xba\xe2\xb3\x81\xcf\xe2\xaa\xab\xae\xba\
\xea\xaa\xff\xcb>\x07\xf8l\xae\xfa\xff\x0eq\xd5UW\
|6\xf0Y\x5cu\xd5UW]\xf5\x7f\xd9\xe7\x00\x9f\
\xcdU\xff\xdf!\xae\xba\xea\x8a\xcf\x06>\x8b\xab\xae\xba\
\xea\xaa\xab\xfe/\xfb\x1c\xe0\xb3\xb9\xea\xff;\xc4UW\
]\xf1\xd6\xc0Oq\xd5UW]u\xd5\xffeo\x03\
\xfc4W\xfd\x7f\x87\xb8\xea\xaa+^\x1b\xf8-\xae\xba\
\xea\xaa\xab\xae\xfa\xbf\xecu\x80\xdf\xe6\xaa\xff\xef\x10W\
]u\xc5k\x03\xbf\xc5UW]u\xd5U\xff\x97\xbd\
\x0e\xf0\xdb\x5c\xf5\xff\x1d\xe2\xaa\xab\xaexm\xe0\xb7\xb8\
\xea\xaa\xab\xae\xba\xea\xff\xb2\xd7\x01~\x9b\xab\xfe\xbfC\
\x5cu\xd5\xb3\x99\xab\xae\xba\xea\xaa\xab\xfe/\x13W]\
\x05\x88\xab\xaez6s\xd5UW]u\xd5\xffe\xe2\
\xaa\xab\x00q\xd5U\xcff\xae\xba\xea\xaa\xab\xae\xfa\xbf\
L\x5cu\x15 \xae\xba\xea\xd9v\x81c\x5cu\xd5U\
W]\xf5\x7f\xd1%\xe08W]\x05\x88\xab\xaez\xb6\
\xdf\x06^\x8b\xab\xae\xba\xea\xaa\xab\xfe/\xfa\x1d\xe0\xb5\
\xb9\xea*@\x5cu\xd5\xb3\xfd6\xf0Z\x5cu\xd5U\
W]\xf5\x7f\xd1\xef\x00\xaf\xcdUW\x01\xe2\xaa\xab\x9e\
\xed\xb7\x81\xd7\xe2\xaa\xab\xae\xba\xea\xaa\xff\x8b~\x07x\
m\xae\xba\x0a\x10W]\xf5l?\x0d\xbc\x15W]u\
\xd5UW\xfd_\xf4=\xc0{s\xd5U\x80\xb8\xea\xaa\
g\xfbl\xe0\xb3\xb8\xea\xaa\xab\xae\xba\xea\xff\xa2\xcf\x01\
>\x9b\xab\xae\x02\xc4UW=\xdbg\x03\x9f\xc5UW\
]u\xd5U\xff\x17}\x0e\xf0\xd9\x5cu\x15 \xae\xba\
\xea\xd9>\x1b\xf8,\xae\xba\xea\xaa\xab\xae\xfa\xbf\xe8s\
\x80\xcf\xe6\xaa\xab\x00q\xd5U\xcf\xf6\xde\xc0wq\xd5\
UW]u\xd5\xffE\xef\x03|7W]\x05\x88\xab\
\xaez\xb6\xd7\x06~\x8b\xab\xae\xba\xea\xaa\xab\xfe/z\
\x1d\xe0\xb7\xb9\xea*@\x5cu\xd5\xb3\xbd6\xf0[\x5c\
u\xd5UW]\xf5\x7f\xd1\xeb\x00\xbf\xcdUW\x01\xe2\
\xaa\xab\x9e\xed\xb5\x81\xdf\xe2\xaa\xab\xae\xba\xea\xaa\xff\x8b\
^\x07\xf8m\xae\xba\x0a\x10W]\xf5l\xc7\x81\x8b\x5c\
u\xd5UW]\xf5\x7f\xd1\x09`\x97\xab\xae\x02\xc4U\
W='s\xd5UW]u\xd5\xffE\xe2\xaa\xab\xae\
@\x5cu\xd5s2W]u\xd5UW\xfd_$\xae\
\xba\xea\x0a\xc4UW='s\xd5UW]u\xd5\xff\
E\xe2\xaa\xab\xae@\x5cu\xd5s\xfak\xe0\xa5\xb8\xea\
\xaa\xab\xae\xba\xea\xff\x92\xdf\x01^\x9b\xab\xae\xba\x02q\
\xd5U\xcf\xe9\xb7\x81\xd7\xe2\xaa\xab\xae\xba\xea\xaa\xffK\
~\x07xm\xae\xba\xea\x0a\xc4UW=\xa7\xdf\x06^\
\x8b\xab\xae\xba\xea\xaa\xab\xfe/\xf9\x1d\xe0\xb5\xb9\xea\xaa\
+\x10W]\xf5\x9c~\x1bx-\xae\xba\xea\xaa\xab\xae\
\xfa\xbf\xe4w\x80\xd7\xe6\xaa\xab\xae@\x5cu\xd5s\xfa\
l\xe0\xb3\xb8\xea\xaa\xab\xae\xba\xea\xff\x92\xcf\x01>\x9b\
\xab\xae\xba\x02q\xd5U\xcf\xe9\xb3\x81\xcf\xe2\xaa\xab\xae\
\xba\xea\xaa\xffK>\x07\xf8l\xae\xba\xea\x0a\xc4UW\
=\xa7\xcf\x06>\x8b\xab\xae\xba\xea\xaa\xab\xfe/\xf9\x1c\
\xe0\xb3\xb9\xea\xaa+\x10W]\xf5\x9c>\x1a\xf8*\xae\
\xba\xea\xaa\xab\xae\xfa\xbf\xe4c\x80\xaf\xe6\xaa\xab\xae@\
\x5cu\xd5szm\xe0\xb7\xb8\xea\xaa\xab\xae\xba\xea\xff\
\x92\xd7\x01~\x9b\xab\xae\xba\x02q\xd5U\xcf\xe9\xb5\x81\
\xdf\xe2\xaa\xab\xae\xba\xea\xaa\xffK^\x07\xf8m\xae\xba\
\xea\x0a\xc4UW=\xa7\xd7\x06~\x8b\xab\xae\xba\xea\xaa\
\xab\xfe/y\x1d\xe0\xb7\xb9\xea\xaa+\x10W]\xf5\x9c\
^\x1a\xf8+\xae\xba\xea\xaa\xab\xae\xfa\xbf\xe4!\xc0\xad\
\x5cu\xd5\x15\x88\xab\xaez^\xe6\xaa\xab\xae\xba\xea\xaa\
\xffK\xc4UW=\x1b\xe2\xaa\xab\x9e\x97\xb9\xea\xaa\xab\
\xae\xba\xea\xff\x12q\xd5U\xcf\x86\xb8\xea\xaa\xe7e\xae\
\xba\xea\xaa\xab\xae\xfa\xbfD\x5cu\xd5\xb3!\xae\xba\xea\
y\xdd\x0a<\x88\xab\xae\xba\xea\xaa\xab\xfe/x\x06\xf0\
`\xae\xba\xea\xd9\x10W]\xf5\xbc~\x1bx-\xae\xba\
\xea\xaa\xab\xae\xfa\xbf\xe0w\x80\xd7\xe6\xaa\xab\x9e\x0dq\
\xd5U\xcf\xeb\xb7\x81\xd7\xe2\xaa\xab\xae\xba\xea\xaa\xff\x0b\
~\x07xm\xae\xba\xea\xd9\x10W]\xf5\xbc~\x1bx\
-\xae\xba\xea\xaa\xab\xae\xfa\xbf\xe0w\x80\xd7\xe6\xaa\xab\
\x9e\x0dq\xd5U\xcf\xeb\xab\x81\x8f\xe2\xaa\xab\xae\xba\xea\
\xaa\xff\x0b\xbe\x06\xf8h\xae\xba\xea\xd9\x10W]\xf5\xbc\
>\x1b\xf8,\xae\xba\xea\xaa\xab\xae\xfa\xbf\xe0s\x80\xcf\
\xe6\xaa\xab\x9e\x0dq\xd5U\xcf\xeb\xb3\x81\xcf\xe2\xaa\xab\
\xae\xba\xea\xaa\xff\x0b>\x07\xf8l\xae\xba\xea\xd9\x10W\
]\xf5\xbc>\x1b\xf8,\xae\xba\xea\xaa\xab\xae\xfa\xbf\xe0\
s\x80\xcf\xe6\xaa\xab\x9e\x0dq\xd5U\xcf\xeb\xad\x81\x9f\
\xe2\xaa\xab\xae\xba\xea\xaa\xff\x0b^\x07\xf8m\xae\xba\xea\
\xd9\x10W]\xf5\xbc^\x1b\xf8-\xae\xba\xea\xaa\xab\xae\
\xfa\xbf\xe0u\x80\xdf\xe6\xaa\xab\x9e\x0dq\xd5U\xcf\xeb\
\xb5\x81\xdf\xe2\xaa\xab\xae\xba\xea\xaa\xff\x0b^\x07\xf8m\
\xae\xba\xea\xd9\x10W]\xf5\xbc^\x1b\xf8-\xae\xba\xea\
\xaa\xab\xae\xfa\xbf\xe0u\x80\xdf\xe6\xaa\xab\x9e\x0dq\xd5\
U\xcf\x9f\xb9\xea\xaa\xab\xae\xba\xea\xff\x02q\xd5U\xcf\
\x09q\xd5U\xcf\x9f\xb9\xea\xaa\xab\xae\xba\xea\xff\x02q\
\xd5U\xcf\x09q\xd5U\xcf\x9f\xb9\xea\xaa\xab\xae\xba\xea\
\xff\x02q\xd5U\xcf\x09q\xd5U\xcf\xdf.p\x8c\xab\
\xae\xba\xea\xaa\xab\xfe7\xbb\x04\x1c\xe7\xaa\xab\x9e\x13\xe2\
\xaa\xab\x9e\xbf\xdf\x06^\x8b\xab\xae\xba\xea\xaa\xab\xfe7\
\xfb\x1d\xe0\xb5\xb9\xea\xaa\xe7\x84\xb8\xea\xaa\xe7\xef\xb7\x81\
\xd7\xe2\xaa\xab\xae\xba\xea\xaa\xff\xcd~\x07xm\xae\xba\
\xea9!\xae\xba\xea\xf9\xfbm\xe0\xb5\xb8\xea\xaa\xab\xae\
\xba\xea\x7f\xb3\xdf\x01^\x9b\xab\xaezN\x88\xab\xaez\
\xfe~\x1ax+\xae\xba\xea\xaa\xab\xae\xfa\xdf\xec{\x80\
\xf7\xe6\xaa\xab\x9e\x13\xe2\xaa\xab\x9e\xbf\xcf\x06>\x8b\xab\
\xae\xba\xea\xaa\xab\xfe7\xfb\x1c\xe0\xb3\xb9\xea\xaa\xe7\x84\
\xb8\xea\xaa\xe7\xef\xb3\x81\xcf\xe2\xaa\xab\xae\xba\xea\xaa\xff\
\xcd>\x07\xf8l\xae\xba\xea9!\xae\xba\xea\xf9\xfbl\
\xe0\xb3\xb8\xea\xaa\xab\xae\xba\xea\x7f\xb3\xcf\x01>\x9b\xab\
\xaezN\x88\xab\xaez\xfe\xde\x1b\xf8.\xae\xba\xea\xaa\
\xab\xae\xfa\xdf\xec}\x80\xef\xe6\xaa\xab\x9e\x13\xe2\xaa\xab\
\x9e\xbf\xd7\x06~\x8b\xab\xae\xba\xea\xaa\xab\xfe7{\x1d\
\xe0\xb7\xb9\xea\xaa\xe7\x84\xb8\xea\xaa\xe7\xef\xb5\x81\xdf\xe2\
\xaa\xab\xae\xba\xea\xaa\xff\xcd^\x07\xf8m\xae\xba\xea9\
!\xae\xba\xea\xf9{m\xe0\xb7\xb8\xea\xaa\xab\xae\xba\xea\
\x7f\xb3\xd7\x01~\x9b\xab\xaezN\x88\xab\xaez\xfe\x8e\
\x03\x17\xb9\xea\xaa\xab\xae\xba\xea\x7f\xb3\x13\xc0.W]\
\xf5\x9c\x10W]\xf5\x82\x99\xab\xae\xba\xea\xaa\xab\xfe7\
\x13W]\xf5\xbc\x10W]\xf5\x82\x99\xab\xae\xba\xea\xaa\
\xab\xfe7\x13W]\xf5\xbc\x10W]\xf5\x82\x99\xab\xae\
\xba\xea\xaa\xab\xfe7\x13W]\xf5\xbc\x10W]\xf5\x82\
\xfd5\xf0R\x5cu\xd5UW]\xf5\xbf\xd1\xef\x00\xaf\
\xcdUW=/\xc4UW\xbd`\xbf\x0d\xbc\x16W]\
u\xd5UW\xfdo\xf4;\xc0ks\xd5U\xcf\x0bq\
\xd5U/\xd8o\x03\xaf\xc5UW]u\xd5U\xff\x1b\
\xfd\x0e\xf0\xda\x5cu\xd5\xf3B\x5cu\xd5\x0b\xf6\xdb\xc0\
kq\xd5UW]u\xd5\xffF?\x03\xbc5W]\
\xf5\xbc\x10W]\xf5\x82}6\xf0Y\x5cu\xd5UW\
]\xf5\xbf\xd1\xe7\x00\x9f\xcdUW=/\xc4UW\xbd\
`\x9f\x0d|\x16W]u\xd5UW\xfdo\xf49\xc0\
gs\xd5U\xcf\x0bq\xd5U/\xd8g\x03\x9f\xc5U\
W]u\xd5U\xff\x1b}\x0e\xf0\xd9\x5cu\xd5\xf3B\
\x5cu\xd5\x0b\xf6\xd1\xc0Wq\xd5UW]u\xd5\xff\
F\x1f\x03|5W]\xf5\xbc\x10W]\xf5\x82\xbd6\
\xf0[\x5cu\xd5UW]\xf5\xbf\xd1\xeb\x00\xbf\xcdU\
W=/\xc4UW\xbd`\xaf\x0d\xfc\x16W]u\xd5\
UW\xfdo\xf4:\xc0os\xd5U\xcf\x0bq\xd5U\
/\xd8k\x03\xbf\xc5UW]u\xd5U\xff\x1b\xbd\x0e\
\xf0\xdb\x5cu\xd5\xf3B\x5cu\xd5\x0b\xf6`\xe0\xe9\x5c\
u\xd5UW]\xf5\xbf\xd1C\x80[\xb9\xea\xaa\xe7\x85\
\xb8\xea\xaa\x17\xce\x5cu\xd5UW]\xf5\xbf\x91\xb8\xea\
\xaa\xe7\x0fq\xd5U/\x9c\xb9\xea\xaa\xab\xae\xba\xea\x7f\
#q\xd5U\xcf\x1f\xe2\xaa\xab^8s\xd5UW]\
u\xd5\xffF\xe2\xaa\xab\x9e?\xc4UW\xbdp\xb7\x02\
\x0f\xe2\xaa\xab\xae\xba\xea\xaa\xffM\xfe\x06xi\xae\xba\
\xea\xf9C\x5cu\xd5\x0b\xf7\xdb\xc0kq\xd5UW]\
u\xd5\xff&\xbf\x03\xbc6W]\xf5\xfc!\xae\xba\xea\
\x85\xfbm\xe0\xb5\xb8\xea\xaa\xab\xae\xba\xea\x7f\x93\xdf\x01\
^\x9b\xab\xaez\xfe\x10W]\xf5\xc2\xfd6\xf0Z\x5c\
u\xd5UW]\xf5\xbf\xc9\xef\x00\xaf\xcdUW=\x7f\
\x88\xab\xaez\xe1\xbe\x1a\xf8(\xae\xba\xea\xaa\xab\xae\xfa\
\xdf\xe4k\x80\x8f\xe6\xaa\xab\x9e?\xc4UW\xbdp\x9f\
\x0d|\x16W]u\xd5UW\xfdo\xf29\xc0gs\
\xd5U\xcf\x1f\xe2\xaa\xab^\xb8\xcf\x06>\x8b\xab\xae\xba\
\xea\xaa\xab\xfe7\xf9\x1c\xe0\xb3\xb9\xea\xaa\xe7\x0fq\xd5\
U/\xdcg\x03\x9f\xc5UW]u\xd5U\xff\x9b|\
\x0e\xf0\xd9\x5cu\xd5\xf3\x87\xb8\xea\xaa\x17\xee\xb5\x81\xdf\
\xe2\xaa\xab\xae\xba\xea\xaa\xffM^\x07\xf8m\xae\xba\xea\
\xf9C\x5cu\xd5\x0b\xf7\xda\xc0oq\xd5UW]u\
\xd5\xff&\xaf\x03\xfc6W]\xf5\xfc!\xae\xba\xea\x85\
{m\xe0\xb7\xb8\xea\xaa\xab\xae\xba\xea\x7f\x93\xd7\x01~\
\x9b\xab\xaez\xfe\x10W]\xf5\xc2\xbd6\xf0[\x5cu\
\xd5UW]\xf5\xbf\xc9\xcb\x00\x7f\xcdUW=\x7f\x88\
\xab\xae\xfa\x97\x99\xab\xae\xba\xea\xaa\xab\xfe7\x11W]\
\xf5\x82!\xae\xba\xea_f\xae\xba\xea\xaa\xab\xae\xfa\xdf\
D\x5cu\xd5\x0b\x86\xb8\xea\xaa\x7f\x99\xb9\xea\xaa\xab\xae\
\xba\xea\x7f\x13q\xd5U/\x18\xe2\xaa\xab\xfee\xbb\xc0\
1\xae\xba\xea\xaa\xab\xae\xfa\xdf\xe0\x12p\x9c\xab\xaez\
\xc1\x10W]\xf5/\xfbm\xe0\xb5\xb8\xea\xaa\xab\xae\xba\
\xea\x7f\x83\xdf\x01^\x9b\xab\xaez\xc1\x10W]\xf5/\
\xfbm\xe0\xb5\xb8\xea\xaa\xab\xae\xba\xea\x7f\x83\xdf\x01^\
\x9b\xab\xaez\xc1\x10W]\xf5/\xfbm\xe0\xb5\xb8\xea\
\xaa\xab\xae\xba\xea\x7f\x83\xdf\x01^\x9b\xab\xaez\xc1\x10\
W]\xf5/\xfbn\xe0\xbd\xb8\xea\xaa\xab\xae\xba\xea\x7f\
\x83\xef\x01\xde\x9b\xab\xaez\xc1\x10W]\xf5/\xfbl\
\xe0\xb3\xb8\xea\xaa\xab\xae\xba\xea\x7f\x83\xcf\x01>\x9b\xab\
\xaez\xc1\x10W]\xf5/\xfbl\xe0\xb3\xb8\xea\xaa\xab\
\xae\xba\xea\x7f\x83\xcf\x01>\x9b\xab\xaez\xc1\x10W]\
\xf5/\xfbl\xe0\xb3\xb8\xea\xaa\xab\xae\xba\xea\x7f\x83\xcf\
\x01>\x9b\xab\xaez\xc1\x10W]\xf5/{o\xe0\xbb\
\xb8\xea\xaa\xab\xae\xba\xea\x7f\x83\xb7\x01~\x9a\xab\xaez\
\xc1\x10W]\xf5/{m\xe0\xb7\xb8\xea\xaa\xab\xae\xba\
\xea\x7f\x83\xd7\x01~\x9b\xab\xaez\xc1\x10W]\xf5/\
{m\xe0\xb7\xb8\xea\xaa\xab\xae\xba\xea\x7f\x83\xd7\x01~\
\x9b\xab\xaez\xc1\x10W]\xf5/{m\xe0\xb7\xb8\xea\
\xaa\xab\xae\xba\xea\x7f\x83\xd7\x01~\x9b\xab\xaez\xc1\x10\
W]\xf5/;\x0e\x5c\xe4\xaa\xab\xae\xba\xea\xaa\xff\x0d\
N\x00\xbb\x5cu\xd5\x0b\x86\xb8\xea\xaa\x17\x8d\xb9\xea\xaa\
\xab\xae\xba\xea\x7f\x03q\xd5U/\x1c\xe2\xaa\xab^4\
\xe6\xaa\xab\xae\xba\xea\xaa\xff\x0d\xc4UW\xbdp\x88\xab\
\xaez\xd1\x98\xab\xae\xba\xea\xaa\xab\xfe7\x10W]\xf5\
\xc2!\xae\xba\xeaE\xf3\xdb\xc0kq\xd5UW]u\
\xd5\xffd\xbf\x03\xbc6W]\xf5\xc2!\xae\xba\xeaE\
\xf3\xdb\xc0kq\xd5UW]u\xd5\xffd\xbf\x03\xbc\
6W]\xf5\xc2!\xae\xba\xeaE\xf3\xdb\xc0kq\xd5\
UW]u\xd5\xffd\xbf\x03\xbc6W]\xf5\xc2!\
\xae\xba\xeaE\xf3\xdb\xc0kq\xd5UW]u\xd5\xff\
d?\x03\xbc5W]\xf5\xc2!\xae\xba\xeaE\xf3\xd9\
\xc0gq\xd5UW]u\xd5\xffd\x9f\x03|6W\
]\xf5\xc2!\xae\xba\xeaE\xf3\xd9\xc0gq\xd5UW\
]u\xd5\xffd\x9f\x03|6W]\xf5\xc2!\xae\xba\
\xeaE\xf3\xd9\xc0gq\xd5UW]u\xd5\xffd\x9f\
\x03|6W]\xf5\xc2!\xae\xba\xeaE\xf3\xd1\xc0W\
q\xd5UW]u\xd5\xffd\x1f\x03|5W]\xf5\
\xc2!\xae\xba\xeaE\xf3\xda\xc0oq\xd5UW]u\
\xd5\xffd\xaf\x03\xfc6W]\xf5\xc2!\xae\xba\xeaE\
\xf3\xda\xc0oq\xd5UW]u\xd5\xffd\xaf\x03\xfc\
6W]\xf5\xc2!\xae\xba\xeaE\xf3\xda\xc0oq\xd5\
UW]u\xd5\xffd\xaf\x03\xfc6W]\xf5\xc2!\
\xae\xba\xeaE\xf3`\xe0\xe9\x5cu\xd5UW]\xf5?\
\xd9C\x80[\xb9\xea\xaa\x17\x0eq\xd5U/:s\xd5\
UW]u\xd5\xffd\xe2\xaa\xab\xfee\x88\xab\xaez\
\xd1\x99\xab\xae\xba\xea\xaa\xab\xfe'\x13W]\xf5/C\
\x5cu\xd5\x8b\xce\x5cu\xd5UW]\xf5?\x99\xb8\xea\
\xaa\x7f\x19\xe2\xaa\xab^t\xb7\x02\x0f\xe2\xaa\xab\xae\xba\
\xea\xaa\xff\x89\xfe\x06xi\xae\xba\xea_\x86\xb8\xea\xaa\
\x17\xddo\x03\xaf\xc5UW]u\xd5U\xff\x13\xfd\x0e\
\xf0\xda\x5cu\xd5\xbf\x0cq\xd5U/\xba\xdf\x06^\x8b\
\xab\xae\xba\xea\xaa\xab\xfe'\xfa\x1d\xe0\xb5\xb9\xea\xaa\x7f\
\x19\xe2\xaa\xab^t\xbf\x0d\xbc\x16W]u\xd5UW\
\xfdO\xf4;\xc0ks\xd5U\xff2\xc4UW\xbd\xe8\
\xbe\x1a\xf8(\xae\xba\xea\xaa\xab\xae\xfa\x9f\xe8s\x80\xcf\
\xe6\xaa\xab\xfee\x88\xab\xaez\xd1}6\xf0Y\x5cu\
\xd5UW]\xf5?\xd1\xe7\x00\x9f\xcdUW\xfd\xcb\x10\
W]\xf5\xa2\xfbl\xe0\xb3\xb8\xea\xaa\xab\xae\xba\xea\x7f\
\xa2\xcf\x01>\x9b\xab\xae\xfa\x97!\xae\xba\xeaE\xf7\xd9\
\xc0gq\xd5UW]u\xd5\xffD\x9f\x03|6W\
]\xf5/C\x5cu\xd5\x8b\xee\xb5\x81\xdf\xe2\xaa\xab\xae\
\xba\xea\xaa\xff\x89^\x07\xf8m\xae\xba\xea_\x86\xb8\xea\
\xaa\x17\xddk\x03\xbf\xc5UW]u\xd5U\xff\x13\xbd\
\x0e\xf0\xdb\x5cu\xd5\xbf\x0cq\xd5U/\xba\xd7\x06~\
\x8b\xab\xae\xba\xea\xaa\xab\xfe'z\x1d\xe0\xb7\xb9\xea\xaa\
\x7f\x19\xe2\xaa\xab^t\xaf\x0d\xfc\x16W]u\xd5U\
W\xfdO\xf42\xc0_s\xd5U\xff2\xc4UW\xfd\
\xeb\x98\xab\xae\xba\xea\xaa\xab\xfe'\x12W]\xf5\xa2A\
\x5cu\xd5\xbf\x8e\xb9\xea\xaa\xab\xae\xba\xea\x7f\x22q\xd5\
U/\x1a\xc4UW\xfd\xeb\x98\xab\xae\xba\xea\xaa\xab\xfe\
'\x12W]\xf5\xa2A\x5cu\xd5\xbf\xce.p\x8c\xab\
\xae\xba\xea\xaa\xab\xfe'y\x06\xf0`\xae\xba\xeaE\x83\
\xb8\xea\xaa\x7f\x9d\xdf\x06^\x8b\xab\xae\xba\xea\xaa\xab\xfe\
'\xf9\x1d\xe0\xb5\xb9\xea\xaa\x17\x0d\xe2\xaa\xab\xfeu~\
\x1bx-\xae\xba\xea\xaa\xab\xae\xfa\x9f\xe4w\x80\xd7\xe6\
\xaa\xab^4\x88\xab\xae\xfa\xd7\xf9m\xe0\xb5\xb8\xea\xaa\
\xab\xae\xba\xea\x7f\x92\xdf\x01^\x9b\xab\xaez\xd1 \xae\
\xba\xea_\xe7\xbb\x81\xf7\xe2\xaa\xab\xae\xba\xea\xaa\xffI\
\xbe\x07xo\xae\xba\xeaE\x83\xb8\xea\xaa\x7f\x9d\xcf\x06\
>\x8b\xab\xae\xba\xea\xaa\xab\xfe'\xf9\x1c\xe0\xb3\xb9\xea\
\xaa\x17\x0d\xe2\xaa\xab\xfeu>\x1b\xf8,\xae\xba\xea\xaa\
\xab\xae\xfa\x9f\xe4s\x80\xcf\xe6\xaa\xab^4\x88\xab\xae\
\xfa\xd7\xf9l\xe0\xb3\xb8\xea\xaa\xab\xae\xba\xea\x7f\x92\xcf\
\x01>\x9b\xab\xaez\xd1 \xae\xba\xea_\xe7\xad\x81\x9f\
\xe2\xaa\xab\xae\xba\xea\xaa\xffI\xde\x06\xf8i\xae\xba\xea\
E\x83\xb8\xea\xaa\x7f\x9d\xd7\x06~\x8b\xab\xae\xba\xea\xaa\
\xab\xfe'y\x1d\xe0\xb7\xb9\xea\xaa\x17\x0d\xe2\xaa\xab\xfe\
u^\x1b\xf8-\xae\xba\xea\xaa\xab\xae\xfa\x9f\xe4u\x80\
\xdf\xe6\xaa\xab^4\x88\xab\xae\xfa\xd7ym\xe0\xb7\xb8\
\xea\xaa\xab\xae\xba\xea\x7f\x92\xd7\x01~\x9b\xab\xaez\xd1\
 \xae\xba\xea_\xe78p\x91\xab\xae\xba\xea\xaa\xab\xfe\
'\x11W]\xf5\xa2C\x5cu\xd5\xbf\x9e\xb9\xea\xaa\xab\
\xae\xba\xea\x7f\x12q\xd5U/:\xc4UW\xfd\xeb\x99\
\xab\xae\xba\xea\xaa\xab\xfe'\x11W]\xf5\xa2C\x5cu\
\xd5\xbf\x9e\xb9\xea\xaa\xab\xae\xba\xea\x7f\x12q\xd5U/\
:\xc4UW\xfd\xeb\xfd6\xf0Z\x5cu\xd5UW]\
\xf5?\xc1\xef\x00\xaf\xcdUW\xbd\xe8\x10W]\xf5\xaf\
\xf7\xdb\xc0kq\xd5UW]u\xd5\xff\x04\xbf\x03\xbc\
6W]\xf5\xa2C\x5cu\xd5\xbf\xdeo\x03\xaf\xc5U\
W]u\xd5U\xff\x13\xfc\x0e\xf0\xda\x5cu\xd5\x8b\x0e\
q\xd5U\xffz?\x0d\xbc\x15W]u\xd5UW\xfd\
O\xf03\xc0[s\xd5U/:\xc4UW\xfd\xeb}\
6\xf0Y\x5cu\xd5UW]\xf5?\xc1\xe7\x00\x9f\xcd\
UW\xbd\xe8\x10W]\xf5\xaf\xf7\xd9\xc0gq\xd5U\
W]u\xd5\xff\x04\x9f\x03|6W]\xf5\xa2C\x5c\
u\xd5\xbf\xdeg\x03\x9f\xc5UW]u\xd5U\xff\x13\
|\x0e\xf0\xd9\x5cu\xd5\x8b\x0eq\xd5U\xffz\x1f\x0d\
|\x15W]u\xd5UW\xfdO\xf0>\xc0ws\xd5\
U/:\xc4UW\xfd\xeb\xbd6\xf0[\x5cu\xd5U\
W]\xf5?\xc1\xeb\x00\xbf\xcdUW\xbd\xe8\x10W]\
\xf5\xaf\xf7\xda\xc0oq\xd5UW]u\xd5\xff\x04\xaf\
\x03\xfc6W]\xf5\xa2C\x5cu\xd5\xbf\xdek\x03\xbf\
\xc5UW]u\xd5U\xff\x13\xbc\x0e\xf0\xdb\x5cu\xd5\
\x8b\x0eq\xd5U\xffz\x0f\x06\x9e\xceUW]u\xd5\
U\xff\x13<\x04\xb8\x95\xab\xaez\xd1!\xae\xba\xea\xdf\
\xc6\x5cu\xd5UW]\xf5?\x81\xb8\xea\xaa\x7f\x1d\xc4\
UW\xfd\xdb\x98\xab\xae\xba\xea\xaa\xab\xfe'\x10W]\
\xf5\xaf\x83\xb8\xea\xaa\x7f\x1bs\xd5UW]u\xd5\xff\
\x04\xe2\xaa\xab\xfeu\x10W]\xf5o\xf3\xd7\xc0Kq\
\xd5UW]u\xd5\x7f\xa7\xbf\x01^\x9a\xab\xae\xfa\xd7\
A\x5cu\xd5\xbf\xcdo\x03\xaf\xc5UW]u\xd5U\
\xff\x9d~\x07xm\xae\xba\xea_\x07q\xd5U\xff6\
\xbf\x0d\xbc\x16W]u\xd5UW\xfdw\xfa\x1d\xe0\xb5\
\xb9\xea\xaa\x7f\x1d\xc4UW\xfd\xdb\xfc6\xf0Z\x5cu\
\xd5UW]\xf5\xdf\xe9w\x80\xd7\xe6\xaa\xab\xfeu\x10\
W]\xf5o\xf3\xd5\xc0Gq\xd5UW]u\xd5\x7f\
\xa7\xcf\x01>\x9b\xab\xae\xfa\xd7A\x5cu\xd5\xbf\xcdg\
\x03\x9f\xc5UW]u\xd5U\xff\x9d>\x07\xf8l\xae\
\xba\xea_\x07q\xd5U\xff6\x9f\x0d|\x16W]u\
\xd5UW\xfdw\xfa\x1c\xe0\xb3\xb9\xea\xaa\x7f\x1d\xc4U\
W\xfd\xdb|6\xf0Y\x5cu\xd5UW]\xf5\xdf\xe9\
s\x80\xcf\xe6\xaa\xab\xfeu\x10W]\xf5o\xf3\xda\xc0\
oq\xd5UW]u\xd5\x7f\xa7\xd7\x01~\x9b\xab\xae\
\xfa\xd7A\x5cu\xd5\xbf\xcdk\x03\xbf\xc5UW]u\
\xd5U\xff\x9d^\x07\xf8m\xae\xba\xea_\x07q\xd5U\
\xff6\xaf\x0d\xfc\x16W]u\xd5UW\xfdwz\x1d\
\xe0\xb7\xb9\xea\xaa\x7f\x1d\xc4UW\xfd\xdb\xbc4\xf0W\
\x5cu\xd5UW]\xf5\xdf\xe9e\x80\xbf\xe6\xaa\xab\xfe\
u\x10W]\xf5og\xae\xba\xea\xaa\xab\xae\xfa\xef$\
\xae\xba\xea_\x0fq\xd5U\xffv\xe6\xaa\xab\xae\xba\xea\
\xaa\xffN\xe2\xaa\xab\xfe\xf5\x10W]\xf5og\xae\xba\
\xea\xaa\xab\xae\xfa\xef$\xae\xba\xea_\x0fq\xd5U\xff\
v\xbb\xc01\xae\xba\xea\xaa\xab\xae\xfa\xef\xf0\x0c\xe0\xc1\
\x5cu\xd5\xbf\x1e\xe2\xaa\xab\xfe\xed~\x1bx-\xae\xba\
\xea\xaa\xab\xae\xfa\xef\xf0;\xc0ks\xd5U\xffz\x88\
\xab\xae\xfa\xb7\xfbm\xe0\xb5\xb8\xea\xaa\xab\xae\xba\xea\xbf\
\xc3\xef\x00\xaf\xcdUW\xfd\xeb!\xae\xba\xea\xdf\xee\xb7\
\x81\xd7\xe2\xaa\xab\xae\xba\xea\xaa\xff\x0e\xbf\x03\xbc6W\
]\xf5\xaf\x87\xb8\xea\xaa\x7f\xbb\xef\x06\xde\x8b\xab\xae\xba\
\xea\xaa\xab\xfe;|\x0d\xf0\xd1\x5cu\xd5\xbf\x1e\xe2\xaa\
\xab\xfe\xed>\x1b\xf8,\xae\xba\xea\xaa\xab\xae\xfa\xef\xf0\
9\xc0gs\xd5U\xffz\x88\xab\xae\xfa\xb7\xfbl\xe0\
\xb3\xb8\xea\xaa\xab\xae\xba\xea\xbf\xc3\xe7\x00\x9f\xcdUW\
\xfd\xeb!\xae\xba\xea\xdf\xee\xb3\x81\xcf\xe2\xaa\xab\xae\xba\
\xea\xaa\xff\x0e\x9f\x03|6W]\xf5\xaf\x87\xb8\xea\xaa\
\x7f\xbb\xb7\x06~\x8a\xab\xae\xba\xea\xaa\xab\xfe;\xbc\x0d\
\xf0\xd3\x5cu\xd5\xbf\x1e\xe2\xaa\xab\xfe\xed^\x1b\xf8-\
\xae\xba\xea\xaa\xab\xae\xfa\xef\xf0:\xc0os\xd5U\xff\
z\x88\xab\xae\xfa\xb7{m\xe0\xb7\xb8\xea\xaa\xab\xae\xba\
\xea\xbf\xc3\xeb\x00\xbf\xcdUW\xfd\xeb!\xae\xba\xea\xdf\
\xee\xb5\x81\xdf\xe2\xaa\xab\xae\xba\xea\xaa\xff\x0e\xaf\x03\xfc\
6W]\xf5\xaf\x87\xb8\xea\xaa\x7f\xbb\xe3\xc0E\xae\xba\
\xea\xaa\xab\xae\xfa\xef \xae\xba\xea\xdf\x06q\xd5U\xff\
>\xe6\xaa\xab\xae\xba\xea\xaa\xff\x0e\xe2\xaa\xab\xfem\x10\
W]\xf5\xefc\xae\xba\xea\xaa\xab\xae\xfa\xef \xae\xba\
\xea\xdf\x06q\xd5U\xff>\xe6\xaa\xab\xae\xba\xea\xaa\xff\
j\x97\x80\xe3\x5cu\xd5\xbf\x0d\xe2\xaa\xab\xfe}~\x1b\
x-\xae\xba\xea\xaa\xab\xae\xfa\xaf\xf4;\xc0ks\xd5\
U\xff6\x88\xab\xae\xfa\xf7\xf9m\xe0\xb5\xb8\xea\xaa\xab\
\xae\xba\xea\xbf\xd2\xef\x00\xaf\xcdUW\xfd\xdb \xae\xba\
\xea\xdf\xe7\xb7\x81\xd7\xe2\xaa\xab\xae\xba\xea\xaa\xffJ\xbf\
\x03\xbc6W]\xf5o\x83\xb8\xea\xaa\x7f\x9f\x9f\x06\xde\
\x8a\xab\xae\xba\xea\xaa\xab\xfe+\xfd\x0c\xf0\xd6\x5cu\xd5\
\xbf\x0d\xe2\xaa\xab\xfe}>\x1b\xf8,\xae\xba\xea\xaa\xab\
\xae\xfa\xaf\xf49\xc0gs\xd5U\xff6\x88\xab\xae\xfa\
\xf7\xf9l\xe0\xb3\xb8\xea\xaa\xab\xae\xba\xea\xbf\xd2\xe7\x00\
\x9f\xcdUW\xfd\xdb \xae\xba\xea\xdf\xe7\xb3\x81\xcf\xe2\
\xaa\xab\xae\xba\xea\xaa\xffJ\x9f\x03|6W]\xf5o\
\x83\xb8\xea\xaa\x7f\x9f\x8f\x06\xbe\x8a\xab\xae\xba\xea\xaa\xab\
\xfe+\xbd\x0f\xf0\xdd\x5cu\xd5\xbf\x0d\xe2\xaa\xab\xfe}\
^\x1b\xf8-\xae\xba\xea\xaa\xab\xae\xfa\xaf\xf4:\xc0o\
s\xd5U\xff6\x88\xab\xae\xfa\xf7ym\xe0\xb7\xb8\xea\
\xaa\xab\xae\xba\xea\xbf\xd2\xeb\x00\xbf\xcdUW\xfd\xdb \
\xae\xba\xea\xdf\xe7\xb5\x81\xdf\xe2\xaa\xab\xae\xba\xea\xaa\xff\
J\xaf\x03\xfc6W]\xf5o\x83\xb8\xea\xaa\x7f\x9f\x07\
\x03O\xe7\xaa\xab\xae\xba\xea\xaa\xffJ'\x80]\xae\xba\
\xea\xdf\x06q\xd5U\xff~\xe6\xaa\xab\xae\xba\xea\xaa\xff\
J\xe2\xaa\xab\xfe\xed\x10W]\xf5\xefg\xae\xba\xea\xaa\
\xab\xae\xfa\xaf$\xae\xba\xea\xdf\x0eq\xd5U\xff~\xe6\
\xaa\xab\xae\xba\xea\xaa\xffJ\xe2\xaa\xab\xfe\xed\x10W]\
\xf5\xef\xf7\xd7\xc0Kq\xd5UW]u\xd5\x7f\x85\xbf\
\x01^\x9a\xab\xae\xfa\xb7C\x5cu\xd5\xbf\xdfo\x03\xaf\
\xc5UW]u\xd5U\xff\x15~\x07xm\xae\xba\xea\
\xdf\x0eq\xd5U\xff~\xbf\x0d\xbc\x16W]u\xd5U\
W\xfdW\xf8\x1d\xe0\xb5\xb9\xea\xaa\x7f;\xc4UW\xfd\
\xfb\xfd6\xf0Z\x5cu\xd5UW]\xf5_\xe1w\x80\
\xd7\xe6\xaa\xab\xfe\xed\x10W]\xf5\xef\xf7\xd9\xc0gq\
\xd5UW]u\xd5\x7f\x85\xcf\x01>\x9b\xab\xae\xfa\xb7\
C\x5cu\xd5\xbf\xdfg\x03\x9f\xc5UW]u\xd5U\
\xff\x15>\x07\xf8l\xae\xba\xea\xdf\x0eq\xd5U\xff~\
\x9f\x0d|\x16W]u\xd5UW\xfdW\xf8\x1c\xe0\xb3\
\xb9\xea\xaa\x7f;\xc4UW\xfd\xfb}6\xf0Y\x5cu\
\xd5UW]\xf5_\xe1c\x80\xaf\xe6\xaa\xab\xfe\xed\x10\
W]\xf5\xef\xf7\xda\xc0oq\xd5UW]u\xd5\x7f\
\x85\xd7\x01~\x9b\xab\xae\xfa\xb7C\x5cu\xd5\xbf\xdfk\
\x03\xbf\xc5UW]u\xd5U\xff\x15^\x07\xf8m\xae\
\xba\xea\xdf\x0eq\xd5U\xff~\xaf\x0d\xfc\x16W]u\
\xd5UW\xfdWx\x1d\xe0\xb7\xb9\xea\xaa\x7f;\xc4U\
W\xfd\xfb\xbd4\xf0W\x5cu\xd5UW]\xf5_\xe1\
e\x80\xbf\xe6\xaa\xab\xfe\xed\x10W]\xf5\x1f\xc3\x5cu\
\xd5UW]\xf5_A\x5cu\xd5\xbf\x0f\xe2\xaa\xab\xfe\
c\x98\xab\xae\xba\xea\xaa\xab\xfe+\x88\xab\xae\xfa\xf7A\
\x5cu\xd5\x7f\x0cs\xd5UW]u\xd5\x7f\x05q\xd5\
U\xff>\x88\xab\xae\xfa\x8fq+\xf0 \xae\xba\xea\xaa\
\xab\xae\xfa\xcf\xf4\x0c\xe0\xc1\x5cu\xd5\xbf\x0f\xe2\xaa\xab\
\xfec\xfc6\xf0Z\x5cu\xd5UW]\xf5\x9f\xe9w\
\x80\xd7\xe6\xaa\xab\xfe}\x10W]\xf5\x1f\xe3\xb7\x81\xd7\
\xe2\xaa\xab\xae\xba\xea\xaa\xffL\xbf\x03\xbc6W]\xf5\
\xef\x83\xb8\xea\xaa\xff\x18\xbf\x0d\xbc\x16W]u\xd5U\
W\xfdg\xfa\x1d\xe0\xb5\xb9\xea\xaa\x7f\x1f\xc4UW\xfd\
\xc7\xf8n\xe0\xbd\xb8\xea\xaa\xab\xae\xba\xea?\xd3\xd7\x00\
\x1f\xcdUW\xfd\xfb \xae\xba\xea?\xc6g\x03\x9f\xc5\
UW]u\xd5U\xff\x99>\x07\xf8l\xae\xba\xea\xdf\
\x07q\xd5U\xff1>\x1b\xf8,\xae\xba\xea\xaa\xab\xae\
\xfa\xcf\xf49\xc0gs\xd5U\xff>\x88\xab\xae\xfa\x8f\
\xf1\xd9\xc0gq\xd5UW]u\xd5\x7f\xa6\xcf\x01>\
\x9b\xab\xae\xfa\xf7A\x5cu\xd5\x7f\x8c\xb7\x06~\x8a\xab\
\xae\xba\xea\xaa\xab\xfe3\xbd\x0d\xf0\xd3\x5cu\xd5\xbf\x0f\
\xe2\xaa\xab\xfec\xbc6\xf0[\x5cu\xd5UW]\xf5\
\x9f\xe9u\x80\xdf\xe6\xaa\xab\xfe}\x10W]\xf5\x1f\xe3\
\xb5\x81\xdf\xe2\xaa\xab\xae\xba\xea\xaa\xffL\xaf\x03\xfc6\
W]\xf5\xef\x83\xb8\xea\xaa\xff\x18\xaf\x0d\xfc\x16W]\
u\xd5UW\xfdgz\x1d\xe0\xb7\xb9\xea\xaa\x7f\x1f\xc4\
UW\xfd\xc71W]u\xd5UW\xfdg\x12W]\
\xf5\xef\x87\xb8\xea\xaa\xff8\xe6\xaa\xab\xae\xba\xea\xaa\xff\
L\xe2\xaa\xab\xfe\xfd\x10W]\xf5\x1f\xc7\x5cu\xd5U\
W]\xf5\x9fI\x5cu\xd5\xbf\x1f\xe2\xaa\xab\xfe\xe3\x98\
\xab\xae\xba\xea\xaa\xab\xfe\xb3\x5c\x02\x8es\xd5U\xff~\
\x88\xab\xae\xfa\x8f\xf3\xdb\xc0kq\xd5UW]u\xd5\
\x7f\x86\xdf\x01^\x9b\xab\xae\xfa\xf7C\x5cu\xd5\x7f\x9c\
\xdf\x06^\x8b\xab\xae\xba\xea\xaa\xab\xfe3\xfc\x0e\xf0\xda\
\x5cu\xd5\xbf\x1f\xe2\xaa\xab\xfe\xe3\xfc6\xf0Z\x5cu\
\xd5UW]\xf5\x9f\xe1w\x80\xd7\xe6\xaa\xab\xfe\xfd\x10\
W]\xf5\x1f\xe7\xa7\x81\xb7\xe2\xaa\xab\xae\xba\xea\xaa\xff\
\x0c\xdf\x03\xbc7W]\xf5\xef\x87\xb8\xea\xaa\xff8\x9f\
\x0d|\x16W]u\xd5UW\xfdg\xf8\x1c\xe0\xb3\xb9\
\xea\xaa\x7f?\xc4UW\xfd\xc7\xf9l\xe0\xb3\xb8\xea\xaa\
\xab\xae\xba\xea?\xc3\xe7\x00\x9f\xcdUW\xfd\xfb!\xae\
\xba\xea?\xceg\x03\x9f\xc5UW]u\xd5U\xff\x19\
>\x07\xf8l\xae\xba\xea\xdf\x0fq\xd5U\xffq\xde\x1b\
\xf8.\xae\xba\xea\xaa\xab\xae\xfa\xcf\xf0>\xc0ws\xd5\
U\xff~\x88\xab\xae\xfa\x8f\xf3\xda\xc0oq\xd5UW\
]u\xd5\x7f\x86\xd7\x01~\x9b\xab\xae\xfa\xf7C\x5cu\
\xd5\x7f\x9c\xd7\x06~\x8b\xab\xae\xba\xea\xaa\xab\xfe3\xbc\
\x0e\xf0\xdb\x5cu\xd5\xbf\x1f\xe2\xaa\xab\xfe\xe3\xbc6\xf0\
[\x5cu\xd5UW]\xf5\x9f\xe1u\x80\xdf\xe6\xaa\xab\
\xfe\xfd\x10W]\xf5\x1f\xe7\xc1\xc0\xd3\xb9\xea\xaa\xab\xae\
\xba\xea?\xc3\x09`\x97\xab\xae\xfa\xf7C\x5cu\xd5\x7f\
,s\xd5UW]u\xd5\x7f\x06q\xd5U\xff1\x10\
W]\xf5\x1f\xcb\x5cu\xd5UW]\xf5\x9fA\x5cu\
\xd5\x7f\x0c\xc4UW\xfd\xc72W]u\xd5UW\xfd\
g\x10W]\xf5\x1f\x03q\xd5U\xff\xb1\xfe\x1ax)\
\xae\xba\xea\xaa\xab\xae\xfa\x8f\xf4;\xc0ks\xd5U\xff\
1\x10W]\xf5\x1f\xeb\xb7\x81\xd7\xe2\xaa\xab\xae\xba\xea\
\xaa\xffH\xbf\x03\xbc6W]\xf5\x1f\x03q\xd5U\xff\
\xb1~\x1bx-\xae\xba\xea\xaa\xab\xae\xfa\x8f\xf4;\xc0\
ks\xd5U\xff1\x10W]\xf5\x1f\xeb\xb7\x81\xd7\xe2\
\xaa\xab\xae\xba\xea\xaa\xffH\xbf\x03\xbc6W]\xf5\x1f\
\x03q\xd5U\xff\xb1>\x1b\xf8,\xae\xba\xea\xaa\xab\xae\
\xfa\x8f\xf49\xc0gs\xd5U\xff1\x10W]\xf5\x1f\
\xeb\xb3\x81\xcf\xe2\xaa\xab\xae\xba\xea\xaa\xffH\x9f\x03|\
6W]\xf5\x1f\x03q\xd5U\xff\xb1>\x1b\xf8,\xae\
\xba\xea\xaa\xab\xae\xfa\x8f\xf49\xc0gs\xd5U\xff1\
\x10W]\xf5\x1f\xeb\xb3\x81\xcf\xe2\xaa\xab\xae\xba\xea\xaa\
\xffH\x1f\x03|5W]\xf5\x1f\x03q\xd5U\xff\xb1\
^\x1b\xf8-\xae\xba\xea\xaa\xab\xae\xfa\x8f\xf4:\xc0o\
s\xd5U\xff1\x10W]\xf5\x1f\xeb\xb5\x81\xdf\xe2\xaa\
\xab\xae\xba\xea\xaa\xffH\xaf\x03\xfc6W]\xf5\x1f\x03\
q\xd5U\xff\xb1^\x1b\xf8-\xae\xba\xea\xaa\xab\xae\xfa\
\x8f\xf4:\xc0os\xd5U\xff1\x10W]\xf5\x1f\xeb\
\xa5\x81\xbf\xe2\xaa\xab\xae\xba\xea\xaa\xffH\x0f\x01n\xe5\
\xaa\xab\xfec \xae\xba\xea?\x9e\xb9\xea\xaa\xab\xae\xba\
\xea?\x92\xb8\xea\xaa\xff8\x88\xab\xae\xfa\x8fg\xae\xba\
\xea\xaa\xab\xae\xfa\x8f$\xae\xba\xea?\x0e\xe2\xaa\xab\xfe\
\xe3\x99\xab\xae\xba\xea\xaa\xab\xfe#\x89\xab\xae\xfa\x8f\x83\
\xb8\xea\xaa\xffx\x7f\x0d\xbc\x14W]u\xd5UW\xfd\
G\xf8\x1b\xe0\xa5\xb9\xea\xaa\xff8\x88\xab\xae\xfa\x8f\xf7\
\xdb\xc0kq\xd5UW]u\xd5\x7f\x84\xdf\x01^\x9b\
\xab\xae\xfa\x8f\x83\xb8\xea\xaa\xffx\xdf\x0d\xbc\x17W]\
u\xd5UW\xfdG\xf8\x1e\xe0\xbd\xb9\xea\xaa\xff8\x88\
\xab\xae\xfa\x8f\xf7\xd9\xc0gq\xd5UW]u\xd5\x7f\
\x84\xcf\x01>\x9b\xab\xae\xfa\x8f\x83\xb8\xea\xaa\xffx\x1f\
\x0d|\x15W]u\xd5UW\xfdG\xf8\x18\xe0\xab\xb9\
\xea\xaa\xff8\x88\xab\xae\xfa\x8f\xf7\xda\xc0oq\xd5U\
W]u\xd5\x7f\x84\xd7\x01~\x9b\xab\xae\xfa\x8f\x83\xb8\
\xea\xaa\xff\x1c\xe6\xaa\xab\xae\xba\xea\xaa\xff\x08\xe2\xaa\xab\
\xfec!\xae\xba\xea?\xc7_\x03/\xc5UW]u\
\xd5U\xff\x1e\xbf\x03\xbc6W]\xf5\x1f\x0bq\xd5U\
\xff9\xbe\x1a\xf8(\xae\xba\xea\xaa\xab\xae\xfa\xf7\xf8\x1a\
\xe0\xa3\xb9\xea\xaa\xffX\x88\xab\xae\xfa\xcf\xf1\xde\xc0w\
q\xd5UW]u\xd5\xbf\xc7\xfb\x00\xdf\xcdUW\xfd\
\xc7B\x5cu\xd5\x7f\x8e\xe3\xc0E\xae\xba\xea\xaa\xab\xae\
\xfa\xf78\x01\xecr\xd5U\xff\xb1\x10W]\xf5\x9f\xe7\
\xa7\x81\xb7\xe2\xaa\xab\xae\xba\xea\xaa\x7f\x8b\x9f\x01\xde\x9a\
\xab\xae\xfa\x8f\x87\xb8\xea\xaa\xff<\x1f\x0d|\x15W]\
u\xd5UW\xfd[\xbc\x0f\xf0\xdd\x5cu\xd5\x7f<\xc4\
UW\xfd\xe7y0\xf0t\xae\xba\xea\xaa\xab\xae\xfa\xb7\
x\x08p+W]\xf5\x1f\x0fq\xd5U\xff\xb9~\x1a\
x+\xae\xba\xea\xaa\xab\xae\xfa\xd7\xf8\x19\xe0\xad\xb9\xea\
\xaa\xff\x1c\x88\xab\xae\xfa\xcf\xf5\xda\xc0oq\xd5UW\
]u\xd5\xbf\xc6\xeb\x00\xbf\xcdUW\xfd\xe7@\x5cu\
\xd5\x7f\xbe[\x81\x07q\xd5UW]u\xd5\x8b\xe2\x19\
\xc0\x83\xb9\xea\xaa\xff<\x88\xab\xae\xfa\xcf\xf7\xde\xc0w\
q\xd5UW]u\xd5\x8b\xe2}\x80\xef\xe6\xaa\xab\xfe\
\xf3 \xae\xba\xea\xbf\xc6\xad\xc0\x83\xb8\xea\xaa\xab\xae\xba\
\xea\x85y\x06\xf0`\xae\xba\xea?\x17\xe2\xaa\xab\xfek\
\xbc7\xf0]\x5cu\xd5UW]\xf5\xc2\xbc\x0f\xf0\xdd\
\x5cu\xd5\x7f.\xc4UW\xfd\xd7\xb9\x15x\x10W]\
u\xd5UW=?\xcf\x00\x1e\xccUW\xfd\xe7C\x5c\
u\xd5\x7f\x9d\xd7\x06~\x8b\xab\xae\xba\xea\xaa\xab\x9e\x9f\
\xd7\x01~\x9b\xab\xae\xfa\xcf\x87\xb8\xea\xaa\xffZ?\x0d\
\xbc\x15W]u\xd5UW=\xd0\xcf\x00o\xcdUW\
\xfd\xd7@\x5cu\xd5\x7f\xad\xe3\xc0\xad\xc01\xae\xba\xea\
\xaa\xab\xae\x02\xb8\x04<\x18\xd8\xe5\xaa\xab\xfek \xae\
\xba\xea\xbf\xde[\x03?\xc5UW]u\xd5U\x00o\
\x03\xfc4W]\xf5_\x07q\xd5U\xff=\xbe\x1bx\
/\xae\xba\xea\xaa\xab\xfe\x7f\xfb\x1e\xe0\xbd\xb9\xea\xaa\xff\
Z\x88\xab\xae\xfa\xefq\x1c\xf8m\xe0\xa5\xb8\xea\xaa\xab\
\xae\xfa\xff\xe9o\x80\xd7\x06v\xb9\xea\xaa\xffZ\x88\xab\
\xae\xfa\xef\xf3`\xe0\xaf\x81c\x5cu\xd5UW\xfd\xff\
r\x09x0\xb0\xcbUW\xfd\xd7C\x5cu\xd5\x7f\xaf\
\x97\x06\xfe\x8a\xab\xae\xba\xea\xaa\xff_^\x06\xf8k\xae\
\xba\xea\xbf\x07\xe2\xaa\xab\xfe\xfb\xbd7\xf0]\x5cu\xd5\
UW\xfd\xff\xf0>\xc0ws\xd5U\xff}\x10W]\
\xf5?\xc3{\x03\xdf\xc5UW]u\xd5\xffm\xef\x03\
|7W]\xf5\xdf\x0bq\xd5U\xffs\xbc7\xf0]\
\x5cu\xd5UW\xfd\xdf\xf4>\xc0ws\xd5U\xff\xfd\
\x10W]\xf5?\xcb{\x03_\x0d\x1c\xe3\xaa\xab\xae\xba\
\xea\xff\x86K\xc0G\x03\xdf\xcdUW\xfd\xcf\x80\xb8\xea\
\xaa\xffy^\x1a\xf8m\xe0\x18W]u\xd5U\xff\xbb\
]\x02^\x1b\xf8k\xae\xba\xea\x7f\x0e\xc4UW\xfd\xcf\
\xf4`\xe0\xa7\x81\x97\xe2\xaa\xab\xae\xba\xea\x7f\xa7\xbf\x01\
\xde\x1a\xb8\x95\xab\xae\xfa\x9f\x05q\xd5U\xffs\x1d\x07\
>\x1b\xf8(\xae\xba\xea\xaa\xab\xfew\xf9\x1a\xe0\xb3\x81\
]\xae\xba\xea\x7f\x1e\xc4UW\xfd\xcf\xf7\xd6\xc0w\x03\
\xc7\xb8\xea\xaa\xab\xae\xfa\x9f\xed\x12\xf0\xde\xc0Os\xd5\
U\xffs!\xae\xba\xea\x7f\x87\xe3\xc0w\x03o\xc5U\
W]u\xd5\xffL?\x03\xbc7\xb0\xcbUW\xfd\xcf\
\x86\xb8\xea\xaa\xff]^\x1b\xf8j\xe0\xa5\xb8\xea\xaa\xab\
\xae\xfa\x9f\xe1o\x80\x8f\x06~\x9b\xab\xae\xfa\xdf\x01q\
\xd5U\xff;\xbd7\xf0\xd9\xc0\x83\xb8\xea\xaa\xab\xae\xfa\
\xef\xf1\x0c\xe0\xb3\x81\xef\xe6\xaa\xab\xfewA\x5cu\xd5\
\xffn\xef\x0d|6\xf0 \xae\xba\xea\xaa\xab\xfek<\
\x03\xf8l\xe0\xbb\xb9\xea\xaa\xff\x9d\x10W]\xf5\x7f\xc3\
k\x03\x1f\x0d\xbc\x15W]u\xd5U\xff9~\x06\xf8\
j\xe0\xb7\xb9\xea\xaa\xff\xdd\x10W]\xf5\x7f\xcbq\xe0\
\xad\x81\xb7\x06\xde\x8a\xab\xae\xba\xea\xaa\x7f\x9f\x9f\x01~\
\x1a\xf8i`\x97\xab\xae\xfa\xbf\x01q\xd5U\xffw\x1d\
\x07^\x1bxm\xe0\xb5\x81\x97\xe2\xaa\xab\xae\xba\xea\x85\
\xfb\x1b\xe0\xb7\x81\xdf\x06~\x1b\xd8\xe5\xaa\xab\xfe\xefA\
\x5cu\xd5\xff/\xaf\x0d<\x18x0\xf0\xd2\xc0q\xae\
x0\xf0 \xae\xba\xea\xaa\xff\xeb\x9e\x01\xdc\xca\x15\xbb\
\xc0_\x03\xb7\x02\xb7\x02\xbf\xcdUW\xfd\xff\x80\xb8\xea\
\xaa\xab\xae\xba\xea\xaa\xab\xae\xba\xea\xff\x13\xc4UW]\
u\xd5UW]u\xd5U\xff\x9f \xae\xba\xea\xaa\xab\
\xae\xba\xea\xaa\xab\xae\xfa\xff\x04q\xd5UW]u\xd5\
UW]u\xd5\xff'\x88\xab\xae\xba\xea\xaa\xab\xae\xba\
\xea\xaa\xab\xfe?A\x5cu\xd5UW]u\xd5UW\
]\xf5\xff\x09\xe2\xaa\xab\xae\xba\xea\xaa\xab\xae\xba\xea\xaa\
\xffO\x10W]u\xd5UW]u\xd5UW\xfd\x7f\
\x82\xb8\xea\xaa\xab\xae\xba\xea\xaa\xab\xae\xba\xea\xff\x13\xc4\
UW]u\xd5UW]u\xd5U\xff\x9f \xae\xba\
\xea\xaa\xab\xae\xba\xea\xaa\xab\xae\xfa\xff\x04q\xd5UW\
]u\xd5UW]u\xd5\xff'\x88\xab\xae\xba\xea\xaa\
\xab\xae\xba\xea\xaa\xab\xfe?A\x5cu\xd5UW]u\
\xd5UW]\xf5\xff\x09\xe2\xaa\xab\xae\xba\xea\xaa\xab\xae\
\xba\xea\xaa\xffO\x10W]u\xd5UW]u\xd5U\
W\xfd\x7f\x82\xb8\xea\xaa\xab\xae\xba\xea\xaa\xab\xae\xba\xea\
\xff\x13\xc4UW]u\xd5UW]u\xd5U\xff\x9f\
 \xae\xba\xea\xaa\xab\xae\xba\xea\xaa\xab\xae\xfa\xff\x04q\
\xd5UW]u\xd5UW]u\xd5\xff'\x88\xab\xae\
\xba\xea\xaa\xab\xae\xba\xea\xaa\xab\xfe?A\x5cu\xd5U\
W]u\xd5UW]\xf5\xff\x09\xe2\xaa\xab\xae\xba\xea\
\xaa\xab\xae\xba\xea\xaa\xffO\x10W]u\xd5UW]\
u\xd5UW\xfd\x7f\x82\xb8\xea\xaa\xab\xae\xba\xea\xaa\xab\
\xae\xba\xea\xff\x13\xc4UW]u\xd5UW]u\xd5\
U\xff\x9f \xae\xba\xea\xaa\xab\xae\xba\xea\xaa\xab\xae\xfa\
\xff\x04q\xd5UW]u\xd5UW]u\xd5\xff'\
\x88\xab\xae\xba\xea\xaa\xab\xae\xba\xea\xaa\xab\xfe?A\x5c\
u\xd5UW]u\xd5UW]\xf5\xff\x09\xe2\xaa\xab\
\xae\xba\xea\xaa\xab\xae\xba\xea\xaa\xffO\x10W]u\xd5\
UW]u\xd5UW\xfd\x7f\x82\xb8\xea\xaa\xab\xae\xba\
\xea\xaa\xab\xae\xba\xea\xff\x13\xc4UW]u\xd5UW\
]u\xd5U\xff\x9f \xae\xba\xea\xaa\xab\xae\xba\xea\xaa\
\xab\xae\xfa\xff\x04q\xd5UW]u\xd5UW]u\
\xd5\xff'\x88\xab\xae\xba\xea\xaa\xab\xae\xba\xea\xaa\xab\xfe\
?A\x5cu\xd5UW]u\xd5UW]\xf5\xff\x09\
\xe2\xaa\xab\xae\xba\xea\xaa\xab\xae\xba\xea\xaa\xffO\x10W\
]u\xd5UW]u\xd5UW\xfd\x7f\x82\xb8\xea\xaa\
\xab\xae\xba\xea\xaa\xab\xae\xba\xea\xff\x13\xc4UW]u\
\xd5UW]u\xd5U\xff\x9f \xae\xba\xea\xaa\xab\xae\
\xba\xea\xaa\xab\xae\xfa\xff\x04q\xd5UW]u\xd5U\
W]u\xd5\xff'\x88\xab\xae\xba\xea\xaa\xab\xae\xba\xea\
\xaa\xab\xfe?A\x5cu\xd5UW]u\xd5UW]\
\xf5\xff\x09\xe2\xaa\xab\xae\xba\xea\xaa\xab\xae\xba\xea\xaa\xff\
O\x10W]u\xd5UW]u\xd5UW\xfd\x7f\x82\
\xb8\xea\xaa\xab\xae\xba\xea\xaa\xab\xae\xba\xea\xff\x13\xc4U\
W]u\xd5UW]u\xd5U\xff\x9f \xae\xba\xea\
\xaa\xab\xae\xba\xea\xaa\xab\xae\xfa\xff\x04q\xd5UW]\
u\xd5UW]u\xd5\xff'\x88\xab\xae\xba\xea\xaa\xab\
\xae\xba\xea\xaa\xab\xfe?A\x5cu\xd5UW]u\xd5\
UW]\xf5\xff\x09\xe2\xaa\xab\xae\xba\xea\xaa\xab\xae\xba\
\xea\xaa\xffO\x10W]u\xd5UW]u\xd5UW\
\xfd\x7f\x82\xb8\xea\xaa\xab\xae\xba\xea\xaa\xab\xae\xba\xea\xff\
\x13\xc4UW]u\xd5UW]u\xd5U\xff\x9f \
\xae\xba\xea\xaa\xab\xae\xba\xea\xaa\xab\xae\xfa\xff\x04q\xd5\
UW]u\xd5UW]u\xd5\xff'\x88\xab\xae\xba\
\xea\xaa\xab\xae\xba\xea\xaa\xab\xfe?A\x5cu\xd5UW\
]u\xd5UW]\xf5\xff\x09\xe2\xaa\xab\xae\xba\xea\xaa\
\xab\xae\xba\xea\xaa\xffO\x10W]u\xd5UW]u\
\xd5UW\xfd\x7f\xc2?\x02\xbf\x86\xc3\xaeR\x93X6\
\x00\x00\x00\x00IEND\xaeB`\x82\
\x00\x006\x1f\
\x89\
PNG\x0d\x0a\x1a\x0a\x00\x00\x00\x0dIHDR\x00\
\x00\x02\x80\x00\x00\x02\x80\x08\x06\x00\x00\x00\x0c\xcd\xc9#\
\x00\x005\xe6IDATx\x01\xed\xc0\x03\xa0$Y\
\x96\xc6\xf1\xffw\xee\x8d\xc8\xcc\xa7rKc\xaem\xdb\
\xb6m\xdb\xb6m\xdb\xb6mi\x8c\x9e\x96J\xaf\x9e2\
3\x22\xee\xf9v\xb7jz\xa6\x87;k\xd5O\x5cu\
\xd5UW]u\xd5UW]\xf5\xff\x09\xe2\xaa\xab\xae\
\xba\xea\xaa\xab\xae\xba\xea\xaa\xffO\x10W]u\xd5U\
W]u\xd5UW\xfd\x7f\x82\xb8\xea\xaa\xab\xae\xba\xea\
\xaa\xab\xae\xba\xea\xff\x13\xc4UW]u\xd5UW]\
u\xd5U\xff\x9f \xae\xba\xea\xaa\xab\xae\xba\xea\xaa\xab\
\xae\xfa\xff\x04q\xd5UW]u\xd5UW]u\xd5\
\xff'\x88\xab\xae\xba\xea\xaa\xab\xae\xba\xea\xaa\xab\xfe?\
A\x5cu\xd5UW]u\xd5UW]\xf5\xff\x09\xe2\
\xaa\xab\xae\xba\xea\xaa\xab\xae\xba\xea\xaa\xffO\x10W]\
u\xd5UW]u\xd5UW\xfd\x7f\x82\xb8\xea\xaa\xab\
\xae\xba\xea\xaa\xab\xae\xba\xea\xff\x13\xc4UW]u\xd5\
UW]u\xd5U\xff\x9f \xae\xba\xea\xaa\xab\xae\xba\
\xea\xaa\xab\xae\xfa\xff\x04q\xd5UW]u\xd5UW\
]u\xd5\xff'\x88\xab\xae\xba\xea\xaa\xab\xae\xba\xea\xaa\
\xab\xfe?A\x5cu\xd5UW]u\xd5UW]\xf5\
\xff\x09\xe2\xaa\xab\xae\xba\xea\xaa\xab\xae\xba\xea\xaa\xffO\
\x10W]u\xd5UW]u\xd5UW\xfd\x7f\x82\xb8\
\xea\xaa\xab\xae\xba\xea\xaa\xab\xae\xba\xea\xff\x13\xc4UW\
]u\xd5UW]u\xd5U\xff\x9f \xae\xba\xea\xaa\
\xab\xae\xba\xea\xaa\xab\xae\xfa\xff\x04q\xd5UW]u\
\xd5UW]u\xd5\xff'\x88\xab\xae\xba\xea\xaa\xab\xae\
\xba\xea\xaa\xab\xfe?A\x5cu\xd5UW]u\xd5U\
W]\xf5\xff\x09\xe2\xaa\xab\xae\xba\xea\xaa\xab\xae\xba\xea\
\xaa\xffO\x10W]u\xd5UW]u\xd5UW\xfd\
\x7f\x82\xb8\xea\xaa\xab\xae\xba\xea\xaa\xab\xae\xba\xea\xff\x13\
\xc4UW]u\xd5UW]u\xd5U\xff\x9f \xae\
\xba\xea\xaa\xab\xae\xba\xea\xaa\xab\xae\xfa\xff\x04q\xd5U\
W]u\xd5UW]u\xd5\xff'\x88\xab\xae\xba\xea\
\xaa\xab\xae\xba\xea\xaa\xab\xfe?A\x5cu\xd5UW]\
u\xd5UW]\xf5\xff\x09\xe2\xaa\xab\xae\xba\xea\xaa\xab\
\xae\xba\xea\xaa\xffO\x10W]u\xd5UW]u\xd5\
UW\xfd\x7f\x82\xb8\xea\xaa\xab\xae\xba\xea\xaa\xab\xae\xba\
\xea\xff\x13\xc4UW]u\xd5UW]u\xd5U\xff\
\x9f \xae\xba\xea\xaa\xab\xae\xba\xea\xaa\xab\xae\xfa\xff\x04\
q\xd5UW]u\xd5UW]u\xd5\xff'\x88\xab\
\xae\xba\xea\xaa\xab\xae\xba\xea\xaa\xab\xfe?A\x5cu\xd5\
UW]u\xd5UW]\xf5\xff\x09\xe2\xaa\xab\xae\xba\
\xea\xaa\xab\xae\xba\xea\xaa\xffO\x10W]u\xd5UW\
]u\xd5UW\xfd\x7f\x82\xb8\xea\xaa\xab\xae\xba\xea\xaa\
\xab\xae\xba\xea\xff\x13\xc4UW]u\xd5UW]u\
\xd5U\xff\x9f \xae\xba\xea\xaa\xab\xae\xba\xea\xaa\xab\xae\
\xfa\xff\x04q\xd5UW]u\xd5UW]u\xd5\xff\
'\x88\xab\xae\xba\xea\xaa\xab\xae\xba\xea\xaa\xab\xfe?A\
\x5cu\xd5UW]u\xd5UW]\xf5\xff\x09\xe2\xaa\
\xab\xae\xba\xea\xaa\xab\xae\xba\xea\xaa\xffO\x10W]u\
\xd5UW]u\xd5UW\xfd\x7f\x82\xb8\xea\xaa\xab\xae\
\xba\xea\xaa\xab\xae\xba\xea\xff\x13\xc4UW]u\xd5U\
W]u\xd5U\xff\x9f \xae\xba\xea\xaa\xab\xae\xba\xea\
\xaa\xab\xae\xfa\xff\x04q\xd5UW]u\xd5UW]\
u\xd5\xff'\x88\xab\xae\xba\xea\xaa\xab\xae\xba\xea\xaa\xab\
\xfe?A\x5cu\xd5UW]u\xd5UW]\xf5\xff\
\x09\xe2\xaa\xab\xae\xba\xea\xaa\xab\xae\xba\xea\xaa\xffO\x10\
W]u\xd5UW]u\xd5UW\xfd\x7f\x82\xb8\xea\
\xaa\xab\xae\xba\xea\xaa\xab\xae\xba\xea\xff\x13\xc4UW]\
u\xd5UW]u\xd5U\xff\x9f \xae\xba\xea\xaa\xab\
\xae\xba\xea\xaa\xab\xae\xfa\xff\x04q\xd5UW]u\xd5\
UW]u\xd5\xff'\x88\xab\xae\xba\xea\xaa\xab\xae\xba\
\xea\xaa\xab\xfe?A\x5cu\xd5UW]u\xd5UW\
]\xf5\xff\x09\xe2\xaa\xab\xae\xba\xea\xaa\xab\xae\xba\xea\xaa\
\xffO\x10W]u\xd5UW]u\xd5UW\xfd\x7f\
\x82\xb8\xea\xaa\xab\xae\xba\xea\xaa\xab\xae\xba\xea\xff\x13\xc4\
UW]u\xd5UW]u\xd5U\xff\x9f \xae\xba\
\xea\xaa\xab\xae\xba\xea\xaa\xab\xae\xfa\xff\x04q\xd5UW\
]u\xd5UW]u\xd5\xff'\x88\xab\xae\xba\xea\xaa\
\xab\xae\xba\xea\xaa\xab\xfe?A\x5cu\xd5UW]u\
\xd5UW]\xf5\xff\x09\xe2\xaa\xab\xae\xba\xea\xaa\xab\xae\
\xba\xea\xaa\xffO\x10W]u\xd5UW]u\xd5U\
W\xfd\x7f\x82\xb8\xea\xaa\xab\xae\xba\xea\xaa\xab\xae\xba\xea\
\xff\x13\xc4UW]u\xd5UW]u\xd5U\xff\x9f\
 \xae\xba\xea\xaa\xab\xae\xba\xea\xaa\xab\xae\xfa\xff\x04q\
\xd5UW]u\xd5UW]u\xd5\xff'\x88\xab\xae\
\xba\xea\xaa\xab\xae\xba\xea\xaa\xab\xfe?A\x5cu\xd5U\
W]u\xd5UW]\xf5\xff\x09\xe2\xaa\xab\xae\xba\xea\
\xaa\xab\xae\xba\xea\xaa\xffO\x10W]u\xd5UW]\
u\xd5UW\xfd\x7f\x82\xb8\xea\xaa\xab\xae\xba\xea\xaa\xab\
\xae\xba\xea\xff\x13\xc4UW]u\xd5UW]u\xd5\
U\xff\x9f \xae\xba\xea\xaa\xab\xae\xba\xea\xaa\xab\xae\xfa\
\xff\x04q\xd5UW]u\xd5UW]u\xd5\xff'\
\x88\xab\xae\xba\xea\xaa\xab\xae\xba\xea\xaa\xab\xfe?A\x5c\
u\xd5UW]u\xd5UW]\xf5\xff\x09\xe2\xaa\xab\
\xae\xba\xea\xaa\xab\xae\xba\xea\xaa\xffO\x10W]u\xd5\
UW]u\xd5UW\xfd\x7f\x82\xb8\xea\xaa\xab\xae\xba\
\xea\xaa\xab\xae\xba\xea\xff\x13\xc4UW]u\xd5UW\
]u\xd5U\xff\x9f \xae\xba\xea\xaa\xab\xae\xba\xea\xaa\
\xab\xae\xfa\xff\x04q\xd5UW]u\xd5UW]u\
\xd5\xff'\x88\xab\xae\xba\xea\xaa\xab\xae\xba\xea\xaa\xab\xfe\
?A\x5cu\xd5\x7f\xaf\xd7\x02^\x1axi\xe0\xc1<\
\xdbk\xf3\x9c\xfe\x1a\xd8\xe5\x8a[\x81\xbf\x06\xfe\x1a\xf8\
\x1d\xae\xba\xea\xaa\xab\xae\xba\xea\xaa\x7f\x0d\xc4UW\xfd\
\xd7zi\xe0\xbd\x80\x97\x06^\x9b\xff\x18\x7f\x0d\xfc6\
\xf0\xd3\xc0\xefp\xd5UW]u\xd5UW\xbd0\x88\
\xab\xae\xfa\xcf\xf7\xd2\xc0{\x01o\x0d<\x98\xff\x5c\xbb\
\xc0O\x03?\x0d\xfc\x0cW]u\xd5UW]u\xd5\
sC\x5cu\xd5\x7f\x9e\xf7\x02>\x1bx0\xff=n\
\x05>\x1b\xf8\x1e\xae\xba\xea\xaa\xab\xae\xba\xea\xaa\xfb!\
\xae\xba\xea?\xde{\x01\x9f\x0d<\x98\xff\x19n\x05>\
\x1b\xf8\x19`\x97\xab\xae\xba\xea\xaa\xab\xae\xfa\xff\x0dq\
\xd5U\xffq\xde\x1a\xf8*\xe0\xc1\xfc\xcft+\xf0\xd9\
\xc0\xf7p\xd5UW]u\xd5U\xff\x7f!\xae\xba\xea\
\xdf\xef8\xf0]\xc0[\xf3\xbf\xc3\xad\xc0\xfb\x00\xbf\xcd\
UW]u\xd5UW\xfd\xff\x83\xb8\xea\xaa\x7f\x9f\xb7\
\x06\xbe\x0b8\xce\xff>\xbf\x0d|\x0e\xf0\xdb\x5cu\xd5\
UW]u\xd5\xff\x1f\x88\xab\xae\xfa\xb7\xfb*\xe0\xa3\
\xf9\xdf\xef\xbb\x81\xcf\x01n\xe5\xaa\xab\xae\xba\xea\xaa\xab\
\xfe\xefC\x5cu\xd5\xbf\xdeq\xe0\xb7\x80\x97\xe6\xff\x96\
\xcf\x06\xbe\x06\xd8\xe5\xaa\xab\xae\xba\xea\xaa\xab\xfe\xefB\
\x5cu\xd5\xbf\xceq\xe0\xb7\x80\x97\xe6\xff\xa6]\xe0\xab\
\x81\xcf\xe1\xaa\xab\xae\xba\xea\xaa\xab\xfeoB\x5cu\xd5\
\x8b\xee\xa5\x81\x9f\x02\x1e\xcc\xff}\xb7\x02\x9f\x0d|\x0f\
W]u\xd5UW]\xf5\x7f\x0b\xe2\xaa\xab^4\x0f\
\x06\xfe\x0a8\xce\xff/\x7f\x0d|\x0c\xf0\xdb\x5cu\xd5\
UW]u\xd5\xff\x0d\x88\xab\xae\xfa\x97\x1d\x07~\x0b\
xi\xfe\xff\xfam\xe0c\x80\xbf\xe6\xaa\xab\xae\xba\xea\
\xaa\xab\xfewC\x5cu\xd5\xbf\xec\xb7\x80\xd7\xe6*\x80\
\xef\x06>\x07\xb8\x95\xab\xae\xba\xea\xaa\xab\xae\xfa\xdf\x09\
q\xd5U/\xdcw\x01\xef\xcdU\x0f\xb4\x0b|5\xf0\
5\xc0.W]u\xd5UW]\xf5\xbf\x0b\xe2\xaa\xab\
^\xb0\xb7\x06~\x8a\xab^\x90]\xe0\xb3\x81\xaf\xe1\xaa\
\xab\xae\xba\xea\xaa\xab\xfe\xf7@\x5cu\xd5\xf3w\x1cx\
:p\x9c\xab\xfe%\xb7\x02\x9f\x0d|\x0fW]u\xd5\
UW]\xf5?\x1f\xe2\xaa\xab\x9e\xbf\x9f\x02\xde\x9a\xab\
\xfe5~\x1b\xf8\x1c\xe0\xb7\xb9\xea\xaa\xab\xae\xba\xea\xaa\
\xff\xb9\x10W]\xf5\xbc\xde\x1a\xf8)\xae\xfa\xb7\xfam\
\xe0}\x80[\xb9\xea\xaa\xab\xae\xba\xea\xaa\xffy\x10W\
]\xf5\xbc\x9e\x0e<\x98\xab\xfe\xbd\xbe\x1b\xf8\x18`\x97\
\xab\xae\xba\xea\xaa\xab\xae\xfa\x9f\x03q\xd5U\xcf\xe9\xbd\
\x81\xef\xe2\xaa\xff(\xbb\xc0W\x03_\x03\xecr\xd5U\
W]u\xd5U\xff\xfd\x10W]\xf5\x9c\x9e\x0e<\x98\
\xab\xfe\xa3\xed\x02\x1f\x0d|\x0fW]u\xd5UW]\
\xf5\xdf\x0bq\xd5U\xcf\xf6\xde\xc0wq\xd5\x7f\xa6[\
\x81\x8f\x01~\x9a\xab\xae\xba\xea\xaa\xab\xae\xfa\xef\x81\xb8\
\xea\xaag{:\xf0`\xae\xfa\xaf\xf0\xdb\xc0\xe7\x00\xbf\
\xcdUW]u\xd5UW\xfd\xd7B\x5cu\xd5\x15o\
\x0d\xfc\x14W\xfdW\xfbi\xe0c\x80[\xb9\xea\xaa\xab\
\xae\xba\xea\xaa\xff\x1a\x88\xab\xae\xba\xe2\xbb\x81\xf7\xe2\xaa\
\xff._\x0d|\x0e\xb0\xcbUW]u\xd5UW\xfd\
\xe7B\x5cu\xd5\x15\x17\x81\xe3\x5c\xf5\xdfi\x17\xf8j\
\xe0k\x80]\xae\xba\xea\xaa\xab\xae\xba\xea?\x07\xe2\xaa\
\xab\xe0\xad\x81\x9f\xe2\xaa\xff)n\x05>\x1b\xf8\x1e\xae\
\xba\xea\xaa\xab\xae\xba\xea?\x1e\xe2\xaa\xab\xe0\xbb\x81\xf7\
\xe2\xaa\xffin\x05\xde\x07\xf8m\xae\xba\xea\xaa\xab\xae\
\xba\xea?\x0e\xe2\xaa\xab\xe0\xaf\x80\x97\xe6\xaa\xff\xa9~\
\x1b\xf8\x1c\xe0\xb7\xb9\xea\xaa\xab\xae\xba\xea\xaa\x7f?\xc4\
UW\x81\xb9\xea\x7f\x83\xef\x06>\x07\xb8\x95\xab\xae\xba\
\xea\xaa\xab\xae\xfa\xb7C\x5c\xf5\xff\xddk\x03\xbf\xc5U\
\xff\x9b|6\xf05\xc0.W]u\xd5UW]\xf5\
\xaf\x87\xb8\xea\xff\xbb\x8f\x06\xbe\x8a\xab\xfe\xb7\xd9\x05\xbe\
\x1a\xf8\x1c\xae\xba\xea\xaa\xab\xae\xba\xea_\x07q\xd5\xff\
w\xdf\x0d\xbc\x17W\xfdou+\xf0\xd9\xc0\xf7p\xd5\
UW]u\xd5U/\x1a\xc4U\xff\xdf\xfd6\xf0Z\
\x5c\xf5\xbf\xdd_\x03\x1f\x03\xfc6W]u\xd5UW\
]\xf5\xc2!\xae\xfa\xff\xee\xb7\x81\xd7\xe2\xaa\xff+~\
\x1b\xf8\x18\xe0\xaf\xb9\xea\xaa\xab\xae\xba\xea\xaa\xe7\x0fq\
\xd5\xffw\xbf\x0d\xbc\x16W\xfd_\xf3\xdd\xc0\xe7\x00\xb7\
r\xd5UW]u\xd5U\xcf\x09q\xd5\xffw\xe6\xaa\
\xff\xabv\x81\xaf\x06\xbe\x06\xd8\xe5\xaa\xab\xae\xba\xea\xaa\
\xab\xae@\x5c\xf5\xff\x9d\xb9\xea\xff\xba]\xe0\xb3\x81\xaf\
\xe1\xaa\xab\xae\xba\xea\xaa\xab\x00q\xd5\xffw\xe6\xaa\xff\
/n\x05>\x1b\xf8\x1e\xae\xba\xea\xaa\xab\xae\xfa\xff\x0c\
q\xd5\xffw\xe6\xaa\xffo~\x1b\xf8\x1c\xe0\xb7\xb9\xea\
\xaa\xab\xae\xba\xea\xff#\xc4U\xff\xdf\x99\xab\xfe\xbf\xfa\
m\xe0}\x80[\xb9\xea\xaa\xab\xae\xba\xea\xff\x13\xc4U\
\xff\xdf\x99\xab\xfe\xbf\xfbn\xe0c\x80]\xae\xba\xea\xaa\
\xab\xae\xfa\xff\x00q\xd5\xffw\xe6\xaa\xab`\x17\xf8j\
\xe0k\x80]\xae\xba\xea\xaa\xab\xae\xfa\xbf\x0cq\xd5\xff\
w\xe6\xaa\xab\x9em\x17\xf8h\xe0{\xb8\xea\xaa\xab\xae\
\xba\xea\xff*\xc4U\xff\xdf\x99\xab\xaez^\xb7\x02\x1f\
\x03\xfc4W]u\xd5UW\xfd_\x83\xb8\xea\xff;\
s\xd5U/\xd8o\x03\x9f\x03\xfc6W]u\xd5U\
W\xfd_\x81\xb8\xea\xff;s\xd5U\xff\xb2\x9f\x06>\
\x06\xb8\x95\xab\xae\xba\xea\xaa\xab\xfe\xb7C\x5c\xf5\xff\x9d\
\xb9\xea\xaa\x17\xddW\x03\x9f\x03\xecr\xd5UW]u\
\xd5\xffV\x88\xab\xfe\xbf3W]\xf5\xaf\xb3\x0b|5\
\xf05\xc0.W]u\xd5UW\xfdo\x83\xb8\xea\xff\
;s\xd5U\xff6\xb7\x02\x9f\x0d|\x0fW]u\xd5\
UW\xfdo\x82\xb8\xea\xff;s\xd5U\xff>\xb7\x02\
\xef\x03\xfc6W]u\xd5UW\xfdo\x80\xb8\xea\xff\
;s\xd5U\xff1~\x1b\xf8\x1c\xe0\xb7\xb9\xea\xaa\xab\
\xae\xba\xea\x7f2\xc4U\xff\xdf\x99\xab\xae\xfa\x8f\xf5\xdd\
\xc0\xe7\x00\xb7r\xd5UW]u\xd5\xffD\x88\xab\xfe\
\xbf3W]\xf5\x9f\xe3\xb3\x81\xaf\x01v\xb9\xea\xaa\xab\
\xae\xba\xea\x7f\x12\xc4U\xff\xdf\x99\xab\xae\xfa\xcf\xb3\x0b\
|5\xf09\x5cu\xd5UW]\xf5?\x05\xe2\xaa\xff\
\xef\xccUW\xfd\xe7\xbb\x15\xf8l\xe0{\xb8\xea\xaa\xab\
\xae\xba\xea\xbf\x1b\xe2\xaa\xff\xef\xccUW\xfd\xd7\xf9k\
\xe0c\x80\xdf\xe6\xaa\xab\xae\xba\xea\xaa\xff.\x88\xab\xfe\
\xbf3W]\xf5_\xef\xb7\x81\x8f\x01\xfe\x9a\xab\xae\xba\
\xea\xaa\xab\xfe\xab!\xae\xfa\xff\xce\x5cu\xd5\x7f\x9f\xef\
\x06>\x07\xb8\x95\xab\xae\xba\xea\xaa\xab\xfe\xab \xae\xfa\
\xff\xce\x5cu\xd5\x7f\xaf]\xe0\xab\x81\xaf\x01v\xb9\xea\
\xaa\xab\xae\xba\xea?\x1b\xe2\xaa\xff\xef\xccUW\xfd\xcf\
\xb0\x0b|6\xf05\x5cu\xd5UW]\xf5\x9f\x09q\
\xd5\xffw\xe6\xaa\xab\xfeg\xb9\x15\xf8l\xe0{\xb8\xea\
\xaa\xab\xae\xba\xea?\x03\xe2\xaa\xff\xef\xccUW\xfd\xcf\
\xf4\xdb\xc0\xe7\x00\xbf\xcdUW]u\xd5U\xff\x91\x10\
W\xfd\x7fg\xae\xba\xea\x7f\xb6\xdf\x06\xde\x07\xb8\x95\xab\
\xae\xba\xea\xaa\xab\xfe# \xae\xfa\xff\xce\x5cu\xd5\xff\
\x0e\xdf\x0d|\x0c\xb0\xcbUW]u\xd5U\xff\x1e\x88\
\xab\xfe\xbf3W]\xf5\xbf\xc7.\xf0\xd5\xc0\xd7\x00\xbb\
\x5cu\xd5UW]\xf5o\x81\xb8\xea\xff;s\xd5U\
\xff\xfb\xec\x02\x1f\x0d|\x0fW]u\xd5UW\xfdk\
!\xae\xfa\xff\xce\x5cu\xd5\xff^\xb7\x02\x1f\x03\xfc4\
W]u\xd5UW\xbd\xa8\x10W\xfd\x7fg\xae\xba\xea\
\x7f\xbf\xdf\x06>\x07\xf8m\xae\xba\xea\xaa\xab\xae\xfa\x97\
 \xae\xfa\xff\xce\x5cu\xd5\xff\x1d?\x0d|\x0cp+\
W]u\xd5UW\xbd \x88\xab\xfe\xbf3W]\xf5\
\x7f\xcfW\x03\x9f\x03\xecr\xd5UW]u\xd5sC\
\x5c\xf5\xff\x9d\xb9\xea\xaa\xff\x9bv\x81\xaf\x06\xbe\x06\xd8\
\xe5\xaa\xab\xae\xba\xea\xaa\xfb!\xae\xfa\xff\xce\x5cu\xd5\
\xffm\xb7\x02\x9f\x0d|\x0fW]u\xd5UW\x01 \
\xae\xfa\xff\xce\x5cu\xd5\xff\x0f\xb7\x02\xef\x03\xfc6W\
]u\xd5U\xff\xbf!\xae\xfa\xff\xce\x5cu\xd5\xff/\
\xbf\x0d|\x0e\xf0\xdb\x5cu\xd5UW\xfd\xff\x84\xb8\xea\
\xff;s\xd5U\xff?}7\xf09\xc0\xad\x5cu\xd5\
UW\xfd\xff\x82\xb8\xea\xff;s\xd5U\xff\xbf}6\
\xf05\xc0.W]u\xd5U\xff? \xae\xfa\xff\xce\
\x5cu\xd5U\xbb\xc0W\x03\x9f\xc3UW]u\xd5\xff\
}\x88\xab\xfe\xbf3W]u\xd5\xfdn\x05>\x1b\xf8\
\x1e\xae\xba\xea\xaa\xab\xfe\xefB\x5c\xf5\xff\x9d\xb9\xea\xaa\
\xab\x9e\xdb_\x03\x1f\x03\xfc6W]u\xd5U\xff\xf7\
 \xae\xfa\xff\xce\x5cu\xd5U/\xc8o\x03\x1f\x03\xfc\
5W]u\xd5U\xffw \xae\xfa\xff\xce\x5cu\xd5\
U\xff\x92\xef\x06>\x07\xb8\x95\xab\xae\xba\xea\xaa\xff\xfd\
\x10W\xfd\x7fg\xae\xba\xea\xaa\x17\xc5.\xf0\xd5\xc0\xd7\
\x00\xbb\x5cu\xd5UW\xfd\xef\x85\xb8\xea\xff;s\xd5\
UW\xfdk\xec\x02\x9f\x0d|\x0dW]u\xd5U\xff\
;!\xae\xfa\xff\xce\x5cu\xd5U\xff\x16\xb7\x02\x9f\x0d\
|\x0fW]u\xd5U\xff\xbb \xae\xfa\xff\xce\x5cu\
\xd5U\xff\x1e\xbf\x0d|\x0e\xf0\xdb\x5cu\xd5UW\xfd\
\xef\x80\xb8\xea\xff;s\xd5UW\xfdG\xf8m\xe0}\
\x80[\xb9\xea\xaa\xab\xae\xfa\x9f\x0dq\xd5\xffw\xe6\xaa\
\xab\xae\xfa\x8f\xf4\xdd\xc0\xc7\x00\xbb\x5cu\xd5UW\xfd\
\xcf\x84\xb8\xea\xff;s\xd5UW\xfdG\xdb\x05\xbe\x1a\
\xf8\x1a`\x97\xab\xae\xba\xea\xaa\xffY\x10W\xfd\x7fg\
\xae\xba\xea\xaa\xff,\xbb\xc0G\x03\xdf\xc3UW]u\
\xd5\xff\x1c\x88\xab\xfe\xbf3W]u\xd5\x7f\xb6[\x81\
\x8f\x01~\x9a\xab\xae\xba\xea\xaa\xff~\x88\xab\xfe\xbf3\
W]u\xd5\x7f\x95\xdf\x06>\x07\xf8m\xae\xba\xea\xaa\
\xab\xfe\xfb \xae\xfa\xff\xce\x5cu\xd5U\xff\xd5~\x1a\
\xf8\x18\xe0V\xae\xba\xea\xaa\xab\xfe\xeb!\xae\xfa\xff\xce\
\x5cu\xd5U\xff]\xbe\x1a\xf8\x1c`\x97\xab\xae\xba\xea\
\xaa\xff:\x88\xab\xfe\xbf3W]u\xd5\x7f\xa7]\xe0\
\xab\x81\xaf\x01v\xb9\xea\xaa\xab\xae\xfa\xcf\x87\xb8\xea\xff\
;s\xd5UW\xfdOp+\xf0\xd9\xc0\xf7p\xd5U\
W]\xf5\x9f\x0bq\xd5\xffw\xe6\xaa\xab\xae\xfa\x9f\xe4\
V\xe0}\x80\xdf\xe6\xaa\xab\xae\xba\xea?\x07\xe2\xaa\xff\
\xef\xccUW]\xf5?\xd1o\x03\x9f\x03\xfc6W]\
u\xd5U\xff\xb1\x10W\xfd\x7fg\xae\xba\xea\xaa\xff\xc9\
\xbe\x1b\xf8\x1c\xe0V\xae\xba\xea\xaa\xab\xfec \xae\xfa\
\xff\xce\x5cu\xd5U\xff\x1b|6\xf05\xc0.W]\
u\xd5U\xff>\x88\xab\xfe\xbf3W]u\xd5\xff\x16\
\xbb\xc0W\x03\x9f\xc3UW]u\xd5\xbf\x1d\xe2\xaa\xff\
\xef\xccUW]\xf5\xbf\xcd\xad\xc0g\x03\xdf\xc3UW\
]u\xd5\xbf\x1e\xe2\xaa\xff\xef\xccUW]\xf5\xbf\xd5\
_\x03\x1f\x03\xfc6W]u\xd5U/:\xc4U\xff\
\xdf\x99\xab\xae\xba\xea\x7f\xbb\xdf\x06>\x06\xf8k\xae\xba\
\xea\xaa\xab\xfee\x88\xab\xfe\xbf3W]u\xd5\xff\x15\
\xdf\x0d|\x0ep+W]u\xd5U/\x18\xe2\xaa\xff\
\xef\xccUW]\xf5\x7f\xc9.\xf0\xd5\xc0\xd7\x00\xbb\x5c\
u\xd5UW=/\xc4U\xff\xdf\x99\xab\xae\xba\xea\xff\
\xa2]\xe0\xb3\x81\xaf\xe1\xaa\xab\xae\xba\xea9!\xae\xfa\
\xff\xce\x5cu\xd5U\xff\x97\xdd\x0a|6\xf0=\x5cu\
\xd5UW]\x81\xb8\xea\xff;s\xd5UW\xfd\x7f\xf0\
\xdb\xc0\xe7\x00\xbf\xcdUW]\xf5\xff\x1d\xe2\xaa\xff\xef\
\xccUW]\xf5\xff\xc9o\x03\xef\x03\xdc\xcaUW]\
\xf5\xff\x15\xe2\xaa\xff\xef\xccUW]\xf5\xff\xd1w\x03\
\x1f\x03\xecr\xd5UW\xfd\x7f\x83\xb8\xea\xff;s\xd5\
UW\xfd\x7f\xb5\x0b|5\xf05\xc0.W]u\xd5\
\xff\x17\x88\xab\xfe\xbf3W]u\xd5\xffw\xbb\xc0G\
\x03\xdf\xc3UW]\xf5\xff\x01\xe2\xaa\xff\xef\xccUW\
]u\xd5\x15\xb7\x02\x1f\x03\xfc4W]u\xd5\xffe\
\x88\xab\xfe\xbf3W]u\xd5U\xcf\xe9\xb7\x81\xcf\x01\
~\x9b\xab\xae\xba\xea\xff\x22\xc4U\xff\xdf\x99\xab\xae\xba\
\xea\xaa\xe7\xef\xa7\x81\x8f\x01n\xe5\xaa\xab\xae\xfa\xbf\x04\
q\xd5\xffw\xe6\xaa\xab\xae\xba\xea\x85\xfbj\xe0s\x80\
]\xae\xba\xea\xaa\xff\x0b\x10W\xfd\x7fg\xae\xba\xea\xaa\
\xab\xfee\xbb\xc0W\x03_\x03\xecr\xd5UW\xfdo\
\x86\xb8\xea\xff;s\xd5UW]\xf5\xa2\xbb\x15\xf8l\
\xe0{\xb8\xea\xaa\xab\xfe\xb7B\x5c\xf5\xff\x9d\xb9\xea\xaa\
\xab\xae\xfa\xd7\xbb\x15x\x1f\xe0\xb7\xb9\xea\xaa\xab\xfe\xb7\
A\x5c\xf5\xff\x9d\xb9\xea\xaa\xab\xae\xfa\xb7\xfbm\xe0s\
\x80\xdf\xe6\xaa\xab\xae\xfa\xdf\x02q\xd5\xffw\xe6\xaa\xab\
\xae\xba\xea\xdf\xef\xbb\x81\xcf\x01n\xe5\xaa\xab\xae\xfa\x9f\
\x0eq\xd5\xffw\xe6\xaa\xab\xae\xba\xea?\xceg\x03_\
\x03\xecr\xd5UW\xfdO\x85\xb8\xea\xff;s\xd5U\
W]\xf5\x1fk\x17\xf8j\xe0s\xb8\xea\xaa\xab\xfe'\
B\x5c\xf5\xff\x9d\xb9\xea\xaa\xab\xae\xfa\xcfq+\xf0\xd9\
\xc0\xf7p\xd5UW\xfdO\x82\xb8\xea\xff;s\xd5U\
W]\xf5\x9f\xeb\xaf\x81\x8f\x01~\x9b\xab\xae\xba\xea\x7f\
\x02\xc4U\xff\xdf\x99\xab\xae\xba\xea\xaa\xff\x1a\xbf\x0d|\
\x0c\xf0\xd7\x5cu\xd5U\xff\x9d\x10W\xfd\x7fg\xae\xba\
\xea\xaa\xab\xfek}7\xf09\xc0\xad\x5cu\xd5U\xff\
\x1d\x10W\xfd\x7fg\xae\xba\xea\xaa\xab\xfe\xeb\xed\x02_\
\x0d|\x0d\xb0\xcbUW]\xf5_\x09q\xd5\xffw\xe6\
\xaa\xab\xae\xba\xea\xbf\xcf.\xf0\xd9\xc0\xd7p\xd5UW\
\xfdWA\x5c\xf5\xff\x9d\xb9\xea\xaa\xab\xae\xfa\xefw+\
\xf0\xd9\xc0\xf7p\xd5UW\xfdgC\x5c\xf5\xff\x9d\xb9\
\xea\xaa\xab\xae\xfa\x9f\xe3\xb7\x81\xcf\x01~\x9b\xab\xae\xba\
\xea?\x0b\xe2\xaa\xff\xef\xccUW]u\xd5\xff<\xbf\
\x0d\xbc\x0fp+W]u\xd5\x7f4\xc4U\xff\xdf\x99\
\xab\xae\xba\xea\xaa\xff\xb9\xbe\x1b\xf8\x18`\x97\xab\xae\xba\
\xea?\x0a\xe2\xaa\xff\xef\xccUW]u\xd5\xffl\xbb\
\xc0W\x03_\x03\xecr\xd5UW\xfd{!\xae\xfa\xff\
\xce\x5cu\xd5UW\xfd\xef\xb0\x0b|4\xf0=\x5cu\
\xd5U\xff\x1e\x88\xab\xfe\xbf3W]u\xd5U\xff\xbb\
\xdc\x0a|\x0c\xf0\xd3\x5cu\xd5U\xff\x16\x88\xab\xfe\xbf\
3W]u\xd5U\xff;\xfd6\xf09\xc0os\xd5\
UW\xfdk \xae\xfa\xff\xce\x5cu\xd5UW\xfd\xef\
\xf6\xd3\xc0\xc7\x00\xb7r\xd5UW\xbd(\x10W\xfd\x7f\
g\xae\xba\xea\xaa\xab\xfeo\xf8j\xe0s\x80]\xae\xba\
\xea\xaa\x17\x06q\xd5\xffw\xe6\xaa\xab\xae\xba\xea\xff\x8e\
]\xe0\xab\x81\xaf\x01v\xb9\xea\xaa\xab\x9e\x1f\xc4U\xff\
\xdf\x99\xab\xae\xba\xea\xaa\xff{n\x05>\x1b\xf8\x1e\xae\
\xba\xea\xaa\xe7\x86\xb8\xea\xff;s\xd5UW]\xf5\x7f\
\xd7\xad\xc0\xfb\x00\xbf\xcdUW]u?\xc4U\xff\xdf\
\x99\xab\xae\xba\xea\xaa\xff\xfb~\x1b\xf8\x1c\xe0\xb7\xb9\xea\
\xaa\xab\x10W\xfd\x7fg\xae\xba\xea\xaa\xab\xfe\xff\xf8n\
\xe0s\x80[\xb9\xea\xaa\xff\xbf\x10W\xfd\x7fg\xae\xba\
\xea\xaa\xab\xfe\xff\xf9l\xe0k\x80]\xae\xba\xea\xff\x1f\
\xc4U\xff\xdf\x99\xab\xae\xba\xea\xaa\xff\x9fv\x81\xaf\x06\
>\x87\xab\xae\xfa\xff\x05q\xd5\xffw\xe6\xaa\xab\xae\xba\
\xea\xff\xb7[\x81\xcf\x06\xbe\x87\xab\xae\xfa\xff\x01q\xd5\
\xffw\xe6\xaa\xab\xae\xba\xea*\x80\xbf\x06>\x06\xf8m\
\xae\xba\xea\xff6\xc4U\xff\xdf\x99\xab\xae\xba\xea\xaa\xab\
\x1e\xe8\xb7\x81\x8f\x01\xfe\x9a\xab\xae\xfa\xbf\x09q\xd5\xff\
w\xe6\xaa\xab\xae\xba\xea\xaa\xe7\xe7\xbb\x81\xcf\x01n\xe5\
\xaa\xab\xfeoA\x5c\xf5\xff\x9d\xb9\xea\xaa\xab\xae\xba\xea\
\x05\xd9\x05\xbe\x1a\xf8\x1a`\x97\xab\xae\xfa\xbf\x01q\xd5\
\xffw\xe6\xaa\xab\xae\xba\xea\xaa\x7f\xc9.\xf0\xd9\xc0\xd7\
p\xd5U\xff\xfb!\xae\xfa\xff\xce\x5cu\xd5UW]\
\xf5\xa2\xba\x15\xf8l\xe0{\xb8\xea\xaa\xff\xbd\x10W\xfd\
\x7fg\xae\xba\xea\xaa\xab\xae\xfa\xd7\xfam\xe0s\x80\xdf\
\xe6\xaa\xab\xfe\xf7A\x5c\xf5\xff\x9d\xb9\xea\xaa\xab\xae\xba\
\xea\xdf\xea\xb7\x81\xf7\x01n\xe5\xaa\xab\xfe\xf7@\x5c\xf5\
\xff\x9d\xb9\xea\xaa\xab\xae\xba\xea\xdf\xeb\xbb\x81\x8f\x01v\
\xb9\xea\xaa\xff\xf9\x10W\xfd\x7fg\xae\xba\xea\xaa\xab\xae\
\xfa\x8f\xb0\x0b|5\xf05\xc0.W]\xf5?\x17\xe2\
\xaa\xff\xef\xccUW]u\xd5U\xff\x91v\x81\x8f\x06\
\xbe\x87\xab\xae\xfa\x9f\x09q\xd5\xffw\xe6\xaa\xab\xae\xba\
\xea\xaa\xff\x0c\xb7\x02\x1f\x03\xfc4W]\xf5?\x0b\xe2\
\xaa\xff\xef\xccUW]u\xd5U\xff\x99~\x1b\xf8\x1c\
\xe0\xb7\xb9\xea\xaa\xff\x19\x10W\xfd\x7fg\xae\xba\xea\xaa\
\xab\xae\xfa\xaf\xf0\xd3\xc0\xc7\x00\xb7r\xd5U\xff\xbd\x10\
W\xfd\x7fg\xae\xba\xea\xaa\xab\xae\xfa\xaf\xf4\xd5\xc0\xe7\
\x00\xbb\x5cu\xd5\x7f\x0f\xc4U\xff\xdf\x99\xab\xae\xba\xea\
\xaa\xab\xfe\xab\xed\x02_\x0d|\x0d\xb0\xcbUW\xfd\xd7\
B\x5c\xf5\xff\x9d\xb9\xea\xaa\xab\xae\xba\xea\xbf\xcb\xad\xc0\
g\x03\xdf\xc3UW\xfd\xd7A\x5c\xf5\xff\x9d\xb9\xea\xaa\
\xab\xae\xba\xea\xbf\xdb\xad\xc0\xfb\x00\xbf\xcdUW\xfd\xe7\
C\x5c\xf5\xff\x9d\xb9\xea\xaa\xab\xae\xba\xea\x7f\x8a\xdf\x06\
>\x07\xf8m\xae\xba\xea?\x0f\xe2\xaa\xff\xef\xccUW\
]u\xd5U\xff\xd3|7\xf09\xc0\xad\x5cu\xd5\x7f\
<\xc4U\xff\xdf\x99\xab\xae\xba\xea\xaa\xab\xfe\xa7\xfal\
\xe0k\x80]\xae\xba\xea?\x0e\xe2\xaa\xff\xef\xccUW\
]u\xd5U\xff\x93\xed\x02_\x0d|\x0eW]\xf5\x1f\
\x03q\xd5\xffw\xe6\xaa\xab\xae\xba\xea\xaa\xff\x0dn\x05\
>\x1b\xf8\x1e\xae\xba\xea\xdf\x07q\xd5\xffw\xe6\xaa\xab\
\xae\xba\xea\xaa\xffM\xfe\x1a\xf8\x18\xe0\xb7\xb9\xea\xaa\x7f\
\x1b\xc4U\xff\xdf\x99\xab\xae\xba\xea\xaa\xab\xfe7\xfam\
\xe0c\x80\xbf\xe6\xaa\xab\xfeu\x10W\xfd\x7fg\xae\xba\
\xea\xaa\xab\xae\xfa\xdf\xec\xbb\x81\xcf\x01n\xe5\xaa\xab^\
4\x88\xab\xfe\xbf3W]u\xd5UW\xfdo\xb7\x0b\
|5\xf05\xc0.W]\xf5\xc2!\xae\xfa\xff\xce\x5c\
u\xd5UW]\xf5\x7f\xc5.\xf0\xd9\xc0\xd7p\xd5U\
/\x18\xe2\xaa\xff\xef\xccUW]u\xd5U\xff\xd7\xdc\
\x0a|6\xf0=\x5cu\xd5\xf3B\x5c\xf5\xff\x9d\xb9\xea\
\xaa\xab\xae\xba\xea\xff\xaa\xdf\x06>\x07\xf8m\xae\xba\xea\
\xd9\x10W\xfd\x7fg\xae\xba\xea\xaa\xab\xae\xfa\xbf\xee\xb7\
\x81\xf7\x01n\xe5\xaa\xab\x00q\xd5\xffw\xe6\xaa\xab\xae\
\xba\xea\xaa\xff/\xbe\x1b\xf8\x18`\x97\xab\xfe?C\x5c\
\xf5\xff\x9d\xb9\xea\xaa\xab\xae\xba\xea\xff\x93]\xe0\xab\x81\
\xaf\x01v\xb9\xea\xff#\xc4U\xff\xdf\x99\xab\xae\xba\xea\
\xaa\xab\xfe?\xda\x05>\x1a\xf8\x1e\xae\xfa\xff\x06q\xd5\
\xffw\xe6\xaa\xab\xae\xba\xea\xaa\xff\xcfn\x05>\x06\xf8\
i\xae\xfa\xff\x02q\xd5\xffw\xe6\xaa\xab\xae\xba\xea\xaa\
\xab\xe0\xb7\x81\xcf\x01~\x9b\xab\xfe\xafC\x5c\xf5\xff\x9d\
\xb9\xea\xaa\xab\xae\xba\xea\xaag\xfbi\xe0c\x80[\xb9\
\xea\xff*\xc4U\xff\xdf\x99\xab\xae\xba\xea\xaa\xab\xaez\
^_\x0d|\x0e\xb0\xcbU\xff\xd7 \xae\xfa\xff\xce\x5c\
u\xd5UW]u\xd5\xf3\xb7\x0b|5\xf05\xc0.\
W\xfd_\x81\xb8\xea\xff;s\xd5UW]u\xd5U\
/\xdc\xad\xc0\xfb\x00\xbf\xcdU\xff\x17 \xae\xfa\xff\xce\
\x5cu\xd5UW]u\xd5\x8b\xe6\xbb\x81\x8f\x01v\xb9\
\xea\x7f3\xc4U\xff\xdf\x99\xab\xae\xba\xea\xaa\xab\xaez\
\xd1\xed\x02\xef\x03\xfc4W\xfdo\x85\xb8\xea\xff;s\
\xd5UW]u\xd5U\xffz\xdf\x0d\xbc\x0fW\xfdo\
\x84\xb8\xea\xff;s\xd5UW]u\xd5U\xff6?\
\x0d\xbc\x0f\xb0\xcbU\xff\x9b \xae\xfa\xff\xce\x5cu\xd5\
UW]u\xd5\xbf\xdd_\x03\xaf\x03\xecr\xd5\xff\x16\
\x88\xab\xfe\xbf3W]u\xd5UW]\xf5\xef\xb3\x0b\
\xbc\x0e\xf0\xd7\x5c\xf5\xbf\x01\xe2\xaa\xff\xef\xccUW]\
u\xd5UW\xfd\xfb\xfd5\xf0:\xc0.W\xfdO\x87\
\xb8\xea\xff;s\xd5UW]u\xd5U\xff1\xfe\x1a\
x\x1d`\x97\xab\xfe'C\x5c\xf5\xff\x9d\xb9\xea\xaa\xab\
\xae\xba\xea\xaa\xff8\xbf\x0d\xbc\x0eW\xfdO\x86\xb8\xea\
\xff;s\xd5UW]u\xd5U\xff\xb1\xbe\x06\xf8h\
\xae\xfa\x9f\x0aq\xd5\xffw\xe6\xaa\xab\xae\xba\xea\xaa\xab\
\xfe\xe3\xbd\x0e\xf0\xdb\x5c\xf5?\x11\xe2\xaa\xff\xef\xccU\
W]u\xd5UW\xfd\xc7\xbb\x15x\x19`\x97\xab\xfe\
\xa7A\x5c\xf5\xff\x9d\xb9\xea\xaa\xab\xae\xba\xea\xaa\xff\x1c\
?\x0d\xbc\x0dW\xfdO\x83\xb8\xea\xff;s\xd5UW\
]u\xd5U\xffy\xde\x06\xf8i\xae\xfa\x9f\x04q\xd5\
\xffw\xe6\xaa\xab\xae\xba\xea\xaa\xab\xfe\xf3\xdc\x0a<\x84\
\xab\xfe'A\x5c\xf5\xff\x9d\xb9\xea\xaa\xab\xae\xba\xea\xaa\
\xff\x5c\xef\x03|7W\xfdO\x81\xb8\xea\xff;s\xd5\
UW]u\xd5U\xff\xb9n\x05\x1e\xc2U\xffS \
\xae\xfa\xff\xce\x5cu\xd5UW]u\xd5\x7f\xbe\xf7\x01\
\xbe\x9b\xab\xfe'@\x5c\xf5\xff\x9d\xb9\xea\xaa\xab\xae\xba\
\xea\xaa\xff|\xb7\x02\x0f\xe1\xaa\xff\x09\x10W\xfd\x7fg\
\xae\xba\xea\xaa\xab\xae\xba\xea\xbf\xc6\xcb\x00\x7f\xcdU\xff\
\xdd\x10W\xfd\x7fg\xae\xba\xea\xaa\xab\xae\xba\xea\xbf\xc6\
\xd7\x00\x1f\xcdU\xff\xdd\x10W\xfd\x7fg\xae\xba\xea\xaa\
\xab\xae\xba\xea\xbf\xc6\xad\xc0C\xb8\xea\xbf\x1b\xe2\xaa\xff\
\xef\xccUW]u\xd5UW\xfd\xd7y\x1d\xe0\xb7\xb9\
\xea\xbf\x13\xe2\xaa\xff\xef\xccUW]u\xd5UW\xfd\
\xd7\xf9\x1a\xe0\xa3\xb9\xea\xbf\x13\xe2\xaa\xff\xef\xccUW\
]u\xd5UW\xfd\xd7\xf9\x1d\xe0\xb5\xb9\xea\xbf\x13\xe2\
\xaa\xff\xef\xccUW]u\xd5UW\xfd\xd7\x12W\xfd\
wB\x5c\xf5\xff\x9d\xb9\xea\xaa\xab\xae\xba\xea\xaa\xffZ\
/\x03\xfc5W\xfdwA\x5c\xf5\xff\x9d\xb9\xea\xaa\xab\
\xae\xba\xea\xaa\xffZ\x1f\x03|5W\xfdwA\x5c\xf5\
\xff\x9d\xb9\xea\xaa\xab\xae\xba\xea\xaa\xffZ\xdf\x03\xbc7\
W\xfdwA\x5c\xf5\xff\x9d\xb9\xea\xaa\xab\xae\xba\xea\xaa\
\xffZ\xbf\x03\xbc6W\xfdwA\x5c\xf5\xff\x9d\xb9\xea\
\xaa\xab\xae\xba\xea\xaa\xffZ\xbf\x03\xbc6W\xfdwA\
\x5c\xf5\xff\x9d\xb9\xea\xaa\xab\xae\xba\xea\xaa\xffZ\xbf\x03\
\xbc6W\xfdwA\x5c\xf5\xff\x9d\xb9\xea\xaa\xab\xae\xba\
\xea\xaa\xffZ\xbb\xc0\x09\xae\xfa\xef\x82\xb8\xea\xff;s\
\xd5UW]u\xd5U\xff\xf5\xc4U\xff]\x10W\xfd\
\x7fg\xae\xba\xea\xaa\xab\xae\xba\xea\xbf\x9e\xb8\xea\xbf\x0b\
\xe2\xaa\xff\xef\xccUW]u\xd5UW\xfd\xd7\xba\x04\
\x1c\xe7\xaa\xff.\x88\xab\xfe\xbf3W]u\xd5UW\
]\xf5_\xebw\x80\xd7\xe6\xaa\xff.\x88\xab\xfe\xbf3\
W]u\xd5UW]\xf5_\xebw\x80\xd7\xe6\xaa\xff\
.\x88\xab\xfe\xbf3W]u\xd5UW]\xf5_\xeb\
w\x80\xd7\xe6\xaa\xff.\x88\xab\xfe\xbf3W]u\xd5\
UW]\xf5_\xeb{\x80\xf7\xe6\xaa\xff.\x88\xab\xfe\
\xbf3W]u\xd5UW]\xf5_\xebc\x80\xaf\xe6\
\xaa\xff.\x88\xab\xfe\xbf3W]u\xd5UW]\xf5\
_\xebe\x80\xbf\xe6\xaa\xff.\x88\xab\xfe\xbf3W]\
u\xd5UW]\xf5_K\x5c\xf5\xdf\x09q\xd5\xffw\
\xe6\xaa\xab\xae\xba\xea\xaa\xab\xfe\xeb\xfc\x0e\xf0\xda\x5c\xf5\
\xdf\x09q\xd5\xffw\xe6\xaa\xab\xae\xba\xea\xaa\xab\xfe\xeb\
|\x0d\xf0\xd1\x5c\xf5\xdf\x09q\xd5\xffw\xe6\xaa\xab\xae\
\xba\xea\xaa\xab\xfe\xeb\xbc\x0e\xf0\xdb\x5c\xf5\xdf\x09q\xd5\
\xffw\xe6\xaa\xab\xae\xba\xea\xaa\xab\xfek<\x03x0\
W\xfdwC\x5c\xf5\xff\x9d\xb9\xea\xaa\xab\xae\xba\xea\xaa\
\xff\x1a_\x03|4W\xfdwC\x5c\xf5\xff\x9d\xb9\xea\
\xaa\xab\xae\xba\xea\xaa\xff\x1a/\x03\xfc5W\xfdwC\
\x5c\xf5\xff\x9d\xb9\xea\xaa\xab\xae\xba\xea\xaa\xff|\xcf\x00\
\x1e\xccU\xff\x13 \xae\xfa\xff\xce\x5cu\xd5UW]\
u\xd5\x7f\xbe\xf7\x01\xbe\x9b\xab\xfe'@\x5c\xf5\xff\x9d\
\xb9\xea\xaa\xab\xae\xba\xea\xaa\xff\x5c\xcf\x00\x1e\xccU\xff\
S \xae\xfa\xff\xce\x5cu\xd5UW]u\xd5\x7f\xae\
\xf7\x01\xbe\x9b\xab\xfe\xa7@\x5c\xf5\xff\x9d\xb9\xea\xaa\xab\
\xae\xba\xea\xaa\xff<\xcf\x00\x1e\xccU\xff\x93 \xae\xfa\
\xff\xce\x5cu\xd5UW]u\xd5\x7f\x9e\xb7\x01~\x9a\
\xab\xfe'A\x5c\xf5\xff\x9d\xb9\xea\xaa\xab\xae\xba\xea\xaa\
\xff\x1c?\x03\xbc5W\xfdO\x83\xb8\xea\xff;s\xd5\
UW]u\xd5U\xff\xf1\x9e\x01\xbc4\xb0\xcbU\xff\
\xd3 \xae\xfa\xff\xce\x5cu\xd5UW]u\xd5\x7f\xbc\
\xd7\x01~\x9b\xab\xfe'B\x5c\xf5\xff\x9d\xb9\xea\xaa\xab\
\xae\xba\xea\xaa\xffX_\x03|4W\xfdO\x85\xb8\xea\
\xff;s\xd5UW]u\xd5U\xffq~\x06xk\
\xae\xfa\x9f\x0cq\xd5\xffw\xe6\xaa\xab\xae\xba\xea\xaa\xab\
\xfec\xfc\x0d\xf0\xda\xc0.W\xfdO\x86\xb8\xea\xff;\
s\xd5UW]u\xd5U\xff~\x7f\x03\xbc6\xb0\xcb\
U\xff\xd3!\xae\xfa\xff\xce\x5cu\xd5UW]u\xd5\
\xbf\xcf%\xe0\xa5\x81[\xb9\xea\x7f\x03\xc4U\xff\xdf\x99\
\xab\xae\xba\xea\xaa\xab\xae\xfa\xb7\xfb\x1b\xe0\xb5\x81]\xae\
\xfa\xdf\x02q\xd5\xffw\xe6\xaa\xab\xae\xba\xea\xaa\xab\xfe\
m~\x06xo`\x97\xab\xfe7A\x5c\xf5\xff\x9d\xb9\
\xea\xaa\xab\xae\xba\xea\xaa\x7f\xbd\xaf\x01>\x9a\xab\xfe7\
B\x5c\xf5\xff\x9d\xb9\xea\xaa\xab\xae\xba\xea\xaa\x17\xdd%\
\xe0\xbd\x81\x9f\xe6\xaa\xff\xad\x10W\xfd\x7fg\xae\xba\xea\
\xaa\xab\xae\xba\xeaE\xf3=\xc0G\x03\xbb\x5c\xf5\xbf\x19\
\xe2\xaa\xff\xef\xccUW]u\xd5UW\xbdp\xcf\x00\
\xde\x1b\xf8m\xae\xfa\xbf\x00q\xd5\xffw\xe6\xaa\xab\xae\
\xba\xea\xaa\xab\x9e\xbfK\xc0W\x03_\x0d\xecr\xd5\xff\
\x15\x88\xab\xfe\xbf3W]u\xd5UW]\xf5\xbc\xbe\
\x06\xf8l`\x97\xab\xfe\xafA\x5c\xf5\xff\x9d\xb9\xea\xaa\
\xab\xae\xba\xea\xaag\xfb\x19\xe0\xa3\x81[\xb9\xea\xff*\
\xc4U\xff\xdf\x99\xab\xae\xba\xea\xaa\xab\xae\x82\xdf\x01>\
\x1b\xf8m\xae\xfa\xbf\x0eq\xd5\xffw\xe6\xaa\xab\xae\xba\
\xea\xaa\xff\xcf\x9e\x01|4\xf0\xd3\x5c\xf5\xff\x05\xe2\xaa\
\xff\xef\xccUW]u\xd5U\xff\x1f]\x02>\x1a\xf8\
n\xae\xfa\xff\x06q\xd5\xffw\xe6\xaa\xab\xae\xba\xea\xaa\
\xffO.\x01_\x0d|5\xb0\xcbU\xff\x1f!\xae\xfa\
\xff\xce\x5cu\xd5UW]\xf5\xff\xc5\xf7\x00\x1f\x0d\xec\
r\xd5\xffg\x88\xab\xfe\xbf3W]u\xd5UW\xfd\
_\xf7;\xc0{\x03\xb7r\xd5U\x80\xb8\xea\xff;s\
\xd5UW]u\xd5\xffU\xbf\x03|6\xf0\xdb\x5cu\
\xd5\xb3!\xae\xfa\xff\xce\x5cu\xd5UW]\xf5\x7f\xcd\
3\x80\xcf\x06\xbe\x9b\xab\xaez^\x88\xab\xfe\xbf3W\
]u\xd5UW\xfd_q\x09\xf8l\xe0\xab\xb9\xea\xaa\
\x17\x0cq\xd5\xffw\xe6\xaa\xab\xae\xba\xea\xaa\xff\xed.\
\x01_\x0d|5\xb0\xcbUW\xbdp\x88\xab\xfe\xbf3\
W]u\xd5UW\xfdo\xf6=\xc0g\x03\xb7r\xd5\
U/\x1a\xc4U\xff\xdf\x99\xab\xae\xba\xea\xaa\xab\xfe7\
\xfa\x1d\xe0\xa3\x81\xbf\xe6\xaa\xab\xfeu\x10W\xfd\x7fg\
\xae\xba\xea\xaa\xab\xae\xfa\xdf\xe4o\x80\x8f\x06~\x9b\xab\
\xae\xfa\xb7A\x5c\xf5\xff\x9d\xb9\xea\xaa\xab\xae\xba\xea\x7f\
\x83g\x00\x9f\x0d|7W]\xf5\xef\x83\xb8\xea\xff;\
s\xd5UW]u\xd5\xffd\x97\x80\xaf\x06>\x9b\xab\
\xae\xfa\x8f\x81\xb8\xea\xff;s\xd5UW]u\xd5\xff\
T\x9f\x03|5\xb0\xcbUW\xfd\xc7A\x5c\xf5\xff\x9d\
\xb9\xea\xaa\xab\xae\xba\xea\x7f\x9a\xef\x01>\x1b\xb8\x95\xab\
\xae\xfa\x8f\x87\xb8\xea\xff;s\xd5UW]u\xd5\xff\
\x14\xbf\x03|6\xf0\xdb\x5cu\xd5\x7f\x1e\xc4U\xff\xdf\
\x99\xab\xae\xba\xea\xaa\xab\xfe\xbb=\x03xo\xe0\xb7\xb9\
\xea\xaa\xff|\x88\xab\xfe\xbf3W]u\xd5UW\xfd\
wy\x06\xf0\xd9\xc0ws\xd5U\xffu\x10W\xfd\x7f\
g\xae\xba\xea\xaa\xab\xae\xfa\xafv\x09\xf8j\xe0\xab\x81\
]\xae\xba\xea\xbf\x16\xe2\xaa\xff\xef\xccUW]u\xd5\
U\xff\x95\xbe\x06\xf8l`\x97\xab\xae\xfa\xef\x81\xb8\xea\
\xff;s\xd5UW]u\xd5\x7f\x85\x9f\x01>\x1a\xb8\
\x95\xab\xae\xfa\xef\x85\xb8\xea\xff;s\xd5UW]u\
\xd5\x7f\xa6\xdf\x01>\x1b\xf8m\xae\xba\xea\x7f\x06\xc4U\
\xff\xdf\x99\xab\xae\xba\xea\xaa\xab\xfe3<\x03\xf8h\xe0\
\xa7\xb9\xea\xaa\xffY\x10W\xfd\x7fg\xae\xba\xea\xaa\xab\
\xae\xfa\x8ft\x09\xf8h\xe0\xbb\xb9\xea\xaa\xff\x99\x10W\
\xfd\x7fg\xae\xba\xea\xaa\xab\xae\xfa\x8fp\x09\xf8j\xe0\
\xab\x81]\xae\xba\xea\x7f.\xc4U\xff\xdf\x99\xab\xae\xba\
\xea\xaa\xab\xfe\xbd\xbe\x07\xf8h`\x97\xab\xae\xfa\x9f\x0f\
q\xd5\xffw\xe6\xaa\xab\xae\xba\xea\xaa\x7f\xab\xdf\x01\xde\
\x1b\xb8\x95\xab\xae\xfa\xdf\x03q\xd5\xffw\xe6\xaa\xab\xae\
\xba\xea\xaa\x7f\xad\xdf\x01>\x1b\xf8m\xae\xba\xea\x7f\x1f\
\xc4U\xff\xdf\x99\xab\xae\xba\xea\xaa\xab^T\xcf\x00>\
\x1b\xf8n\xae\xba\xea\x7f/\xc4U\xff\xdf\x99\xab\xae\xba\
\xea\xaa\xab\xfe%\x97\x80\xcf\x06\xbe\x9a\xab\xae\xfa\xdf\x0f\
q\xd5\xffw\xe6\xaa\xab\xae\xba\xea\xaa\x17\xe4\x12\xf0\xd5\
\xc0W\x03\xbb\x5cu\xd5\xff\x0d\x88\xab\xfe\xbf3W]\
u\xd5UW=?\xdf\x03|6p+W]\xf5\x7f\
\x0b\xe2\xaa\xff\xef\xccUW]u\xd5U\x0f\xf4;\xc0\
G\x03\x7f\xcdUW\xfd\xdf\x84\xb8\xea\xff;s\xd5U\
W]u\x15\xc0\xdf\x00\x1f\x0d\xfc6W]\xf5\x7f\x1b\
\xe2\xaa\xff\xef\xccUW]u\xd5\xffo\xcf\x00>\x1b\
\xf8n\xae\xba\xea\xff\x07\xc4U\xff\xdf\x99\xab\xae\xba\xea\
\xaa\xff\x9f.\x01_\x0d|6W]\xf5\xff\x0b\xe2\xaa\
\xff\xef\xccUW]u\xd5\xff?\x9f\x03|5\xb0\xcb\
UW\xfd\xff\x83\xb8\xea\xff;s\xd5UW]\xf5\xff\
\xc7\xf7\x00\x9f\x0d\xdc\xcaUW\xfd\xff\x85\xb8\xea\xff;\
s\xd5UW]\xf5\x7f\xdf\xef\x00\x9f\x0d\xfc6W]\
u\x15\xe2\xaa\xff\xef\xccUW]u\xd5\xff]\xcf\x00\
\xde\x1b\xf8m\xae\xba\xea\xaa\xfb!\xae\xfa\xff\xce\x5cu\
\xd5UW\xfd\xdf\xf3\x0c\xe0\xb3\x81\xef\xe6\xaa\xab\xaez\
n\x88\xab\xfe\xbf3W]u\xd5U\xffw\x5c\x02\xbe\
\x1a\xf8j`\x97\xab\xae\xba\xea\xf9A\x5c\xf5\xff\x9d\xb9\
\xea\xaa\xab\xae\xfa\xbf\xe1k\x80\xcf\x06v\xb9\xea\xaa\xab\
^\x18\xc4U\xff\xdf\x99\xab\xae\xba\xea\xaa\xff\xdd~\x06\
\xf8h\xe0V\xae\xba\xea\xaa\x17\x05\xe2\xaa\xff\xef\xccU\
W]u\xd5\xffN\xbf\x03|6\xf0\xdb\x5cu\xd5U\
\xff\x1a\x88\xab\xfe\xbf3W]u\xd5U\xff\xbb<\x03\
\xf8h\xe0\xa7\xb9\xea\xaa\xab\xfe-\x10W\xfd\x7fg\xae\
\xba\xea\xaa\xab\xfew\xb8\x04|4\xf0\xdd\x5cu\xd5U\
\xff\x1e\x88\xab\xfe\xbf3W]u\xd5U\xff\xb3]\x02\
\xbe\x1a\xf8j`\x97\xab\xae\xba\xea\xdf\x0bq\xd5\xffw\
\xe6\xaa\xab\xae\xba\xea\x7f\xae\xef\x01>\x1a\xd8\xe5\xaa\xab\
\xae\xfa\x8f\x82\xb8\xea\xff;s\xd5UW]\xf5?\xcf\
\xef\x00\xef\x0d\xdc\xcaUW]\xf5\x1f\x0dq\xd5\xffw\
\xe6\xaa\xab\xae\xba\xea\x7f\x8e\xdf\x01>\x1b\xf8m\xae\xba\
\xea\xaa\xff,\x88\xab\xfe\xbf3W]u\xd5U\xff\xfd\
\x9e\x01|6\xf0\xdd\x5cu\xd5U\xff\xd9\x10W\xfd\x7f\
g\xae\xba\xea\xaa\xab\xfe\xfb\x5c\x02>\x1b\xf8j\xae\xba\
\xea\xaa\xff*\x88\xab\xfe\xbf3W]u\xd5U\xff\xf5\
.\x01_\x0d|5\xb0\xcbUW]\xf5_\x09q\xd5\
\xffw\xe6\xaa\xab\xae\xba\xea\xbf\xd6\xf7\x00\x9f\x0d\xdc\xca\
UW]\xf5\xdf\x01q\xd5\xffw\xe6\xaa\xab\xae\xba\xea\
\xbf\xc6\xef\x00\x1f\x0d\xfc5W]u\xd5\x7f'\xc4U\
\xff\xdf\x99\xab\xae\xba\xea\xaa\xff\x5c\x7f\x03|4\xf0\xdb\
\x5cu\xd5U\xff\x13 \xae\xfa\xff\xce\x5cu\xd5UW\
\xfd\xe7x\x06\xf0\xd9\xc0ws\xd5UW\xfdO\x82\xb8\
\xea\xff;s\xd5UW]\xf5\x1f\xeb\x12\xf0\xd5\xc0g\
s\xd5UW\xfdO\x84\xb8\xea\xff;s\xd5UW]\
\xf5\x1f\xe7s\x80\xaf\x06v\xb9\xea\xaa\xab\xfe\xa7B\x5c\
\xf5\xff\x9d\xb9\xea\xaa\xab\xae\xfa\xf7\xfb\x1e\xe0\xb3\x81[\
\xb9\xea\xaa\xab\xfe\xa7C\x5c\xf5\xff\x9d\xb9\xea\xaa\xab\xae\
\xfa\xb7\xfb\x1d\xe0\xb3\x81\xdf\xe6\xaa\xab\xae\xfa\xdf\x02q\
\xd5\xffw\xe6\xaa\xab\xae\xba\xea_\xef\x19\xc0{\x03\xbf\
\xcdUW]\xf5\xbf\x0d\xe2\xaa\xff\xef\xccUW]u\
\xd5\x8b\xee\x19\xc0g\x03\xdf\xcdUW]\xf5\xbf\x15\xe2\
\xaa\xff\xef\xccUW]u\xd5\xbf\xec\x12\xf0\xd5\xc0W\
\x03\xbb\x5cu\xd5U\xff\x9b!\xae\xfa\xff\xce\x5cu\xd5\
UW\xbdp_\x03|6\xb0\xcbUW]\xf5\x7f\x01\
\xe2\xaa\xff\xef\xccUW]u\xd5\xf3\xf73\xc0G\x03\
\xb7r\xd5UW\xfd_\x82\xb8\xea\xff;s\xd5UW\
]\xf5\x9c~\x07\xf8l\xe0\xb7\xb9\xea\xaa\xab\xfe/B\
\x5c\xf5\xff\x9d\xb9\xea\xaa\xab\xae\xba\xe2\x19\xc0G\x03?\
\xcdUW]\xf5\x7f\x19\xe2\xaa\xff\xef\xccUW]\xf5\
\xff\xdd%\xe0\xa3\x81\xef\xe6\xaa\xab\xae\xfa\xff\x00q\xd5\
\xffw\xe6\xaa\xab\xae\xfa\xff\xea\x12\xf0\xd5\xc0W\x03\xbb\
\x5cu\xd5U\xff_ \xae\xfa\xff\xce\x5cu\xd5U\xff\
\x1f}\x0f\xf0\xd1\xc0.W]u\xd5\xff7\x88\xab\xfe\
\xbf3W]u\xd5\xff'\xbf\x03\xbc7p+W]\
u\xd5\xffW\x88\xab\xfe\xbf3W]u\xd5\xff\x07\xbf\
\x03|6\xf0\xdb\x5cu\xd5U\xff\xdf!\xae\xfa\xff\xce\
\x5cu\xd5U\xff\x97=\x03\xf8l\xe0\xbb\xb9\xea\xaa\xab\
\xae\xba\x02q\xd5\xffw\xe6\xaa\xab\xae\xfa\xbf\xe8\x12\xf0\
\xd9\xc0Ws\xd5UW]\xf5\x9c\x10W\xfd\x7fg\xae\
\xba\xea\xaa\xffK.\x01_\x0d|5\xb0\xcbUW]\
u\xd5\xf3B\x5c\xf5\xff\x9d\xb9\xea\xaa\xab\xfe\xaf\xf8\x1e\
\xe0\xb3\x81[\xb9\xea\xaa\xab\xaez\xc1\x10W\xfd\x7fg\
\xae\xba\xea\xaa\xff\xed~\x07\xf8h\xe0\xaf\xb9\xea\xaa\xab\
\xae\xfa\x97!\xae\xfa\xff\xce\x5cu\xd5U\xff[\xfd\x0d\
\xf0\xd1\xc0os\xd5UW]\xf5\xa2C\x5c\xf5\xff\x9d\
\xb9\xea\xaa\xab\xfe\xb7y\x06\xf0\xd9\xc0ws\xd5UW\
]\xf5\xaf\x87\xb8\xea\xff;s\xd5UW\xfdoq\x09\
\xf8j\xe0\xb3\xb9\xea\xaa\xab\xae\xfa\xb7C\x5c\xf5\xff\x9d\
\xb9\xea\xaa\xab\xfe7\xf8\x1c\xe0\xab\x81]\xae\xba\xea\xaa\
\xab\xfe}\x10W\xfd\x7fg\xae\xba\xea\xaa\xff\xc9\xbe\x07\
\xf8l\xe0V\xae\xba\xea\xaa\xab\xfec \xae\xfa\xff\xce\
\x5cu\xd5U\xff\x13\xfd\x0e\xf0\xd9\xc0os\xd5UW\
]\xf5\x1f\x0bq\xd5\xffw\xe6\xaa\xab\xae\xfa\x9f\xe4\x19\
\xc0{\x03\xbf\xcdUW]u\xd5\x7f\x0e\xc4U\xff\xdf\
\x99\xab\xae\xba\xea\x7f\x82g\x00\x9f\x0d|7W]u\
\xd5U\xff\xb9\x10W\xfd\x7fg\xae\xba\xea\xaa\xffN\x97\
\x80\xaf\x06\xbe\x1a\xd8\xe5\xaa\xab\xae\xba\xea?\x1f\xe2\xaa\
\xff\xef\xccUW]\xf5\xdf\xe5k\x80\xcf\x06v\xb9\xea\
\xaa\xab\xae\xfa\xaf\x83\xb8\xea\xff;s\xd5UW\xfdW\
\xfb\x19\xe0\xa3\x81[\xb9\xea\xaa\xab\xae\xfa\xaf\x87\xb8\xea\
\xff;s\xd5UW\xfdW\xf9\x1d\xe0\xb3\x81\xdf\xe6\xaa\
\xab\xae\xba\xea\xbf\x0f\xe2\xaa\xff\xef\xccUW]\xf5\x9f\
\xed\x19\xc0G\x03?\xcdUW]u\xd5\x7f?\xc4U\
\xff\xdf\x99\xab\xae\xba\xea?\xcb%\xe0\xa3\x81\xef\xe6\xaa\
\xab\xae\xba\xea\x7f\x0e\xc4U\xff\xdf\x99\xab\xae\xba\xea?\
\xda%\xe0\xab\x81\xaf\x06v\xb9\xea\xaa\xab\xae\xfa\x9f\x05\
q\xd5\xffw\xe6\xaa\xab\xae\xfa\x8f\xf4=\xc0G\x03\xbb\
\x5cu\xd5UW\xfd\xcf\x84\xb8\xea\xff;s\xd5UW\
\xfdG\xf8\x1d\xe0\xbd\x81[\xb9\xea\xaa\xab\xae\xfa\x9f\x0d\
q\xd5\xffw\xe6\xaa\xab\xae\xfa\xf7\xf8\x1d\xe0\xb3\x81\xdf\
\xe6\xaa\xab\xae\xba\xea\x7f\x07\xc4U\xff\xdf\x99\xab\xae\xba\
\xea\xdf\xe2\x19\xc0g\x03\xdf\xcdUW]u\xd5\xff.\
\x88\xab\xfe\xbf3W]u\xd5\xbf\xc6%\xe0\xb3\x81\xaf\
\xe6\xaa\xab\xae\xba\xea\x7f'\xc4U\xff\xdf\x99\xab\xae\xba\
\xeaEq\x09\xf8j\xe0\xab\x81]\xae\xba\xea\xaa\xab\xfe\
\xf7B\x5c\xf5\xff\x9d\xb9\xea\xaa\xab\xfe%\xdf\x03|6\
p+W]u\xd5U\xff\xfb!\xae\xfa\xff\xce\x5cu\
\xd5U/\xc8\xef\x00\x1f\x0d\xfc5W]u\xd5U\xff\
w \xae\xfa\xff\xce\x5cu\xd5U\xcf\xedo\x80\x8f\x06\
~\x9b\xab\xae\xba\xea\xaa\xff{\x10W\xfd\x7fg\xae\xba\
\xea\xaa\xfb=\x03\xf8l\xe0\xbb\xb9\xea\xaa\xab\xae\xfa\xbf\
\x0bq\xd5\xffw\xe6\xaa\xab\xae\xba\x04|5\xf0\xd9\x5c\
u\xd5UW\xfd\xdf\x87\xb8\xea\xff;s\xd5U\xff\xbf\
}\x0e\xf0\xd5\xc0.W]u\xd5U\xff? \xae\xfa\
\xff\xce\x5cu\xd5\xffO\xdf\x03|6p+W]u\
\xd5U\xff\xbf \xae\xfa\xff\xce\x5cu\xd5\xff/\xbf\x03\
|6\xf0\xdb\x5cu\xd5UW\xfd\xff\x84\xb8\xea\xff;\
s\xd5U\xff?<\x03xo\xe0\xb7\xb9\xea\xaa\xab\xae\
\xfa\xff\x0dq\xd5\xffw\xe6\xaa\xab\xfeo{\x06\xf0\xd9\
\xc0ws\xd5UW]u\x15\x00\xe2\xaa\xff\xef\xccU\
W\xfd\xdft\x09\xf8j\xe0\xab\x81]\xae\xba\xea\xaa\xab\
\xae\xba\x1f\xe2\xaa\xff\xef\xccUW\xfd\xdf\xf35\xc0g\
\x03\xbb\x5cu\xd5UW]\xf5\xdc\x10W\xfd\x7fg\xae\
\xba\xea\xff\x8e\x9f\x01>\x1a\xb8\x95\xab\xae\xba\xea\xaa\xab\
^\x10\xc4U\xff\xdf\x99\xab\xae\xfa\xdf\xefw\x80\xcf\x06\
~\x9b\xab\xae\xba\xea\xaa\xab\xfe%\x88\xab\xfe\xbf3W\
]\xf5\xbf\xd73\x80\x8f\x06~\x9a\xab\xae\xba\xea\xaa\xab\
^T\x88\xab\xfe\xbf3W]\xf5\xbf\xcf%\xe0\xa3\x81\
\xef\xe6\xaa\xab\xae\xba\xea\xaa\x7f-\xc4U\xff\xdf\x99\xab\
\xae\xfa\xdf\xe3\x12\xf0\xd5\xc0W\x03\xbb\x5cu\xd5UW\
]\xf5o\x81\xb8\xea\xff;s\xd5U\xff;|\x0f\xf0\
\xd1\xc0.W]u\xd5UW\xfd{ \xae\xfa\xff\xce\
\x5cu\xd5\xffl\xbf\x03\xbc7p+W]u\xd5U\
W\xfdG@\x5c\xf5\xff\x9d\xb9\xea\xaa\xff\x99~\x07\xf8\
l\xe0\xb7\xb9\xea\xaa\xab\xae\xba\xea?\x12\xe2\xaa\xff\xef\
\xccUW\xfd\xcf\xf2\x0c\xe0\xb3\x81\xef\xe6\xaa\xab\xae\xba\
\xea\xaa\xff\x0c\x88\xab\xfe\xbf3W]\xf5?\xc3%\xe0\
\xb3\x81\xaf\xe6\xaa\xab\xae\xba\xea\xaa\xffL\x88\xab\xfe\xbf\
3W]\xf5\xdf\xeb\x12\xf0\xd5\xc0W\x03\xbb\x5cu\xd5\
UW]\xf5\x9f\x0dq\xd5\xffw\xe6\xaa\xab\xfe\xfb|\
\x0f\xf0\xd9\xc0\xad\x5cu\xd5UW]\xf5_\x05q\xd5\
\xffw\xe6\xaa\xab\xfe\xeb\xfd\x0e\xf0\xd1\xc0_s\xd5U\
W]u\xd5\x7f5\xc4U\xff\xdf\x99\xab\xae\xfa\xaf\xf3\
7\xc0G\x03\xbf\xcdUW]u\xd5U\xff]\x10W\
\xfd\x7fg\xae\xba\xea?\xdf3\x80\xcf\x06\xbe\x9b\xab\xae\
\xba\xea\xaa\xab\xfe\xbb!\xae\xfa\xff\xce\x5cu\xd5\x7f\x9e\
K\xc0W\x03\x9f\xcdUW]u\xd5U\xffS \xae\
\xfa\xff\xce\x5cu\xd5\x7f\x8e\xcf\x01\xbe\x1a\xd8\xe5\xaa\xab\
\xae\xba\xea\xaa\xffI\x10W\xfd\x7fg\xae\xba\xea?\xd6\
\xf7\x00\x9f\x0d\xdc\xcaUW]u\xd5U\xff\x13!\xae\
\xfa\xff\xce\x5cu\xd5\x7f\x8c\xdf\x01>\x1b\xf8m\xae\xba\
\xea\xaa\xab\xae\xfa\x9f\x0cq\xd5\xffw\xe6\xaa\xab\xfe}\
\x9e\x01\xbc7\xf0\xdb\x5cu\xd5UW]\xf5\xbf\x01\xe2\
\xaa\xff\xef\xccUW\xfd\xdb<\x03\xf8l\xe0\xbb\xb9\xea\
\xaa\xab\xae\xba\xea\x7f\x13\xc4U\xff\xdf\x99\xab\xae\xfa\xd7\
\xb9\x04|5\xf0\xd5\xc0.W]u\xd5UW\xfdo\
\x83\xb8\xea\xff;s\xd5U/\xba\xaf\x01>\x1b\xd8\xe5\
\xaa\xab\xae\xba\xea\xaa\xff\xad\x10W\xfd\x7fg\xae\xba\xea\
_\xf63\xc0G\x03\xb7r\xd5UW]u\xd5\xffv\
\x88\xab\xfe\xbf3W]\xf5\x82\xfd\x0e\xf0\xd9\xc0os\
\xd5UW]u\xd5\xff\x15\x88\xab\xfe\xbf3W]\xf5\
\xbc\x9e\x01|4\xf0\xd3\x5cu\xd5UW]\xf5\x7f\x0d\
\xe2\xaa\xff\xef\xccUW=\xdb%\xe0\xa3\x81\xef\xe6\xaa\
\xab\xae\xba\xea\xaa\xff\xab\x10W\xfd\x7fg\xae\xba\x0a.\
\x01_\x0d|5\xb0\xcbUW]u\xd5U\xff\x97!\
\xae\xfa\xff\xce\x5c\xf5\xff\xdd\xf7\x00\x1f\x0d\xecr\xd5U\
W]u\xd5\xff\x07\x88\xab\xfe\xbf3W\xfd\x7f\xf5;\
\xc0{\x03\xb7r\xd5UW]u\xd5\xff'\x88\xab\xfe\
\xbf3W\xfd\x7f\xf3;\xc0g\x03\xbf\xcdUW]u\
\xd5U\xff\x1f!\xae\xfa\xff\xce\x5c\xf5\xff\xc53\x80\xcf\
\x06\xbe\x9b\xab\xae\xba\xea\xaa\xab\xfe?C\x5c\xf5\xff\x9d\
\xb9\xea\xff\xbaK\xc0g\x03_\xcdUW]u\xd5U\
W\x01\xe2\xaa\xff\xef\xccU\xffW]\x02\xbe\x1a\xf8j\
`\x97\xab\xae\xba\xea\xaa\xab\xae\xba\x02q\xd5\xffw\xbf\
\x0d\xbc\x16W\xfd_\xf3=\xc0g\x03\xb7r\xd5UW\
]u\xd5U\xcf\x09q\xd5\xffw\xbf\x0d\xbc\x16W\xfd\
_\xf1;\xc0G\x03\x7f\xcdUW]u\xd5UW=\
\x7f\x88\xab\xfe\xbf\xfbm\xe0\xb5\xb8\xea\x7f\xbb\xbf\x01>\
\x1a\xf8m\xae\xba\xea\xaa\xab\xae\xba\xea\x85C\x5c\xf5\xff\
\xddw\x03\xef\xc5U\xff[=\x03\xf8l\xe0\xbb\xb9\xea\
\xaa\xab\xae\xba\xea\xaa\x17\x0d\xe2\xaa\xff\xef>\x1a\xf8*\
\xae\xfa\xdf\xe6\x12\xf0\xd5\xc0gs\xd5UW]u\xd5\
U\xff:\x88\xab\xfe\xbf{m\xe0\xb7\xb8\xea\x7f\x93\xcf\
\x01\xbe\x1a\xd8\xe5\xaa\xab\xae\xba\xea\xaa\xab\xfe\xf5\x10W\
]\x05\xe6\xaa\xff\x0d\xbe\x07\xf8l\xe0V\xae\xba\xea\xaa\
\xab\xae\xba\xea\xdf\x0eq\xd5U\xf0\xd7\xc0Kq\xd5\xff\
T\xbf\x03|6\xf0\xdb\x5cu\xd5UW]u\xd5\xbf\
\x1f\xe2\xaa\xab\xe0\xab\x81\x8f\xe2\xaa\xffi\x9e\x01\xbc7\
\xf0\xdb\x5cu\xd5UW]u\xd5\x7f\x1c\xc4UW\xc1\
K\x03\x7f\xc5U\xffS<\x03\xf8l\xe0\xbb\xb9\xea\xaa\
\xab\xae\xba\xea\xaa\xffx\x88\xab\xae\xba\xe2V\xe0A\x5c\
\xf5\xdf\xe9\x12\xf0\xd5\xc0W\x03\xbb\x5cu\xd5UW]\
u\xd5\x7f\x0e\xc4UW]\xf1\xd5\xc0Gq\xd5\x7f\x97\
\xaf\x01>\x1b\xd8\xe5\xaa\xab\xae\xba\xea\xaa\xab\xfes!\
\xae\xba\xea\x8a\x97\x06\xfe\x8a\xab\xfe\xab\xfd\x0c\xf0\xd1\xc0\
\xad\x5cu\xd5UW]u\xd5\x7f\x0d\xc4UW=\xdb\
\xad\xc0\x83\xb8\xea\xbf\xc2\xef\x00\x9f\x0d\xfc6W]u\
\xd5UW]\xf5_\x0bq\xd5U\xcf\xf6\xde\xc0wq\
\xd5\x7f\xa6g\x00\x1f\x0d\xfc4W]u\xd5UW]\
\xf5\xdf\x03q\xd5U\xcf\xe9V\xe0A\x5c\xf5\x1f\xed\x12\
\xf0\xd1\xc0ws\xd5UW]u\xd5U\xff\xbd\x10W\
]\xf5\x9c\xde\x1b\xf8.\xae\xfa\x8fr\x09\xf8j\xe0\xab\
\x81]\xae\xba\xea\xaa\xab\xae\xba\xea\xbf\x1f\xe2\xaa\xab\x9e\
\xd7\xad\xc0\x83\xb8\xea\xdf\xeb{\x80\x8f\x06v\xb9\xea\xaa\
\xab\xae\xba\xea\xaa\xff9\x10W]\xf5\xbc^\x1b\xf8-\
\xae\xfa\xb7\xfa\x1d\xe0\xbd\x81[\xb9\xea\xaa\xab\xae\xba\xea\
\xaa\xffy\x10W]\xf5\xfc}5\xf0Q\x5c\xf5\xaf\xf1\
;\xc0g\x03\xbf\xcdUW]u\xd5UW\xfd\xcf\x85\
\xb8\xea\xaa\xe7\xef8\xf0\xd7\xc0\x83\xb8\xea_\xf2\x0c\xe0\
\xb3\x81\xef\xe6\xaa\xab\xae\xba\xea\xaa\xab\xfe\xe7C\x5cu\
\xd5\x0b\xf6\xd6\xc0Oq\xd5\x0br\x09\xf8l\xe0\xab\xb9\
\xea\xaa\xab\xae\xba\xea\xaa\xff=\x10W]\xf5\xc2}5\
\xf0Q\x5c\xf5@\x97\x80\xaf\x06\xbe\x1a\xd8\xe5\xaa\xab\xae\
\xba\xea\xaa\xab\xfewA\x5cu\xd5\xbf\xec\xbb\x81\xf7\xe2\
*\x80\xef\x01>\x1b\xb8\x95\xab\xae\xba\xea\xaa\xab\xae\xfa\
\xdf\x09q\xd5U\xff\xb2\xe3\xc0o\x03/\xc5\xff_\xbf\
\x03|4\xf0\xd7\x5cu\xd5UW]u\xd5\xffn\x88\
\xab\xaez\xd1\x1c\x07\xfe\x1ax\x10\xff\xbf\xfc\x0d\xf0\xd1\
\xc0os\xd5UW]u\xd5U\xff7 \xae\xba\xea\
E\xf7`\xe0\xa7\x81\x97\xe2\xff\xbeg\x00\x9f\x0d|7\
W]u\xd5UW]\xf5\x7f\x0b\xe2\xaa\xab\xfeu\x8e\
\x03\xbf\x0d\xbc\x14\xff7]\x02\xbe\x1a\xf8l\xae\xba\xea\
\xaa\xab\xae\xba\xea\xff&\xc4UW\xfd\xeb\x1d\x07\xbe\x1b\
x+\xfeo\xf9\x1c\xe0\xab\x81]\xae\xba\xea\xaa\xab\xae\
\xba\xea\xff.\xc4UW\xfd\xdb}5\xf0Q\xfc\xef\xf7\
=\xc0g\x03\xb7r\xd5UW]u\xd5U\xff\xf7!\
\xae\xba\xea\xdf\xe7\xb5\x81\xef\x06\x1e\xc4\xff>\xbf\x03|\
6\xf0\xdb\x5cu\xd5UW]u\xd5\xff\x1f\x88\xab\xae\
\xfa\xf7;\x0e|7\xf0V\xfc\xef\xf0\x0c\xe0\xbd\x81\xdf\
\xe6\xaa\xab\xae\xba\xea\xaa\xab\xfe\xffA\x5cu\xd5\x7f\x9c\
\xb7\x06\xbe\x1ax\x10\xff3=\x03\xf8l\xe0\xbb\xb9\xea\
\xaa\xab\xae\xba\xea\xaa\xff\xbf\x10W]\xf5\x1f\xef\xbd\x81\
\xcf\x06\x1e\xc4\xff\x0c\xcf\x00>\x1b\xf8i`\x97\xab\xae\
\xba\xea\xaa\xab\xae\xfa\xff\x0dq\xd5U\xffy\xde\x1b\xf8\
l\xe0A\xfc\xf7x\x06\xf0\xd9\xc0ws\xd5UW]\
u\xd5UW\xdd\x0fq\xd5U\xff\xf9^\x1axo\xe0\
\xad\x81\x07\xf1\x9f\xeb\x12\xf0\xd3\xc0w\x03\xbf\xcdUW\
]u\xd5UW]\xf5\xdc\x10W]\xf5_\xeb\xb5\x81\
\xb7\x06^\x1bx)\xfec\xfc\x0d\xf0\xdb\xc0w\x03\x7f\
\xcdUW]u\xd5UW]\xf5\xc2 \xae\xba\xea\xbf\
\xd7k\x03/\x0d\xbc4\xf0`\x9e\xed\xb5xN\xbf\xc3\
\xb3\xfd5p+\xf0\xd7\xc0os\xd5UW]u\xd5\
UW\xfdk \xae\xba\xea\xaa\xab\xae\xba\xea\xaa\xab\xae\
\xfa\xff\x04q\xd5UW]u\xd5UW]u\xd5\xff\
'\x88\xab\xae\xba\xea\xaa\xab\xae\xba\xea\xaa\xab\xfe?A\
\x5cu\xd5UW]u\xd5UW]\xf5\xff\x09\xe2\xaa\
\xab\xae\xba\xea\xaa\xab\xae\xba\xea\xaa\xffO\x10W]u\
\xd5UW]u\xd5UW\xfd\x7f\x82\xb8\xea\xaa\xab\xae\
\xba\xea\xaa\xab\xae\xba\xea\xff\x13\xc4UW]u\xd5U\
W]u\xd5U\xff\x9f \xae\xba\xea\xaa\xab\xae\xba\xea\
\xaa\xab\xae\xfa\xff\x04q\xd5UW]u\xd5UW]\
u\xd5\xff'\x88\xab\xae\xba\xea\xaa\xab\xae\xba\xea\xaa\xab\
\xfe?A\x5cu\xd5UW]u\xd5UW]\xf5\xff\
\x09\xe2\xaa\xab\xae\xba\xea\xaa\xab\xae\xba\xea\xaa\xffO\x10\
W]u\xd5UW]u\xd5UW\xfd\x7f\x82\xb8\xea\
\xaa\xab\xae\xba\xea\xaa\xab\xae\xba\xea\xff\x13\xc4UW]\
u\xd5UW]u\xd5U\xff\x9f \xae\xba\xea\xaa\xab\
\xae\xba\xea\xaa\xab\xae\xfa\xff\x04q\xd5UW]u\xd5\
UW]u\xd5\xff'\x88\xab\xae\xba\xea\xaa\xab\xae\xba\
\xea\xaa\xab\xfe?A\x5cu\xd5UW]u\xd5UW\
]\xf5\xff\x09\xe2\xaa\xab\xae\xba\xea\xaa\xab\xae\xba\xea\xaa\
\xffO\x10W]u\xd5UW]u\xd5UW\xfd\x7f\
\x82\xb8\xea\xaa\xab\xae\xba\xea\xaa\xab\xae\xba\xea\xff\x13\xc4\
UW]u\xd5UW]u\xd5U\xff\x9f \xae\xba\
\xea\xaa\xab\xae\xba\xea\xaa\xab\xae\xfa\xff\x04q\xd5UW\
]u\xd5UW]u\xd5\xff'\x88\xab\xae\xba\xea\xaa\
\xab\xae\xba\xea\xaa\xab\xfe?A\x5cu\xd5UW]u\
\xd5UW]\xf5\xff\x09\xe2\xaa\xab\xae\xba\xea\xaa\xab\xae\
\xba\xea\xaa\xffO\x10W]u\xd5UW]u\xd5U\
W\xfd\x7f\x82\xb8\xea\xaa\xab\xae\xba\xea\xaa\xab\xae\xba\xea\
\xff\x13\xc4UW]u\xd5UW]u\xd5U\xff\x9f\
 \xae\xba\xea\xaa\xab\xae\xba\xea\xaa\xab\xae\xfa\xff\x04q\
\xd5UW]u\xd5UW]u\xd5\xff'\x88\xab\xae\
\xba\xea\xaa\xab\xae\xba\xea\xaa\xab\xfe?A\x5cu\xd5U\
W]u\xd5UW]\xf5\xff\x09\xe2\xaa\xab\xae\xba\xea\
\xaa\xab\xae\xba\xea\xaa\xffO\x10W]u\xd5UW]\
u\xd5UW\xfd\x7f\x82\xb8\xea\xaa\xab\xae\xba\xea\xaa\xab\
\xae\xba\xea\xff\x13\xc4UW]u\xd5UW]u\xd5\
U\xff\x9f \xae\xba\xea\xaa\xab\xae\xba\xea\xaa\xab\xae\xfa\
\xff\x04q\xd5UW]u\xd5UW]u\xd5\xff'\
\x88\xab\xae\xba\xea\xaa\xab\xae\xba\xea\xaa\xab\xfe?A\x5c\
u\xd5UW]u\xd5UW]\xf5\xff\x09\xe2\xaa\xab\
\xae\xba\xea\xaa\xab\xae\xba\xea\xaa\xffO\x10W]u\xd5\
UW]u\xd5UW\xfd\x7f\x82\xb8\xea\xaa\xab\xae\xba\
\xea\xaa\xab\xae\xba\xea\xff\x13\xc4UW]u\xd5UW\
]u\xd5U\xff\x9f \xae\xba\xea\xaa\xab\xae\xba\xea\xaa\
\xab\xae\xfa\xff\x04q\xd5UW]u\xd5UW]u\
\xd5\xff'\x88\xab\xae\xba\xea\xaa\xab\xae\xba\xea\xaa\xab\xfe\
?A\x5cu\xd5UW]u\xd5UW]\xf5\xff\x09\
\xe2\xaa\xab\xae\xba\xea\xaa\xab\xae\xba\xea\xaa\xffO\x10W\
]u\xd5UW]u\xd5UW\xfd\x7f\x82\xb8\xea\xaa\
\xab\xae\xba\xea\xaa\xab\xae\xba\xea\xff\x13\xc4UW]u\
\xd5UW]u\xd5U\xff\x9f \xae\xba\xea\xaa\xab\xae\
\xba\xea\xaa\xab\xae\xfa\xff\x04q\xd5UW]u\xd5U\
W]u\xd5\xff'\x88\xab\xae\xba\xea\xaa\xab\xae\xba\xea\
\xaa\xab\xfe?A\x5cu\xd5UW]u\xd5UW]\
\xf5\xff\x09\xe2\xaa\xab\xae\xba\xea\xaa\xab\xae\xba\xea\xaa\xff\
O\x10W]u\xd5UW]u\xd5UW\xfd\x7f\x82\
\xb8\xea\xaa\xab\xae\xba\xea\xaa\xab\xae\xba\xea\xff\x13\xc4U\
W]u\xd5UW]u\xd5U\xff\x9f \xae\xba\xea\
\xaa\xab\xae\xba\xea\xaa\xab\xae\xfa\xff\x04q\xd5UW]\
u\xd5UW]u\xd5\xff'\x88\xab\xae\xba\xea\xaa\xab\
\xae\xba\xea\xaa\xab\xfe?A\x5cu\xd5UW]u\xd5\
UW]\xf5\xff\x09\xe2\xaa\xab\xae\xba\xea\xaa\xab\xae\xba\
\xea\xaa\xffO\x10W]u\xd5UW]u\xd5UW\
\xfd\x7f\x82\xb8\xea\xaa\xab\xae\xba\xea\xaa\xab\xae\xba\xea\xff\
\x13\xc4UW]u\xd5UW]u\xd5U\xff\x9f \
\xae\xba\xea\xaa\xab\xae\xba\xea\xaa\xab\xae\xfa\xff\x04q\xd5\
UW]u\xd5UW]u\xd5\xff'\x88\xab\xae\xba\
\xea\xaa\xab\xae\xba\xea\xaa\xab\xfe?A\x5cu\xd5UW\
]u\xd5UW]\xf5\xff\x09\xe2\xaa\xab\xae\xba\xea\xaa\
\xab\xae\xba\xea\xaa\xffO\x10W]u\xd5UW]u\
\xd5UW\xfd\x7f\x82\xb8\xea\xaa\xab\xae\xba\xea\xaa\xab\xae\
\xba\xea\xff\x13\xc4UW]u\xd5UW]u\xd5U\
\xff\x9f \xae\xba\xea\xaa\xab\xae\xba\xea\xaa\xab\xae\xfa\xff\
\x04q\xd5UW]u\xd5UW]u\xd5\xff'\x88\
\xab\xae\xba\xea\xaa\xab\xae\xba\xea\xaa\xab\xfe?A\x5cu\
\xd5UW]u\xd5UW]\xf5\xff\x09\xe2\xaa\xab\xae\
\xba\xea\xaa\xab\xae\xba\xea\xaa\xffO\x10W]u\xd5U\
W]u\xd5UW\xfd\x7f\x82\xb8\xea\xaa\xab\xae\xba\xea\
\xaa\xab\xae\xba\xea\xff\x13\xc4UW]u\xd5UW]\
u\xd5U\xff\x9f \xae\xba\xea\xaa\xab\xae\xba\xea\xaa\xab\
\xae\xfa\xff\x04q\xd5UW]u\xd5UW]u\xd5\
\xff'\x88\xab\xae\xba\xea\xaa\xab\xae\xba\xea\xaa\xab\xfe?\
A\x5cu\xd5UW]u\xd5UW]\xf5\xff\x09\xe2\
\xaa\xab\xae\xba\xea\xaa\xab\xae\xba\xea\xaa\xffO\x10W]\
u\xd5UW]u\xd5UW\xfd\x7f\x82\xb8\xea\xaa\xab\
\xae\xba\xea\xaa\xab\xae\xba\xea\xff\x13\xc4UW]u\xd5\
UW]u\xd5U\xff\x9f\xf0\x8f1\xe2E\xcc\xe2\xf1\
\xdd\xc2\x00\x00\x00\x00IEND\xaeB`\x82\
\x00\x00\x1d\xcd\
\x89\
PNG\x0d\x0a\x1a\x0a\x00\x00\x00\x0dIHDR\x00\
\x00\x02\x80\x00\x00\x02\x80\x08\x06\x00\x00\x00\x0c\xcd\xc9#\
\x00\x00\x00\x01sRGB\x00\xae\xce\x1c\xe9\x00\x00\x00\
\x04gAMA\x00\x00\xb1\x8f\x0b\xfca\x05\x00\x00\x00\
\x09pHYs\x00\x00\x0e\xc3\x00\x00\x0e\xc3\x01\xc7o\
\xa8d\x00\x00\x1dbIDATx^\xed\xdd\xdd\x95\
,G\x95\x80Q\x18\x07\x06\x0f\x86\xf1@c\x81\x84\x05\
\x08\x0b\x00\x0b\xd0\xbc\xf1&a\x01`\x01\xc8\x02\x90\x05\
H\x16 Y0\xe0\x01x0y\xba+\xef\xed\xbf\xaa\
\xce\xaa\xca8\x19\x11g\xef\xb5beu?\xa8[w\
\xe9\x1e}\x99\x91Y\xf5\xe3/\x7f\xfb#\x00\x00\x0a\xf9\
\x8f\xd3\x11\x00\x80\x22\x04 \x00@1\x02\x10\x00\xa0\x18\
\x01\x08\x00P\x8c\x00\x04\x00(F\x00\x02\x00\x14#\x00\
\x01\x00\x8a\x11\x80\x00\x00\xc5\x08@\x00\x80b\x04 \x00\
@1\x02\x10\x00\xa0\x18\x01\x08\x00P\x8c\x00\x04\x00(\
F\x00\x02\x00\x14#\x00\x01\x00\x8a\x11\x80\x00\x00\xc5\x08\
@\x00\x80b\x04 \x00@1\x02\x10\x00\xa0\x18\x01\x08\
\x00P\x8c\x00\x04\x00(F\x00\x02\x00\x14#\x00\x01\x00\
\x8a\x11\x80\x00\x00\xc5\x08@\x00\x80b\x04 \x00@1\
\x02\x10\x00\xa0\x18\x01\x08\x00P\x8c\x00\x04\x00(F\x00\
\x02\x00\x14#\x00\x01\x00\x8a\x11\x80\x00\x00\xc5\x08@\x00\
\x80b\x04 \x00@1\x02\x10\x00\xa0\x18\x01\x08\x00P\
\x8c\x00\x04\x00(F\x00\x02\x00\x14#\x00\x01\x00\x8a\x11\
\x80\x00\x00\xc5\x08@\x00\x80b\x04 \x00@1\x02\x10\
\x00\xa0\x18\x01\x08\x00P\x8c\x00\x04\x00(F\x00\x02\x00\
\x14#\x00\x01\x00\x8a\x11\x80\x00\x00\xc5\x08@\x00\x80b\
\x04 \x00@1\x02\x10\x00\xa0\x18\x01\x08\x00P\x8c\x00\
\x04\x00(F\x00\x02\x00\x14#\x00\x01\x00\x8a\x11\x80\x00\
\x00\xc5\x08@\x00\x80b\x04 \x00@1\x02\x10\x00\xa0\
\x18\x01\x08\x00P\x8c\x00\x04\x00(F\x00\x02\x00\x14#\
\x00\x01\x00\x8a\x11\x80\x00\x00\xc5\x08@\x00\x80b\x04 \
\x00@1\x02\x10\x00\xa0\x18\x01\x08\x00P\x8c\x00\x04\x00\
(F\x00\x02\x00\x14#\x00\x01\x00\x8a\x11\x80\x00\x00\xc5\
\x08@\x00\x80b\x04 \x00@1\x02\x10\x00\xa0\x18\x01\
\x08\x00P\x8c\x00\x04\x00(F\x00\x02\x00\x14#\x00\x01\
\x00\x8a\x11\x80\x00\x00\xc5\x08@\x00\x80b\x04 \x00@\
1\x02\x10\x00\xa0\x18\x01\x08\x00P\x8c\x00\x04\x00(F\
\x00\x02\x00\x14#\x00\x01\x00\x8a\x11\x80\x00\x00\xc5\x08@\
\x00\x80b\x04 \x00@1\x02\x10\x00\xa0\x18\x01\x08\x00\
P\x8c\x00\x04\x00(F\x00\x02\x00\x14#\x00\x01\x00\x8a\
\x11\x80\x00\x00\xc5\x08@\x00\x80b\x04 \x00@1\x02\
\x10\x00\xa0\x18\x01\x08\x00P\x8c\x00\x04\x00(F\x00\x02\
\x00\x14#\x00\x01\x00\x8a\x11\x80\x00\x00\xc5\x08@\x00\x80\
b\x04 \x00@1\x02\x10\x00\xa0\x18\x01\x08\x00P\x8c\
\x00\x04\x00(F\x00\x02\x00\x14#\x00\x01\x00\x8a\x11\x80\
\x00\x00\xc5\x08@\x00\x80b\x04 \x00@1\x02\x10\x00\
\xa0\x18\x01\x08\x00P\x8c\x00\x04\x00(F\x00\x02\x00\x14\
#\x00\x01\x00\x8a\x11\x80\x00\x00\xc5\x08@\x00\x80b\x04\
 \x00@1\x02\x10\x00\xa0\x18\x01\x08\x00P\x8c\x00\x04\
\x00(F\x00\x02\x00\x14#\x00\x01\x00\x8a\xf9\xf1\x97\xbf\
=\xbd\x82v>Y\xd6\xa7\xcb\xfa\xc9\xb2>\x8bo,\
\xe2{\xf1\xf5\xea\x1f\xa7\x15\xbe]\xd6\xbf\x96\xf5\xdd\xb2\
\xbe\x8fo\x00\x0c(f\x5c\xcc\xbe\x98w\xeb\xcc[g\
\xe0[\xd6\xd9\x17s/^\xc7\x0c\x84&\x04 -\xc4\
\x90\xfb\xf9\xb2>_V\x0c\xbb\xa7\xa1w\xad\x18\x861\
\x08\xff\xba\xac\xaf\xe3\x1b\x00\x1d\xfb\xe9\xb2b\xfe\xfdj\
Y\x11}\xf7Z\xe7\xdf7\xcbZO\x92\xe1n\x02\x90\
=E\xec\xfdfY\x11~-D\x0c\xc6 \xfc\xdd\xb2\
\x0cB\xa0'\xbf\x5cVD\xdf\xa5+|\xf7\x8a\xf9\xf7\
\xc7eE\x14\xc2]\xdc\x03\xc8\x1eb\xe0\xfd\xed\xb4Z\
\xc5_\x88+\x891`\xffoY\xf1\xb3Z\x0eZ\x80\
-\x22\xfcb&\xfdyY\xadgR\xcc\xd7\x98}\x7f\
?\xbd\x86\x9b\x09@\xee\x11[\x1d\x7fY\xd6\x111\xb6\
F\xe7\x9f\x96u\xcf\x163\xc0-\xd6\x19\x14\xe1\x17\xb3\
0Sl-\xaf\xb37\xfbg3\x09\x01\xc8\xad\xbe\x5c\
V\x9c\xf5\x1e}\x16\xba^\x11\x8c#@\x86\xdf/\xeb\
\x88\x13\xdf\x97\xe2\xe7\xc7\xfc\x8by\x0cW\x11\x80\x5c+\
\xae\xb6\xc5\xe0\xfb\xea\xe1\xab>\xc4\xef\x14W\x02\xe3\x8c\
\xd8\xd5@\xa0\x95\xb8\xf2\x16\xdb\xaf_<|\xd5\x8f\x98\
\xc71\x97\xcd?6\x13\x80\x5c#\x86_\x9cm\x1e}\
\xd6{\xcez\x7f\xcc\x1eO\xde\x01<\xb5n\xf9\xf6:\
_\xd6\xab\x81\xe6\x1f\x9b\x08@\xb6Z\x87_\xefg\x98\
1\xfcD \xb0\xa7\xb8\xc5d\x84\xf9\x17\xbf_\xfc\x9e\
\xbd\x9e\xa4\xd3\x11\x01\xc8\x16\xa3\x0c\xbf\xd5:\x04E \
p\xaf\x98\x7fq\x8b\xc9(\xd6\xf9\xe7)a.\x12\x80\
\xbc'\x22*nx\x1e\x8d\x08\x04\xee5Z\xfc=\x15\
\xbf\xb7\xf9\xc7Y\x02\x90Kbx\x8ct\xe5\xef%\x11\
\x08\xdcj\xe4\xf8\x0b\xe6\x1f\x17\x09@\xce\x89\xe1\x11\xc3\
o\xd4\xf8[\x19\x82\xc0\xb5F\x8f\xbf\xd5,s\x9c\x06\
\x04 \xe7\xc4\xb6\xef,\xd1$\x02\x81\xadf\x89\xbfU\
\xcc\xbd\x9e\xde\xb6\x8bN\x08@\xde\x127\x0f\xc7\x10\x9c\
\x89\x08\x04\xde3[\xfc\xadZ~F;\x83\x12\x80\xbc\
\x14\xa14\xe2C\x1f[\x88@\xe0\x9cY\xe3o5\xeb\
\x5c\xe7F\x02\x90\x97\xe2\x1d\xeeg\xfelI\x11\x08\xbc\
4{\xfc\x85\x98\xeb\xb6\x82\xf9@\x00\xf2T\x0c\x88\x0a\
\x9f))\x02\x81U\x85\xf8[\xc5Vp\xcc?\x10\x80\
<3\xdb}\x7f\x97\x88@\xa0R\xfc\x85\x98{\xbd}\
\x8e1\x07\x11\x80\xacb0\xc4\xd9a%\x22\x10\xea\xaa\
\x16\x7f\xabjs\x9e3\x04 \xabxB\xac\xe2\xd6\x80\
\x08\x84z\xaa\xc6_\x88\x99Wi\xb7\x873\x04 \xab\
\xcag\x85\x22\x10\xea\xa8\x1c\x7f+o\x09\x83\x00\xe4A\
<\xfcQ=~D \xccO\xfc=\xfa\xf9\xb2*\xee\
\xf8\xf0\x84\x00$|v:V'\x02a^\xe2\xef9\
s\xbf8\x01H0\x08>\x12\x810\x1f\xf1\xf7\x9a\xb9\
_\x9c\x00$|z:\xf2H\x04\xc2<\xc4\xdf\xdb\xcc\
\xfd\xe2\x04 \x11;3\x7f\xf2\xc7\xadD \x8cO\xfc\
\x9dg\xb6\x15'\x001\x04\xce\x13\x810.\xf1\xf7>\
'\xff\x85\x09@\x0c\x80\xcbD \x8cG\xfcmc\xfe\
\x17&\x001\x00\xde'\x02a\x1c\xe2\x0f6\x10\x80\xb0\
\x8d\x08\x84\xfe\x89\xbf\xebx\x12\xb80\x01\x08\xdb\x89@\
\xe8\x97\xf8\x83+\x08@\xb8\x8e\x08\x84\xfe\x88?\xb8\x92\
\x00\x84\xeb\x89@\xe8\x87\xf8\x83\x1b\x08@\xb8\x8d\x08\x84\
\xe3\x89\xbf\xfb|{:R\x90\x00\xe4\x1f\xa7#\xd7\x13\
\x81p\x1c\xf1\x07w\x10\x80\x08\xc0\xfb\x88@\xc8'\xfe\
\xf6a\xfe\x17&\x00\xf9\xfet\xe4v\x22\x10\xf2\x88\xbf\
\xfd\x08\xc0\xc2\x04 \xffZ\xd6\xbf\x1f_r\x07\x11\x08\
\xed\x89\xbf\xfd|w:R\x94\x00$\xb8\x11x\x1f\x22\
\x10\xda\x11\x7f\xfb\xb2\xfbS\x9c\x00$\x08\xc0\xfd\x88@\
\xd8\x9f\xf8\xdb\x9f\xb9_\x9c\x00$\xfc\xf5td\x1f\x22\
\x10\xf6#\xfe\xf6\x17\xb7\xfd\x08\xc0\xe2\x04 !n\x04\
\xfe\xe1\xf1%;\x11\x81p?\xf1\xd7F\x9c\xf4\xc7\xfd\
\xdf\x14&\x00Y\xfd\xf9td?\x22\x10n'\xfe\xda\
\xb1\xeb\x83\x00\xe4\x03\x01\xd8\x86\x08\x84\xeb\x89\xbfv\xfe\
\xb9,\x01\x88\x00\xe4\x83\xd8\x0e\xf8\xfa\xf1%;\x13\x81\
\xb0\x9d\xf8k\xeb\xab\xd3\x91\xe2\x04 O\x19\x0c\xed\x88\
@x\x9f\xf8k+\x1e\xfep\xf5\x8f\x07\x02\x90\xa7\xe2\
a\x90?>\xbe\xa4\x01\x11\x08\xe7\x89\xbf\xf6\xe2$\xdf\
\xc3\x1f<\x10\x80\xbc\x14\x03\xc2'\x83\xb4#\x02\xe15\
\xf1\xd7^\xbc\xd3\xc3\x1f\x1e_\x82\x00\xe4\xb58;\xb4\
\x15\xdc\x96\x08\x84\x8f\xc4_\x8e/NGx \x00y\
K\x9c%~\xf3\xf8\x92FD \x88\xbf,\xbf[\x96\
7~\xe6\x19\x01\xc891\x98\xe3\xed\x02hG\x04R\
\x99\xf8\xcb\xf1\xdd\xb2\xec\xea\xf0\x8a\x00\xe4\x9c\xd8\x0a\xfe\
|Y\xee\x07lK\x04R\x91\xf8\xcb\x11\xf3;\xe68\
\xbc\x22\x00\xb9\xe4\xfbe\xb9o\xa4=\x11H%\xe2/\
G\xc4\xdfg\xcb\xf2\xd4/o\x12\x80\xbc'>!\xe4\
\xd7\x8f/iH\x04R\x81\xf8\xcb\xb1\xc6_\x9c\xc4\xc3\
\x9b\x04 [\x88\xc0\x1c\x22\x90\x99\x89\xbf\x1c\xe2\x8fM\
\x04 [\x89\xc0\x1c\x22\x90\x19\x89\xbf\x1c\xe2\x8f\xcd\x04\
 \xd7\x10\x819D 3\x11\x7f9\xc4\x1fW\x11\x80\
\x5cK\x04\xe6\x10\x81\xcc@\xfc\xe5\x10\x7f\x5cM\x00r\
\x0b\x11\x98C\x0422\xf1\x97C\xfcq\x13\x01\xc8\xad\
D`\x0e\x11\xc8\x88\xc4_\x0e\xf1\xc7\xcd\x04 \xf7\x10\
\x819D #\x11\x7f9\xc4\x1fw\x11\x80\xdcK\x04\
\xe6\x10\x81\x8c@\xfc\xe5\x10\x7f\xdcM\x00\xb2\x07\x11\x98\
C\x04\xd23\xf1\x97C\xfc\xb1\x0b\x01\xc8^D`\x0e\
\x11H\x8f\xc4_\x0e\xf1\xc7n\x04 {\x12\x819D\
 =\x11\x7f9\xc4\x1f\xbb\x12\x80\xecM\x04\xe6\x10\x81\
\xf4@\xfc\xe5\x10\x7f\xecN\x00\xd2\x82\x08\xcc!\x029\
\x92\xf8\xcb!\xfehB\x00\xd2\x8a\x08\xcc!\x029\x82\
\xf8\xcb!\xfehF\x00\xd2\x92\x08\xcc!\x02\xc9$\xfe\
r\x88?\x9a\x12\x80\xb4&\x02s\x88@2\x88\xbf\x1c\
\xe2\x8f\xe6\x04 \x19D`\x0e\x11HK\xe2/\x87\xf8\
#\x85\x00$\x8b\x08\xcc!\x02iA\xfc\xe5\x10\x7f\xa4\
\x11\x80d\x12\x819D {\x12\x7f9\xc4\x1f\xa9\x04\
 \xd9D`\x0e\x11\xc8\x1e\xc4_\x0e\xf1G:\x01\xc8\
\x11D`\x0e\x11\xc8=\xc4_\x0e\xf1\xc7!\x04 G\
\x11\x819D \xb7\x10\x7f9\xc4\x1f\x87\x11\x80\x1cI\
\x04\xe6\x10\x81\x5cC\xfc\xe5\x10\x7f\x1cJ\x00r4\x11\
\x98C\x04\xb2\x85\xf8\xcb!\xfe8\x9c\x00\xa4\x07\x220\
GD\xe0\xdf\x97\x15\xff\x93\x87\x97\xc4_\x0e\xf1G\x17\
\x04 \xbd\x10\x81y\xe2\x7f\xf2\x22\x90\xa7\xc4_\x0e\xf1\
G7\x04 =\x11\x81yD +\xf1\x97C\xfc\xd1\
\x15\x01HoD`\x1e\x11\x88\xf8\xcb!\xfe\xe8\x8e\x00\
\xa4G\x220\x8f\x08\xacK\xfc\xe5\x10\x7ftI\x00\xd2\
+\x11\x98G\x04\xd6#\xfer\x88?\xba%\x00\xe9\x99\
\x08\xcc#\x02\xeb\x10\x7f9\xc4\x1f]\x13\x80\xf4N\x04\
\xe6\x11\x81\xf3\x13\x7f9\xc4\x1f\xdd\x13\x80\x8c@\x04\xe6\
\x11\x81\xf3\x12\x7f9\xc4\x1fC\x10\x80\x8cB\x04\xe6\x11\
\x81\xf3\x11\x7f9\xc4\x1f\xc3\x10\x80\x8cD\x04\xe6\x11\x81\
\xf3\x10\x7f9\xc4\x1fC\x11\x80\x8cF\x04\xe6\x11\x81\xe3\
\x13\x7f9\xc4\x1f\xc3\x11\x80\x8cH\x04\xe6\x11\x81\xe3\x12\
\x7f9\xc4\x1fC\x12\x80\x8cJ\x04\xe6\x11\x81\xe3\x11\x7f\
9\xc4\x1f\xc3\x12\x80\x8cL\x04\xe6\x11\x81\xe3\x10\x7f9\
\xc4\x1fC\x13\x80\x8cN\x04\xe6\x11\x81\xfd\x13\x7f9\xc4\
\x1f\xc3\x13\x80\xcc@\x04\xe6\x11\x81\xfd\x12\x7f9\xc4\x1f\
S\x10\x80\xccB\x04\xe6\x11\x81\xfd\x11\x7f9\xc4\x1f\xd3\
\x10\x80\xccD\x04\xe6\x11\x81\xfd\x10\x7f9\xc4\x1fS\x11\
\x80\xccF\x04\xe6\x11\x81\xc7\x13\x7f9\xc4\x1f\xd3\x11\x80\
\xccH\x04\xe6\x11\x81\xc7\x11\x7f9\xc4\x1fS\x12\x80\xcc\
J\x04\xe6\x11\x81\xf9\xc4_\x0e\xf1\xc7\xb4\x04 3\x13\
\x81yD`\x1e\xf1\x97C\xfc15\x01\xc8\xecD`\
\x1e\x11\xd8\x9e\xf8\xcb!\xfe\x98\x9e\x00\xa4\x02\x11\x98G\
\x04\xb6#\xfer\x88?J\x10\x80T!\x02\xf3\x88\xc0\
\xfd\x89\xbf\x1c\xe2\x8f2\x04 \x95\x88\xc0<\x22p?\
\xe2/\x87\xf8\xa3\x14\x01H5\x220\x8f\x08\xbc\x9f\xf8\
\xcb!\xfe(G\x00R\x91\x08\xcc#\x02o'\xfer\
\x88?J\x12\x80T%\x02\xf3\x88\xc0\xeb\x89\xbf\x1c\xe2\
\x8f\xb2\x04 \x95\x89\xc0<\x22p;\xf1\x97C\xfcQ\
\x9a\x00\xa4:\x11\x98G\x04\xbeO\xfc\xe5\x10\x7f\x94'\
\x00A\x04f\x12\x81\xe7\x89\xbf\x1c\xe2\x0f\x16\x02\x10\x1e\
\x89\xc0<\x22\xf05\xf1\x97C\xfc\xc1\x89\x00\x84\x8fD\
`\x1e\x11\xf8\x91\xf8\xcb!\xfe\xe0\x09\x01\x08\xcf\x89\xc0\
<\x22P\xfce\x11\x7f\xf0\x82\x00\x84\xd7D`\x9e\xca\
\x11(\xfer\x88?x\x83\x00\x84\xb7\x89\xc0<\x15#\
P\xfc\xe5\x10\x7fp\x86\x00\x84\xf3D`\x9eJ\x11(\
\xfer\x88?\xb8@\x00\xc2e\x220O\x85\x08\x14\x7f\
9\xc4\x1f\xbcC\x00\xc2\xfbD`\x9e\x99#P\xfc\xe5\
\x10\x7f\xb0\x81\x00\x84mD`\x9e\x19#P\xfc\xe5\x10\
\x7f\xb0\x91\x00\x84\xedD`\x9e\x99\x22P\xfc\xe5\x10\x7f\
p\x05\x01\x08\xd7\x11\x81yf\x88@\xf1\x97C\xfc\xc1\
\x95\x04 \x5cO\x04\xe6\x199\x02\xc5_\x0e\xf1\x077\
\x10\x80p\x1b\x11\x98g\xc4\x08\x14\x7f9\xc4\x1f\xdcH\
\x00\xc2\xedD`\x9e\x91\x22P\xfc\xe5\x10\x7fp\x07\x01\
\x08\xf7\x11\x81yF\x88@\xf1\x97C\xfc\xc1\x9d\x04 \
\xdcO\x04\xe6\xe99\x02\xc5_\x1e\xf1\x07w\x12\x80\xb0\
\x0f\x11\x98\xa7\xc7\x08\x14\x7fy\xe2\xef\x99\xf8\x83;\x09\
@\xd8\x8f\x08\xcc\xd3S\x04\x8a\xbf<\xf1\xf7+\xfe\x9e\
\x01w\x12\x80\xb0/\x11\x98\xa7\x87\x08\x14\x7fy\xc4\x1f\
\xecH\x00\xc2\xfeD`\x9e##P\xfc\xe5\x11\x7f\xb0\
3\x01\x08m\x88\xc0<GD\xa0\xf8\xcb#\xfe\xa0\x01\
\x01\x08\xed\x88\xc0<\x99\x11(\xfe\xf2\x88?hD\x00\
B[\x220OF\x04\x8a\xbf<\xe2\x0f\x1a\x12\x80\xd0\
\x9e\x08\xcc\xd32\x02\xc5_\x1e\xf1\x07\x8d\x09@\xc8!\
\x02\xf3\xb4\x88@\xf1\x97G\xfcA\x02\x01\x08yD`\
\x9e=#P\xfc\xe5\x11\x7f\x90D\x00B.\x11\x98g\
\x8f\x08\x14\x7fy\xc4\x1f$\x12\x80\x90O\x04\xe6\xb9'\
\x02\xc5_\x1e\xf1\x07\xc9\x04 \x1cC\x04\xe6\xb9%\x02\
\xc5_\x1e\xf1\x07\x07\x10\x80p\x1c\x11\x98\xe7\x9a\x08\x14\
\x7fy\xc4\x1f\x1cD\x00\xc2\xb1D`\x9e-\x11(\xfe\
\xf2\x88?8\x90\x00\x84\xe3\x89\xc0<\x97\x22P\xfc\xe5\
\x11\x7fp0\x01\x08}\x10\x81y\xde\x8a@\xf1\x97G\
\xfcA\x07\x04 \xf4C\x04\xe6y\x1a\x81\xe2/\x8f\xf8\
\x83N\x08@\xe8\x8b\x08\xcc\x13\xd1\xb7.\xda\x13\x7f\xd0\
\x11\x01\x08\xfd\x11\x81y^n\x05\xd3\x86\xf8\x83\xce\x08\
@\xe8\x93\x08d\x16\xe2\x0f:$\x00\xa1_\x22\x90\xd1\
\x89?\xe8\x94\x00\x84\xbe\x89@F%\xfe\xa0c\x02\x10\
\xfa'\x02\x19\x8d\xf8\x83\xce\x09@\x18\x83\x08d\x14\xe2\
\x0f\x06 \x00a\x1c\x22\x90\xde\x89?\x18\x84\x00\x84\xb1\
\x88@z%\xfe` \x02\x10\xc6#\x02\xe9\x8d\xf8\x83\
\xc1\x08@\x18\x93\x08\xa4\x17\xe2\x0f\x06$\x00a\x5c\x22\
\x90\xa3\x89?\x18\x94\x00\x84\xb1\x89@\x8e\x22\xfe``\
\x02\x10\xc6'\x02\xc9&\xfe`p\x02\x10\xe6 \x02\xc9\
\x22\xfe`\x02\x02\x10\xe6!\x02iM\xfc\xc1$\x04 \
\xccE\x04\xd2\x8a\xf8\x83\x89\x08@\x98\x8f\x08do\xe2\
\x0f&#\x00aN\x22\x90\xbd\x88?\x98\x90\x00\x84y\
\x89@\xee%\xfe`R\x02\x10\xe6&\x02\xb9\x95\xf8\x83\
\x89\x09@\x98\x9f\x08\xe4Z\xe2\x0f&'\x00\xa1\x06\x11\
\xc8V\xe2\x0f\x0a\x10\x80P\x87\x08\xe4=\xe2\x0f\x8a\x10\
\x80P\x8b\x08\xe4\x1c\xf1\x07\x85\x08@\xa8G\x04\xf2\x92\
\xf8\x83b\x04 \xd4$\x02Y\x89?(H\x00B]\
\x22\x10\xf1\x07E\x09@\xa8M\x04\xd6%\xfe\xa00\x01\
\x08\x88\xc0z\xc4\x1f\x14'\x00\x81 \x02\xeb\x10\x7f\x80\
\x00\x04>\x10\x81\xf3\x13\x7f\xc0\x03\x01\x08<%\x02\xe7\
%\xfe\x80\x0f\x04 \xf0\x92\x08\x9c\x8f\xf8\x03\x9e\x11\x80\
\xc0[D\xe0<\xc4\x1f\xf0\x8a\x00\x04\xce\x11\x81\xe3\x13\
\x7f\xc0\x9b\x04 p\x89\x08\x1c\x97\xf8\x03\xce\x12\x80\xc0\
{D\xe0x\xc4\x1fp\x91\x00\x04\xb6\x10\x81\xe3\x10\x7f\
\xc0\xbb\x04 \xb0\x95\x08\xec\x9f\xf8\x036\x11\x80\xc05\
D`\xbf\xc4\x1f\xb0\x99\x00\x04\xae%\x02\xfb#\xfe\x80\
\xab\x08@\xe0\x16\x22\xb0\x1f\xe2\x0f\xb8\x9a\x00\x04n%\
\x02\x8f'\xfe\x80\x9b\x08@\xe0\x1e\x22\xf08\xe2\x0f\xb8\
\x99\x00\x04\xee%\x02\xf3\x89?\xe0.\x02\x10\x00\xa0\x18\
\x01\x08\xdc\xebW\xcb\xfa\xd3\xe3K\x92\xc4\x9fw\xfc\xb9\
\x03\xdcD\x00\x02\xf7\x10\x7f\xc7\x11\x81\xc0\xcd\x04 p\
+\xf1w<\x11\x08\xdcD\x00\x02\xb7\x10\x7f\xfd\x10\x81\
\xc0\xd5\x04 p-\xf1\xd7\x1f\x11\x08\x5cE\x00\x02\xd7\
\x10\x7f\xfd\x12\x81\xc0f\x02\x10\xd8J\xfc\xf5O\x04\x02\
\x9b\x08@`\x0b\xf17\x0e\x11\x08\xbcK\x00\x02\xef\x11\
\x7f\xe3\x11\x81\xc0E\x02\x10\xb8D\xfc\x8dK\x04\x02g\
\x09@\xe0\x1c\xf17>\x11\x08\xbcI\x00\x02o\x11\x7f\
\xf3\x10\x81\xc0+\x02\x10xI\xfc\xcdG\x04\x02\xcf\x08\
@\xe0)\xf17/\x11\x08| \x00\x81\x95\xf8\x9b\x9f\
\x08\x04\x1e\x08@ \x88\xbf:D  \x00\x01\xf1W\
\x90\x08\x84\xe2\x04 \xd4&\xfe\xea\x12\x81P\x98\x00\x84\
\xba\xc4\x1f\x22\x10\x8a\x12\x80P\x93\xf8c%\x02\xa1 \
\x01\x08\xf5\x88?^\x12\x81P\x8c\x00\x84Z\xc4\x1f\xe7\
\x88@(D\x00B\x1d\xe2\x8f\xf7\x88@(B\x00B\
\x0d\xe2\x8f\xadD \x14 \x00a~\xe2\x8fk\x89@\
\x98\x9c\x00\x84\xb9\x89?n%\x02ab\x02\x10\xe6%\
\xfe\xb8\x97\x08\x84I\x09@\x98\x93\xf8c/\x22\x10&\
$\x00a>\xe2\x8f\xbd\x89@\x98\x8c\x00\x84\xb9\x88?\
Z\x11\x810\x11\x01\x08\xf3\x10\x7f\xb4&\x02a\x12\x02\
\x10\xe6 \xfe\xc8\x22\x02a\x02\x02\x10\xc6'\xfe\xc8&\
\x02ap\x02\x10\xc6&\xfe8\x8a\x08\x84\x81\x09@\x18\
\x97\xf8\xe3h\x22\x10\x06%\x00aL\xe2\x8f^\x88@\
\x18\x90\x00\x84\xf1\x88?z#\x02a0\x02\x10\xc6\x22\
\xfe\xe8\x95\x08\x84\x81\x08@\x18\x87\xf8\xa3w\x22\x10\x06\
!\x00a\x0c\xe2\x8fQ\x88@\x18\x80\x00\x84\xfe\x89?\
F#\x02\xa1s\x02\x10\xfa&\xfe\x18\x95\x08\x84\x8e\x09\
@\xe8\x97\xf8ct\x22\x10:%\x00\xa1O\xe2\x8fY\
\x88@\xe8\x90\x00\x84\xfe\x88\xbf<_\x9f\x8e\xb4%\x02\
\xa13\x02\x10\xfa\x22\xfe\xf2\xfczY\xf1\xe7\x1dG\xda\
\x13\x81\xd0\x11\x01\x08\xfd\x10\x7fy\x22\xfa\xfe\xfc\xf8\xf2\
\xe1(\x02s\x88@\xe8\x84\x00\x84>\x88\xbf<O\xe3\
o%\x02\xf3\x88@\xe8\x80\x00\x84\xe3\x89\xbf<o\xc5\
\xdfJ\x04\xe6\x11\x81p0\x01\x08\xc7\x12\x7fy.\xc5\
\xdfJ\x04\xe6\x11\x81p \x01\x08\xc7\x11\x7fy\xb6\xc4\
\xdfJ\x04\xe6\x11\x81p\x10\x01\x08\xc7\x10\x7fy\xae\x89\
\xbf\x95\x08\xcc#\x02\xe1\x00\x02\x10\xf2\x89\xbf<\xb7\xc4\
\xdfJ\x04\xe6\x11\x81\x90L\x00B.\xf1\x97\xe7\x9e\xf8\
[\x89\xc0<\x22\x10\x12\x09@\xc8#\xfe\xf2\xec\x11\x7f\
+\x11\x98G\x04B\x12\x01\x089\xc4_\x9e=\xe3o\
%\x02\xf3\x88@H \x00\xa1=\xf1\x97\xa7E\xfc\xad\
D`\x1e\x11\x08\x8d\x09@hK\xfc\xe5i\x19\x7f+\
\x11\x98G\x04BC\x02\x10\xda\x11\x7fy2\xe2o%\
\x02\xf3\x88@hD\x00B\x1b\xe2/Of\xfc\xadD\
`\x1e\x11\x08\x0d\x08@\xd8\x9f\xf8\xcbsD\xfc\xadD\
`\x1e\x11\x08;\x13\x80\xb0/\xf1\x97\xe7\xc8\xf8[\x89\
\xc0<\x22\x10v$\x00a?\xe2/O\x0f\xf1\xb7\x12\
\x81yD \xecD\x00\xc2>\xc4_\x9e\x9e\xe2o%\
\x02\xf3\x88@\xd8\x81\x00\x84\xfb\x89\xbf<=\xc6\xdfJ\
\x04\xe6\x11\x81p'\x01\x08\xf7\x11\x7fyz\x8e\xbf\x95\
\x08\xcc#\x02\xe1\x0e\x02\x10n'\xfe\xf2\x8c\x10\x7f+\
\x11\x98G\x04\xc2\x8d\x04 \xdcF\xfc\xe5\x19)\xfeV\
\x220\x8f\x08\x84\x1b\x08@\xb8\x9e\xf8\xcb3b\xfc\xad\
D`\x1e\x11\x08W\x12\x80p\x1d\xf1\x97g\xe4\xf8[\
\x89\xc0<\x22\x10\xae \x00a\xbbO\x96\xf5\xfb\xc7\x97\
46C\xfc\xadD`\x1e\x11\x08\x1b\x09@\xd8&\xe2\
\xefo\xcb\xfa\xc9\xc3W\xb44S\xfc\xadD`\x1e\x11\
\x08\x1b\x08@x\x9f\xf8\xcb3c\xfc\xadD`\x1e\x11\
\x08\xef\x10\x80p\x99\xf8\xcb3s\xfc\xadD`\x1e\x11\
\x08\x17\x08@8O\xfc\xe5\xa9\x10\x7f+\x11\x98G\x04\
\xc2\x19\x02\x10\xde&\xfe\xf2T\x8a\xbf\x95\x08\xcc#\x02\
\xe1\x0d\x02\x10^\x13\x7fy*\xc6\xdfJ\x04\xe6\x11\x81\
\xf0\x82\x00\x84\xe7\xc4_\x9e\xca\xf1\xb7\x12\x81yD \
<!\x00\xe1#\xf1\x97G\xfc}$\x02\xf3\x88@8\
\x11\x80\xf0H\xfc\xe5\x11\x7f\xaf\x89\xc0<\x22\x10\x16\x02\
\x10\xc4_&\xf1w\x9e\x08\xcc#\x02)O\x00R\x9d\
\xf8\xcb#\xfe\xde'\x02\xf3\x88@J\x13\x80T&\xfe\
\xf2\x88\xbf\xedD`\x1e\x11HY\x02\x90\xaa\xc4_\x1e\
\xf1w=\x11\x98G\x04R\x92\x00\xa4\x22\xf1\x97G\xfc\
\xddN\x04\xe6\x11\x81\x94#\x00\xa9F\xfc\xe5\x11\x7f\xf7\
\x13\x81yD \xa5\x08@*\x11\x7fy\xc4\xdf~D\
`\x1e\x11H\x19\x02\x90*\xc4_\x1e\xf1\xb7?\x11\x98\
G\x04R\x82\x00\xa4\x02\xf1\x97G\xfc\xb5#\x02\xf3\x88\
@\xa6'\x00\x99\x9d\xf8\xcb#\xfe\xda\x13\x81yD \
S\x13\x80\xccL\xfc\xe5\x11\x7fyD`\x1e\x11\xc8\xb4\
\x04 \xb3\x12\x7fy\xc4_>\x11\x98G\x042%\x01\
\xc8\x8c\xc4_\x1e\xf1w\x1c\x11\x98G\x042\x1d\x01\xc8\
l\xc4_\x1e\xf1w<\x11\x98G\x042\x15\x01\xc8L\
\xc4_\x1e\xf1\xd7\x0f\x11\x98G\x042\x0d\x01\xc8,\xc4\
_\x1e\xf1\xd7\x1f\x11\x98G\x042\x05\x01\xc8\x0c\xc4_\
\x1e\xf1\xd7/\x11\x98G\x042<\x01\xc8\xe8\xc4_\x1e\
\xf1\xd7?\x11\x98G\x0424\x01\xc8\xc8\xc4_\x1e\xf1\
7\x0e\x11\x98G\x042,\x01\xc8\xa8\xc4_\x1e\xf17\
\x1e\x11\x98G\x042$\x01\xc8\x88\xc4_\x1e\xf17.\
\x11\x98G\x042\x1c\x01\xc8h\xc4_\x1e\xf17>\x11\
\x98G\x042\x14\x01\xc8H\xc4_\x1e\xf17\x0f\x11\x98\
G\x042\x0c\x01\xc8(\xc4_\x1e\xf17\x1f\x11\x98G\
\x042\x04\x01\xc8\x08\xc4_\x1e\xf17/\x11\x98G\x04\
\xd2=\x01H\xef\xc4_\x1e\xf17?\x11\x98G\x04\xd2\
5\x01H\xcf\xc4_\x1e\xf1W\x87\x08\xcc#\x02\xe9\x96\
\x00\xa4W\xe2/\x8f\xf8\xabG\x04\xe6\x11\x81tI\x00\
\xd2#\xf1\x97G\xfc\xd5%\x02\xf3\x88@\xba#\x00\xe9\
\x8d\xf8\xcb#\xfe\x10\x81yD ]\x11\x80\xf4D\xfc\
\xe5\x11\x7f\xacD`\x1e\x11H7\x04 \xbd\x10\x7fy\
\xc4\x1f/\xc5\x7f\x0f?[\xd6\xbf\x1f\xbe\xa2%\x11H\
\x17\x04 =\x10\x7fy\xc4\x1f\xe7|\xbb\xac\xcf\x96%\
\x02\xdb\x13\x81\x1cN\x00r4\xf1\x97G\xfc\xf1\x9e\xef\
\x97%\x02s\x88@\x0e%\x009\x92\xf8\xcb#\xfe\xd8\
J\x04\xe6\x11\x81\x1cF\x00r\x14\xf1\x97G\xfcq-\
\x11\x98G\x04r\x08\x01\xc8\x11\xc4_\x1e\xf1\xc7\xadD\
`\x1e\x11H:\x01H6\xf1\x97G\xfcq/\x11\x98\
G\x04\x92J\x00\x92I\xfc\xe5\x11\x7f\xecE\x04\xe6\x11\
\x81\xa4\x11\x80d\x11\x7fy\xc4\x1f{\x13\x81yD \
)\x04 \x19\xc4_\x1e\xf1G+\x220\x8f\x08\xa49\
\x01Hk\xe2/\x8f\xf8\xa35\x11\x98G\x04\xd2\x94\x00\
\xa4%\xf1\x97G\xfc\x91E\x04\xe6\x11\x814#\x00i\
E\xfc\xe5\x11\x7fd\x13\x81yD M\x08@Z\x10\
\x7fy\xc4\x1fG\x11\x81yD \xbb\x13\x80\xecM\xfc\
\xe5\x11\x7f\x1cM\x04\xe6\x11\x81\xecJ\x00\xb2'\xf1\x97\
G\xfc\xd1\x0b\x11\x98G\x04\xb2\x1b\x01\xc8^\xc4_\x1e\
\xf1GoD`\x1e\x11\xc8.\x04 {\x10\x7fy\xc4\
\x1f\xbd\x12\x81yD w\x13\x80\xdcK\xfc\xe5\x11\x7f\
\xf4N\x04\xe6\x11\x81\xdcE\x00r\x0f\xf1\x97G\xfc1\
\x0a\x11\x98G\x04r3\x01\xc8\xad\xc4_\x1e\xf1\xc7h\
D`\x1e\x11\xc8M\x04 \xb7\x10\x7fy\xc4\x1f\xa3\x12\
\x81yD W\x13\x80\x5cK\xfc\xe5\x11\x7f\x8cN\x04\
\xe6\x11\x81\x5cE\x00r\x0d\xf1\x97G\xfc1\x0b\x11\x98\
G\x04\xb2\x99\x00d+\xf1\x97G\xfc1\x1b\x11\x98G\
\x04\xb2\x89\x00d\x0b\xf1\x97G\xfc1+\x11\x98G\x04\
\xf2.\x01\xc8{\xc4_\x1e\xf1\xc7\xecD`\x9e\x88\xc0\
\xcf\x1f_\xc2k\x02\x90K\x22\xfa\xc4_\x0e\xf1G\x15\
\x220OD`\x9c\xc4\xc3+\x02\x90K\xc4_\x0e\xf1\
G5\x220G\xcc\xef\xbf\x9c\x8e\xf0\x8c\x00\xe4\x9c\xaf\
\x96\xe5\xcc\xb1=\xf1GU\x220\xc7O\x97\x15W\x02\
\xe1\x19\x01\xc8[b(\x7f\xf9\xf8\x92\x86\xc4\x1f\xd5\x89\
\xc0\x1cq/\xe0\x17\x8f/\xe1\x91\x00\xe4-\xbf?\x1d\
iG\xfc\xc1#\x11\x98#N\xeam\x05\xf3\x81\x00\xe4\
\xa58K\xb4\xf5\xdb\x96\xf8\x83\xe7D`{\x11\x7fq\
k\x0f<\x10\x80<\x15\x03\xc2\xd6o[\xe2\x0f\xde&\
\x02\xdb\xfb\xcd\xb2\xe2\x9e@\x10\x80<\x13o\x1cj\x8b\
\xa0\x1d\xf1\x07\x97\x89\xc0\xf6\x5c\x05\xe4\x81\x00\xe4\xa98\
;\xa4\x0d\xf1\x07\xdb\x88\xc0\xb6~\xbe,'\xfa\x08@\
>\x88\xa7\xc4l\x0d\xb4!\xfe\xe0:\x22\xb0\x9d\x88?\
\x1f\x13\x87\x00\xe4\x03\x1f\x19\xd4\x86\xf8\x83\xdb\x88\xc0v\
~y:R\x98\x00$\xc4\x19\xa1\x81\xb0?\xf1\x07\xf7\
\x11\x81m\xc4;=\xd8\xf1)N\x00\x12b\xc0\xb2/\
\xf1\x07\xfb\x10\x81m\xd8\xf5)N\x00\x12\x04\xe0\xbe\xc4\
\x1f\xecK\x04\xee\xcf\xdc/N\x00\x12>=\x1d\xb9\x9f\
\xf8\x836D\xe0\xbe\xcc\xfd\xe2\x04 \xc1'\x7f\xecC\
\xfcA[\x22p?q\xef\xb7\xb7\x83)L\x00\xe2F\
\xe0}\x88?\xc8!\x02\xf7\xe3\xe4\xbf0\x01\x88\x00\xbc\
\x9f\xf8\x83\x5c\x22p\x1f\xe6\x7fa\x02\x10[\x00\xf7\x11\
\x7fp\x0c\x11x?\x01X\x98\x00\xc4\x16\xc0\xed\xc4\x1f\
\x1cK\x04\xc2\x8d\x04 \xdcF\xfcA\x1fD \xdc@\
\x00\xc2\xf5\xc4\x1f\xf4E\x04\xc2\x95\x04 \x5cG\xfcA\
\x9fD \x5cA\x00\x12C\x93m\xc4\x1f\xf4M\x04\xc2\
F\x02\x90\x7f\x9d\x8e\x5c&\xfe`\x0c\x22p;\x17\x00\
\x0a\x13\x80\xfc\xe3t\xe4<\xf1\x07c\x11\x81\xdb\xb8\x00\
P\x98\x00D\x00^&\xfe`L\x22\xf0}\xdf\x9e\x8e\
\x14$\x00\x09?\x9c\x8e<'\xfe`l\x22\xf0\xbc\x7f\
\x9e\x8e\x14%\x00\x09\xce\x02_\x13\x7f0\x07\x11\xf86\
s\xbf8\x01H0\x08\x9e\x13\x7f0\x17\x11\xf8\x9a\xb9\
_\x9c\x00$\x18\x04\x1f\x89?\x98\x93\x08|\xce\xdc/\
N\x00\x12\xe2I\xb0o\x1e_\x96&\xfe`n\x22\xf0\
\xd1w\xcb\xf2\x00`q\x02\x90\xd5_O\xc7\xaa\xc4\x1f\
\xd4 \x02\xcd:\x16\x02\x90U\x0c\x84\xaa\x03Q\xfcA\
-\x95#0\xfe\x9d\xab\x9f\xf0\xb3\x10\x80<\xf5\x87\xd3\
\xb1\x12\xf1\x075U\x8d\xc0\x98\xf3\xde\x00\x1a\x01\xc83\
1\x18*\x0dC\xf1\x07\xb5U\x8c@3\x8f\x07\x02\x90\
\xa7\xe2\xac\xb0\xcaU@\xf1\x07\x84J\x11\xf8\xbbey\
\xf8\x83\x07\x02\x90\x97\xbeZ\xd6\xec\xef\x10/\xfe\x80\xa7\
*D`\xcc\xf5\x8a\xb7\xf9p\x86\x00\xe4-_\x9c\x8e\
3\x12\x7f\xc0[f\x8f\xc0\x98\xeb\xee\xfd\xe3\x03\x01\xc8\
[\xe2\x09\xb1?>\xbe\x9c\x8a\xf8\x03.\x995\x02\xbf\
^\x96'\x7fyF\x00rNl\x05\xff\xf0\xf8r\x0a\
\xe2\x0f\xd8b\xb6\x08\x8c9>\xf3\xae\x0e7\x12\x80\x9c\
\x13[\x05\xbfZ\xd6\x0cCP\xfc\x01\xd7\x98%\x02\xe3\
\xf7\x8f9n\xeb\x97W\x04 \x97\xcc0\x04\xc5\x1fp\
\x8b\xd1\xe7_\xfc\xde\xf1\xfb\xc7\xbf\x07\xbc\x22\x00yO\
\x0c\x8f8\x83\x1c\x91\xf8\x03\xee1r\x04\xc6\xdc\x16\x7f\
\x9c%\x00\xd9\x22n\x1e\xfe\xd9\xb2F\x1a\x82\xe2\x0f\xd8\
\xc3h\x11\x18\xbf\xe7\xff,\xcbC\x1f\x5c$\x00\xd9\xea\
\xdbe\x8d0\x04\xd7\xe1'\xfe\x80\xbd\xac\x11\xd8\xfb\x83\
q1\xffl\xfb\xb2\x89\x00\xe4\x1a1T~\xba\xac\xef\
\x1e\xbe\xeaO\x0c\xe7O\x96e\xf8\x01{[#\xf0\x9b\
\x87\xaf\xfa\x13s9\xe6\xb3\xf9\xc7&\x02\x90k\xc5\xd3\
d1\x04\xe3#\x85z\x12\xef[\x18\xf1\xe7c\x8e\x80\
Vb\xfe}\xbe\xac\xb8\xc5\xa4\xa7\xdd\x90\xff]V\xcc\
eO\xfb\xb2\x99\x00\xe4V\xf1>\x81\xff\xbd\xac\xa3\xaf\
\x06\xc6\xcf\x8f-_\xefs\x05d\x89[L\xe2j[\
\xbc\xc1\xf2\x91\xe2jd\xcca\x1f\xf1\xc6\xd5\x04 \xf7\
\x88\xabmq\xd6\xf9\x8bee\xdf\x1b\x13\x9fk\x19g\
\xe1\xeew\x01\x8e\xb0\xbeWj< \x97}\x22\x1c?\
/~n\x5c\x8d\xb4\xeb\xc1M\x04 {\x88\xa7\xcdb\
\xfb5\x06R\xeb\xfbcb\xf0Ep\xc6\xd9\xb7\x07=\
\x80\xa3\xad\x0f\xc8\xc5\x95\xb8\xb8\x22\xd8rk8\xfe\xf9\
1g\xe3\xe7\xc5\xcf\x85\x9b\xfd\xf8\xcb\xdf\x9e^\xc1~\
\x22\xce\xe2\xcc4\xd6\xa7\xf1\x8d;\xc5\xd5\xc5\x88\xbd\x08\
Mg\xbb@\xef\xe2\xca`\xcc\xbf\x08\xb5\xff\x8co\xdc\
(b2B/f_,\xf7\xf8\xb1\x1b\x01H\x86\x18\
\x82\xb1\x22\x0cc]\x8a\xc2\xb8\xc2\x17C.\xb6uc\
\xc5\xf03\xf4\x80Q\xc5\xeeH\xac\x98}1\x07C\xbc\
\xfe\xaf\xc7\x97\x0f\xe2\x96\x96\xf5\xe4v\x9dyqt{\
\x0b\xcd\x08@\x00\x80b\xdc\x03\x08\x00P\x8c\x00\x04\x00\
(F\x00\x02\x00\x14#\x00\x01\x00\x8a\x11\x80\x00\x00\xc5\
\x08@\x00\x80b\x04 \x00@1\x02\x10\x00\xa0\x18\x01\
\x08\x00P\x8c\x00\x04\x00(F\x00\x02\x00\x14#\x00\x01\
\x00\x8a\x11\x80\x00\x00\xc5\x08@\x00\x80b\x04 \x00@\
1\x02\x10\x00\xa0\x18\x01\x08\x00P\x8c\x00\x04\x00(F\
\x00\x02\x00\x14#\x00\x01\x00\x8a\x11\x80\x00\x00\xc5\x08@\
\x00\x80b\x04 \x00@1\x02\x10\x00\xa0\x18\x01\x08\x00\
P\x8c\x00\x04\x00(F\x00\x02\x00\x14#\x00\x01\x00\x8a\
\x11\x80\x00\x00\xc5\x08@\x00\x80b\x04 \x00@1\x02\
\x10\x00\xa0\x18\x01\x08\x00P\x8c\x00\x04\x00(F\x00\x02\
\x00\x14#\x00\x01\x00\x8a\x11\x80\x00\x00\xc5\x08@\x00\x80\
b\x04 \x00@1\x02\x10\x00\xa0\x18\x01\x08\x00P\x8c\
\x00\x04\x00(F\x00\x02\x00\x14#\x00\x01\x00\x8a\x11\x80\
\x00\x00\xc5\x08@\x00\x80b\x04 \x00@1\x02\x10\x00\
\xa0\x18\x01\x08\x00P\x8c\x00\x04\x00(F\x00\x02\x00\x14\
#\x00\x01\x00\x8a\x11\x80\x00\x00\xc5\x08@\x00\x80b\x04\
 \x00@1\x02\x10\x00\xa0\x18\x01\x08\x00P\x8c\x00\x04\
\x00(F\x00\x02\x00\x14#\x00\x01\x00\x8a\x11\x80\x00\x00\
\xc5\x08@\x00\x80b\x04 \x00@1\x02\x10\x00\xa0\x18\
\x01\x08\x00P\x8c\x00\x04\x00(F\x00\x02\x00\x14#\x00\
\x01\x00\x8a\x11\x80\x00\x00\xc5\x08@\x00\x80b\x04 \x00\
@1\x02\x10\x00\xa0\x18\x01\x08\x00P\x8c\x00\x04\x00(\
F\x00\x02\x00\x14#\x00\x01\x00\x8a\x11\x80\x00\x00\xc5\x08\
@\x00\x80b\x04 \x00@1\x02\x10\x00\xa0\x18\x01\x08\
\x00P\x8c\x00\x04\x00(F\x00\x02\x00\x14#\x00\x01\x00\
\x8a\x11\x80\x00\x00\xc5\x08@\x00\x80b\x04 \x00@1\
\x02\x10\x00\xa0\x18\x01\x08\x00P\x8c\x00\x04\x00(F\x00\
\x02\x00\x14#\x00\x01\x00\x8a\x11\x80\x00\x00\xc5\x08@\x00\
\x80b\x04 \x00@1\x02\x10\x00\xa0\x18\x01\x08\x00P\
\x8c\x00\x04\x00(F\x00\x02\x00\x14#\x00\x01\x00\x8a\x11\
\x80\x00\x00\xc5\x08@\x00\x80b\x04 \x00@1\x02\x10\
\x00\xa0\x18\x01\x08\x00P\x8c\x00\x04\x00(F\x00\x02\x00\
\x14#\x00\x01\x00\x8a\x11\x80\x00\x00\xc5\x08@\x00\x80b\
\x04 \x00@1\x02\x10\x00\xa0\x18\x01\x08\x00P\x8c\x00\
\x04\x00(F\x00\x02\x00\x14#\x00\x01\x00\x8a\x11\x80\x00\
\x00\xc5\x08@\x00\x80b\x04 \x00@1\x02\x10\x00\xa0\
\x18\x01\x08\x00P\x8c\x00\x04\x00(F\x00\x02\x00\x14#\
\x00\x01\x00\x8a\x11\x80\x00\x00\xc5\x08@\x00\x80b\x04 \
\x00@)?\xfa\xd1\xff\x03\xec\xc4\xf1\xecL\x7f\xc9\x08\
\x00\x00\x00\x00IEND\xaeB`\x82\
"

qt_resource_name = b"\
\x00\x06\
\x06\x8a\x9c\xb3\
\x00a\
\x00s\x00s\x00e\x00t\x00s\
\x00\x05\
\x00o\xa6S\
\x00i\
\x00c\x00o\x00n\x00s\
\x00\x0c\
\x0d\x03\x95\xe7\
\x00b\
\x00o\x00o\x00k\x00_\x00a\x00l\x00l\x00.\x00p\x00n\x00g\
\x00\x0c\
\x05\xa2\x93'\
\x00b\
\x00o\x00o\x00k\x00m\x00a\x00r\x00k\x00.\x00p\x00n\x00g\
\x00\x0f\
\x03\xbd-\x87\
\x00s\
\x00t\x00a\x00r\x00_\x00f\x00i\x00l\x00l\x00e\x00d\x00.\x00p\x00n\x00g\
\x00\x0f\
\x0e\x87og\
\x00t\
\x00h\x00e\x00m\x00e\x00_\x00s\x00e\x00p\x00i\x00a\x00.\x00p\x00n\x00g\
\x00\x0c\
\x0fy\xb7\xc7\
\x00m\
\x00a\x00x\x00i\x00m\x00i\x00z\x00e\x00.\x00p\x00n\x00g\
\x00\x08\
\x06aY\xc7\
\x00m\
\x00o\x00o\x00n\x00.\x00p\x00n\x00g\
\x00\x09\
\x08\x97\x8a'\
\x00h\
\x00e\x00a\x00r\x00t\x00.\x00p\x00n\x00g\
\x00\x07\
\x0a\xc1W\xa7\
\x00s\
\x00u\x00n\x00.\x00p\x00n\x00g\
\x00\x0e\
\x02\xac\xf9g\
\x00s\
\x00t\x00a\x00r\x00_\x00e\x00m\x00p\x00t\x00y\x00.\x00p\x00n\x00g\
\x00\x10\
\x0e\x85a\x87\
\x00b\
\x00o\x00o\x00k\x00_\x00r\x00e\x00a\x00d\x00i\x00n\x00g\x00.\x00p\x00n\x00g\
\x00\x0a\
\x06\x99_\xa7\
\x00i\
\x00m\x00p\x00o\x00r\x00t\x00.\x00p\x00n\x00g\
\x00\x0c\
\x0f\x88\xf7\xc7\
\x00m\
\x00i\x00n\x00i\x00m\x00i\x00z\x00e\x00.\x00p\x00n\x00g\
\x00\x11\
\x04\x8an'\
\x00b\
\x00o\x00o\x00k\x00_\x00f\x00i\x00n\x00i\x00s\x00h\x00e\x00d\x00.\x00p\x00n\x00g\
\
\x00\x0b\
\x05\x03\x9b'\
\x00z\
\x00o\x00o\x00m\x00_\x00i\x00n\x00.\x00p\x00n\x00g\
\x00\x0b\
\x06y\xc2'\
\x00r\
\x00e\x00s\x00t\x00o\x00r\x00e\x00.\x00p\x00n\x00g\
\x00\x0c\
\x06\xeb\x91\xa7\
\x00z\
\x00o\x00o\x00m\x00_\x00o\x00u\x00t\x00.\x00p\x00n\x00g\
\x00\x09\
\x08\x9b\xa0G\
\x00t\
\x00r\x00a\x00s\x00h\x00.\x00p\x00n\x00g\
\x00\x08\
\x02\x8cY\xa7\
\x00p\
\x00l\x00a\x00y\x00.\x00p\x00n\x00g\
\x00\x09\
\x06\x98\x83'\
\x00c\
\x00l\x00o\x00s\x00e\x00.\x00p\x00n\x00g\
"

qt_resource_struct = b"\
\x00\x00\x00\x00\x00\x02\x00\x00\x00\x01\x00\x00\x00\x01\
\x00\x00\x00\x00\x00\x00\x00\x00\
\x00\x00\x00\x00\x00\x02\x00\x00\x00\x01\x00\x00\x00\x02\
\x00\x00\x00\x00\x00\x00\x00\x00\
\x00\x00\x00\x12\x00\x02\x00\x00\x00\x13\x00\x00\x00\x03\
\x00\x00\x00\x00\x00\x00\x00\x00\
\x00\x00\x02\x1c\x00\x00\x00\x00\x00\x01\x00\x03p[\
\x00\x00\x01\x9e\xa1\xd5\xb0Q\
\x00\x00\x01\x06\x00\x00\x00\x00\x00\x01\x00\x01~\x9b\
\x00\x00\x01\x9e\xa1\xeb\xdd)\
\x00\x00\x00^\x00\x00\x00\x00\x00\x01\x00\x00E\x8d\
\x00\x00\x01\x9e\xa1\xd6S\xf6\
\x00\x00\x01\x86\x00\x00\x00\x00\x00\x01\x00\x02Wz\
\x00\x00\x01\x9e\xa1\xe5\xc9_\
\x00\x00\x01\xae\x00\x00\x00\x00\x00\x01\x00\x02\x95\xa8\
\x00\x00\x01\x9e\xa1\xf0\xce\x8c\
\x00\x00\x00@\x00\x01\x00\x00\x00\x01\x00\x009:\
\x00\x00\x01\x9e\xa1\xd7:D\
\x00\x00\x00\xc4\x00\x00\x00\x00\x00\x01\x00\x00\xc9\xba\
\x00\x00\x01\x9e\xa2 \xdb\x16\
\x00\x00\x01\xca\x00\x00\x00\x00\x00\x01\x00\x02\xdb\x91\
\x00\x00\x01\x9e\xa2\x1e\x88\xd7\
\x00\x00\x022\x00\x00\x00\x00\x00\x01\x00\x03\xa6~\
\x00\x00\x01\x9e\xa2\x1f+\x5c\
\x00\x00\x01N\x00\x00\x00\x00\x00\x01\x00\x02\x11\xa5\
\x00\x00\x01\x9e\xa1\xe9e\xf0\
\x00\x00\x01\xe6\x00\x00\x00\x00\x00\x01\x00\x02\xf5v\
\x00\x00\x01\x9e\xa1\xef\xb7\xf3\
\x00\x00\x00\xda\x00\x00\x00\x00\x00\x01\x00\x00\xfbr\
\x00\x00\x01\x9e\xa1\xe7\xba1\
\x00\x00\x02\x04\x00\x00\x00\x00\x00\x01\x00\x037\xaa\
\x00\x00\x01\x9e\xa1\xd8z\xdb\
\x00\x00\x00\xf2\x00\x00\x00\x00\x00\x01\x00\x019c\
\x00\x00\x01\x9e\xa2!t{\
\x00\x00\x00\x22\x00\x00\x00\x00\x00\x01\x00\x00\x00\x00\
\x00\x00\x01\x9e\xa1\xe3pF\
\x00\x00\x01(\x00\x00\x00\x00\x00\x01\x00\x01\xd7n\
\x00\x00\x01\x9e\xa1\xe4-\x94\
\x00\x00\x00\x82\x00\x00\x00\x00\x00\x01\x00\x00\x89>\
\x00\x00\x01\x9e\xa2\x22\x94:\
\x00\x00\x00\xa6\x00\x00\x00\x00\x00\x01\x00\x00\xad\xf6\
\x00\x00\x01\x9e\xa2\x09\xe7A\
\x00\x00\x01h\x00\x00\x00\x00\x00\x01\x00\x02O5\
\x00\x00\x01\x9e\xa2\xc7\x08\xb3\
"

def qInitResources():
    QtCore.qRegisterResourceData(0x03, qt_resource_struct, qt_resource_name, qt_resource_data)

def qCleanupResources():
    QtCore.qUnregisterResourceData(0x03, qt_resource_struct, qt_resource_name, qt_resource_data)

qInitResources()
